{
  "Joey Gallo": 0.1338205919916705,
  "Patrick Wisdom": 0.14572113512196302,
  "Ian Happ": 0.12861329647444655,
  "Seiya Suzuki": 0.12980440615730282,
  "Andr\u00e9s Chaparro": 0.10649294106953476,
  "Christian Bethancourt": 0.09622633579870422,
  "CJ Abrams": 0.10919904125680947,
  "Dansby Swanson": 0.10433440981302794,
  "Michael Busch": 0.1075241063300278,
  "Cody Bellinger": 0.09845598163099621,
  "Keibert Ruiz": 0.08807331332812675,
  "James Wood": 0.09165009373588658,
  "Dylan Crews": 0.08501905279711763,
  "Drew Millas": 0.07327348799291523,
  "Pete Crow-Armstrong": 0.08920074238085357,
  "Jose Tena": 0.08435490163742501,
  "Darren Baker": 0.048177923428967255,
  "Nico Hoerner": 0.054453157749303795,
  "Miguel Amaya": 0.08828976034858388,
  "Jacob Young": 0.05023809523809524,
  "Juan Yepez": 0.09761904761904762,
  "Isaac Paredes": 0.1383838383838384,
  "Oneil Cruz": 0.13754414390175979,
  "Bryan Reynolds": 0.09857639343347624,
  "Will Benson": 0.11357142857142857,
  "Andrew McCutchen": 0.11526138258332104,
  "Rowdy Tellez": 0.0904938442662429,
  "Tyler Stephenson": 0.0999939912278605,
  "Joey Bart": 0.10221053290482124,
  "Elly De La Cruz": 0.0970863277961874,
  "Spencer Steer": 0.09531779324080757,
  "Jonathan India": 0.08420609280258402,
  "Jared Triolo": 0.07290969929090042,
  "Nick Gonzales": 0.07179235413443573,
  "TJ Friedl": 0.06603427113738167,
  "Ty France": 0.07402939851899275,
  "Jake Fraley": 0.05955459284449279,
  "Noelvi Marte": 0.06579891594439546,
  "Isiah Kiner-Falefa": 0.06242919516255213,
  "Billy Cook": 0.08529453623429986,
  "Santiago Espinal": 0.06777777777777778,
  "Bryan De La Cruz": 0.13174603174603175,
  "Vladimir Guerrero Jr.": 0.10906864218917894,
  "Davis Schneider": 0.10611640527972277,
  "Brandon Lowe": 0.09977356969604795,
  "George Springer": 0.0949802171231773,
  "Junior Caminero": 0.08579973168592357,
  "Christopher Morel": 0.08430656506164723,
  "Josh Lowe": 0.08994110459833261,
  "Alejandro Kirk": 0.08009827413329908,
  "Spencer Horwitz": 0.0703936363982026,
  "Jonathan Aranda": 0.07634478505864718,
  "Ernie Clement": 0.06211019712024234,
  "Logan Driscoll": 0.04492385336124444,
  "Yandy Diaz": 0.07075096980660328,
  "Jonny Deluca": 0.05509382518478545,
  "Luis De Los Santos": 0.05482258756452304,
  "Jonatan Clase": 0.06313586450811505,
  "Jose Caballero": 0.06403477535808827,
  "Leo Jimenez": 0.062087705240421454,
  "Addison Barger": 0.10357142857142858,
  "Taylor Walls": 0.060000000000000005,
  "Joey Loperfido": 0.060000000000000005,
  "Ben Rortvedt": 0.049999999999999996,
  "Anthony Santander": 0.10644517494784876,
  "Gunnar Henderson": 0.08410640873835613,
  "Spencer Torkelson": 0.0744440506758896,
  "James McCann": 0.07328391415675219,
  "Adley Rutschman": 0.060825047815811065,
  "Jake Rogers": 0.0629052983830472,
  "Austin Slater": 0.06527572344218152,
  "Trey Sweeney": 0.05622635277702555,
  "Coby Mayo": 0.08357741083163991,
  "Matt Vierling": 0.05649790329030179,
  "Riley Greene": 0.06187742936128087,
  "Kerry Carpenter": 0.06545553956769538,
  "Parker Meadows": 0.05663980490335452,
  "Emmanuel Rivera": 0.06225977017827024,
  "Colt Keith": 0.052198613181018885,
  "Colton Cowser": 0.07490811293332302,
  "Zach McKinstry": 0.052741480620433726,
  "Jackson Holliday": 0.06269238573123864,
  "Eloy Jimenez": 0.13333333333333333,
  "Cedric Mullins": 0.060000000000000005,
  "Wenceel Perez": 0.060000000000000005,
  "Heston Kjerstad": 0.060000000000000005,
  "Ryan O'Hearn": 0.060000000000000005,
  "Marcell Ozuna": 0.1981832604110281,
  "Matt Olson": 0.1549991169885583,
  "Jorge Soler": 0.13510310312258536,
  "Michael Harris II": 0.09962644653821125,
  "Sean Murphy": 0.11642018797909195,
  "Ram\u00f3n Laureano": 0.11346064993088496,
  "Jake Burger": 0.10139494195643928,
  "Connor Norby": 0.08342762937135183,
  "Ozzie Albies": 0.09704544910427264,
  "Jesus Sanchez": 0.0831499612871859,
  "Orlando Arcia": 0.08672231853789517,
  "Kyle Stowers": 0.06332435762886461,
  "Gio Urshela": 0.05891259449209362,
  "Jonah Bride": 0.05301751071619683,
  "Griffin Conine": 0.06077707701237113,
  "Jhonny Pereda": 0.04987475257661593,
  "Otto Lopez": 0.06139448618826401,
  "Xavier Edwards": 0.04414248685871109,
  "Travis d'Arnaud": 0.10757575757575757,
  "Whit Merrifield": 0.07333333333333333,
  "Nick Fortes": 0.09090909090909091,
  "Byron Buxton": 0.13641815981582647,
  "Matt Wallner": 0.14213481173540832,
  "Rafael Devers": 0.11570900105449619,
  "Tyler O'Neill": 0.10378726151654133,
  "Royce Lewis": 0.09833479361795866,
  "Jarren Duran": 0.08370936842007237,
  "Trevor Larnach": 0.08666350785284199,
  "Wilyer Abreu": 0.09137192382098337,
  "Carlos Santana": 0.07885493294584203,
  "Triston Casas": 0.07710038767596271,
  "Carlos Correa": 0.07435392510115353,
  "Trevor Story": 0.06370686653507067,
  "Jose Miranda": 0.06670984330695731,
  "Willi Castro": 0.06614035762481042,
  "Enmanuel Valdez": 0.06939515610697765,
  "Ceddanne Rafaela": 0.05665990913054853,
  "Connor Wong": 0.05795080172822091,
  "Christian Vazquez": 0.0545722312135686,
  "Ryan Jeffers": 0.10357142857142858,
  "Masataka Yoshida": 0.09074074074074073,
  "Danny Jansen": 0.08392857142857142,
  "Edouard Julien": 0.1111111111111111,
  "Kyle Schwarber": 0.10691233400186562,
  "Trea Turner": 0.0934122925013387,
  "Mark Vientos": 0.09313123314288028,
  "Pete Alonso": 0.09192626735354309,
  "Bryce Harper": 0.08712233347471099,
  "J. D. Martinez": 0.08520789337478701,
  "Nick Castellanos": 0.07780622959026716,
  "Weston Wilson": 0.06649269770553026,
  "J.T. Realmuto": 0.07016130637933236,
  "Luisangel Acu\u00f1a": 0.04857994977931691,
  "Alec Bohm": 0.07032607934492578,
  "Starling Marte": 0.05207208747929015,
  "Luis Torrens": 0.050410071004087224,
  "Harrison Bader": 0.06513007579654494,
  "Edmundo Sosa": 0.0719996875932399,
  "Brandon Nimmo": 0.060235817400826216,
  "Jose Iglesias": 0.04620190408458774,
  "Johan Rojas": 0.04245573950892467,
  "Francisco Lindor": 0.15,
  "Bryson Stott": 0.042207505518763795,
  "Francisco Alvarez": 0.12000000000000001,
  "Brandon Marsh": 0.08392857142857142,
  "Jesse Winker": 0.07361111111111111,
  "Tyrone Taylor": 0.08392857142857142,
  "Julio Rodriguez": 0.1009340720603761,
  "Cal Raleigh": 0.131857654407743,
  "Adolis Garcia": 0.10938149762766557,
  "Wyatt Langford": 0.08553074376603788,
  "Luke Raley": 0.09219554705370787,
  "Jorge Polanco": 0.08795444465141754,
  "Marcus Semien": 0.07853743560643008,
  "Randy Arozarena": 0.08338704910231926,
  "Jonah Heim": 0.06793378772381317,
  "Jonathan Ornelas": 0.049220971554731145,
  "Josh Smith": 0.06604596002972388,
  "Nathaniel Lowe": 0.0630751018944485,
  "Ezequiel Duran": 0.057144443680278705,
  "Justin Turner": 0.05784634558796646,
  "Josh Rojas": 0.05811724141989072,
  "Leody Taveras": 0.05846612562457212,
  "J.P. Crawford": 0.0679838763442189,
  "Victor Robles": 0.06069840514155663,
  "Mitch Haniger": 0.060000000000000005,
  "Josh Jung": 0.09351851851851851,
  "Carson Kelly": 0.060000000000000005,
  "Christian Walker": 0.14054960591576268,
  "Ketel Marte": 0.10781875484378695,
  "Joc Pederson": 0.11164668193830442,
  "Eugenio Suarez": 0.11588749605289875,
  "Rhys Hoskins": 0.11549447672188932,
  "William Contreras": 0.10531059733105769,
  "Willy Adames": 0.11073360396811313,
  "Pavin Smith": 0.08456738063211998,
  "Lourdes Gurriel Jr.": 0.11569865454246793,
  "Jackson Chourio": 0.09060010664414125,
  "Corbin Carroll": 0.08872021728822356,
  "Gary Sanchez": 0.11009470223263326,
  "Garrett Mitchell": 0.06338014947982362,
  "Gabriel Moreno": 0.06558643292916097,
  "Geraldo Perdomo": 0.06955004223911787,
  "Joey Ortiz": 0.05987719910942196,
  "Brice Turang": 0.05011339965652708,
  "Sal Frelick": 0.05507504191714718,
  "Jake McCarthy": 0.059454022988505745,
  "Blake Perkins": 0.049999999999999996,
  "Randal Grichuk": 0.2173913043478261,
  "Jake Bauers": 0.1724137931034483,
  "Yordan Alvarez": 0.15805261248384553,
  "Kyle Tucker": 0.12862030486812961,
  "Jose Altuve": 0.10340850573470894,