{
  "Jose Ramirez": 0.15308454533954313,
  "Austin Hays": 0.10174942270465301,
  "Cedric Mullins": 0.07361111111111111,
  "Josh Naylor": 0.09761904761904762,
  "Anthony Santander": 0.13439457889343473,
  "Andres Gimenez": 0.05556170954077511,
  "Ryan Mountcastle": 0.11805106035187336,
  "Tyler Freeman": 0.07839851550334952,
  "Jorge Mateo": 0.08662677570100989,
  "Adley Rutschman": 0.09109526181119373,
  "Brayan Rocchio": 0.06260377481751914,
  "Will Brennan": 0.060000000000000005,
  "Gunnar Henderson": 0.10201926834841267,
  "Steven Kwan": 0.04915071118326015,
  "Ryan O'Hearn": 0.08392857142857142,
  "James McCann": 0.0971216975957935,
  "Bo Naylor": 0.0736835838993166,
  "Jordan Westburg": 0.1137904637762382,
  "David Fry": 0.11632062301532652,
  "Colton Cowser": 0.06870173110856342,
  "Johnathan Rodriguez": 0.11853021949757717,
  "Gabriel Arias": 0.08550234646906216,
  "Bryce Harper": 0.09797242206698481,
  "Nick Castellanos": 0.09490869769956901,
  "Alec Bohm": 0.0904052559429291,
  "Akil Baddoo": 0.08392857142857142,
  "Bryson Stott": 0.060000000000000005,
  "Garrett Stubbs": 0.05007062146892655,
  "Kyle Schwarber": 0.117452722177046,
  "Brandon Marsh": 0.060000000000000005,
  "Edmundo Sosa": 0.08915677147243653,
  "Andy Ibanez": 0.07918324178933414,
  "Riley Greene": 0.0704796653883694,
  "Trea Turner": 0.10473405520370357,
  "Matt Vierling": 0.06422733161587833,
  "Wenceel Perez": 0.059361038599863115,
  "Carson Kelly": 0.07361111111111111,
  "Whit Merrifield": 0.06292654879420727,
  "Mark Canha": 0.06706365243861466,
  "Gio Urshela": 0.05560486180257353,
  "Colt Keith": 0.055142857142857146,
  "Justyn-Henry Malloy": 0.07286167573724,
  "David Dahl": 0.060000000000000005,
  "Jake Rogers": 0.07734870568203901,
  "Ryan Kreidler": 0.061975814521737595,
  "Rafael Marchan": 0.03894012013809517,
  "Cristian Pache": 0.06087909329502368,
  "Mitch Haniger": 0.12000000000000001,
  "Brandon Lowe": 0.13358585858585859,
  "Josh Lowe": 0.09585083274232428,
  "Taylor Walls": 0.07102823679419425,
  "Yandy Diaz": 0.0800194412754307,
  "Dylan Moore": 0.09761904761904762,
  "J.P. Crawford": 0.10506837589395385,
  "Randy Arozarena": 0.09761904761904762,
  "Ty France": 0.07131170032386966,
  "Julio Rodriguez": 0.11196730812020336,
  "Cal Raleigh": 0.16417310166477753,
  "Isaac Paredes": 0.09810154610307702,
  "Richie Palacios": 0.08709595078908275,
  "Mitch Garver": 0.11956320914515635,
  "Ben Rortvedt": 0.06788908464296899,
  "Ryan Bliss": 0.060000000000000005,
  "Jose Siri": 0.08206069283812176,
  "Victor Robles": 0.05007062146892655,
  "Dominic Canzone": 0.12401860304423394,
  "Jorge Polanco": 0.1276435810616373,
  "Luke Raley": 0.10536931399809438,
  "Jonny Deluca": 0.06337010803042743,
  "Jose Caballero": 0.07237849563359174,
  "Josh Rojas": 0.06734285799496117,
  "Rafael Devers": 0.15683753671260353,
  "Tyler O'Neill": 0.14979158041390908,
  "Vladimir Guerrero Jr.": 0.11508235898637868,
  "Danny Jansen": 0.11464772373287158,
  "Enmanuel Valdez": 0.12474448872574977,
  "Wilyer Abreu": 0.11827307256061469,
  "Jarren Duran": 0.1043545786830811,
  "George Springer": 0.08176647400189754,
  "Masataka Yoshida": 0.07712945851570537,
  "Justin Turner": 0.08747811195708902,
  "Bo Bichette": 0.08074932078409035,
  "Ceddanne Rafaela": 0.08993115268642884,
  "Dominic Smith": 0.09291679737363918,
  "Spencer Horwitz": 0.07507107543020856,
  "Kevin Kiermaier": 0.061910426793802875,
  "Reese McGuire": 0.063332182806537,
  "Addison Barger": 0.09555794744572572,
  "Isiah Kiner-Falefa": 0.06491887197769551,
  "Davis Schneider": 0.13078260869565217,
  "David Hamilton": 0.09214285714285714,
  "Alejandro Kirk": 0.060000000000000005,
  "Ernie Clement": 0.060000000000000005,
  "Daulton Varsho": 0.10757575757575757,
  "Andrew McCutchen": 0.13836046270560406,
  "Connor Joe": 0.060000000000000005,
  "Bryan Reynolds": 0.1537973905671405,
  "Tyler Stephenson": 0.1077192729573995,
  "Ke'Bryan Hayes": 0.10666666666666666,
  "Jake Fraley": 0.08077523585335408,
  "Jack Suwinski": 0.12000000000000001,
  "Jonathan India": 0.09642689833177781,
  "Oneil Cruz": 0.15979153961303638,
  "Spencer Steer": 0.12222614463981289,
  "Will Benson": 0.10307545318159737,
  "Rowdy Tellez": 0.11736878517164276,
  "Elly De La Cruz": 0.11272109508029896,
  "Jeimer Candelario": 0.12012861481599399,
  "Edward Olivares": 0.1072840603458479,
  "Nick Gonzales": 0.11001814013842669,
  "Yasmani Grandal": 0.08968363597312003,
  "Santiago Espinal": 0.06681038066391655,
  "Jared Triolo": 0.10168172317967399,
  "Michael A. Taylor": 0.09413871911478705,
  "Stuart Fairchild": 0.0825952166482607,
  "Brandon Nimmo": 0.10081694889005258,
  "Aaron Judge": 0.21143181368901853,
  "Pete Alonso": 0.118468428754729,
  "Gleyber Torres": 0.10650234571551347,
  "Jeff McNeil": 0.07664297799664001,
  "DJ LeMahieu": 0.06752601517710896,
  "Austin Wells": 0.07361111111111111,
  "Francisco Alvarez": 0.09702868314562932,
  "Jose Trevino": 0.06846909467148475,
  "Francisco Lindor": 0.1233977001556508,
  "Mark Vientos": 0.09814878891001833,
  "Anthony Volpe": 0.0725679075638343,
  "J. D. Martinez": 0.11063919886249898,
  "Harrison Bader": 0.06692379330130892,
  "Alex Verdugo": 0.06340793096269007,
  "Juan Soto": 0.11659594262860844,
  "Jose Iglesias": 0.05007062146892655,
  "Tyrone Taylor": 0.11339777770319127,
  "Jahmai Jones": 0.0790347563283598,
  "Trent Grisham": 0.1111111111111111,
  "Matt Carpenter": 0.08282284919775446,
  "Adam Duvall": 0.10757575757575757,
  "Austin Riley": 0.14247249421241046,
  "Paul Goldschmidt": 0.10811798063403712,
  "Ozzie Albies": 0.10374912243820664,
  "Travis d'Arnaud": 0.09723276887359607,
  "Marcell Ozuna": 0.17753244948321714,
  "Nolan Arenado": 0.08558465444047215,
  "Dylan Carlson": 0.07361111111111111,
  "Orlando Arcia": 0.08392857142857142,
  "Brendan Donovan": 0.07202457473217706,
  "Matt Olson": 0.14200146370147107,
  "Nolan Gorman": 0.11708248993146018,
  "Alec Burleson": 0.08431788909790291,
  "Sean Murphy": 0.12000000000000001,
  "Willson Contreras": 0.12011713262945384,
  "Masyn Winn": 0.059267067613602266,
  "Pedro Pages": 0.08392857142857142,
  "Michael Siani": 0.04920004890875979,
  "Jarred Kelenic": 0.09644527342171058,
  "Ram\u00f3n Laureano": 0.08969128422157607,
  "Brandon Crawford": 0.07361111111111111,
  "Forrest Wall": 0.06123839360673217,
  "Zack Short": 0.06181616700780217,
  "Gavin Lux": 0.07790038951538765,
  "Will Smith": 0.16870305325114857,
  "Enrique Hernandez": 0.060000000000000005,
  "Eloy Jimenez": 0.10750937318688643,
  "Freddie Freeman": 0.14705512235152035,
  "Gavin Sheets": 0.09753855446921886,
  "Luis Robert Jr.": 0.14604605385011163,
  "Lenyn Sosa": 0.06874982760681125,
  "Andrew Vaughn": 0.09761904761904762,
  "Andy Pages": 0.18520951181615208,
  "Andrew Benintendi": 0.07149606376551176,
  "Korey Lee": 0.07465531524964261,
  "Jason Heyward": 0.11776571594035674,
  "Miguel Rojas": 0.08374912363955112,
  "Nicky Lopez": 0.04777694415645942,
  "Paul DeJong": 0.11223670955676472,
  "Teoscar Hernandez": 0.17142857142857143,
  "Tommy Pham": 0.09620738981172496,
  "Shohei Ohtani": 0.24159363361754596,
  "Cavan Biggio": 0.07012522703393695,
  "Miguel Vargas": 0.1199769512475692,
  "Jose Altuve": 0.11728729244450906,
  "Alex Bregman": 0.09724855170306793,
  "Yordan Alvarez": 0.15832089572262353,
  "Ryan McMahon": 0.09076659654577483,
  "Chas McCormick": 0.10290405742472984,
  "Jake Meyers": 0.09237985697736686,
  "Jeremy Pena": 0.07896886672716609,
  "Ezequiel Tovar": 0.07550432118405975,
  "Elehuris Montero": 0.060000000000000005,
  "Mauricio Dubon": 0.06598391769120462,
  "Yainer Diaz": 0.10240387613148837,
  "Hunter Goodman": 0.09078403033951532,
  "Jacob Stallings": 0.060000000000000005,
  "Michael Toglia": 0.08211826657326002,
  "Brenton Doyle": 0.07842540668078207,
  "Trey Cabbage": 0.060000000000000005,
  "Jon Singleton": 0.060000000000000005,
  "Jake Cave": 0.0810617860624591,
  "Brendan Rodgers": 0.06818080864070168,
  "Nolan Jones": 0.08316466397186176,