{
  "Mike Yastrzemski": 0.09951516344732182,
  "Anthony Santander": 0.09463654190926918,
  "Gunnar Henderson": 0.0895535039567152,
  "Jerar Encarnaci\u00f3n": 0.08028787099104541,
  "Michael Conforto": 0.07618731302521256,
  "Grant McCray": 0.06545108678016442,
  "Ryan O'Hearn": 0.05837652054224158,
  "Cedric Mullins": 0.05901990175756297,
  "Tyler Fitzgerald": 0.06360286154403802,
  "Colton Cowser": 0.06655735660478755,
  "LaMonte Wade Jr.": 0.06880868033327397,
  "Heston Kjerstad": 0.06225287994091066,
  "Adley Rutschman": 0.05899792495288258,
  "Patrick Bailey": 0.057915180431166904,
  "Casey Schmitt": 0.04904611543325572,
  "Jackson Holliday": 0.055144741127146825,
  "Donnie Walton": 0.050614245142105385,
  "Emmanuel Rivera": 0.052609003309921666,
  "Heliot Ramos": 0.10560064935064935,
  "Brett Wisely": 0.09090909090909091,
  "Matt Olson": 0.20581778874944193,
  "Marcell Ozuna": 0.19329520322475524,
  "Jorge Soler": 0.14003160876150433,
  "Michael Harris II": 0.1317904497545914,
  "Ram\u00f3n Laureano": 0.11539865079324811,
  "Travis d'Arnaud": 0.1049380188410836,
  "Elly De La Cruz": 0.08731258808535959,
  "Orlando Arcia": 0.08619942108600946,
  "Spencer Steer": 0.09135977368031546,
  "Ty France": 0.08179508332707236,
  "Noelvi Marte": 0.0824917963334374,
  "Jonathan India": 0.07198210440260876,
  "Blake Dunn": 0.07062478049395332,
  "Amed Rosario": 0.055636848933221274,
  "Gio Urshela": 0.05969515057860492,
  "Santiago Espinal": 0.05486732985097523,
  "Luke Maile": 0.06275064994645506,
  "Whit Merrifield": 0.05896519934755229,
  "Tyler Stephenson": 0.13232323232323231,
  "TJ Friedl": 0.0750877192982456,
  "Jake Fraley": 0.07333333333333333,
  "Byron Buxton": 0.12635702649054623,
  "Josh Naylor": 0.09083833179309397,
  "Jhonkensy Noel": 0.10836447396842248,
  "Matt Wallner": 0.1084153015080926,
  "Jose Ramirez": 0.09414011375781609,
  "Kyle Manzardo": 0.10538459416645324,
  "Royce Lewis": 0.0851845158452979,
  "Ryan Jeffers": 0.08465411914677036,
  "Carlos Correa": 0.08166760617094197,
  "Carlos Santana": 0.08553752542251768,
  "Lane Thomas": 0.08430794712782008,
  "Angel Martinez": 0.053740965889902056,
  "Manuel Margot": 0.060291976842649614,
  "Willi Castro": 0.05773947061731269,
  "Andres Gimenez": 0.059039516039516036,
  "Kyle Farmer": 0.057899821192995006,
  "Brayan Rocchio": 0.05012305964156103,
  "Austin Hedges": 0.04466889070488503,
  "Trevor Larnach": 0.09761904761904762,
  "Bo Naylor": 0.08392857142857142,
  "Will Brennan": 0.06777777777777778,
  "David Fry": 0.08392857142857142,
  "Jose Miranda": 0.16666666666666666,
  "Adolis Garcia": 0.13134112106968127,
  "Vladimir Guerrero Jr.": 0.10607860532046054,
  "Marcus Semien": 0.09548672056904536,
  "Davis Schneider": 0.1028667745586909,
  "Wyatt Langford": 0.11221463673966882,
  "Nathaniel Lowe": 0.07014548131956448,
  "Spencer Horwitz": 0.0812039416651534,
  "Leo Jimenez": 0.06565033711378825,
  "Addison Barger": 0.0784748323772554,
  "Carson Kelly": 0.07269668786620481,
  "Josh Smith": 0.07357138446043911,
  "Nathan Lukes": 0.06893346968646603,
  "Ezequiel Duran": 0.0709446548014474,
  "Ernie Clement": 0.06954334737283846,
  "Jonah Heim": 0.07157781327148917,
  "Leody Taveras": 0.06133258293788155,
  "Joey Loperfido": 0.06235901279502569,
  "George Springer": 0.1291884360849878,
  "Alejandro Kirk": 0.09761904761904762,
  "Josh Jung": 0.12255062944718116,
  "Bo Bichette": 0.13333333333333333,
  "Aaron Judge": 0.13873455554489544,
  "Gleyber Torres": 0.05620685777585118,
  "Mitch Haniger": 0.09761904761904762,
  "Giancarlo Stanton": 0.1248754504354666,
  "J.P. Crawford": 0.055791465006678614,
  "Anthony Rizzo": 0.06557070297811038,
  "Cal Raleigh": 0.12159859261071289,
  "Julio Rodriguez": 0.1001831641603559,
  "Josh Rojas": 0.052107840745237735,
  "Anthony Volpe": 0.04514213568297454,
  "Austin Wells": 0.13232323232323231,
  "Jasson Dom\u00ednguez": 0.07829755494170362,
  "Juan Soto": 0.11396411119330868,
  "Luke Raley": 0.08393307362543834,
  "Jazz Chisholm Jr.": 0.08974757988419191,
  "Randy Arozarena": 0.08613600512961443,
  "Jorge Polanco": 0.08559086509131367,
  "Justin Turner": 0.06202970814336184,
  "Dylan Moore": 0.07907079993713657,
  "Victor Robles": 0.10526315789473684,
  "Jose Trevino": 0.050431716290494914,
  "Shohei Ohtani": 0.13794512316183502,
  "Max Muncy": 0.10637784610515673,
  "Jake Burger": 0.10488638563938085,
  "Mookie Betts": 0.08486083299977923,
  "Connor Norby": 0.08747843951270405,
  "Will Smith": 0.07450772665260498,
  "Jesus Sanchez": 0.08654941710827181,
  "Kyle Stowers": 0.06978722669900862,
  "Freddie Freeman": 0.0771734479683572,
  "Griffin Conine": 0.07473583993318339,
  "Andy Pages": 0.07794439773840782,
  "Tommy Edman": 0.053063458919186575,
  "Chris Taylor": 0.05668920364714597,
  "Otto Lopez": 0.05593692413150493,
  "Nick Fortes": 0.045645008721431034,
  "Gavin Lux": 0.05849083054058048,
  "Jonah Bride": 0.053430101289806256,
  "Xavier Edwards": 0.045668068211449454,
  "Enrique Hernandez": 0.08392857142857142,
  "Teoscar Hernandez": 0.10757575757575757,
  "Miguel Rojas": 0.07361111111111111,
  "Javier Sanoja": 0.034482758620689655,
  "Kevin Kiermaier": 0.034482758620689655,
  "Rafael Devers": 0.1431658704480151,
  "Tyler O'Neill": 0.12512832449726433,
  "Jarren Duran": 0.10260292527028557,
  "Brandon Lowe": 0.099504219149142,
  "Triston Casas": 0.08823365060326993,
  "Wilyer Abreu": 0.0966254716920098,
  "Danny Jansen": 0.11609066625458077,
  "Trevor Story": 0.0804281821167786,
  "Josh Lowe": 0.08420350507284093,
  "Dylan Carlson": 0.05994357551175733,
  "Jonathan Aranda": 0.07473652787375247,
  "Masataka Yoshida": 0.06951401999184775,
  "Jose Siri": 0.06662415731916134,
  "Taylor Walls": 0.05453616171364208,
  "Jose Caballero": 0.06226500351842029,
  "Yandy Diaz": 0.059848821725484565,
  "Ben Rortvedt": 0.0513341678620281,
  "Nick Sogard": 0.07247765006385695,
  "Connor Wong": 0.09074074074074073,
  "Ceddanne Rafaela": 0.08828976034858388,
  "Junior Caminero": 0.09761904761904762,
  "Jonny Deluca": 0.0703030303030303,
  "Christopher Morel": 0.10723443223443224,
  "Christian Walker": 0.15773883629819743,
  "Eugenio Suarez": 0.1428473722652064,
  "Joc Pederson": 0.12627816700911862,
  "Ketel Marte": 0.11318994730336565,
  "Corbin Carroll": 0.10195817292388519,
  "William Contreras": 0.10458411070005189,
  "Jackson Chourio": 0.0873259236472249,
  "Pavin Smith": 0.08122616190370024,
  "Jake Bauers": 0.09207272174806441,
  "Geraldo Perdomo": 0.059204416965327786,
  "Andruw Monasterio": 0.059231553821864825,
  "Garrett Mitchell": 0.06963213591013327,
  "Blake Perkins": 0.054646704777625406,
  "Joey Ortiz": 0.0568253942859895,
  "Gabriel Moreno": 0.06532878108387719,
  "Brice Turang": 0.05496198862729791,
  "Jake McCarthy": 0.05260929456621509,
  "Sal Frelick": 0.04575256562443433,
  "Willy Adames": 0.14666666666666667,
  "Randal Grichuk": 0.13333333333333333,
  "Rhys Hoskins": 0.2,
  "Kyle Schwarber": 0.13959486250183925,
  "Pete Alonso": 0.1275073536408022,
  "Mark Vientos": 0.1295870853884791,
  "Bryce Harper": 0.10580937391679081,
  "J. D. Martinez": 0.11330211122607649,
  "Tyrone Taylor": 0.09750800406054975,
  "Brandon Nimmo": 0.09743928007447628,
  "Trea Turner": 0.09233335739477531,
  "Nick Castellanos": 0.07203367213321434,
  "Francisco Alvarez": 0.08041807190798157,
  "J.T. Realmuto": 0.07098721530705741,
  "Jesse Winker": 0.06408424070408986,
  "Cal Stevenson": 0.051544389661111516,
  "Brandon Marsh": 0.0678744365130063,
  "Luisangel Acu\u00f1a": 0.0537427049399549,
  "Bryson Stott": 0.0576560902510804,
  "Alec Bohm": 0.06610199519809853,
  "Jose Iglesias": 0.05850218653272089,
  "Francisco Lindor": 0.15,
  "Johan Rojas": 0.04832229580573952,
  "Starling Marte": 0.0861111111111111,
  "Harrison Bader": 0.08392857142857142,
  "Oneil Cruz": 0.12234943967033521,
  "Paul Goldschmidt": 0.10120433296107273,
  "Alec Burleson": 0.09209720234410318,
  "Rowdy Tellez": 0.08212403946121721,
  "Bryan De La Cruz": 0.07706104309108819,