{
  "Oneil Cruz": 0.1078286323147251,
  "Willy Adames": 0.09611102985108495,
  "William Contreras": 0.08575894171144872,
  "Andrew McCutchen": 0.08127355240937073,
  "Jake Bauers": 0.06975583929727522,
  "Eric Haase": 0.062047330632591075,
  "Bryan Reynolds": 0.07237232415600538,
  "Joey Bart": 0.06958955369846459,
  "Bryan De La Cruz": 0.0732168153088098,
  "Nick Gonzales": 0.05575539133966194,
  "Garrett Mitchell": 0.059679574055163484,
  "Jared Triolo": 0.05825714230672908,
  "Blake Perkins": 0.05722056716680373,
  "Joey Ortiz": 0.05263845708234441,
  "Isiah Kiner-Falefa": 0.05396264747129213,
  "Liover Peguero": 0.05798909015375754,
  "Sal Frelick": 0.04096008655178318,
  "Brice Turang": 0.04833122459934054,
  "Jackson Chourio": 0.08166666666666667,
  "Rhys Hoskins": 0.12255062944718116,
  "Nick Yorke": 0.09090909090909091,
  "Salvador Perez": 0.1437319407990382,
  "Bobby Witt Jr.": 0.12589274828094899,
  "Hunter Renfroe": 0.1141367412792797,
  "Joey Gallo": 0.11542057550011084,
  "Juan Yepez": 0.09026320852636642,
  "Tommy Pham": 0.09133861198090448,
  "Keibert Ruiz": 0.09059180728878018,
  "Paul DeJong": 0.09144253501232541,
  "Dylan Crews": 0.07888760930427598,
  "Jose Tena": 0.08122281564618815,
  "Luis Garcia Jr.": 0.06706911608623738,
  "James Wood": 0.09103376065734901,
  "Freddy Fermin": 0.07327644830120078,
  "Yuli Gurriel": 0.06717460204445655,
  "Maikel Garcia": 0.05663650927152474,
  "Garrett Hampson": 0.05155818371324099,
  "Nasim Nunez": 0.041824536294160004,
  "Jacob Young": 0.04483071062860969,
  "Kyle Isbel": 0.07333333333333333,
  "Robbie Grossman": 0.13333333333333333,
  "Ildemaro Vargas": 0.034482758620689655,
  "Spencer Torkelson": 0.13061896240110607,
  "Andy Ibanez": 0.1015493077159697,
  "Brandon Lowe": 0.0935482137347909,
  "Jake Rogers": 0.11383047471668811,
  "Christopher Morel": 0.09560493795474903,
  "Wenceel Perez": 0.08069181690046395,
  "Jose Siri": 0.07178440368636448,
  "Matt Vierling": 0.08139095244969562,
  "Jonathan Aranda": 0.07321413795870184,
  "Riley Greene": 0.08134525267101024,
  "Junior Caminero": 0.08153180273198973,
  "Trey Sweeney": 0.06499915637554593,
  "Josh Lowe": 0.07419825431173141,
  "Dylan Carlson": 0.05511222064740822,
  "Colt Keith": 0.05765617066328006,
  "Parker Meadows": 0.054045500378506285,
  "Ben Rortvedt": 0.051341296862534594,
  "Taylor Walls": 0.05294791364659975,
  "Yandy Diaz": 0.08444444444444445,
  "Jonny Deluca": 0.07333333333333333,
  "Justyn-Henry Malloy": 0.18181818181818182,
  "Dillon Dingler": 0.15384615384615385,
  "Taylor Ward": 0.11637124126147486,
  "Logan O'Hoppe": 0.11599258348927538,
  "Zach Neto": 0.11203863074306471,
  "Miguel Vargas": 0.0999502332440409,
  "Luis Robert Jr.": 0.1026286176407254,
  "Mickey Moniak": 0.11476735974544337,
  "Andrew Vaughn": 0.10575376156537368,
  "Eric Wagaman": 0.10843095582936267,
  "Brandon Drury": 0.09090079479006735,
  "Matt Thaiss": 0.08248707888214499,
  "Bryan Ramos": 0.08369124084213207,
  "Lenyn Sosa": 0.07370494610205967,
  "Gustavo Campero": 0.06925390476727986,
  "Chuckie Robinson": 0.06329403659423392,
  "Zach DeLoach": 0.07228122159436683,
  "Dominic Fletcher": 0.07610222365969492,
  "Jack L\u00f3pez": 0.05922064305684996,
  "Jacob Amaya": 0.05208079378293883,
  "Niko Kavadas": 0.1724137931034483,
  "Andrew Benintendi": 0.15384615384615385,
  "Charlie Blackmon": 0.09594687794908102,
  "Sam Hilliard": 0.10023734097195512,
  "Ryan McMahon": 0.09492206127889403,
  "Brendan Rodgers": 0.08392857142857142,
  "Paul Goldschmidt": 0.13921601428930389,
  "Ivan Herrera": 0.09407407384582682,
  "Nolan Arenado": 0.15407407407407406,
  "Ezequiel Tovar": 0.1098910100739369,
  "Michael Toglia": 0.12351050844583163,
  "Brendan Donovan": 0.08444444444444445,
  "Brenton Doyle": 0.13232323232323231,
  "Nolan Jones": 0.08197873999888143,
  "Jordan Walker": 0.115026663707033,
  "Michael Siani": 0.06564102564102564,
  "Aaron Schunk": 0.07030810082147416,
  "Masyn Winn": 0.09701985543919123,
  "Thomas Saggese": 0.10359975875078037,
  "Hunter Goodman": 0.10028749275811216,
  "Lars Nootbaar": 0.08421036122141347,
  "Pedro Pages": 0.08263561568688149,
  "Jake Cave": 0.06946996408226355,
  "Jose Fermin": 0.0616539762007875,
  "Victor Scott II": 0.09215590922487474,
  "Jonah Heim": 0.09669312169312168,
  "Seth Brown": 0.08734967216830793,
  "Nathaniel Lowe": 0.06560980554174525,
  "Adolis Garcia": 0.10299425909284082,
  "Josh Smith": 0.07689948360091982,
  "Marcus Semien": 0.07947616675189462,
  "Leody Taveras": 0.06092384908241686,
  "Lawrence Butler": 0.0896993308692645,
  "Shea Langeliers": 0.10985728922202939,
  "Tyler Soderstrom": 0.07455938002182133,
  "Wyatt Langford": 0.08105372425354423,
  "Zack Gelof": 0.07909017277168998,
  "Max Schuemann": 0.05289265467573059,
  "Brent Rooker": 0.11996208199597218,
  "JJ Bleday": 0.07916139025673558,
  "Jacob Wilson": 0.05383475593823757,
  "Carson Kelly": 0.0757284709412369,
  "Travis Jankowski": 0.05357487922705314,
  "Jonathan Ornelas": 0.05034042135834783,
  "Darell Hernaiz": 0.034482758620689655,
  "Aaron Judge": 0.16237498128874167,
  "Anthony Santander": 0.12877854989196827,
  "Giancarlo Stanton": 0.13404318019657155,
  "Juan Soto": 0.10418564052085535,
  "Gunnar Henderson": 0.1025241705473047,
  "Jordan Westburg": 0.08430617184778516,
  "Colton Cowser": 0.09001483933369375,
  "Austin Wells": 0.07606343442606886,
  "Cedric Mullins": 0.06548074628083364,
  "Jazz Chisholm Jr.": 0.07223311256164343,
  "Ramon Urias": 0.06455304993117988,
  "Ryan O'Hearn": 0.07055398590382965,
  "Gleyber Torres": 0.06178683931005913,
  "Adley Rutschman": 0.07087477159102504,
  "Jasson Dom\u00ednguez": 0.0651059004034355,
  "Anthony Rizzo": 0.0548995693666459,
  "James McCann": 0.056832958003903984,
  "Anthony Volpe": 0.0490788532454733,
  "Ryan Mountcastle": 0.1724137931034483,
  "Heston Kjerstad": 0.07361111111111111,
  "Jesus Sanchez": 0.09527611955544829,
  "Trevor Larnach": 0.11003545731873904,
  "Carlos Correa": 0.10316067753407906,
  "Royce Lewis": 0.15000534104273944,
  "Byron Buxton": 0.2071458145886735,
  "Xavier Edwards": 0.04812148110855652,
  "Kyle Farmer": 0.07226406424754689,
  "Willi Castro": 0.07497917431707386,
  "Jake Burger": 0.11422125769849507,
  "Carlos Santana": 0.10407941591525653,
  "Jonah Bride": 0.05466460145756283,
  "Connor Norby": 0.08503530729562664,
  "Otto Lopez": 0.05715282793737412,
  "Kyle Stowers": 0.07239053420014986,
  "Griffin Conine": 0.09669312169312168,
  "Jose Miranda": 0.0848901098901099,
  "Ryan Jeffers": 0.0960139400035313,
  "Derek Hill": 0.04938240556716636,
  "Austin Martin": 0.0643553852923994,
  "Nick Fortes": 0.043536243155876043,
  "Edouard Julien": 0.1111111111111111,
  "Enrique Hernandez": 0.060000000000000005,
  "Gavin Lux": 0.05408001676343569,
  "Max Muncy": 0.10234247692452027,
  "Will Smith": 0.08281640070304108,
  "Fernando Tatis Jr.": 0.13106823732916334,
  "Manny Machado": 0.10264636555830889,
  "Jake Cronenworth": 0.06616673389400662,
  "Mookie Betts": 0.1039523580485713,
  "Freddie Freeman": 0.07611853607618882,
  "Jurickson Profar": 0.08025816575217164,
  "Xander Bogaerts": 0.059920006579278116,
  "Shohei Ohtani": 0.15600077900183054,
  "Jackson Merrill": 0.10395462076299399,
  "Teoscar Hernandez": 0.10573590136964786,
  "Tommy Edman": 0.05086985543870583,
  "Luis Arraez": 0.05136467945526897,
  "Donovan Solano": 0.0750877192982456,
  "David Peralta": 0.07469642665763356,
  "Andy Pages": 0.09211183850758156,
  "Kyle Higashioka": 0.057310246357623246,
  "Miguel Rojas": 0.08333333333333333
}