{
  "Jake Rogers": 0.09932727789454637,
  "Bo Bichette": 0.08539525746218767,
  "Vladimir Guerrero Jr.": 0.13018741449580812,
  "Danny Jansen": 0.14207542616027097,
  "George Springer": 0.07361111111111111,
  "Alejandro Kirk": 0.060000000000000005,
  "Javier Baez": 0.09091254600748475,
  "Kerry Carpenter": 0.13358585858585859,
  "Riley Greene": 0.07361111111111111,
  "Wenceel Perez": 0.0774818081327933,
  "Spencer Torkelson": 0.13091823878722844,
  "Kevin Kiermaier": 0.060000000000000005,
  "Matt Vierling": 0.08121904210690321,
  "Daulton Varsho": 0.11430241993030012,
  "Carson Kelly": 0.09074166988996915,
  "Davis Schneider": 0.13255623797890045,
  "Isiah Kiner-Falefa": 0.06264312398418359,
  "Colt Keith": 0.05007062146892655,
  "Zach McKinstry": 0.05007062146892655,
  "Gio Urshela": 0.07376840858384508,
  "Mark Canha": 0.09227938017652534,
  "Justin Turner": 0.08392857142857142,
  "Andy Ibanez": 0.11292005471402997,
  "Daniel Vogelbach": 0.11559291568027737,
  "Cavan Biggio": 0.08234470988781334,
  "Ernie Clement": 0.07521135265700482,
  "Andy Pages": 0.191110988619737,
  "Austin Barnes": 0.07933960953099709,
  "Elly De La Cruz": 0.13102759399929212,
  "Freddie Freeman": 0.17101519631080972,
  "Gavin Lux": 0.10641168905265184,
  "Jacob Hurtubise": 0.07003119211560344,
  "Jake Fraley": 0.09681079952478588,
  "Jason Heyward": 0.1375512287874925,
  "Jonathan India": 0.10395948265589294,
  "Enrique Hernandez": 0.1200669205833203,
  "Luke Maile": 0.10122477476664508,
  "Mookie Betts": 0.18554533264762182,
  "Nick Martini": 0.10847589790014223,
  "Santiago Espinal": 0.07897426788004294,
  "Shohei Ohtani": 0.270973925523549,
  "Spencer Steer": 0.13469087608458144,
  "Teoscar Hernandez": 0.20078613261283196,
  "Will Benson": 0.11254844165735255,
  "Will Smith": 0.12000000000000001,
  "Stuart Fairchild": 0.08392857142857142,
  "Tyler Stephenson": 0.09761904761904762,
  "Mike Ford": 0.13358585858585859,
  "Jeimer Candelario": 0.08392857142857142,
  "Ronald Acuna Jr.": 0.13364941920652104,
  "Andrew McCutchen": 0.10767226600559933,
  "Ozzie Albies": 0.10544287562087039,
  "Connor Joe": 0.08978217640560818,
  "Adam Duvall": 0.1733198325748679,
  "Bryan Reynolds": 0.0860983974950302,
  "Marcell Ozuna": 0.18728477949985065,
  "Orlando Arcia": 0.09962890134131486,
  "Travis d'Arnaud": 0.11429654989885014,
  "Oneil Cruz": 0.07361111111111111,
  "Matt Olson": 0.1339786516900283,
  "Ji Hwan Bae": 0.060000000000000005,
  "Michael Harris II": 0.07348039162579678,
  "Nick Gonzales": 0.08441683826027037,
  "Jarred Kelenic": 0.060000000000000005,
  "Jared Triolo": 0.0726866574889396,
  "Rowdy Tellez": 0.060000000000000005,
  "Edward Olivares": 0.09638668938304115,
  "Joey Bart": 0.09108848323420884,
  "Yasmani Grandal": 0.07361111111111111,
  "Michael A. Taylor": 0.08378392251389961,
  "Zack Short": 0.07477669248927257,
  "Alika Williams": 0.06599100603308176,
  "Ceddanne Rafaela": 0.07980699115831594,
  "Christian Yelich": 0.08235116641906208,
  "David Hamilton": 0.06571512948688964,
  "Dominic Smith": 0.0873101540284203,
  "Garrett Cooper": 0.11445572893247521,
  "Gary Sanchez": 0.10973239400598224,
  "Jake Bauers": 0.09300347241523711,
  "Jarren Duran": 0.09455509356548644,
  "Oliver Dunn": 0.07735177404295052,
  "Rafael Devers": 0.14148438615542044,
  "Reese McGuire": 0.06301246434941274,
  "Vaughn Grissom": 0.06889595947537631,
  "William Contreras": 0.11240849097991955,
  "Willy Adames": 0.10948527951939217,
  "Wilyer Abreu": 0.09783682937772513,
  "Brice Turang": 0.0598997990160356,
  "Blake Perkins": 0.057097240526889165,
  "Sal Frelick": 0.05537494349442473,
  "Joey Ortiz": 0.060541781450872356,
  "Jackson Chourio": 0.04958730158730159,
  "Connor Wong": 0.08392857142857142,
  "Tyler O'Neill": 0.13358585858585859,
  "Dylan Moore": 0.18808656414883615,
  "Cal Raleigh": 0.18741690408357076,
  "Mitch Haniger": 0.14719186227879333,
  "Luis Garcia Jr.": 0.09642393694992549,
  "Ty France": 0.11375662834577614,
  "J.P. Crawford": 0.09692882128429978,
  "Riley Adams": 0.09785033514872224,
  "Julio Rodriguez": 0.15018298854647777,
  "Joey Meneses": 0.09697543184066251,
  "Ildemaro Vargas": 0.07672971747595307,
  "CJ Abrams": 0.13733730968954463,
  "Keibert Ruiz": 0.08392857142857142,
  "Josh Rojas": 0.060000000000000005,
  "Dominic Canzone": 0.12000000000000001,
  "Jacob Young": 0.051111111111111114,
  "Nick Senzel": 0.08040731198625936,
  "Luke Raley": 0.09761904761904762,
  "Jorge Polanco": 0.12913747351927066,
  "Mitch Garver": 0.16992650709432738,
  "Eddie Rosario": 0.14604410904098075,
  "Joey Gallo": 0.17812285394633717,
  "Seby Zavala": 0.11226906472410556,
  "Jonatan Clase": 0.07732509953618898,
  "Victor Robles": 0.07367909867909868,
  "Brandon Lowe": 0.12000000000000001,
  "Salvador Perez": 0.17274172243939903,
  "Yandy Diaz": 0.10363903337183442,
  "Kyle Isbel": 0.060000000000000005,
  "Jonathan Aranda": 0.09761904761904762,
  "MJ Melendez": 0.11736568023619688,
  "Randy Arozarena": 0.1284230268100976,
  "Isaac Paredes": 0.12190284241585694,
  "Maikel Garcia": 0.08522496804870984,
  "Vinnie Pasquantino": 0.12687972710288015,
  "Harold Ramirez": 0.08289165747699424,
  "Bobby Witt Jr.": 0.16047897994811958,
  "Michael Massey": 0.09761904761904762,
  "Freddy Fermin": 0.09936952716838864,
  "Dairon Blanco": 0.07361111111111111,
  "Hunter Renfroe": 0.09761904761904762,
  "Richie Palacios": 0.06934065934065933,
  "Adam Frazier": 0.06778015931352661,
  "Nelson Velazquez": 0.13152437292157027,
  "Jose Caballero": 0.08889064245791095,
  "Jonny Deluca": 0.11205105775655132,
  "Ben Rortvedt": 0.060000000000000005,
  "Amed Rosario": 0.08840771801298118,
  "Jose Siri": 0.11422527342292509,
  "Alex Jackson": 0.11090021398049532,
  "Garrett Hampson": 0.06783784167151308,
  "Tomas Nido": 0.05178844810117737,
  "Mike Yastrzemski": 0.10757575757575757,
  "Jeff McNeil": 0.05843689410485482,
  "Pete Alonso": 0.10207777942371779,
  "Wilmer Flores": 0.10100192293678883,
  "Brandon Nimmo": 0.08679090854570305,
  "Francisco Lindor": 0.10520589590105305,
  "LaMonte Wade Jr.": 0.07361111111111111,
  "Thairo Estrada": 0.09137034936309192,
  "Starling Marte": 0.060000000000000005,
  "Brett Baty": 0.06964906868355145,
  "Heliot Ramos": 0.1084783441926299,
  "Curt Casali": 0.060000000000000005,
  "Marco Luciano": 0.08392857142857142,
  "Mark Vientos": 0.08392857142857142,
  "Patrick Bailey": 0.09827837908733662,
  "Luis Matos": 0.09150771480130375,
  "DJ Stewart": 0.09750639463510552,
  "Jorge Soler": 0.18824037730430423,
  "Harrison Bader": 0.06045762241868658,
  "J. D. Martinez": 0.11104571296272978,
  "Matt Chapman": 0.18476006522812852,
  "Brett Wisely": 0.07436093961463786,
  "Ryan McKenna": 0.07517679468902427,
  "Anthony Santander": 0.18369594127959185,
  "Gavin Sheets": 0.09613004155048187,
  "Cedric Mullins": 0.09761904761904762,
  "Danny Mendick": 0.060000000000000005,
  "Ryan Mountcastle": 0.14613100181156316,
  "Jorge Mateo": 0.11234754984950553,
  "Andrew Vaughn": 0.10897037855315904,
  "Adley Rutschman": 0.12749785075649236,
  "Gunnar Henderson": 0.15268063050153685,
  "Kyle Stowers": 0.060000000000000005,
  "Andrew Benintendi": 0.07361111111111111,
  "Zach Remillard": 0.07492505439955341,
  "Jordan Westburg": 0.14294163522024456,
  "Dominic Fletcher": 0.07285421909718585,
  "Korey Lee": 0.09377588355916529,
  "Ryan O'Hearn": 0.12000000000000001,
  "Colton Cowser": 0.10236568216463114,
  "Tommy Pham": 0.11416116075303226,
  "Paul DeJong": 0.08392857142857142,
  "Austin Hays": 0.14331162996931193,
  "James McCann": 0.10912780454145692,
  "Corey Julks": 0.10197475422192112,
  "Bryan Ramos": 0.11200790314522921,
  "Nicky Lopez": 0.044157582385756115,
  "Adolis Garcia": 0.1634875204341985,
  "Alex Kirilloff": 0.10875504135685776,
  "Carlos Correa": 0.11488499766366211,
  "Carlos Santana": 0.10891580698943713,
  "Christian Vazquez": 0.07222206871991355,
  "Corey Seager": 0.14023454591425996,
  "Edouard Julien": 0.09395738045202007,
  "Evan Carter": 0.06366771559588827,