{
  "Oneil Cruz": 0.16773623533357168,
  "Elly De La Cruz": 0.11985745332615805,
  "Bryan Reynolds": 0.11389134547099473,
  "Will Benson": 0.14363247863247863,
  "Bryan De La Cruz": 0.12362448873802097,
  "Yasmani Grandal": 0.11059596445067163,
  "Tyler Stephenson": 0.11089166176674743,
  "Santiago Espinal": 0.07131100750560976,
  "Jonathan India": 0.09177139332162201,
  "Connor Joe": 0.11889400921658985,
  "Billy Cook": 0.11824222831765935,
  "Ty France": 0.09252566630596107,
  "Noelvi Marte": 0.07230686852931868,
  "TJ Friedl": 0.08040478302239676,
  "Jake Fraley": 0.07193315195924305,
  "Nick Gonzales": 0.0946127946127946,
  "Nick Yorke": 0.06437728937728937,
  "Isiah Kiner-Falefa": 0.06340225118521106,
  "Andrew McCutchen": 0.14666666666666667,
  "Spencer Steer": 0.1291884360849878,
  "Rowdy Tellez": 0.15833333333333333,
  "Joey Bart": 0.12063492063492064,
  "Jared Triolo": 0.09761904761904762,
  "Juan Yepez": 0.10548670122744197,
  "Joey Gallo": 0.1191737251094039,
  "Seiya Suzuki": 0.19090909090909092,
  "Ian Happ": 0.10436520057542356,
  "Dansby Swanson": 0.1045030205885746,
  "Dylan Crews": 0.0850792915553595,
  "Keibert Ruiz": 0.08965238886483018,
  "Isaac Paredes": 0.08495960323829176,
  "Luis Garcia Jr.": 0.07145780467304531,
  "Cody Bellinger": 0.07556964247160325,
  "James Wood": 0.08713893362325084,
  "Michael Busch": 0.07853402334436989,
  "Jose Tena": 0.07743131741577015,
  "Miguel Amaya": 0.05624981727439501,
  "Nasim Nunez": 0.056900034716990185,
  "Pete Crow-Armstrong": 0.06186465886078728,
  "Nico Hoerner": 0.05279095800262344,
  "Ildemaro Vargas": 0.05169080525277309,
  "Patrick Wisdom": 0.12724136915282197,
  "CJ Abrams": 0.12063492063492064,
  "Jacob Young": 0.041949317738791424,
  "Andr\u00e9s Chaparro": 0.1383838383838384,
  "Darren Baker": 0.08333333333333333,
  "Spencer Torkelson": 0.10800531158039378,
  "Anthony Santander": 0.10844682791489726,
  "Colton Cowser": 0.08403341444764395,
  "Gunnar Henderson": 0.09177413007325032,
  "Cedric Mullins": 0.06960660551569643,
  "Andy Ibanez": 0.08304222723920013,
  "Justyn-Henry Malloy": 0.07281535887042709,
  "Riley Greene": 0.08097003735033959,
  "Wenceel Perez": 0.08593025332483048,
  "Matt Vierling": 0.07026200700372762,
  "Adley Rutschman": 0.06351182835830557,
  "Heston Kjerstad": 0.07166433412555367,
  "Trey Sweeney": 0.06518327871763813,
  "Parker Meadows": 0.0620003223726628,
  "Dillon Dingler": 0.07156865574445448,
  "Ryan O'Hearn": 0.0595842744234449,
  "Jackson Holliday": 0.06001546222997131,
  "Emmanuel Rivera": 0.05828936367697063,
  "Colt Keith": 0.07333333333333333,
  "Marcell Ozuna": 0.1647097593455176,
  "Matt Olson": 0.13698544425122242,
  "Jorge Soler": 0.1156813506087877,
  "Ram\u00f3n Laureano": 0.09924143592592789,
  "Travis d'Arnaud": 0.08764615798932215,
  "Michael Harris II": 0.08671524573480438,
  "Jake Burger": 0.09149067572512548,
  "Ozzie Albies": 0.08384206056609692,
  "Orlando Arcia": 0.08192075403936963,
  "Derek Hill": 0.06672514619883041,
  "Connor Norby": 0.06357343063012681,
  "Jesus Sanchez": 0.05574379922416833,
  "Gio Urshela": 0.06593206459310641,
  "Cristian Pache": 0.050188863873767545,
  "Jonah Bride": 0.05008125857463606,
  "Otto Lopez": 0.049006643218021576,
  "Nick Fortes": 0.05348845645959398,
  "Javier Sanoja": 0.06666666666666667,
  "Xavier Edwards": 0.06777777777777778,
  "Griffin Conine": 0.060000000000000005,
  "Kyle Stowers": 0.060000000000000005,
  "Byron Buxton": 0.14005931707806618,
  "Matt Wallner": 0.13737249530369464,
  "Royce Lewis": 0.10423751301883129,
  "Danny Jansen": 0.08079277444878308,
  "Trevor Larnach": 0.08642183801104265,
  "Kyle Farmer": 0.07622430881585811,
  "Carlos Correa": 0.08381128184504844,
  "Ryan Jeffers": 0.08461775803845696,
  "Carlos Santana": 0.0847371825104025,
  "Wilyer Abreu": 0.07574979845520056,
  "Trevor Story": 0.06450811524568156,
  "Willi Castro": 0.07136431809411074,
  "Romy Gonzalez": 0.053895346038233836,
  "Ceddanne Rafaela": 0.0625202967525196,
  "Jarren Duran": 0.06862559708626488,
  "Triston Casas": 0.06892071270080899,
  "Masataka Yoshida": 0.061189928056567575,
  "Vaughn Grissom": 0.05378014456550161,
  "Rafael Devers": 0.08392857142857142,
  "Connor Wong": 0.07333333333333333,
  "Tyler O'Neill": 0.13174603174603175,
  "Mark Vientos": 0.10638649449495324,
  "Trea Turner": 0.10045173362674821,
  "Pete Alonso": 0.09756763161374105,
  "Kyle Schwarber": 0.10195080408856651,
  "Tyrone Taylor": 0.10633380112608423,
  "Nick Castellanos": 0.08552066908194775,
  "Bryce Harper": 0.08652610466820308,
  "Weston Wilson": 0.08037546514541441,
  "J.T. Realmuto": 0.08585121629457174,
  "Alec Bohm": 0.0846419833386347,
  "Edmundo Sosa": 0.09625638975484177,
  "Francisco Alvarez": 0.0741516806344585,
  "Harrison Bader": 0.07425769317503915,
  "Brandon Nimmo": 0.05916580757681602,
  "Starling Marte": 0.054334309877908,
  "Luisangel Acu\u00f1a": 0.06189227045423829,
  "Jose Iglesias": 0.05215710307954084,
  "Johan Rojas": 0.05368983796609151,
  "Francisco Lindor": 0.15,
  "Brandon Marsh": 0.08392857142857142,
  "Bryson Stott": 0.042207505518763795,
  "J. D. Martinez": 0.12568542568542568,
  "Jesse Winker": 0.07361111111111111,
  "Vladimir Guerrero Jr.": 0.09780171363294667,
  "Jose Siri": 0.10580230525873321,
  "Brandon Lowe": 0.09696690372364349,
  "Junior Caminero": 0.09550740630308559,
  "George Springer": 0.0834782724796851,
  "Davis Schneider": 0.1000178662279119,
  "Christopher Morel": 0.09601037812508818,
  "Spencer Horwitz": 0.07424671940573332,
  "Yandy Diaz": 0.08012208087367864,
  "Jonathan Aranda": 0.07970198860484384,
  "Josh Lowe": 0.0825378067668726,
  "Addison Barger": 0.07252361516145546,
  "Nathan Lukes": 0.06711284773784774,
  "Alejandro Kirk": 0.05998137633899223,
  "Leo Jimenez": 0.05560235513019708,
  "Joey Loperfido": 0.06698236562486552,
  "Ben Rortvedt": 0.05848882478478277,
  "Taylor Walls": 0.0602920923944329,
  "Ernie Clement": 0.0750877192982456,
  "Jose Caballero": 0.060000000000000005,
  "Jonny Deluca": 0.0750877192982456,
  "Salvador Perez": 0.1043436334383972,
  "Matt Chapman": 0.15463749585631187,
  "Bobby Witt Jr.": 0.10405779487504668,
  "Mike Yastrzemski": 0.09636412452670938,
  "Michael Massey": 0.08957352513826343,
  "Heliot Ramos": 0.08115294906845562,
  "Michael Conforto": 0.0756409116076273,
  "MJ Melendez": 0.08443837847340342,
  "Grant McCray": 0.061850486534774006,
  "LaMonte Wade Jr.": 0.06850653278591728,
  "Tyler Fitzgerald": 0.07015376279160311,
  "Freddy Fermin": 0.07123379985057329,
  "Curt Casali": 0.06672233683727936,
  "Maikel Garcia": 0.04410783077819919,
  "Yuli Gurriel": 0.05746742710034134,
  "Kyle Isbel": 0.052352359124161675,
  "Adam Frazier": 0.0424810103342712,
  "Donnie Walton": 0.03967090554403309,
  "Dairon Blanco": 0.09761904761904762,
  "Garrett Hampson": 0.049999999999999996,
  "Patrick Bailey": 0.07703703703703703,
  "Paul DeJong": 0.13333333333333333,
  "Tommy Pham": 0.08444444444444445,
  "Robbie Grossman": 0.049999999999999996,
  "Casey Schmitt": 0.1,
  "Cal Raleigh": 0.15126224934647897,
  "Julio Rodriguez": 0.11612742111335023,
  "Adolis Garcia": 0.13890358090000887,
  "Randy Arozarena": 0.11218125416736711,
  "Luke Raley": 0.1297158793587365,
  "Jorge Polanco": 0.10365478398774736,
  "Wyatt Langford": 0.11315605137611519,
  "Marcus Semien": 0.09931864602636618,
  "Dylan Moore": 0.10707647266787053,
  "Carson Kelly": 0.09088645108981715,
  "Josh Smith": 0.07765092054271135,
  "Nathaniel Lowe": 0.07302442902102074,
  "Ezequiel Duran": 0.07879249149518927,
  "J.P. Crawford": 0.06470795319960594,
  "Justin Turner": 0.07311785755185739,
  "Leody Taveras": 0.06170810505648419,
  "Josh Rojas": 0.07438624098287963,
  "Travis Jankowski": 0.0670048905343023,
  "Jonah Heim": 0.11636141636141635,
  "Mitch Haniger": 0.060000000000000005,
  "Josh Jung": 0.09761904761904762,
  "Victor Robles": 0.09074074074074073,
  "Jonathan Ornelas": 0.09090909090909091,
  "Christian Walker": 0.1301830078425548,
  "Rhys Hoskins": 0.1378096120877231,