{
  "Jorge Soler": 0.14105841009174924,
  "Marcell Ozuna": 0.13799732811846238,
  "Matt Olson": 0.10576536738110054,
  "Sean Murphy": 0.098986648915655,
  "Joey Gallo": 0.10001933858491235,
  "Michael Harris II": 0.07450630209974501,
  "Ram\u00f3n Laureano": 0.0833866859535377,
  "CJ Abrams": 0.07404176709348999,
  "Orlando Arcia": 0.06622290872141925,
  "Luis Garcia Jr.": 0.062055644467204664,
  "James Wood": 0.07167862994423767,
  "Drew Millas": 0.06149045285544597,
  "Keibert Ruiz": 0.06655984713860787,
  "Andr\u00e9s Chaparro": 0.07678680062216438,
  "Whit Merrifield": 0.06218516696390136,
  "Gio Urshela": 0.061659738194621914,
  "Jose Tena": 0.07737014467520623,
  "Jacob Young": 0.04766773011934302,
  "Travis d'Arnaud": 0.13333333333333333,
  "Adam Duvall": 0.13333333333333333,
  "Ildemaro Vargas": 0.05149425287356322,
  "Jarred Kelenic": 0.08392857142857142,
  "Juan Yepez": 0.07361111111111111,
  "Aaron Judge": 0.2370432113642276,
  "Giancarlo Stanton": 0.18616866553415268,
  "Juan Soto": 0.1475540602791505,
  "Jazz Chisholm Jr.": 0.10016133201397713,
  "Michael Toglia": 0.10192498094398529,
  "Gleyber Torres": 0.10976135533717707,
  "Ryan McMahon": 0.08484275647527889,
  "Jose Trevino": 0.07415412426425907,
  "Nolan Jones": 0.08485193818527152,
  "Brenton Doyle": 0.07967684107912758,
  "Charlie Blackmon": 0.07712717727071794,
  "Alex Verdugo": 0.07031467465622451,
  "Ezequiel Tovar": 0.07633605609631189,
  "DJ LeMahieu": 0.061895131811156245,
  "Drew Romo": 0.06312434189212623,
  "Brendan Rodgers": 0.06310869272901577,
  "Anthony Volpe": 0.06474401646346188,
  "Jake Cave": 0.06695468921784711,
  "Oswaldo Cabrera": 0.07361111111111111,
  "Austin Wells": 0.09761904761904762,
  "Jordan Beck": 0.07361111111111111,
  "Jacob Stallings": 0.07361111111111111,
  "Tyler O'Neill": 0.1259660718685109,
  "Rafael Devers": 0.12252033210544853,
  "Wilyer Abreu": 0.1076865938721945,
  "Joc Pederson": 0.09770418180719866,
  "Triston Casas": 0.08393384734808608,
  "Eugenio Suarez": 0.08757998356037572,
  "Jarren Duran": 0.08311682285681916,
  "Connor Wong": 0.06030908817502525,
  "Josh Bell": 0.060434393518324823,
  "Corbin Carroll": 0.059391245751083496,
  "Adrian Del Castillo": 0.06121920104173962,
  "Masataka Yoshida": 0.05884261267313074,
  "Pavin Smith": 0.057112218124117355,
  "Ceddanne Rafaela": 0.06551836791002913,
  "David Hamilton": 0.060578843113726834,
  "Luis Guillorme": 0.04423974368127292,
  "Jake McCarthy": 0.04970878686378321,
  "Geraldo Perdomo": 0.04476187383677327,
  "Rob Refsnyder": 0.060000000000000005,
  "Lourdes Gurriel Jr.": 0.07361111111111111,
  "Kevin Newman": 0.060000000000000005,
  "Elly De La Cruz": 0.10283650580506909,
  "Oneil Cruz": 0.12722673811761262,
  "Rowdy Tellez": 0.08714313009394976,
  "Bryan Reynolds": 0.10131987739138504,
  "Bryan De La Cruz": 0.0844369910275483,
  "TJ Friedl": 0.07402631771824549,
  "Joey Bart": 0.08421209925371256,
  "Tyler Stephenson": 0.07395247992510945,
  "Jonathan India": 0.06567167377439272,
  "Dominic Smith": 0.06878206095904776,
  "Spencer Steer": 0.06945710514146065,
  "Noelvi Marte": 0.06281828620575529,
  "Michael A. Taylor": 0.06334962335149363,
  "Yasmani Grandal": 0.0755388979429302,
  "Isiah Kiner-Falefa": 0.05467420596862019,
  "Alika Williams": 0.04701189361938653,
  "Santiago Espinal": 0.04987405231171216,
  "Amed Rosario": 0.062229683896350564,
  "Ji Hwan Bae": 0.060000000000000005,
  "Jared Triolo": 0.060000000000000005,
  "Ty France": 0.07361111111111111,
  "Vladimir Guerrero Jr.": 0.11159287236827344,
  "George Springer": 0.10066929724399865,
  "Taylor Ward": 0.0962919567063952,
  "Jo Adell": 0.10207197166160199,
  "Logan O'Hoppe": 0.09211013689771859,
  "Zach Neto": 0.08808433091031546,
  "Joey Loperfido": 0.09416217144800818,
  "Davis Schneider": 0.12107988842143771,
  "Brandon Drury": 0.07212114127510304,
  "Mickey Moniak": 0.0958504886202906,
  "Alejandro Kirk": 0.0744608566214904,
  "Kevin Pillar": 0.07047639382626249,
  "Ernie Clement": 0.05688000495798034,
  "Niko Kavadas": 0.07211250859103795,
  "Leo Jimenez": 0.06399016825883411,
  "Addison Barger": 0.08500755051865232,
  "Will Wagner": 0.06654286772676937,
  "Michael Stefanic": 0.06286549707602339,
  "Anthony Rendon": 0.060000000000000005,
  "Matt Thaiss": 0.07361111111111111,
  "Spencer Horwitz": 0.05617165840695253,
  "Daulton Varsho": 0.07517989417989418,
  "Nolan Schanuel": 0.07361111111111111,
  "Patrick Wisdom": 0.12092956537751834,
  "Seiya Suzuki": 0.11463681343045011,
  "Ian Happ": 0.10806494884482659,
  "Jake Burger": 0.1015964667743324,
  "Christian Bethancourt": 0.07856228798994927,
  "Michael Busch": 0.09587970330065193,
  "Cody Bellinger": 0.0902909479412569,
  "Pete Crow-Armstrong": 0.08171719509602988,
  "Jesus Sanchez": 0.09674090566877128,
  "Dansby Swanson": 0.08224025133116042,
  "Connor Norby": 0.07986416060786534,
  "Kyle Stowers": 0.0771641268502346,
  "Otto Lopez": 0.05538480370767743,
  "Derek Hill": 0.05121176015734924,
  "Nick Fortes": 0.04917963372729595,
  "Jonah Bride": 0.05777483833039389,
  "Nico Hoerner": 0.05208354028029326,
  "Vidal Brujan": 0.046984622644740105,
  "Miguel Amaya": 0.060000000000000005,
  "Xavier Edwards": 0.049999999999999996,
  "Isaac Paredes": 0.09761904761904762,
  "Adolis Garcia": 0.12805075471531044,
  "Jhonkensy Noel": 0.12113012254874006,
  "Corey Seager": 0.11162195009626251,
  "Jose Ramirez": 0.12769905220215777,
  "Marcus Semien": 0.09667487134757925,
  "Josh Jung": 0.09767127590122791,
  "Josh Naylor": 0.08565316485013773,
  "Lane Thomas": 0.09533270268997857,
  "David Fry": 0.09583910700037951,
  "Wyatt Langford": 0.08335260212901455,
  "Jonah Heim": 0.08067932312156735,
  "Robbie Grossman": 0.06661567519647918,
  "Nathaniel Lowe": 0.05561544420087568,
  "Ezequiel Duran": 0.06877154679308174,
  "Tyler Freeman": 0.06101853403814488,
  "Austin Hedges": 0.06000268279956446,
  "Andres Gimenez": 0.050110748645817806,
  "Steven Kwan": 0.05196319727803986,
  "Leody Taveras": 0.060000000000000005,
  "Brayan Rocchio": 0.060000000000000005,
  "Josh Smith": 0.08392857142857142,
  "Will Brennan": 0.060000000000000005,
  "Bo Naylor": 0.10757575757575757,
  "J.T. Realmuto": 0.09761904761904762,
  "Salvador Perez": 0.16408680943573867,
  "Bryce Harper": 0.10971960895715763,
  "Alec Bohm": 0.07723941295464146,
  "Nick Castellanos": 0.08762229901063524,
  "Kyle Isbel": 0.049999999999999996,
  "MJ Melendez": 0.08783317646826233,
  "Maikel Garcia": 0.07962850973072809,
  "Bobby Witt Jr.": 0.14770426174489537,
  "Kyle Schwarber": 0.13278093701922808,
  "Bryson Stott": 0.05534151442811768,
  "Freddy Fermin": 0.10105200023377459,
  "Michael Massey": 0.09761904761904762,
  "Dairon Blanco": 0.06753212980051189,
  "Vinnie Pasquantino": 0.09745714238523764,
  "Edmundo Sosa": 0.07361111111111111,
  "Trea Turner": 0.11114423752281653,
  "Brandon Marsh": 0.06548640788408883,
  "Johan Rojas": 0.051796252980072864,
  "Hunter Renfroe": 0.13333333333333333,
  "Weston Wilson": 0.15,
  "Paul DeJong": 0.10228508519907306,
  "Garrett Hampson": 0.05737688149943352,
  "Garrett Stubbs": 0.050043367030944676,
  "Kerry Carpenter": 0.10944146230147384,
  "Spencer Torkelson": 0.13000118332915359,
  "Riley Greene": 0.10913831311414612,
  "Parker Meadows": 0.10383488444412409,
  "Andrew Vaughn": 0.11552891156337762,
  "Corey Julks": 0.09298109298109299,
  "Jace Jung": 0.09904741790845714,
  "Trey Sweeney": 0.09259451265265219,
  "Andrew Benintendi": 0.07196742894696222,
  "Dillon Dingler": 0.10251908417669287,
  "Colt Keith": 0.07491571165736183,
  "Chuckie Robinson": 0.0961472602739726,
  "Miguel Vargas": 0.10390139179728275,
  "Gavin Sheets": 0.0694930937631319,
  "Lenyn Sosa": 0.0789074629811285,
  "Zach McKinstry": 0.09190693768761878,
  "Dominic Fletcher": 0.057069367453481096,
  "Nicky Lopez": 0.05644823771139561,
  "Luis Robert Jr.": 0.15,
  "Jake Rogers": 0.09761904761904762,
  "Matt Vierling": 0.12000000000000001,
  "Korey Lee": 0.09761904761904762,
  "Nick Senzel": 0.060000000000000005,