{
  "Joc Pederson": 0.13918918045003295,
  "Jake Burger": 0.10183310430436086,
  "Corbin Carroll": 0.09140695615801507,
  "Eugenio Suarez": 0.10888770237098183,
  "Jesus Sanchez": 0.09252751056444888,
  "Lourdes Gurriel Jr.": 0.09568463548249641,
  "Pavin Smith": 0.08207773748343923,
  "Kyle Stowers": 0.07186609646823999,
  "Adrian Del Castillo": 0.08214517878651272,
  "Connor Norby": 0.06728960463198,
  "Jonah Bride": 0.05022026333573187,
  "Jake McCarthy": 0.05508950122588447,
  "Derek Hill": 0.048419398164168896,
  "Otto Lopez": 0.057172947738719615,
  "Geraldo Perdomo": 0.058230015357212395,
  "Nick Fortes": 0.05027727238659007,
  "Kevin Newman": 0.047571497058252026,
  "Xavier Edwards": 0.04635908447264116,
  "Josh Bell": 0.11841269841269841,
  "Jose Herrera": 0.03322700691121744,
  "Vidal Brujan": 0.051904761904761905,
  "Ali Sanchez": 0.03571428571428571,
  "Daulton Varsho": 0.08432604200412884,
  "Vladimir Guerrero Jr.": 0.09996832668003917,
  "George Springer": 0.10211561610577342,
  "Elly De La Cruz": 0.08389134522770615,
  "Tyler Stephenson": 0.08472764629806359,
  "Will Wagner": 0.07110359630016008,
  "Jonathan India": 0.08405475135943068,
  "Spencer Steer": 0.08504243301125448,
  "Ty France": 0.07901834124087752,
  "Jeimer Candelario": 0.07815424888235648,
  "Spencer Horwitz": 0.06237151205579952,
  "TJ Friedl": 0.06187076928232948,
  "Addison Barger": 0.061557354784792385,
  "Alejandro Kirk": 0.06252548131826643,
  "Jake Fraley": 0.0518753673519297,
  "Joey Loperfido": 0.059940454171962074,
  "Ernie Clement": 0.05508407120847312,
  "Santiago Espinal": 0.060912587138531295,
  "Noelvi Marte": 0.060000000000000005,
  "Will Benson": 0.09761904761904762,
  "Mark Vientos": 0.14419550307990966,
  "Pete Alonso": 0.12542308873078187,
  "Francisco Lindor": 0.12694884665013714,
  "J. D. Martinez": 0.1222891221932568,
  "Anthony Santander": 0.11260225900367037,
  "Francisco Alvarez": 0.08920784795598508,
  "Tyrone Taylor": 0.07815616136736826,
  "Gunnar Henderson": 0.08596219330117384,
  "Ryan Mountcastle": 0.06743618446160453,
  "Starling Marte": 0.07270023210378358,
  "Harrison Bader": 0.07361412386394718,
  "Adley Rutschman": 0.0671649453301976,
  "Eloy Jimenez": 0.0708221453097075,
  "Ramon Urias": 0.05867952479180507,
  "Colton Cowser": 0.06187992098883188,
  "Austin Slater": 0.04644246374033608,
  "Jackson Holliday": 0.05798050013894663,
  "Jose Iglesias": 0.0554350842474077,
  "Brandon Nimmo": 0.10757575757575757,
  "Jeff McNeil": 0.07361111111111111,
  "Cedric Mullins": 0.060000000000000005,
  "Ryan O'Hearn": 0.060000000000000005,
  "Jesse Winker": 0.060000000000000005,
  "Corey Seager": 0.14842858280614923,
  "Adolis Garcia": 0.12048434056755254,
  "Oneil Cruz": 0.1226374939612611,
  "Bryan Reynolds": 0.10446112851404155,
  "Josh Jung": 0.09115801667734567,
  "Billy McKinney": 0.09434408019850112,
  "Joey Bart": 0.09061538947738769,
  "Rowdy Tellez": 0.08348917936412602,
  "Marcus Semien": 0.08492531250720683,
  "Jonah Heim": 0.07806345305300373,
  "Josh Smith": 0.08282876755744972,
  "Nathaniel Lowe": 0.07113832393150456,
  "Yasmani Grandal": 0.08799227799227799,
  "Wyatt Langford": 0.0778700681011094,
  "Leody Taveras": 0.06161214153149885,
  "Jared Triolo": 0.055513750585507664,
  "Isiah Kiner-Falefa": 0.056690482160294785,
  "Ji Hwan Bae": 0.06493937097385373,
  "Bryan De La Cruz": 0.09761904761904762,
  "Michael A. Taylor": 0.07361111111111111,
  "Yordan Alvarez": 0.125322701965285,
  "Tyler O'Neill": 0.12358798233981942,
  "Rafael Devers": 0.10238822768716695,
  "Danny Jansen": 0.09256757471470108,
  "Triston Casas": 0.07594557555875323,
  "Romy Gonzalez": 0.07839922487431299,
  "Connor Wong": 0.07503363212562661,
  "Jarren Duran": 0.06260389777972018,
  "Victor Caratini": 0.06379735808374329,
  "Shay Whitcomb": 0.0687994612569396,
  "Rob Refsnyder": 0.07142972131566257,
  "Jose Altuve": 0.06615598390501266,
  "Mauricio Dubon": 0.05359692280169534,
  "Ceddanne Rafaela": 0.06928920363101577,
  "Yainer Diaz": 0.06468267282940526,
  "Trey Cabbage": 0.07256558327162119,
  "Jake Meyers": 0.06536186354127384,
  "Jeremy Pena": 0.058820856603816474,
  "Alex Bregman": 0.060000000000000005,
  "Chas McCormick": 0.060000000000000005,
  "Masataka Yoshida": 0.060000000000000005,
  "David Hamilton": 0.060000000000000005,
  "Wilyer Abreu": 0.13333333333333333,
  "Bobby Witt Jr.": 0.1289263725908307,
  "Salvador Perez": 0.1317726231491809,
  "MJ Melendez": 0.08994936436112906,
  "Michael Massey": 0.08412672763828379,
  "Logan O'Hoppe": 0.07607384106535663,
  "Vinnie Pasquantino": 0.0808634110303197,
  "Paul DeJong": 0.0868998921408749,
  "Taylor Ward": 0.0795732764904054,
  "Zach Neto": 0.07400900672830497,
  "Jo Adell": 0.07156277090067044,
  "Freddy Fermin": 0.07337526469111898,
  "Mickey Moniak": 0.059192075771626065,
  "Brandon Drury": 0.06258585213266343,
  "Anthony Rendon": 0.05602774135402448,
  "Kyle Isbel": 0.04542604651196336,
  "Niko Kavadas": 0.05028431533370425,
  "Nolan Schanuel": 0.05040242022174376,
  "Adam Frazier": 0.046370460818919365,
  "Maikel Garcia": 0.060000000000000005,
  "Michael Stefanic": 0.060000000000000005,
  "Dairon Blanco": 0.09761904761904762,
  "Kevin Pillar": 0.07361111111111111,
  "Hunter Renfroe": 0.09761904761904762,
  "Manny Machado": 0.11213983535698975,
  "Royce Lewis": 0.10379933166776759,
  "Matt Wallner": 0.09963175169057521,
  "Kyle Higashioka": 0.10412708703698274,
  "Jake Cronenworth": 0.08341086098232388,
  "Max Kepler": 0.07274959191295227,
  "Willi Castro": 0.06616012412254337,
  "Jackson Merrill": 0.0817044318411344,
  "Jurickson Profar": 0.07472377176749724,
  "David Peralta": 0.0630180807654356,
  "Carlos Santana": 0.06469572915737672,
  "Xander Bogaerts": 0.06231542489509647,
  "Trevor Larnach": 0.06767001386633943,
  "Edouard Julien": 0.0503698423559924,
  "Luis Arraez": 0.04750234404547146,
  "Austin Martin": 0.05046892283353,
  "Christian Vazquez": 0.06329291398256916,
  "Tyler Wade": 0.04319131161236424,
  "Ha-Seong Kim": 0.060000000000000005,
  "Ryan Jeffers": 0.07361111111111111,
  "Luis Campusano": 0.08392857142857142,
  "Brent Rooker": 0.10373534315921562,
  "Shea Langeliers": 0.09854148544176587,
  "Brandon Lowe": 0.10348893902059833,
  "Lawrence Butler": 0.07761202716791094,
  "Josh Lowe": 0.07809544160576094,
  "JJ Bleday": 0.07100882354001783,
  "Zack Gelof": 0.06370926480893895,
  "Yandy Diaz": 0.0663806885548399,
  "Seth Brown": 0.06671791560006403,
  "Jose Siri": 0.07037196362631566,
  "Junior Caminero": 0.06458530896365415,
  "Abraham Toro": 0.05663905413234235,
  "Miguel Andujar": 0.05501978225271597,
  "Dylan Carlson": 0.05254878576058506,
  "Taylor Walls": 0.04918802418482404,
  "Alex Jackson": 0.09307800068109347,
  "Jose Caballero": 0.062479826648564794,
  "Max Schuemann": 0.05593996878765091,
  "Darell Hernaiz": 0.049999999999999996,
  "Daz Cameron": 0.09761904761904762,
  "Christopher Morel": 0.08392857142857142,
  "Matt Chapman": 0.11071488307023734,
  "Heliot Ramos": 0.07803853779820341,
  "Mike Yastrzemski": 0.10500009045894987,
  "Tyler Fitzgerald": 0.08217409392719036,
  "Luis Robert Jr.": 0.08252051952385532,
  "Michael Conforto": 0.08159422387068567,
  "Thairo Estrada": 0.06656111499392131,
  "Andrew Vaughn": 0.07495588896676064,
  "LaMonte Wade Jr.": 0.06939172010873944,
  "Nick Senzel": 0.060237577138184076,
  "Lenyn Sosa": 0.05580261937737821,
  "Miguel Vargas": 0.05935371888104715,
  "Brooks Baldwin": 0.04255870123532676,
  "Curt Casali": 0.07777777777777778,
  "Korey Lee": 0.05686839918885682,
  "Corey Julks": 0.05063147226974223,
  "Grant McCray": 0.0669587382949452,
  "Dominic Fletcher": 0.07318007662835249,
  "Gavin Sheets": 0.060000000000000005,
  "Andrew Benintendi": 0.042207505518763795,
  "Patrick Bailey": 0.04245098039215686,
  "Nicky Lopez": 0.060000000000000005,
  "Jerar Encarnaci\u00f3n": 0.08392857142857142,
  "Brett Wisely": 0.0070921985815602835,
  "Shohei Ohtani": 0.19646469815250664,
  "Max Muncy": 0.1399926549253715,