{
  "Anthony Santander": 0.12415432418063996,
  "Gunnar Henderson": 0.10654860819106889,
  "Colton Cowser": 0.10656849325318452,
  "Ryan O'Hearn": 0.09370972841496329,
  "Adley Rutschman": 0.08351618573068584,
  "Ramon Urias": 0.07371069420794352,
  "Alex Call": 0.07190443752926234,
  "Juan Yepez": 0.07620849479593611,
  "Andr\u00e9s Chaparro": 0.07665107170057665,
  "Jackson Holliday": 0.07369117884907359,
  "Cedric Mullins": 0.08082467329622652,
  "CJ Abrams": 0.06285537875800276,
  "Keibert Ruiz": 0.05266004080250501,
  "Ryan Mountcastle": 0.0642640035396779,
  "James Wood": 0.06016077535472868,
  "Luis Garcia Jr.": 0.07034190841087393,
  "Ildemaro Vargas": 0.06150053414759297,
  "Jacob Young": 0.04782651072124756,
  "Harold Ramirez": 0.060000000000000005,
  "Eloy Jimenez": 0.07361111111111111,
  "Jose Ramirez": 0.11703930610452348,
  "Josh Naylor": 0.12049296029347181,
  "Patrick Wisdom": 0.11167478035270795,
  "Jhonkensy Noel": 0.14020445134575568,
  "Isaac Paredes": 0.09205777067338758,
  "David Fry": 0.0892213942528011,
  "Seiya Suzuki": 0.08891344033824725,
  "Cody Bellinger": 0.0765275397640989,
  "Bo Naylor": 0.0803420534847881,
  "Christian Bethancourt": 0.10655660548133666,
  "Ian Happ": 0.08914642696180945,
  "Dansby Swanson": 0.07903814220187648,
  "Andres Gimenez": 0.05747101954070329,
  "Pete Crow-Armstrong": 0.06889419577942747,
  "Will Brennan": 0.0783324472798157,
  "Brayan Rocchio": 0.04841309706910377,
  "Nico Hoerner": 0.05233916450352332,
  "Steven Kwan": 0.05506886880957938,
  "Austin Hedges": 0.049999999999999996,
  "Miguel Amaya": 0.060000000000000005,
  "Michael Busch": 0.12000000000000001,
  "Daniel Schneemann": 0.060000000000000005,
  "Lane Thomas": 0.08392857142857142,
  "Nolan Gorman": 0.1279881723756537,
  "Elly De La Cruz": 0.11835578605057924,
  "Willson Contreras": 0.1195523262664376,
  "Paul Goldschmidt": 0.11500106001444128,
  "Alec Burleson": 0.12504623028621745,
  "Ty France": 0.09321716994538393,
  "Lars Nootbaar": 0.12389946827105297,
  "Jeimer Candelario": 0.11148024845614046,
  "Spencer Steer": 0.10592170837292789,
  "Nolan Arenado": 0.0951198990781034,
  "Jonathan India": 0.08726199627235003,
  "Tyler Stephenson": 0.09566466280722147,
  "TJ Friedl": 0.0839300407606169,
  "Brendan Donovan": 0.08638342375429367,
  "Masyn Winn": 0.0636728255081759,
  "Jake Fraley": 0.06864729445141016,
  "Santiago Espinal": 0.06824248983339892,
  "Victor Scott II": 0.08636907590198932,
  "Tommy Pham": 0.08392857142857142,
  "Noelvi Marte": 0.09761904761904762,
  "Will Benson": 0.10757575757575757,
  "Kerry Carpenter": 0.09180047017852906,
  "Mitch Garver": 0.08014355517184371,
  "Julio Rodriguez": 0.07324801919022765,
  "Randy Arozarena": 0.08751644001462841,
  "Jake Rogers": 0.08608058608058608,
  "Mitch Haniger": 0.07088609073376062,
  "Dylan Moore": 0.07263700607921454,
  "Matt Vierling": 0.060539968436357935,
  "Justin Turner": 0.05975652650884446,
  "Colt Keith": 0.05389207656149482,
  "Gio Urshela": 0.045160364679815476,
  "Bligh Madris": 0.0602131402491063,
  "Parker Meadows": 0.05891510560096948,
  "Zach McKinstry": 0.06595476283874732,
  "Victor Robles": 0.05170143898253248,
  "Javier Baez": 0.052989474838589665,
  "Leo Rivas": 0.049823968302229175,
  "Josh Rojas": 0.05872670807453416,
  "Cal Raleigh": 0.10757575757575757,
  "Luke Raley": 0.13333333333333333,
  "Jorge Polanco": 0.07361111111111111,
  "Justyn-Henry Malloy": 0.07361111111111111,
  "Dillon Dingler": 0.060000000000000005,
  "Kyle Schwarber": 0.179204925916954,
  "Bryce Harper": 0.13264669307238022,
  "Jake Burger": 0.13082678204225895,
  "Trea Turner": 0.12375695301096756,
  "J.T. Realmuto": 0.10957134894091416,
  "Nick Castellanos": 0.10704584124844133,
  "Jesus Sanchez": 0.10871305741738206,
  "Alec Bohm": 0.09434328683097781,
  "Brandon Marsh": 0.08112855212332723,
  "Kyle Stowers": 0.09851458939499053,
  "Bryson Stott": 0.06840366611692036,
  "Johan Rojas": 0.06003995575300284,
  "Otto Lopez": 0.06299937982821643,
  "Ali Sanchez": 0.05989011297059401,
  "Derek Hill": 0.0757179207560887,
  "Jonah Bride": 0.0644004736207259,
  "Vidal Brujan": 0.05584814151867666,
  "Xavier Edwards": 0.0507768327285387,
  "Emmanuel Rivera": 0.049999999999999996,
  "Yordan Alvarez": 0.16209491931712902,
  "Christopher Morel": 0.1181076909004436,
  "Brandon Lowe": 0.1082099200131987,
  "Alex Bregman": 0.08422957289623956,
  "Victor Caratini": 0.08858122798394055,
  "Jeremy Pena": 0.06877106867524066,
  "Jose Altuve": 0.07978232261565595,
  "Yandy Diaz": 0.08489282640031937,
  "Junior Caminero": 0.07772951300966467,
  "Jonny Deluca": 0.06610815274560179,
  "Yainer Diaz": 0.07958432241765576,
  "Chas McCormick": 0.06648230647555162,
  "Jake Meyers": 0.07215749347687636,
  "Josh Lowe": 0.0657743781273193,
  "Dylan Carlson": 0.06559508949081577,
  "Alex Jackson": 0.07330992085369162,
  "Jose Caballero": 0.06586329424786955,
  "Mauricio Dubon": 0.0811965811965812,
  "Taylor Walls": 0.060000000000000005,
  "Jose Siri": 0.07361111111111111,
  "Ben Rortvedt": 0.060000000000000005,
  "Zach Dezenzo": 0.09761904761904762,
  "Corey Seager": 0.1618361265905242,
  "Adolis Garcia": 0.13238230440485865,
  "Rafael Devers": 0.13606864565561766,
  "Marcus Semien": 0.10584230284813742,
  "Josh Jung": 0.1092057678906803,
  "Wilyer Abreu": 0.10632164636189405,
  "Wyatt Langford": 0.10027246288816734,
  "Rob Refsnyder": 0.07317317189452426,
  "Carson Kelly": 0.11396011396011396,
  "Josh Smith": 0.08424054393643945,
  "Nathaniel Lowe": 0.07603461199294533,
  "Dominic Smith": 0.07559091691667444,
  "Leody Taveras": 0.08390534236033233,
  "David Hamilton": 0.07030068083654194,
  "Masataka Yoshida": 0.0736930961469059,
  "Connor Wong": 0.06781764027069215,
  "Ceddanne Rafaela": 0.07588693039016133,
  "Nick Sogard": 0.06776455026455026,
  "Jonah Heim": 0.08392857142857142,
  "Romy Gonzalez": 0.060000000000000005,
  "Danny Jansen": 0.12000000000000001,
  "Francisco Lindor": 0.13572052549783198,
  "Brent Rooker": 0.13306383094938676,
  "Pete Alonso": 0.12033895837305626,
  "Shea Langeliers": 0.11965259851065028,
  "Brandon Nimmo": 0.10546548379157075,
  "J. D. Martinez": 0.10403299551533848,
  "Seth Brown": 0.08767846506902109,
  "Francisco Alvarez": 0.0939634637089481,
  "JJ Bleday": 0.0864558717516464,
  "Zack Gelof": 0.08078181866228247,
  "Lawrence Butler": 0.09281917625753242,
  "Jesse Winker": 0.07184614215436584,
  "Jeff McNeil": 0.08042561406409857,
  "Harrison Bader": 0.060876652958739175,
  "Miguel Andujar": 0.059456164879534076,
  "Max Schuemann": 0.05345342737327209,
  "Jose Iglesias": 0.08104332449160036,
  "Darell Hernaiz": 0.0870663153271849,
  "Mark Vientos": 0.10757575757575757,
  "Abraham Toro": 0.060000000000000005,
  "Tyler Nevin": 0.060000000000000005,
  "Daz Cameron": 0.10757575757575757,
  "Matt Wallner": 0.13293240381357024,
  "Royce Lewis": 0.1352141635314238,
  "Bobby Witt Jr.": 0.12279271770222126,
  "Salvador Perez": 0.1309396621896622,
  "MJ Melendez": 0.12473495571306063,
  "Max Kepler": 0.08937286753957929,
  "Vinnie Pasquantino": 0.10607545181566218,
  "Michael Massey": 0.10750602210216921,
  "Carlos Santana": 0.08006559328698255,
  "Jose Miranda": 0.09639842305378261,
  "Freddy Fermin": 0.07631029836197373,
  "Christian Vazquez": 0.054296229225828725,
  "Manuel Margot": 0.05869715480179387,
  "Austin Martin": 0.06420593368237347,
  "Willi Castro": 0.0699805400242223,
  "Kyle Isbel": 0.062315086077061946,
  "Maikel Garcia": 0.05721929540910924,
  "Adam Frazier": 0.058386032357221104,
  "Byron Buxton": 0.15,
  "Dairon Blanco": 0.060000000000000005,
  "Trevor Larnach": 0.07361111111111111,
  "Hunter Renfroe": 0.09761904761904762,
  "Aaron Judge": 0.2084533055552733,
  "Gavin Sheets": 0.0719938407479671,
  "Gleyber Torres": 0.07435544534300753,
  "DJ LeMahieu": 0.060000000000000005,
  "Giancarlo Stanton": 0.1770890515134769,
  "Luis Robert Jr.": 0.13350017689203394,
  "Andrew Vaughn": 0.11885926417140255,
  "Andrew Benintendi": 0.0672485964001879,