{
  "Alec Bohm": 0.11163147611169841,
  "Blake Perkins": 0.060556113043410374,
  "Brice Turang": 0.05611150770535616,
  "Bryce Harper": 0.15100171291325123,
  "Bryson Stott": 0.07616639112238575,
  "Christian Yelich": 0.09764905600111738,
  "Edmundo Sosa": 0.08744251127676231,
  "J.T. Realmuto": 0.13859324567733142,
  "Jake Bauers": 0.09621577963134981,
  "Joey Ortiz": 0.07523776414260683,
  "Johan Rojas": 0.06504060754060755,
  "Kyle Schwarber": 0.19449303518822234,
  "Nick Castellanos": 0.11980276294969502,
  "Rhys Hoskins": 0.1317135651566684,
  "Sal Frelick": 0.0603113373495795,
  "William Contreras": 0.12038867061500602,
  "Willy Adames": 0.11313350329152302,
  "Gary Sanchez": 0.15,
  "Jackson Chourio": 0.07361111111111111,
  "Jeff McNeil": 0.060000000000000005,
  "Tomas Nido": 0.060000000000000005,
  "Brandon Nimmo": 0.09507854289771367,
  "Luis Garcia Jr.": 0.08496666704784639,
  "Pete Alonso": 0.1439175481900838,
  "Lane Thomas": 0.10675971349504287,
  "Keibert Ruiz": 0.08837057032362923,
  "Francisco Lindor": 0.15487504776579003,
  "CJ Abrams": 0.09761904761904762,
  "DJ Stewart": 0.09761904761904762,
  "Nick Senzel": 0.0760982656264543,
  "Mark Vientos": 0.1481208701718704,
  "Starling Marte": 0.0877729018506102,
  "Harrison Bader": 0.10350337597028268,
  "Jesse Winker": 0.08652503649370817,
  "Eddie Rosario": 0.12050078211907848,
  "Joey Gallo": 0.14962477578256547,
  "J. D. Martinez": 0.16225795098792808,
  "Joey Meneses": 0.07361111111111111,
  "Drew Millas": 0.07655305542067903,
  "Luis Torres": 0.0800027441969546,
  "Ildemaro Vargas": 0.06288206879022176,
  "Jose Iglesias": 0.06607171714206535,
  "Vladimir Guerrero Jr.": 0.11199293748179236,
  "Cedric Mullins": 0.060000000000000005,
  "Anthony Santander": 0.11570768453003745,
  "Bo Bichette": 0.07536393664437245,
  "Danny Jansen": 0.13134389467096114,
  "Ramon Urias": 0.07361111111111111,
  "Ryan Mountcastle": 0.10496632347969881,
  "George Springer": 0.0787720464270371,
  "Adley Rutschman": 0.0927645882818178,
  "Kevin Kiermaier": 0.05725274087468305,
  "Daulton Varsho": 0.09807474619500688,
  "Colton Cowser": 0.07000930201944894,
  "Gunnar Henderson": 0.11913539609588764,
  "Ryan O'Hearn": 0.08646810414142347,
  "Jordan Westburg": 0.10144083624762781,
  "Isiah Kiner-Falefa": 0.06292732659996876,
  "Davis Schneider": 0.12356435909994519,
  "Justin Turner": 0.07361111111111111,
  "Austin Hays": 0.09107336003672954,
  "Daniel Vogelbach": 0.07971427231691294,
  "Mark Canha": 0.07975075095213227,
  "Gio Urshela": 0.06873193623193623,
  "Akil Baddoo": 0.09100836846728726,
  "Corey Seager": 0.11916489179230653,
  "Adolis Garcia": 0.15769567479065127,
  "Riley Greene": 0.10896826620997188,
  "Marcus Semien": 0.10333906745875221,
  "Jonah Heim": 0.10698121953798566,
  "Robbie Grossman": 0.07997388671718211,
  "Wenceel Perez": 0.08052100741337806,
  "Wyatt Langford": 0.09204484948234036,
  "Colt Keith": 0.08486977288214251,
  "Ezequiel Duran": 0.08721566486480964,
  "Leody Taveras": 0.06435397851682845,
  "Josh Smith": 0.06933345593361852,
  "Javier Baez": 0.07887295343975691,
  "Jake Rogers": 0.08951283639330478,
  "Nathaniel Lowe": 0.07361111111111111,
  "Matt Vierling": 0.09761904761904762,
  "Carson Kelly": 0.060000000000000005,
  "Justyn-Henry Malloy": 0.08708586490248475,
  "Alex Bregman": 0.09745677636825346,
  "Jose Altuve": 0.09524065082141307,
  "Kyle Tucker": 0.13935030458492387,
  "Yordan Alvarez": 0.1573948577515067,
  "Paul Goldschmidt": 0.13579452676537324,
  "Ivan Herrera": 0.09615315574645102,
  "Dylan Carlson": 0.060000000000000005,
  "Nolan Arenado": 0.1192287470915212,
  "Jake Meyers": 0.0828121591487152,
  "Nolan Gorman": 0.14936189536363753,
  "Jeremy Pena": 0.07267622190982048,
  "Yainer Diaz": 0.09704439074274554,
  "Jose Abreu": 0.07361111111111111,
  "Jon Singleton": 0.09413790569340334,
  "Michael Siani": 0.07053468941375488,
  "Masyn Winn": 0.07554258700459233,
  "Alec Burleson": 0.10805157246870158,
  "Matt Carpenter": 0.12588036435122682,
  "Brendan Donovan": 0.09684741914806795,
  "Mauricio Dubon": 0.060000000000000005,
  "Chas McCormick": 0.08284634764780946,
  "Ryan McMahon": 0.12000000000000001,
  "Charlie Blackmon": 0.060000000000000005,
  "Brendan Rodgers": 0.12141974240061751,
  "Tyler Stephenson": 0.10792131147687332,
  "Elias Diaz": 0.15043435756847598,
  "TJ Friedl": 0.10438193105364325,
  "Elehuris Montero": 0.16331240384950022,
  "Jonathan India": 0.08932242261804856,
  "Ezequiel Tovar": 0.1482512666732658,
  "Sean Bouchard": 0.14647543272608357,
  "Spencer Steer": 0.13053895135357577,
  "Elly De La Cruz": 0.13607237267573793,
  "Brenton Doyle": 0.14403500711305803,
  "Will Benson": 0.12094875397945311,
  "Kris Bryant": 0.15686868686868688,
  "Nick Martini": 0.11173460366470898,
  "Santiago Espinal": 0.05007062146892655,
  "Jeimer Candelario": 0.13422915711566383,
  "Hunter Goodman": 0.1654023313613449,
  "Jake Fraley": 0.10261539477225752,
  "Jacob Stallings": 0.11841678449426112,
  "Alan Trejo": 0.11381050777666785,
  "Fernando Tatis Jr.": 0.14922922371029743,
  "Manny Machado": 0.1524814944945885,
  "Taylor Ward": 0.11620372021069596,
  "Luis Rengifo": 0.09480755139256229,
  "Jake Cronenworth": 0.11122154465315869,
  "Jurickson Profar": 0.0959638840014395,
  "Luis Campusano": 0.08392857142857142,
  "Ha-Seong Kim": 0.09874976040389574,
  "Mickey Moniak": 0.12293957399116022,
  "Jo Adell": 0.09913477218969656,
  "Zach Neto": 0.10443279616045721,
  "Logan O'Hoppe": 0.13597741015424555,
  "Kyren Paris": 0.07098980224479952,
  "Luis Arraez": 0.060000000000000005,
  "Willie Calhoun": 0.10835867675228739,
  "Jackson Merrill": 0.09700942631736457,
  "Luis Guillorme": 0.060000000000000005,
  "David Peralta": 0.08392857142857142,
  "Donovan Solano": 0.09209729156688302,
  "Kevin Pillar": 0.08392857142857142,
  "Nolan Schanuel": 0.07331250262650546,
  "Kyle Higashioka": 0.14806159562366145,
  "Jose Azocar": 0.07372042560012486,
  "Blaze Alexander": 0.07348965573235791,
  "Brett Wisely": 0.10055505598104049,
  "Casey Schmitt": 0.09990216758513584,
  "Christian Walker": 0.1136387931703492,
  "Corbin Carroll": 0.07972155856617165,
  "Eugenio Suarez": 0.09803647228275078,
  "Gabriel Moreno": 0.07346217622682162,
  "Heliot Ramos": 0.09729398674404907,
  "Jake McCarthy": 0.06433399672427885,
  "Joc Pederson": 0.12369285755916208,
  "Jorge Soler": 0.16791655347699525,
  "Ketel Marte": 0.11265307279524263,
  "Lourdes Gurriel Jr.": 0.08846445535497104,
  "Matt Chapman": 0.14830050446209997,
  "Michael Conforto": 0.12653845696992203,
  "Mike Yastrzemski": 0.1294765748855537,
  "Patrick Bailey": 0.09626636505846296,
  "Trenton Brooks": 0.07756294974583514,
  "Thairo Estrada": 0.08392857142857142,
  "Randal Grichuk": 0.08392857142857142,
  "Kevin Newman": 0.060000000000000005,
  "Luis Matos": 0.07361111111111111
}