{
  "Tyler Stephenson": 0.08217463063765645,
  "Bryan Reynolds": 0.08104482858884803,
  "Oneil Cruz": 0.08840186969588912,
  "Spencer Steer": 0.07913821618343563,
  "Rowdy Tellez": 0.07110444437650319,
  "Bryan De La Cruz": 0.06687800099083475,
  "Joey Bart": 0.07103687080444324,
  "Jonathan India": 0.061311059791328865,
  "Billy McKinney": 0.05751624546055084,
  "Stuart Fairchild": 0.0521114911648861,
  "Elly De La Cruz": 0.06562830953174523,
  "Ty France": 0.05872666760659895,
  "Noelvi Marte": 0.06445693288012323,
  "Jared Triolo": 0.053564873532807825,
  "Amed Rosario": 0.059200164914450626,
  "Isiah Kiner-Falefa": 0.04879584321467966,
  "Santiago Espinal": 0.04557273679096833,
  "Ji Hwan Bae": 0.04800215113669777,
  "TJ Friedl": 0.060000000000000005,
  "Yasmani Grandal": 0.07361111111111111,
  "Aaron Judge": 0.21794588219532238,
  "Charlie Blackmon": 0.060000000000000005,
  "Ryan McMahon": 0.06556633508031814,
  "Gleyber Torres": 0.09688368234064418,
  "Giancarlo Stanton": 0.16521929226874466,
  "Brendan Rodgers": 0.07562368637328765,
  "Brenton Doyle": 0.08597045411794259,
  "Ezequiel Tovar": 0.08598423084296843,
  "Michael Toglia": 0.10388513334503187,
  "Oswaldo Cabrera": 0.07361111111111111,
  "DJ LeMahieu": 0.0598645042558086,
  "Nolan Jones": 0.05493919911318821,
  "Anthony Volpe": 0.05715773909485412,
  "Austin Wells": 0.09761904761904762,
  "Alex Verdugo": 0.04939091039303152,
  "Jordan Beck": 0.06414976749344606,
  "Jacob Stallings": 0.06762653140643571,
  "Juan Soto": 0.12522537058987623,
  "Jake Cave": 0.09761904761904762,
  "Jazz Chisholm Jr.": 0.07908347541684001,
  "Jose Trevino": 0.07415132027260174,
  "Aaron Schunk": 0.06874160916596848,
  "Shay Whitcomb": 0.08125208125208125,
  "Anthony Santander": 0.08523410077889582,
  "Jose Altuve": 0.08416093939178738,
  "Gunnar Henderson": 0.07443688692848455,
  "Yainer Diaz": 0.06107931429346676,
  "Colton Cowser": 0.06557908618180512,
  "Jake Meyers": 0.06125913684075478,
  "Jeremy Pena": 0.05541068777832756,
  "Zach Dezenzo": 0.06513183261945393,
  "Alex Bregman": 0.07003446789962996,
  "Ryan O'Hearn": 0.05836356026105678,
  "Chas McCormick": 0.06617698927021425,
  "Adley Rutschman": 0.059821286464642714,
  "Cedric Mullins": 0.06069610983355887,
  "Mauricio Dubon": 0.05375707146029237,
  "Ramon Urias": 0.05456152758132956,
  "Jackson Holliday": 0.05939307953052857,
  "James McCann": 0.06275419982316534,
  "Ryan Mountcastle": 0.07361111111111111,
  "Yordan Alvarez": 0.13333333333333333,
  "Victor Caratini": 0.07361111111111111,
  "Daulton Varsho": 0.0944044734734662,
  "George Springer": 0.0951075097428214,
  "Zach Neto": 0.07571496194289223,
  "Jo Adell": 0.07601660202911101,
  "Logan O'Hoppe": 0.07482464930564345,
  "Taylor Ward": 0.07793112743446323,
  "Niko Kavadas": 0.08605266582488343,
  "Will Wagner": 0.0652477207485834,
  "Alejandro Kirk": 0.06155891100439837,
  "Joey Loperfido": 0.06296997806720968,
  "Spencer Horwitz": 0.0649890329310011,
  "Steward Berroa": 0.06456641098275431,
  "Addison Barger": 0.08055113483390057,
  "Nolan Schanuel": 0.053585628818941626,
  "Anthony Rendon": 0.05100008681289874,
  "Brandon Drury": 0.05927396955576974,
  "Kevin Pillar": 0.05942751475906971,
  "Ernie Clement": 0.06025004136461788,
  "Matt Thaiss": 0.07361111111111111,
  "Vladimir Guerrero Jr.": 0.10757575757575757,
  "Mickey Moniak": 0.07361111111111111,
  "Rafael Devers": 0.12046049917666152,
  "Jarren Duran": 0.09280957315342084,
  "Joc Pederson": 0.0991061724619336,
  "Wilyer Abreu": 0.10410554470677737,
  "Danny Jansen": 0.09558352849336456,
  "Eugenio Suarez": 0.07958089125906209,
  "Triston Casas": 0.08142167473049826,
  "Rob Refsnyder": 0.08141122766122767,
  "Lourdes Gurriel Jr.": 0.06551300251757552,
  "Adrian Del Castillo": 0.06687800099083475,
  "Josh Bell": 0.06827712089589333,
  "Corbin Carroll": 0.06517280510859229,
  "Masataka Yoshida": 0.06075063580639287,
  "Ceddanne Rafaela": 0.06094523069683744,
  "David Hamilton": 0.05801173465853795,
  "Luis Guillorme": 0.04865244801928588,
  "Geraldo Perdomo": 0.048411227830064275,
  "Jake McCarthy": 0.04790394833818357,
  "Connor Wong": 0.07361111111111111,
  "Tyler O'Neill": 0.09613526570048309,
  "Kevin Newman": 0.060000000000000005,
  "Jake Burger": 0.0978587435916985,
  "Seiya Suzuki": 0.09559914034312919,
  "Jesus Sanchez": 0.08620312506522729,
  "Ian Happ": 0.08179149525452108,
  "Isaac Paredes": 0.07670496713380232,
  "Cody Bellinger": 0.07181816870249706,
  "Connor Norby": 0.06801380889343851,
  "Kyle Stowers": 0.06858389025004114,
  "Michael Busch": 0.0758302467168303,
  "Dansby Swanson": 0.06764340794378008,
  "Pete Crow-Armstrong": 0.06653265419143377,
  "Derek Hill": 0.04509845769687995,
  "Otto Lopez": 0.05255002381668635,
  "Jonah Bride": 0.053429997788861615,
  "Miguel Amaya": 0.05899224806201551,
  "Nico Hoerner": 0.053684807256235825,
  "Nick Fortes": 0.046877910642168265,
  "Xavier Edwards": 0.04271867267365346,
  "Vidal Brujan": 0.049999999999999996,
  "Corey Seager": 0.11326431408312941,
  "Adolis Garcia": 0.09533877702024206,
  "Jose Ramirez": 0.08960659647852505,
  "Josh Naylor": 0.08742603824533524,
  "Marcus Semien": 0.07452807708435212,
  "Josh Jung": 0.07041727634268649,
  "Jonah Heim": 0.07010143152324283,
  "Bo Naylor": 0.06754691057063542,
  "Daniel Schneemann": 0.06242042269582049,
  "Wyatt Langford": 0.07272430856896996,
  "Josh Smith": 0.05936504481924928,
  "Nathaniel Lowe": 0.05481858656553018,
  "Leody Taveras": 0.05297468372386619,
  "Andres Gimenez": 0.05238376786553027,
  "Lane Thomas": 0.05991228364755227,
  "Brayan Rocchio": 0.057835271356750276,
  "Will Brennan": 0.0535622573560938,
  "Steven Kwan": 0.04656759270647562,
  "David Fry": 0.10757575757575757,
  "Adam Duvall": 0.13333333333333333,
  "Travis d'Arnaud": 0.09761904761904762,
  "Luis Garcia Jr.": 0.060000000000000005,
  "Orlando Arcia": 0.0630003154217776,
  "Marcell Ozuna": 0.13345125855535372,
  "Keibert Ruiz": 0.051870601543387344,
  "Michael Harris II": 0.07179418312055025,
  "Matt Olson": 0.10155724092267633,
  "CJ Abrams": 0.060000000000000005,
  "Ildemaro Vargas": 0.05459958087617662,
  "Jacob Young": 0.04822836264733086,
  "Alex Call": 0.0598595480281999,
  "Sean Murphy": 0.0970222745099655,
  "Jarred Kelenic": 0.08392857142857142,
  "Juan Yepez": 0.06145295065289191,
  "Ram\u00f3n Laureano": 0.07799691975906173,
  "Whit Merrifield": 0.05894156749536283,
  "James Wood": 0.0574449524127232,
  "Andr\u00e9s Chaparro": 0.06295521294048156,
  "Gio Urshela": 0.05220315177270368,
  "Jorge Soler": 0.12601328812710927,
  "Jose Tena": 0.04538303388698427,
  "Nasim Nunez": 0.05119910282953761,
  "Luis Robert Jr.": 0.13438231092590514,
  "Riley Greene": 0.11594592743306255,
  "Kerry Carpenter": 0.12712068036829435,
  "Spencer Torkelson": 0.12223746590452503,
  "Parker Meadows": 0.10429935434867842,
  "Trey Sweeney": 0.09149830419651392,
  "Andrew Vaughn": 0.10848782911077995,
  "Jace Jung": 0.10761239721541438,
  "Matt Vierling": 0.09932439570655849,
  "Dillon Dingler": 0.11698041089345437,
  "Colt Keith": 0.07407287795807416,
  "Korey Lee": 0.07294462411073278,
  "Gavin Sheets": 0.06899877861314697,
  "Andrew Benintendi": 0.06945770874713744,
  "Brooks Baldwin": 0.052742891855366625,
  "Lenyn Sosa": 0.06396061231510149,
  "Dominic Fletcher": 0.046342261447306375,
  "Nicky Lopez": 0.04491781238774224,
  "Jake Rogers": 0.10757575757575757,
  "Zach McKinstry": 0.049999999999999996,
  "Nick Senzel": 0.060000000000000005,
  "Miguel Vargas": 0.08392857142857142,
  "Kyle Schwarber": 0.1095784732725944,
  "Salvador Perez": 0.10660532130469848,
  "Bobby Witt Jr.": 0.10646746323947638,
  "MJ Melendez": 0.09281779536068581,
  "Bryce Harper": 0.09305573033124111,
  "Hunter Renfroe": 0.0841304789905723,
  "Paul DeJong": 0.1010353476872418,
  "Michael Massey": 0.08447971146500559,
  "Trea Turner": 0.08337450948056227,
  "Vinnie Pasquantino": 0.0804442233010693,
  "Nick Castellanos": 0.06881665543875883,
  "J.T. Realmuto": 0.0680192519241099,