{
  "Vladimir Guerrero Jr.": 0.13044571746530706,
  "Kerry Carpenter": 0.10545553961622944,
  "Riley Greene": 0.11015800083724873,
  "Jake Rogers": 0.0815934065934066,
  "Justin Turner": 0.10746590757822973,
  "Davis Schneider": 0.12957372607066714,
  "Colt Keith": 0.08717978182263897,
  "George Springer": 0.09153674983506917,
  "Wenceel Perez": 0.08078788645739306,
  "Bo Bichette": 0.08328995974972618,
  "Javier Baez": 0.08612887419277884,
  "Mark Canha": 0.0828042188249117,
  "Alejandro Kirk": 0.07805800296145646,
  "Gio Urshela": 0.06838949299978338,
  "Zach McKinstry": 0.07993241762414695,
  "Ernie Clement": 0.07300754800754801,
  "Kevin Kiermaier": 0.06264249809102308,
  "Isiah Kiner-Falefa": 0.0659604628450007,
  "Danny Jansen": 0.12000000000000001,
  "Spencer Torkelson": 0.09761904761904762,
  "Daulton Varsho": 0.09761904761904762,
  "Matt Vierling": 0.07361111111111111,
  "Carson Kelly": 0.060000000000000005,
  "Brandon Nimmo": 0.10117072872433637,
  "Tomas Nido": 0.060000000000000005,
  "Mike Yastrzemski": 0.13794909215830414,
  "Pete Alonso": 0.11352992245849389,
  "Jeff McNeil": 0.06982683310228185,
  "Wilmer Flores": 0.10290533838920936,
  "Francisco Lindor": 0.13073023950304355,
  "LaMonte Wade Jr.": 0.09761904761904762,
  "Curt Casali": 0.07200584161692572,
  "Thairo Estrada": 0.08463103255301842,
  "Starling Marte": 0.078803801935395,
  "Mark Vientos": 0.09761904761904762,
  "Heliot Ramos": 0.08417346834402244,
  "Marco Luciano": 0.07361111111111111,
  "Patrick Bailey": 0.10639769910671444,
  "Luis Matos": 0.07983707975944,
  "Brett Baty": 0.0756550087718919,
  "DJ Stewart": 0.12805420357825664,
  "Harrison Bader": 0.060000000000000005,
  "Jorge Soler": 0.12000000000000001,
  "Matt Chapman": 0.14704490168320553,
  "J. D. Martinez": 0.13501784786214002,
  "Brett Wisely": 0.08878685120090772,
  "Omar Narvaez": 0.06942970822281168,
  "Anthony Santander": 0.17157388880617216,
  "Gavin Sheets": 0.11031683124238456,
  "Jorge Mateo": 0.08392857142857142,
  "Cedric Mullins": 0.09761904761904762,
  "Ryan O'Hearn": 0.13427673537906476,
  "Adley Rutschman": 0.14574023415560028,
  "Zach Remillard": 0.05007062146892655,
  "Ryan Mountcastle": 0.11915658384804721,
  "Jordan Westburg": 0.1138945132992752,
  "Danny Mendick": 0.07361111111111111,
  "Andrew Benintendi": 0.08161763903514092,
  "Andrew Vaughn": 0.11968162400179543,
  "Kyle Stowers": 0.13103268831752335,
  "Gunnar Henderson": 0.17752424353853918,
  "Korey Lee": 0.10757575757575757,
  "Colton Cowser": 0.11131221569009588,
  "Paul DeJong": 0.12097656519395109,
  "Tommy Pham": 0.12718389137940594,
  "Dominic Fletcher": 0.09761904761904762,
  "Corey Julks": 0.12314428541280392,
  "Martin Maldonado": 0.09059056544857536,
  "Bryan Ramos": 0.12008800205300535,
  "Ramon Urias": 0.08712452804936831,
  "Nicky Lopez": 0.044252539002451866,
  "Alex Kirilloff": 0.12674177862747543,
  "Max Kepler": 0.1471657979729381,
  "Byron Buxton": 0.14905745171798765,
  "Leody Taveras": 0.09988763562186102,
  "Adolis Garcia": 0.19632660899878812,
  "Ryan Jeffers": 0.10912171918540363,
  "Nathaniel Lowe": 0.10637507141064777,
  "Carlos Correa": 0.11940152366905865,
  "Marcus Semien": 0.11393425923772926,
  "Corey Seager": 0.19442812160035583,
  "Jonah Heim": 0.12689908771623615,
  "Ezequiel Duran": 0.0828789390609025,
  "Trevor Larnach": 0.12000000000000001,
  "Josh Smith": 0.10088487391856457,
  "Jose Miranda": 0.08891316676568993,
  "Robbie Grossman": 0.05007062146892655,
  "Edouard Julien": 0.12910231203252182,
  "Willi Castro": 0.08959442690913487,
  "Evan Carter": 0.08873804175784374,
  "Carlos Santana": 0.11810975836560166,
  "Andrew McCutchen": 0.1248874348832888,
  "Ronald Acuna Jr.": 0.1326346354291786,
  "Connor Joe": 0.10392561583037774,
  "Ozzie Albies": 0.13192590915425784,
  "Bryan Reynolds": 0.10949398786001738,
  "Adam Duvall": 0.12000000000000001,
  "Orlando Arcia": 0.08536606659544423,
  "Marcell Ozuna": 0.17567642571504047,
  "Travis d'Arnaud": 0.08392857142857142,
  "Ji Hwan Bae": 0.05690535149826151,
  "Matt Olson": 0.17174883143372305,
  "Jared Triolo": 0.07474935269163487,
  "Oneil Cruz": 0.1313115133295677,
  "Michael Harris II": 0.09638418009775185,
  "Nick Gonzales": 0.08574398180094801,
  "Jarred Kelenic": 0.09514428682840916,
  "Edward Olivares": 0.0979222912386935,
  "Yasmani Grandal": 0.08892614093852484,
  "Michael A. Taylor": 0.060000000000000005,
  "Rowdy Tellez": 0.09761904761904762,
  "Joey Bart": 0.08392857142857142,
  "Zack Short": 0.07296442911416173,
  "Chadwick Tromp": 0.096872878404582,
  "Mitch Haniger": 0.08392857142857142,
  "Ty France": 0.10794963631959975,
  "Luis Garcia Jr.": 0.10208310504334252,
  "J.P. Crawford": 0.11726741459048344,
  "Dylan Moore": 0.13252343610973238,
  "Riley Adams": 0.060000000000000005,
  "Cal Raleigh": 0.23127773471451224,
  "Ildemaro Vargas": 0.05007062146892655,
  "Keibert Ruiz": 0.10434093991800322,
  "Julio Rodriguez": 0.14928259235117672,
  "Joey Meneses": 0.10513979403039338,
  "Dominic Canzone": 0.1874509390992667,
  "Josh Rojas": 0.09387062013999592,
  "CJ Abrams": 0.15376728720742747,
  "Jacob Young": 0.050971326319008435,
  "Nick Senzel": 0.09334415349389746,
  "Mitch Garver": 0.12000000000000001,
  "Luke Raley": 0.1713866089964329,
  "Joey Gallo": 0.18409518925689478,
  "Eddie Rosario": 0.14483498733545516,
  "Jorge Polanco": 0.17597783166356404,
  "Jesse Winker": 0.1211029229867463,
  "Jose Altuve": 0.11915075441573186,
  "Alex Bregman": 0.0969763589494708,
  "Yordan Alvarez": 0.16456345511098439,
  "Chas McCormick": 0.10354270688238532,
  "Kyle Tucker": 0.15124650762948635,
  "Seth Brown": 0.10738989128337081,
  "Jake Meyers": 0.1029205049942377,
  "Jeremy Pena": 0.08608680646583354,
  "Mauricio Dubon": 0.07387950048201751,
  "Yainer Diaz": 0.10428949438441552,
  "Shea Langeliers": 0.13358585858585859,
  "Brent Rooker": 0.14139317873698581,
  "JJ Bleday": 0.11040146768785844,
  "Zack Gelof": 0.09152372853374899,
  "J.D. Davis": 0.08392857142857142,
  "Abraham Toro": 0.09281916272743405,
  "Max Schuemann": 0.06113576011784423,
  "Jon Singleton": 0.08392857142857142,
  "Joey Loperfido": 0.060000000000000005,
  "Miguel Andujar": 0.08392857142857142,
  "Tyler Soderstrom": 0.09735628485628485,
  "Kyle McCann": 0.1126899863513256,
  "Daz Cameron": 0.07858800121752334,
  "Rafael Devers": 0.17430706352422076,
  "Christian Yelich": 0.13407455602000598,
  "Jarren Duran": 0.10391520721964925,
  "Connor Wong": 0.11522514847499407,
  "Willy Adames": 0.16954443678572223,
  "Brice Turang": 0.06426734881280337,
  "Ceddanne Rafaela": 0.09018644938431035,
  "David Hamilton": 0.08196705320048728,
  "Blake Perkins": 0.06273907910271546,
  "Wilyer Abreu": 0.12410799823638216,
  "William Contreras": 0.1741012361802141,
  "Jackson Chourio": 0.08392857142857142,
  "Tyler O'Neill": 0.1651527904876307,
  "Jake Bauers": 0.12940511263681256,
  "Joey Ortiz": 0.09659983347610795,
  "Sal Frelick": 0.06429300645878186,
  "Vaughn Grissom": 0.0784331300033124,
  "Gary Sanchez": 0.1705314355981187,
  "Garrett Cooper": 0.07361111111111111,
  "Dominic Smith": 0.09404909168319199,
  "Brandon Lowe": 0.12704253418539133,
  "Salvador Perez": 0.16343728866988708,
  "Yandy Diaz": 0.08392857142857142,
  "Randy Arozarena": 0.09761904761904762,
  "Jonathan Aranda": 0.09384830855419089,
  "Kyle Isbel": 0.07943076998807065,
  "MJ Melendez": 0.12839319666736895,
  "Bobby Witt Jr.": 0.13950310183841497,
  "Dairon Blanco": 0.07361111111111111,
  "Maikel Garcia": 0.07626500796456386,
  "Isaac Paredes": 0.10627874589312158,
  "Harold Ramirez": 0.05007062146892655,
  "Vinnie Pasquantino": 0.12975275944806006,
  "Freddy Fermin": 0.07361111111111111,
  "Michael Massey": 0.09761904761904762,
  "Nelson Velazquez": 0.12576319528182883,
  "Jonny Deluca": 0.09518914791483228,
  "Jose Caballero": 0.08057374936989131,
  "Richie Palacios": 0.08966446129678143,
  "Hunter Renfroe": 0.11013019242784831,
  "Ben Rortvedt": 0.07527823433011595,
  "Amed Rosario": 0.07113476030142697,