{
  "Aaron Judge": 0.2905697159865663,
  "Abraham Toro": 0.10374582759239562,
  "Alex Verdugo": 0.07979715644208818,
  "Anthony Rizzo": 0.11005571144631078,
  "Anthony Volpe": 0.13665006672525468,
  "Brent Rooker": 0.15450808342006292,
  "Esteury Ruiz": 0.10259779853385341,
  "Giancarlo Stanton": 0.22866125889247857,
  "Gleyber Torres": 0.1598706301405298,
  "Jose Trevino": 0.10402786168515966,
  "Juan Soto": 0.1545213667997876,
  "Max Schuemann": 0.07252084924879043,
  "Nick Allen": 0.06523834498834499,
  "Oswaldo Cabrera": 0.08647385204871837,
  "Ryan Noda": 0.08732390820394809,
  "Shea Langeliers": 0.13864126590903933,
  "Tyler Nevin": 0.12056871373896814,
  "Zack Gelof": 0.10352297103489039,
  "Seth Brown": 0.07361111111111111,
  "Lawrence Butler": 0.060000000000000005,
  "JJ Bleday": 0.07361111111111111,
  "Austin Wells": 0.060000000000000005,
  "Alec Bohm": 0.11928580538993014,
  "Brandon Marsh": 0.11780611449120792,
  "Bryson Stott": 0.09464916590272832,
  "Bubba Thompson": 0.09163534122324309,
  "Christian Encarnacion-Strand": 0.13532423807201538,
  "Elly De La Cruz": 0.10028771634158658,
  "J.T. Realmuto": 0.17198306528668722,
  "Jeimer Candelario": 0.133888924243967,
  "Johan Rojas": 0.06812938190114205,
  "Kody Clemens": 0.12595998339024697,
  "Kyle Schwarber": 0.22811190337535509,
  "Nick Castellanos": 0.15343545377437848,
  "Nick Martini": 0.07613337017592336,
  "Santiago Espinal": 0.08963353715684556,
  "Spencer Steer": 0.1427061340745699,
  "Stuart Fairchild": 0.10923013333720957,
  "Trea Turner": 0.1910736958919022,
  "Tyler Stephenson": 0.14395406641281386,
  "Jonathan India": 0.08392857142857142,
  "Will Benson": 0.060000000000000005,
  "Andrew McCutchen": 0.10849600596112553,
  "Blake Perkins": 0.07019639802979721,
  "Brice Turang": 0.06366918629721584,
  "Bryan Reynolds": 0.11566179360871008,
  "Henry Davis": 0.07728107223086733,
  "Jack Suwinski": 0.13140394393663435,
  "Jackson Chourio": 0.09502510575235237,
  "Jake Bauers": 0.13414850020910626,
  "Joey Ortiz": 0.07740687814729252,
  "Ke'Bryan Hayes": 0.0825173639123621,
  "Michael A. Taylor": 0.09747076023391812,
  "Oneil Cruz": 0.1210088047432433,
  "Rhys Hoskins": 0.14644820888556281,
  "Rowdy Tellez": 0.10964223345783002,
  "Sal Frelick": 0.06864204327885885,
  "William Contreras": 0.1405276690497979,
  "Willy Adames": 0.1361292869755268,
  "Connor Joe": 0.060000000000000005,
  "Jared Triolo": 0.060000000000000005,
  "Oliver Dunn": 0.07361111111111111,
  "Edward Olivares": 0.09761904761904762,
  "Alika Williams": 0.07019927536231885,
  "Amed Rosario": 0.08312200494286144,
  "Colt Keith": 0.1163727304223172,
  "Curtis Mead": 0.08420656885603986,
  "Harold Ramirez": 0.0814634352419323,
  "Isaac Paredes": 0.11030581344417402,
  "Jake Rogers": 0.1048663572981522,
  "Javier Baez": 0.09964188692404707,
  "Jose Caballero": 0.07779209718229345,
  "Jose Siri": 0.08950674862527533,
  "Kerry Carpenter": 0.14135487335196423,
  "Mark Canha": 0.1002823071179446,
  "Matt Vierling": 0.09018693426524967,
  "Parker Meadows": 0.11406223835299682,
  "Randy Arozarena": 0.13397896144570035,
  "Rene Pinto": 0.08472677082180856,
  "Riley Greene": 0.14308239781784465,
  "Spencer Torkelson": 0.16755322313317328,
  "Yandy Diaz": 0.11381148345434058,
  "Carson Kelly": 0.07361111111111111,
  "Richie Palacios": 0.07361111111111111,
  "Buddy Kennedy": 0.060000000000000005,
  "Adam Duvall": 0.1828384820595492,
  "Austin Riley": 0.17141692261444957,
  "Bryan De La Cruz": 0.13013645547177888,
  "Emmanuel Rivera": 0.08955721135081583,
  "Jazz Chisholm Jr.": 0.1323612665944988,
  "Jesus Sanchez": 0.09631935790907163,
  "Josh Bell": 0.11083484389198475,
  "Luis Arraez": 0.06206374184584148,
  "Marcell Ozuna": 0.18905418525630993,
  "Matt Olson": 0.15633217585300002,
  "Michael Harris II": 0.09165034315218022,
  "Nick Fortes": 0.06616263439457262,
  "Nick Gordon": 0.0828005713303823,
  "Orlando Arcia": 0.1279810376185491,
  "Ronald Acuna Jr.": 0.16023157977584204,
  "Tim Anderson": 0.06730591938276494,
  "Travis d'Arnaud": 0.13104156767728117,
  "Avisail Garcia": 0.08392857142857142,
  "Jarred Kelenic": 0.05007062146892655,
  "David Fletcher": 0.05464740342399917,
  "Alex Kirilloff": 0.16376645804603626,
  "Andrew Vaughn": 0.12345950319386323,
  "Austin Martin": 0.08837312617269044,
  "Carlos Santana": 0.15902561720561528,
  "Dominic Fletcher": 0.08427119651688426,
  "Edouard Julien": 0.14752150040344006,
  "Eloy Jimenez": 0.12982050412376872,
  "Gavin Sheets": 0.13989559020662626,
  "Jose Miranda": 0.11821996749772405,
  "Korey Lee": 0.10027027339861563,
  "Max Kepler": 0.22054019923341564,
  "Nicky Lopez": 0.06876706414658529,
  "Paul DeJong": 0.13352354093094834,
  "Robbie Grossman": 0.12745721751997666,
  "Ryan Jeffers": 0.14971737513870925,
  "Trevor Larnach": 0.17619353962721584,
  "Willi Castro": 0.13916957482908082,
  "Kyle Farmer": 0.060000000000000005,
  "Lenyn Sosa": 0.07361111111111111,
  "Andrew Benintendi": 0.07361111111111111,
  "Christian Vazquez": 0.060000000000000005,
  "Martin Maldonado": 0.07361111111111111,
  "Manuel Margot": 0.060000000000000005,
  "Braden Shewmake": 0.012345679012345678,
  "Bo Bichette": 0.1037089935518487,
  "Bobby Witt Jr.": 0.15293416293248563,
  "Cavan Biggio": 0.07271019460666661,
  "Dairon Blanco": 0.08113713771608508,
  "Danny Jansen": 0.16525422709909082,
  "Daulton Varsho": 0.13658577202464092,
  "Davis Schneider": 0.11751961138634118,
  "Garrett Hampson": 0.06852743412371988,
  "George Springer": 0.11678380399199939,
  "Hunter Renfroe": 0.14452322298190276,
  "Isiah Kiner-Falefa": 0.07748391367566311,
  "Justin Turner": 0.12721872736156342,
  "Maikel Garcia": 0.0984665294735816,
  "Michael Massey": 0.11686720142602496,
  "Nelson Velazquez": 0.1543421391983883,
  "Salvador Perez": 0.1772655463401124,
  "Vinnie Pasquantino": 0.10381735371834225,
  "Vladimir Guerrero Jr.": 0.14463422521683728,
  "MJ Melendez": 0.08392857142857142,
  "Kyle Isbel": 0.05007062146892655,
  "Kevin Kiermaier": 0.060000000000000005,
  "Freddy Fermin": 0.09761904761904762,
  "Adam Frazier": 0.060000000000000005,
  "Alec Burleson": 0.1227178569129518,
  "Brendan Donovan": 0.11650597030281075,
  "Christian Walker": 0.16296954126473578,
  "Corbin Carroll": 0.13843407429296936,
  "Eugenio Suarez": 0.16088488718739463,
  "Gabriel Moreno": 0.10662666400329872,
  "Ivan Herrera": 0.11734691734691735,
  "Jake McCarthy": 0.08311534200826397,
  "Joc Pederson": 0.19086266627101472,
  "Ketel Marte": 0.16930541657475562,
  "Kevin Newman": 0.0793997668997669,
  "Lars Nootbaar": 0.12226234604504223,
  "Lourdes Gurriel Jr.": 0.1418931822257987,
  "Masyn Winn": 0.08664357970578067,
  "Michael Siani": 0.07986729205768948,
  "Nolan Arenado": 0.15575766010785658,
  "Paul Goldschmidt": 0.1447042219711476,
  "Willson Contreras": 0.16424286030895266,
  "Blaze Alexander": 0.060000000000000005,
  "Jordan Walker": 0.09761904761904762,
  "Brendan Rodgers": 0.10042981769576967,
  "Brenton Doyle": 0.10998929554255886,
  "Charlie Blackmon": 0.14883037272880167,
  "Eguy Rosario": 0.15468119809888553,
  "Elehuris Montero": 0.12706780814371085,
  "Elias Diaz": 0.11652210223638794,
  "Ezequiel Tovar": 0.11488542785535268,
  "Fernando Tatis Jr.": 0.23723482993608486,
  "Ha-Seong Kim": 0.11816718284642495,
  "Jackson Merrill": 0.11801436274938579,
  "Jake Cronenworth": 0.12951131006154928,
  "Jose Azocar": 0.08343620003989989,
  "Jurickson Profar": 0.1366878983914971,
  "Luis Campusano": 0.12786230616888805,
  "Nolan Jones": 0.16091982341029928,
  "Ryan McMahon": 0.16983130256157927,
  "Sean Bouchard": 0.11883458919749243,
  "Xander Bogaerts": 0.15029539596753438,
  "Michael Toglia": 0.12000000000000001,
  "Tyler Wade": 0.05007062146892655,
  "Jake Cave": 0.060000000000000005,
  "Manny Machado": 0.17142857142857143,
  "Adley Rutschman": 0.13008623185909543,
  "Anthony Santander": 0.19054800050335993,
  "Cedric Mullins": 0.13904858709335965,
  "Colton Cowser": 0.1135592466081142,
  "Gunnar Henderson": 0.14772055122498126,