{
  "Michael Conforto": 0.10945302374183953,
  "Bryson Stott": 0.08730401625138466,
  "Mike Yastrzemski": 0.10760632189211447,
  "Matt Chapman": 0.13277051778071886,
  "Nick Castellanos": 0.13484732500494756,
  "LaMonte Wade Jr.": 0.10443460211293341,
  "Bryce Harper": 0.17551844772904163,
  "Kyle Schwarber": 0.23532872745189815,
  "Brandon Marsh": 0.10897355155219633,
  "Jung Hoo Lee": 0.0849530482049279,
  "J.T. Realmuto": 0.15517331302120133,
  "Alec Bohm": 0.11052024144391594,
  "Thairo Estrada": 0.09807844190307702,
  "Johan Rojas": 0.06384925768939052,
  "Tyler Fitzgerald": 0.09327998527752035,
  "Wilmer Flores": 0.10696854567090501,
  "Whit Merrifield": 0.07951906885823261,
  "Austin Slater": 0.05007062146892655,
  "Jorge Soler": 0.15,
  "Nick Ahmed": 0.060000000000000005,
  "Edmundo Sosa": 0.07361111111111111,
  "Blake Sabol": 0.009900990099009901,
  "Andres Gimenez": 0.07961672603303856,
  "Bo Naylor": 0.10272920064548315,
  "Brayan Rocchio": 0.061516014146989643,
  "Carson Kelly": 0.10815373239369498,
  "Colt Keith": 0.10926726666295238,
  "Estevan Florial": 0.08046700084536502,
  "Javier Baez": 0.10671587869448831,
  "Jose Ramirez": 0.11729691610561521,
  "Josh Naylor": 0.11562206440526901,
  "Kerry Carpenter": 0.1257658558657449,
  "Mark Canha": 0.11760356399393332,
  "Matt Vierling": 0.11468228954746675,
  "Parker Meadows": 0.10031951734663523,
  "Riley Greene": 0.13813794250011657,
  "Spencer Torkelson": 0.17180480621080554,
  "Tyler Freeman": 0.07344054507819986,
  "Will Brennan": 0.07616760178550117,
  "Jake Rogers": 0.09761904761904762,
  "Gabriel Arias": 0.060000000000000005,
  "Ramon Laureano": 0.08392857142857142,
  "David Fry": 0.08392857142857142,
  "Andrew McCutchen": 0.16047350393820758,
  "Brandon Drury": 0.0992532749854172,
  "Bryan Reynolds": 0.13124593454125857,
  "Cole Tucker": 0.09099550247660404,
  "Connor Joe": 0.12414694251889011,
  "Edward Olivares": 0.1259172410287215,
  "Jared Triolo": 0.08091951338704585,
  "Jo Adell": 0.08373392489749489,
  "Joey Bart": 0.11953393386038198,
  "Ke'Bryan Hayes": 0.11524780220670632,
  "Logan O'Hoppe": 0.12097552825868965,
  "Michael A. Taylor": 0.11262654172340873,
  "Mickey Moniak": 0.12554460255680697,
  "Nolan Schanuel": 0.07132374962754941,
  "Oneil Cruz": 0.11242506655943349,
  "Taylor Ward": 0.09934977663179516,
  "Willie Calhoun": 0.09975341430774624,
  "Zach Neto": 0.08730203637213395,
  "Luis Rengifo": 0.07361111111111111,
  "Jack Suwinski": 0.07361111111111111,
  "Rowdy Tellez": 0.060000000000000005,
  "Amed Rosario": 0.08072342293869601,
  "Andrew Benintendi": 0.08821789762197703,
  "Andrew Vaughn": 0.12524457875180298,
  "Ben Rortvedt": 0.08673125936764065,
  "Bryan Ramos": 0.11092176227588144,
  "Eloy Jimenez": 0.14365982207651998,
  "Harold Ramirez": 0.09519885968571827,
  "Isaac Paredes": 0.13767248201620638,
  "Jonny Deluca": 0.09770919477739917,
  "Jose Caballero": 0.08907438752708084,
  "Josh Lowe": 0.1369709271499553,
  "Korey Lee": 0.09780613940403887,
  "Paul DeJong": 0.10851317689201169,
  "Randy Arozarena": 0.1517320161921213,
  "Robbie Grossman": 0.10581359046733128,
  "Tommy Pham": 0.13666796469475792,
  "Yandy Diaz": 0.12196641970397626,
  "Nicky Lopez": 0.05761111111111111,
  "Martin Maldonado": 0.07361111111111111,
  "Richie Palacios": 0.08392857142857142,
  "Gavin Sheets": 0.09761904761904762,
  "Christopher Morel": 0.13724803208326727,
  "Dansby Swanson": 0.09676749512627938,
  "Fernando Tatis Jr.": 0.1270327920278027,
  "Ha-Seong Kim": 0.06119281540836895,
  "Ian Happ": 0.0990200296116623,
  "Jackson Merrill": 0.06986038961038961,
  "Jake Cronenworth": 0.07450657417109967,
  "Jurickson Profar": 0.07914395873799293,
  "Luis Campusano": 0.0703253961120852,
  "Michael Busch": 0.09461728121804112,
  "Mike Tauchman": 0.07450399596093858,
  "Nico Hoerner": 0.06449618814294379,
  "Pete Crow-Armstrong": 0.07707295345585538,
  "Xander Bogaerts": 0.07559428290238215,
  "Yan Gomes": 0.07275096372232429,
  "Miguel Amaya": 0.060000000000000005,
  "Manny Machado": 0.09761904761904762,
  "Patrick Wisdom": 0.12000000000000001,
  "Nick Madrigal": 0.05975459225459226,
  "Luis Arraez": 0.06328894634776988,
  "Jose Azocar": 0.037037037037037035,
  "Adam Frazier": 0.06874051456942704,
  "Andruw Monasterio": 0.06505008872496222,
  "Blake Perkins": 0.07299713133525607,
  "Bobby Witt Jr.": 0.15721108180663287,
  "Dairon Blanco": 0.08905810223640395,
  "Gary Sanchez": 0.1402311779472915,
  "Hunter Renfroe": 0.13284427483228084,
  "Jackson Chourio": 0.08518241266178721,
  "Joey Ortiz": 0.09312331417594576,
  "Maikel Garcia": 0.09313393007698018,
  "Michael Massey": 0.0992137420260944,
  "MJ Melendez": 0.13067660838338918,
  "Rhys Hoskins": 0.1743647616719832,
  "Salvador Perez": 0.1904332928962635,
  "Vinnie Pasquantino": 0.11408749545266726,
  "William Contreras": 0.1371898641156447,
  "Willy Adames": 0.13647567043245123,
  "Kyle Isbel": 0.05466666666666666,
  "Brice Turang": 0.05466666666666666,
  "Nelson Velazquez": 0.12000000000000001,
  "Jake Bauers": 0.10757575757575757,
  "Sal Frelick": 0.06318933581337674,
  "Alex Kirilloff": 0.15770909310260403,
  "Cal Raleigh": 0.23188547119902989,
  "Carlos Correa": 0.11423964043011661,
  "Carlos Santana": 0.15927128427128426,
  "Christian Vazquez": 0.07238294131014439,
  "Dylan Moore": 0.11621623298301012,
  "Edouard Julien": 0.1632508713907864,
  "Jorge Polanco": 0.18579319392440907,
  "Josh Rojas": 0.11285502343196954,
  "Julio Rodriguez": 0.1638776705894731,
  "Luke Raley": 0.15548061730526996,
  "Manuel Margot": 0.06927708850289496,
  "Max Kepler": 0.21468496261053324,
  "Mitch Garver": 0.14779242060213818,
  "Mitch Haniger": 0.14276331182782606,
  "Trevor Larnach": 0.1797035911160508,
  "Ty France": 0.10212170062400476,
  "Willi Castro": 0.1325919201507539,
  "Ryan Jeffers": 0.09761904761904762,
  "Jose Miranda": 0.060000000000000005,
  "Kyle Farmer": 0.060000000000000005,
  "Brandon Nimmo": 0.11387253020815181,
  "Brendan Donovan": 0.06888901376803434,
  "Brett Baty": 0.08898955921656776,
  "DJ Stewart": 0.14858744876801333,
  "Dylan Carlson": 0.08707860731005244,
  "Francisco Lindor": 0.15084758312364407,
  "Ivan Herrera": 0.09972035144117108,
  "J. D. Martinez": 0.13681926505709774,
  "Jeff McNeil": 0.08492835131115181,
  "Joey Wendle": 0.06481096823944539,
  "Jose Fermin": 0.0895408684882369,
  "Lars Nootbaar": 0.07028425845248705,
  "Masyn Winn": 0.08225538511765443,
  "Nolan Arenado": 0.15093717505521229,
  "Paul Goldschmidt": 0.13551761566995432,
  "Starling Marte": 0.08447412427907784,
  "Tomas Nido": 0.057074591021054256,
  "Willson Contreras": 0.16977462597812013,
  "Pete Alonso": 0.09761904761904762,
  "Nolan Gorman": 0.09761904761904762,
  "Alec Burleson": 0.060000000000000005,
  "Tyrone Taylor": 0.10757575757575757,
  "Harrison Bader": 0.060000000000000005,
  "Brent Rooker": 0.1429001466199128,
  "Nathaniel Lowe": 0.0795115566694514,
  "Tyler Nevin": 0.09980675890993343,
  "Jonah Heim": 0.10833795053166183,
  "Corey Seager": 0.11882456793836722,
  "J.D. Davis": 0.11367519859649106,
  "Marcus Semien": 0.11278491748210058,
  "Adolis Garcia": 0.17104272397856665,
  "Shea Langeliers": 0.1252081262439236,
  "Abraham Toro": 0.0922624259137642,
  "Darell Hernaiz": 0.07565653891477284,
  "Leody Taveras": 0.0703651863283468,
  "Davis Wendzel": 0.1087883762017979,
  "Ezequiel Duran": 0.10072379873144241,
  "Josh Smith": 0.04947058823529412,
  "Lawrence Butler": 0.07361111111111111,
  "Esteury Ruiz": 0.080687552213868,
  "JJ Bleday": 0.08116662830930176,
  "Evan Carter": 0.042207505518763795,
  "Max Schuemann": 0.060000000000000005,
  "Andrew Knizner": 0.09259256463395037,
  "Brett Harris": 0.07453544904710988,
  "Will Smith": 0.11551193515177723,
  "Nick Fortes": 0.07403318188352069,
  "Freddie Freeman": 0.13495581399700393,
  "Josh Bell": 0.11395908193088303,
  "Vidal Brujan": 0.06575851421267001,
  "Gavin Lux": 0.07460751261774695,
  "Mookie Betts": 0.1499428822118295,
  "Tim Anderson": 0.07593571873444638,