{
  "Anthony Santander": 0.13271651473323468,
  "Gunnar Henderson": 0.11222322553810603,
  "Vladimir Guerrero Jr.": 0.09904320118783387,
  "Daulton Varsho": 0.09071425389018767,
  "Colton Cowser": 0.08998649950210406,
  "George Springer": 0.09014252809197353,
  "Davis Schneider": 0.08890655871011895,
  "Jordan Westburg": 0.089035720101934,
  "Ryan O'Hearn": 0.07989790536878548,
  "Ryan Mountcastle": 0.0960820351520456,
  "Cedric Mullins": 0.07153719163820174,
  "Spencer Horwitz": 0.06139876120139278,
  "James McCann": 0.06813766369546044,
  "Ramon Urias": 0.0633321801802663,
  "Alejandro Kirk": 0.05853120841657231,
  "Justin Turner": 0.058212918957670855,
  "Ernie Clement": 0.052418863315842515,
  "Leo Jimenez": 0.05400111522394753,
  "Adley Rutschman": 0.05318930041152264,
  "Kevin Kiermaier": 0.060000000000000005,
  "Heston Kjerstad": 0.08392857142857142,
  "Connor Norby": 0.136986301369863,
  "Brian Serven": 0.136986301369863,
  "Addison Barger": 0.08620689655172414,
  "Tyler Freeman": 0.060000000000000005,
  "Steven Kwan": 0.046679386775702075,
  "Andres Gimenez": 0.05821953244583806,
  "Brayan Rocchio": 0.04859059427648842,
  "Jose Ramirez": 0.10672704706803783,
  "Bo Naylor": 0.06153493258275294,
  "Matt Vierling": 0.08018285078141672,
  "Wenceel Perez": 0.060000000000000005,
  "Angel Martinez": 0.05512706584006155,
  "David Fry": 0.08005860439110477,
  "Colt Keith": 0.06344228867430957,
  "Gio Urshela": 0.05055308363700514,
  "Justyn-Henry Malloy": 0.06927790987548534,
  "Mark Canha": 0.05982239906572781,
  "Bligh Madris": 0.06770269900999612,
  "Dillon Dingler": 0.09899654712488937,
  "Jhonkensy Noel": 0.09519956394546558,
  "Josh Naylor": 0.0858094129260831,
  "Ryan Kreidler": 0.05714969314804538,
  "Zach McKinstry": 0.07271072208572209,
  "Aaron Judge": 0.20864527898342275,
  "Kyle Schwarber": 0.1832044276777922,
  "Juan Soto": 0.17131536324263763,
  "Bryce Harper": 0.1482812026583277,
  "Giancarlo Stanton": 0.1394705393948945,
  "Trea Turner": 0.13567957577384976,
  "Jazz Chisholm Jr.": 0.11484712283473893,
  "J.T. Realmuto": 0.11020371621761837,
  "Nick Castellanos": 0.10103583297539503,
  "Austin Wells": 0.10132329845556444,
  "Ben Rice": 0.10164001302890192,
  "Austin Hays": 0.08946244432102732,
  "Alex Verdugo": 0.08731386685196713,
  "Alec Bohm": 0.09525182201941834,
  "Brandon Marsh": 0.08969825774844131,
  "Gleyber Torres": 0.07447855526424674,
  "Bryson Stott": 0.07416213141824934,
  "Anthony Volpe": 0.06887327288712228,
  "DJ LeMahieu": 0.060000000000000005,
  "Garrett Stubbs": 0.049999999999999996,
  "Oswaldo Cabrera": 0.060000000000000005,
  "Johan Rojas": 0.049999999999999996,
  "Trent Grisham": 0.07361111111111111,
  "Tyler O'Neill": 0.12810212069570356,
  "Randy Arozarena": 0.11842639224068068,
  "Cal Raleigh": 0.13908746381073558,
  "Rafael Devers": 0.12228084209104693,
  "Luke Raley": 0.09943986496549508,
  "Mitch Haniger": 0.11415426203926388,
  "Jorge Polanco": 0.10572853855433366,
  "Wilyer Abreu": 0.10069251675748014,
  "Dylan Moore": 0.09621331346077666,
  "Jason Vosler": 0.08019649846334222,
  "Jarren Duran": 0.08137830954323205,
  "Ceddanne Rafaela": 0.0663387558994221,
  "Dominic Smith": 0.07136891930298002,
  "Connor Wong": 0.06622780279514026,
  "Masataka Yoshida": 0.05901942925775789,
  "Victor Robles": 0.07030233170233581,
  "Josh Rojas": 0.06322926695252545,
  "David Hamilton": 0.05845158893801545,
  "Rob Refsnyder": 0.07361111111111111,
  "Romy Gonzalez": 0.060000000000000005,
  "Mitch Garver": 0.09761904761904762,
  "Tyler Locklear": 0.09761904761904762,
  "Patrick Wisdom": 0.2225880023718863,
  "TJ Friedl": 0.09801613782005938,
  "Seiya Suzuki": 0.15076950153789123,
  "Michael Busch": 0.1134171245668572,
  "Ian Happ": 0.13145180031572387,
  "Spencer Steer": 0.13612186646085203,
  "Jeimer Candelario": 0.11788628510475778,
  "Dansby Swanson": 0.11569977809088504,
  "Will Benson": 0.11736075328180591,
  "Jonathan India": 0.11159538799132464,
  "Tyler Stephenson": 0.12120914869503117,
  "Noelvi Marte": 0.10016927073295455,
  "Jake Fraley": 0.08423487535681246,
  "Pete Crow-Armstrong": 0.10631961765703654,
  "Mike Tauchman": 0.0849254902579149,
  "Santiago Espinal": 0.07966617574864997,
  "Miguel Amaya": 0.0697841418342292,
  "Nico Hoerner": 0.05973120384940236,
  "Miles Mastrobuoni": 0.060000000000000005,
  "Stuart Fairchild": 0.10757575757575757,
  "Elly De La Cruz": 0.0766246314072401,
  "Byron Buxton": 0.13660656699214746,
  "Pete Alonso": 0.11026697551930471,
  "Royce Lewis": 0.10417332259244023,
  "Francisco Lindor": 0.10563050708207096,
  "Mark Vientos": 0.10525460519828332,
  "Ryan Jeffers": 0.09175131026524215,
  "J. D. Martinez": 0.10605938868917557,
  "Brandon Nimmo": 0.08633485766908094,
  "Harrison Bader": 0.08153534056198561,
  "Max Kepler": 0.08848374432840571,
  "Carlos Santana": 0.07700612981482825,
  "Manuel Margot": 0.06891817133993411,
  "Austin Martin": 0.06608751807427304,
  "Luis Torrens": 0.07887122746870291,
  "Jesse Winker": 0.060403566453747816,
  "Brooks Lee": 0.06509283760479932,
  "Willi Castro": 0.0664315978788656,
  "Jeff McNeil": 0.06660080987960558,
  "Trevor Larnach": 0.13333333333333333,
  "Matt Wallner": 0.08392857142857142,
  "Francisco Alvarez": 0.08392857142857142,
  "Jose Iglesias": 0.060000000000000005,
  "Corey Seager": 0.11103555899703878,
  "Willson Contreras": 0.0981096881191758,
  "Paul Goldschmidt": 0.09238052376712041,
  "Adolis Garcia": 0.10359154875377868,
  "Alec Burleson": 0.08800269506731923,
  "Lars Nootbaar": 0.06866508387766396,
  "Matt Carpenter": 0.10220164746026815,
  "Marcus Semien": 0.07300342005509543,
  "Wyatt Langford": 0.08382573836335781,
  "Ezequiel Duran": 0.07877576747193972,
  "Brendan Donovan": 0.06494997418876168,
  "Jonah Heim": 0.07978316685677207,
  "Nolan Arenado": 0.0637609706841543,
  "Nathaniel Lowe": 0.06337075335335449,
  "Josh Smith": 0.07009660364260994,
  "Masyn Winn": 0.05348822619950411,
  "Leody Taveras": 0.06613480867791213,
  "Michael Siani": 0.049268069258608514,
  "Dylan Carlson": 0.049999999999999996,
  "Nolan Gorman": 0.12000000000000001,
  "Travis Jankowski": 0.049999999999999996,
  "Austin Riley": 0.11768855177358724,
  "Travis d'Arnaud": 0.06190476190476191,
  "Adam Duvall": 0.10769045519531734,
  "Willy Adames": 0.1053579083040374,
  "Eddie Rosario": 0.07972365821238207,
  "Orlando Arcia": 0.07215369513807077,
  "Marcell Ozuna": 0.15128588527556297,
  "Brice Turang": 0.053734276445554355,
  "Matt Olson": 0.1227151411442718,
  "Sean Murphy": 0.12238177738177738,
  "Garrett Mitchell": 0.0709009737719371,
  "William Contreras": 0.1079475159995194,
  "Sal Frelick": 0.04405090301027461,
  "Jackson Chourio": 0.07365602889162852,
  "Rhys Hoskins": 0.11367888540842506,
  "Joey Ortiz": 0.06928409560785957,
  "Jarred Kelenic": 0.098301022963293,
  "Nacho Alvarez Jr.": 0.05464408106474405,
  "Jake Bauers": 0.09793902567011285,
  "Salvador Perez": 0.20364217822540476,
  "Bobby Witt Jr.": 0.1767511168349413,
  "Luis Robert Jr.": 0.15574608414672939,
  "Hunter Renfroe": 0.15589345236354832,
  "Vinnie Pasquantino": 0.13366992836314037,
  "MJ Melendez": 0.15209309113795852,
  "Michael Massey": 0.13161676715251633,
  "Eloy Jimenez": 0.11950186992674251,
  "Andrew Vaughn": 0.11977961824054965,
  "Paul DeJong": 0.10492505658146574,
  "Freddy Fermin": 0.1143312433337919,
  "Gavin Sheets": 0.08545057130489678,
  "Chuckie Robinson": 0.10590660710886705,
  "Maikel Garcia": 0.08099626845748802,
  "Kyle Isbel": 0.06859885016244034,
  "Andrew Benintendi": 0.06474874164274844,
  "Brooks Baldwin": 0.06869027819027819,
  "Nicky Lopez": 0.046553937749888336,
  "Korey Lee": 0.07361111111111111,
  "Adam Frazier": 0.060000000000000005,
  "Yordan Alvarez": 0.11563116970165634,
  "Bryan Reynolds": 0.09481741866701389,
  "Rowdy Tellez": 0.0859646013272923,
  "Oneil Cruz": 0.11044080923573739,
  "Victor Caratini": 0.07708308599940229,
  "Joshua Palacios": 0.0795092513632603,
  "Yasmani Grandal": 0.06603795041295041,