{
  "Adam Duvall": 0.20898439238938227,
  "Alec Bohm": 0.12856990023485923,
  "Austin Riley": 0.17879881405459697,
  "Cristian Pache": 0.10181148057309049,
  "Edmundo Sosa": 0.12691162095336667,
  "J.T. Realmuto": 0.14670983576338825,
  "Johan Rojas": 0.06488244322876188,
  "Kyle Schwarber": 0.15264426968695263,
  "Marcell Ozuna": 0.189509045105376,
  "Matt Olson": 0.14280781999110334,
  "Michael Harris II": 0.08297111955838812,
  "Nick Castellanos": 0.1457660918117836,
  "Ozzie Albies": 0.1502741098786826,
  "Ronald Acuna Jr.": 0.17003138653835517,
  "Trea Turner": 0.17643206087977883,
  "Whit Merrifield": 0.09460923378293765,
  "Orlando Arcia": 0.09943133094543534,
  "Bryson Stott": 0.05990196078431373,
  "Jarred Kelenic": 0.05532897603485839,
  "Bryce Harper": 0.10730694037145651,
  "Travis d'Arnaud": 0.09742063492063492,
  "Adley Rutschman": 0.11521238099979138,
  "Anthony Rendon": 0.10577830079589412,
  "Anthony Santander": 0.18510376370216972,
  "Austin Hays": 0.11108335756090638,
  "Brandon Drury": 0.1397135292243988,
  "Cedric Mullins": 0.09216089631690655,
  "Gunnar Henderson": 0.12245030907609829,
  "James McCann": 0.1297808105872622,
  "Jo Adell": 0.12408113391984359,
  "Jordan Westburg": 0.12247509272157159,
  "Jorge Mateo": 0.08153571285982353,
  "Logan O'Hoppe": 0.1400088824219259,
  "Luis Rengifo": 0.121660724896019,
  "Mike Trout": 0.1864082160935786,
  "Nolan Schanuel": 0.06594307363333161,
  "Ryan Mountcastle": 0.14657634032634034,
  "Taylor Ward": 0.1326006072996489,
  "Zach Neto": 0.09888480580914359,
  "Ramon Urias": 0.07349033816425121,
  "Aaron Hicks": 0.05990196078431373,
  "Miguel San\u00f3": 0.13412698412698412,
  "Christian Encarnacion-Strand": 0.16523176903611686,
  "CJ Abrams": 0.14700952280870314,
  "Eddie Rosario": 0.1285855483155694,
  "Elly De La Cruz": 0.14591792832822068,
  "Jake Fraley": 0.142884029113372,
  "Jeimer Candelario": 0.15744249720090056,
  "Jesse Winker": 0.12085100989686226,
  "Joey Gallo": 0.21645480041215484,
  "Joey Meneses": 0.10934342308136745,
  "Jonathan India": 0.12684650269525996,
  "Keibert Ruiz": 0.11982959007606896,
  "Lane Thomas": 0.12458534743599298,
  "Luis Garcia Jr.": 0.09844395241604478,
  "Nick Martini": 0.12690593949648613,
  "Spencer Steer": 0.11061756841326734,
  "Trey Lipscomb": 0.09863156117074612,
  "Tyler Stephenson": 0.09752279864068482,
  "Will Benson": 0.1703989847923114,
  "Alika Williams": 0.07744080950977503,
  "Avisail Garcia": 0.10375600987389606,
  "Bryan De La Cruz": 0.11905978414730317,
  "Bryan Reynolds": 0.10412858734062509,
  "Connor Joe": 0.10273969845173621,
  "Edward Olivares": 0.10172109088100284,
  "Jack Suwinski": 0.1109026673732556,
  "Jake Burger": 0.19292140103294586,
  "Jared Triolo": 0.07019204794441494,
  "Jazz Chisholm Jr.": 0.12049868855424412,
  "Josh Bell": 0.12283164974479528,
  "Ke'Bryan Hayes": 0.10185985933660298,
  "Luis Arraez": 0.0637579023798346,
  "Nick Fortes": 0.09516726169067372,
  "Rowdy Tellez": 0.10733878074180885,
  "Tim Anderson": 0.08191167381305654,
  "Vidal Brujan": 0.09646388699020278,
  "Jason Delay": 0.0560658826216031,
  "Andrew McCutchen": 0.08377613240418118,
  "Oneil Cruz": 0.0812151964610981,
  "Henry Davis": 0.05990196078431373,
  "Jonah Bride": 0.049246071938709265,
  "Michael A. Taylor": 0.060000000000000005,
  "Brandon Nimmo": 0.14497437563107854,
  "Brett Baty": 0.09617501062623014,
  "Brice Turang": 0.05994049628681495,
  "Christian Yelich": 0.11072493462183829,
  "Francisco Alvarez": 0.1444168572972921,
  "Francisco Lindor": 0.1803526173941146,
  "Jackson Chourio": 0.09306154698711543,
  "Jeff McNeil": 0.08373391508537453,
  "Joey Ortiz": 0.09551150603782183,
  "Oliver Dunn": 0.10403843955824155,
  "Omar Narvaez": 0.09788081483733659,
  "Pete Alonso": 0.1854572860386814,
  "Rhys Hoskins": 0.1712240023572362,
  "Sal Frelick": 0.07105514204627839,
  "Starling Marte": 0.10610898862658195,
  "Tyrone Taylor": 0.1548044548044548,
  "William Contreras": 0.13397418178214723,
  "Willy Adames": 0.1455998576681985,
  "Jake Bauers": 0.07361111111111111,
  "DJ Stewart": 0.11961538461538462,
  "Harrison Bader": 0.05990196078431373,
  "Vladimir Guerrero Jr.": 0.16523935512762006,
  "George Springer": 0.12543968617383522,
  "Brandon Lowe": 0.15538712677710795,
  "Alejandro Kirk": 0.09491077805471744,
  "Cavan Biggio": 0.07015755092612146,
  "Bo Bichette": 0.10475748968422778,
  "Randy Arozarena": 0.11230355073512255,
  "Harold Ramirez": 0.10279677664501513,
  "Yandy Diaz": 0.11863129407310441,
  "Isaac Paredes": 0.1327068342024775,
  "Jose Siri": 0.12199409324745346,
  "Justin Turner": 0.11505468332575612,
  "Isiah Kiner-Falefa": 0.05422338471812566,
  "Kevin Kiermaier": 0.07349033816425121,
  "Jose Caballero": 0.07336817490975706,
  "Richie Palacios": 0.05990196078431373,
  "Daulton Varsho": 0.13398850757666633,
  "Davis Schneider": 0.1419640870808835,
  "Ben Rortvedt": 0.09944665900548254,
  "Amed Rosario": 0.08685165693413116,
  "Andrew Benintendi": 0.07112137224330446,
  "Andrew Vaughn": 0.11540929073371009,
  "Braden Shewmake": 0.13195363776008937,
  "Colt Keith": 0.1277059380742017,
  "Dominic Fletcher": 0.08773859981943623,
  "Eloy Jimenez": 0.1169177866974802,
  "Gio Urshela": 0.08776135910548023,
  "Jake Rogers": 0.10193396095507294,
  "Javier Baez": 0.10104757722386162,
  "Kerry Carpenter": 0.15135744799898157,
  "Korey Lee": 0.10611101906045638,
  "Luis Robert Jr.": 0.15947331969224937,
  "Mark Canha": 0.10601517982256863,
  "Parker Meadows": 0.13518216218091164,
  "Paul DeJong": 0.11419493723415292,
  "Riley Greene": 0.15099759717406777,
  "Spencer Torkelson": 0.1720050290416423,
  "Yoan Moncada": 0.09787985056527256,
  "Nicky Lopez": 0.05990196078431373,
  "Martin Maldonado": 0.05990196078431373,
  "Aaron Judge": 0.29164462081128745,
  "Alex Bregman": 0.12116355733453434,
  "Alex Verdugo": 0.09905924088133557,
  "Anthony Rizzo": 0.12531376486294518,
  "Chas McCormick": 0.10938737377427932,
  "Giancarlo Stanton": 0.20012106201051202,
  "Gleyber Torres": 0.16824952199666157,
  "Jake Meyers": 0.08467734590857731,
  "Jeremy Pena": 0.08490845621986548,
  "Jon Berti": 0.09425185030023739,
  "Jon Singleton": 0.15604144713733753,
  "Jose Altuve": 0.12802733742032166,
  "Jose Trevino": 0.07715767130566159,
  "Juan Soto": 0.15933988732368956,
  "Kyle Tucker": 0.16502454144079418,
  "Oswaldo Cabrera": 0.07947276191061814,
  "Yainer Diaz": 0.13515274143213257,
  "Yordan Alvarez": 0.2194482169972366,
  "Jose Abreu": 0.09742063492063492,
  "Anthony Volpe": 0.09742063492063492,
  "Adam Frazier": 0.08043286776153685,
  "Alex Kirilloff": 0.10912648089138605,
  "Bobby Witt Jr.": 0.17082090061629704,
  "Byron Buxton": 0.1868642124456078,
  "Carlos Correa": 0.13269315609404744,
  "Carlos Santana": 0.1280701508166723,
  "Edouard Julien": 0.10541092296831178,
  "Freddy Fermin": 0.16926536731634184,
  "Kyle Isbel": 0.0838123251364358,
  "Maikel Garcia": 0.12508407684641137,
  "Matt Wallner": 0.15732561432267586,
  "MJ Melendez": 0.16155748267219128,
  "Nelson Velazquez": 0.16988366736228924,
  "Ryan Jeffers": 0.12455803809168144,
  "Salvador Perez": 0.19081914929553237,
  "Vinnie Pasquantino": 0.1440823976518378,
  "Willi Castro": 0.09645192082249518,
  "Max Kepler": 0.09742063492063492,
  "Hunter Renfroe": 0.09742063492063492,
  "Adolis Garcia": 0.21626591204552525,
  "Andrew Knizner": 0.132268259973178,
  "Christopher Morel": 0.16242150575121272,
  "Cody Bellinger": 0.14903328609457744,
  "Dansby Swanson": 0.14812342885872298,
  "Evan Carter": 0.10001690689771185,
  "Ezequiel Duran": 0.1366295026562279,
  "Ian Happ": 0.13185303212054034,
  "Jared Walsh": 0.16697610912791458,
  "Josh Jung": 0.16976639753282444,
  "Leody Taveras": 0.08171536355040138,
  "Marcus Semien": 0.15869467572355064,
  "Michael Busch": 0.12898258238422172,
  "Miguel Amaya": 0.11712100764732343,
  "Mike Tauchman": 0.10311688311688312,
  "Nico Hoerner": 0.08800538042268852,
  "Seiya Suzuki": 0.13584801751143097,
  "Wyatt Langford": 0.11247585685658622,