{
  "Brandon Nimmo": 0.12134140316205534,
  "Brett Baty": 0.10312284264490147,
  "Carson Kelly": 0.0898059258353376,
  "Colt Keith": 0.09337376344439381,
  "DJ Stewart": 0.11182173332505953,
  "Francisco Alvarez": 0.12794867226269666,
  "Francisco Lindor": 0.1577078893572933,
  "Gio Urshela": 0.06871730732315962,
  "Jeff McNeil": 0.0815321092636722,
  "Kerry Carpenter": 0.12571203399455091,
  "Matt Vierling": 0.07264172808603346,
  "Parker Meadows": 0.09900851744641757,
  "Pete Alonso": 0.15635091119175887,
  "Riley Greene": 0.10748794446228516,
  "Spencer Torkelson": 0.1447814055168718,
  "Starling Marte": 0.09272680317401726,
  "Tyrone Taylor": 0.13194870356059374,
  "Zach McKinstry": 0.07799042784962686,
  "Jake Rogers": 0.08392857142857142,
  "Javier Baez": 0.060000000000000005,
  "Mark Canha": 0.060000000000000005,
  "Harrison Bader": 0.060000000000000005,
  "Omar Narvaez": 0.07232492997198879,
  "Bryan Reynolds": 0.1502708544945882,
  "CJ Abrams": 0.08813929813829133,
  "Henry Davis": 0.11919590312136684,
  "Ildemaro Vargas": 0.08175234173090874,
  "Jack Suwinski": 0.17981887603196972,
  "Jacob Young": 0.06362228280386849,
  "Jared Triolo": 0.07566095740008784,
  "Jesse Winker": 0.07558737409486525,
  "Joey Gallo": 0.15967993572293,
  "Joey Meneses": 0.11167124333111605,
  "Ke'Bryan Hayes": 0.12386262093449549,
  "Lane Thomas": 0.12899152411815296,
  "Michael A. Taylor": 0.10170484180876244,
  "Oneil Cruz": 0.178700675163982,
  "Riley Adams": 0.10809230884564465,
  "Rowdy Tellez": 0.14842560302180605,
  "Trey Lipscomb": 0.08209647141538089,
  "Connor Joe": 0.09225722836833948,
  "Andrew McCutchen": 0.09742063492063492,
  "Keibert Ruiz": 0.05990196078431373,
  "Luis Garcia Jr.": 0.05990196078431373,
  "Eddie Rosario": 0.07349033816425121,
  "Edward Olivares": 0.09742063492063492,
  "Alex Kirilloff": 0.10608804712177687,
  "Andres Gimenez": 0.07806837281459485,
  "Bo Naylor": 0.08035554468794227,
  "Brayan Rocchio": 0.062300665044910566,
  "Byron Buxton": 0.14753074640406333,
  "Carlos Correa": 0.11520983290214058,
  "Carlos Santana": 0.11085584520597783,
  "Christian Vazquez": 0.06704663785412449,
  "Edouard Julien": 0.09834988404069835,
  "Jose Ramirez": 0.10360493651437078,
  "Josh Naylor": 0.0982599392255817,
  "Matt Wallner": 0.14508507085476013,
  "Max Kepler": 0.14657282904705482,
  "Ramon Laureano": 0.07784707067315763,
  "Will Brennan": 0.06015455399433728,
  "Willi Castro": 0.0818250323029979,
  "Ryan Jeffers": 0.09742063492063492,
  "Steven Kwan": 0.0527381521033774,
  "Estevan Florial": 0.05990196078431373,
  "Tyler Freeman": 0.06451827447599288,
  "Alec Burleson": 0.08566319487310604,
  "Bryan De La Cruz": 0.12031697306345195,
  "Christian Bethancourt": 0.08604867015352949,
  "Ivan Herrera": 0.11008187541701424,
  "Jake Burger": 0.14553378797657973,
  "Jazz Chisholm Jr.": 0.1415293355967715,
  "Jesus Sanchez": 0.09039668024618043,
  "Jordan Walker": 0.11084511813427993,
  "Josh Bell": 0.12742198379507808,
  "Luis Arraez": 0.058771852629191414,
  "Masyn Winn": 0.08044520069557086,
  "Michael Siani": 0.08840514324385292,
  "Nick Gordon": 0.08475300475852426,
  "Nolan Arenado": 0.1643882172866574,
  "Nolan Gorman": 0.1168730353307575,
  "Paul Goldschmidt": 0.15207285253721559,
  "Tim Anderson": 0.06511713004622119,
  "Victor Scott II": 0.08132073046872076,
  "Nick Fortes": 0.05990196078431373,
  "Avisail Garcia": 0.07349033816425121,
  "Brendan Donovan": 0.05990196078431373,
  "Willson Contreras": 0.10730694037145651,
  "Andrew Benintendi": 0.0633120502264498,
  "Andrew Vaughn": 0.09735023002024655,
  "Bobby Witt Jr.": 0.1313356204203752,
  "Braden Shewmake": 0.08536020916996677,
  "Dominic Fletcher": 0.07464547196241768,
  "Gavin Sheets": 0.11000489126594527,
  "Hunter Renfroe": 0.10043486891264736,
  "Korey Lee": 0.08196793049734226,
  "Kyle Isbel": 0.06871662354120307,
  "Luis Robert Jr.": 0.13946431832599912,
  "Maikel Garcia": 0.08313348373391348,
  "MJ Melendez": 0.12362973156122227,
  "Nelson Velazquez": 0.11451575312639685,
  "Nick Loftin": 0.08543212606680099,
  "Salvador Perez": 0.14451374452146995,
  "Vinnie Pasquantino": 0.09877507815206175,
  "Yoan Moncada": 0.08695243049462999,
  "Eloy Jimenez": 0.08377613240418118,
  "Nicky Lopez": 0.06215686274509804,
  "Adam Frazier": 0.05990196078431373,
  "Paul DeJong": 0.09742063492063492,
  "Martin Maldonado": 0.05990196078431373
}