{
  "Yordan Alvarez": 0.13754868208339693,
  "Kyle Tucker": 0.10699107840281509,
  "Spencer Torkelson": 0.08468283406983307,
  "Kerry Carpenter": 0.08389197773496303,
  "Chas McCormick": 0.056358710682004536,
  "Jason Heyward": 0.07146612030371337,
  "Alex Bregman": 0.07963981572699347,
  "Riley Greene": 0.07294351431467441,
  "Yainer Diaz": 0.06970208742936015,
  "Jake Rogers": 0.06843642471093452,
  "Parker Meadows": 0.06162999749008186,
  "Jose Altuve": 0.06857933118263554,
  "Trey Sweeney": 0.065292530937963,
  "Jeremy Pena": 0.05786153901024816,
  "Colt Keith": 0.06002270458859986,
  "Victor Caratini": 0.06328678646258418,
  "Matt Vierling": 0.05866065006807284,
  "Zach McKinstry": 0.0766216542078611,
  "Wenceel Perez": 0.07703703703703703,
  "Jake Meyers": 0.07333333333333333,
  "Mauricio Dubon": 0.060000000000000005,
  "Justyn-Henry Malloy": 0.07361111111111111,
  "Andy Ibanez": 0.060000000000000005,
  "Anthony Santander": 0.1037294047070843,
  "Hunter Renfroe": 0.08187546719529828,
  "Bobby Witt Jr.": 0.08767992042590744,
  "Salvador Perez": 0.09054382081084396,
  "Michael Massey": 0.08596346968053105,
  "Gunnar Henderson": 0.08245774596806531,
  "MJ Melendez": 0.0762602274263361,
  "Vinnie Pasquantino": 0.07542963805089709,
  "Colton Cowser": 0.06915061293128574,
  "Jordan Westburg": 0.07388516599619054,
  "Ryan Mountcastle": 0.06106677637683462,
  "Adley Rutschman": 0.05939658436145707,
  "Cedric Mullins": 0.052004688836749906,
  "Ramon Urias": 0.051750236664438586,
  "Ryan O'Hearn": 0.0489065407690922,
  "Yuli Gurriel": 0.0536372091803366,
  "Kyle Isbel": 0.04865396528211173,
  "Maikel Garcia": 0.045115140813737034,
  "Tommy Pham": 0.07703703703703703,
  "Adam Frazier": 0.060000000000000005,
  "Paul DeJong": 0.043003003003003006,
  "Mark Vientos": 0.11391796983972782,
  "Francisco Lindor": 0.11508086456757653,
  "Pete Alonso": 0.10601645712782658,
  "Willy Adames": 0.11136926618722046,
  "Rhys Hoskins": 0.12938422768581842,
  "Brandon Nimmo": 0.09710513127479743,
  "William Contreras": 0.10208254196396488,
  "J. D. Martinez": 0.0898214705901811,
  "Gary Sanchez": 0.11407594629902672,
  "Jackson Chourio": 0.08332861488161349,
  "Tyrone Taylor": 0.07254729187125653,
  "Francisco Alvarez": 0.06381988906693196,
  "Starling Marte": 0.05780543552408235,
  "Blake Perkins": 0.0625425612151237,
  "Joey Ortiz": 0.061151336681077806,
  "Jose Iglesias": 0.05061017613141385,
  "Sal Frelick": 0.046735950194775416,
  "Brice Turang": 0.0450813789365596,
  "Jesse Winker": 0.125,
  "Garrett Mitchell": 0.10757575757575757,
  "Jake Bauers": 0.09761904761904762,
  "Marcell Ozuna": 0.14124332473437332,
  "Matt Olson": 0.10270383380155285,
  "Fernando Tatis Jr.": 0.10101555070864533,
  "Jorge Soler": 0.10391782122834417,
  "Sean Murphy": 0.09098126568886804,
  "Ram\u00f3n Laureano": 0.08518051259174178,
  "Michael Harris II": 0.07273676574042327,
  "Ozzie Albies": 0.0684789564268174,
  "Manny Machado": 0.09300408029480937,
  "Kyle Higashioka": 0.07941587049679302,
  "Jackson Merrill": 0.0578953565767594,
  "Jurickson Profar": 0.06046972831174409,
  "Xander Bogaerts": 0.05762198453989959,
  "Jake Cronenworth": 0.048744538448985804,
  "Orlando Arcia": 0.06968907333800951,
  "Gio Urshela": 0.07028769708274762,
  "Donovan Solano": 0.05585901889408805,
  "Luis Arraez": 0.04018537831510353,
  "Travis d'Arnaud": 0.12000000000000001
}