{
  "Byron Buxton": 0.1598778691551333,
  "Max Kepler": 0.08392857142857142,
  "Ryan McMahon": 0.09468789196667712,
  "Elias Diaz": 0.07361111111111111,
  "Alex Kirilloff": 0.07361111111111111,
  "Ryan Jeffers": 0.13358585858585859,
  "Charlie Blackmon": 0.0814585223951098,
  "Elehuris Montero": 0.09329997559450641,
  "Trevor Larnach": 0.10757575757575757,
  "Ezequiel Tovar": 0.08210006551907384,
  "Michael Toglia": 0.08979349720929396,
  "Carlos Correa": 0.12728128232765196,
  "Royce Lewis": 0.12453394344529717,
  "Christian Vazquez": 0.08017302350837392,
  "Jose Miranda": 0.1271549762945407,
  "Willi Castro": 0.07228344566207617,
  "Brenton Doyle": 0.07491668811737519,
  "Hunter Goodman": 0.07361111111111111,
  "Adael Amador": 0.08717524550857884,
  "Jake Cave": 0.07125080186894427,
  "Jacob Stallings": 0.0692962771915242,
  "Manuel Margot": 0.09257346583344334,
  "Carlos Santana": 0.09423960326490952,
  "Kyle Farmer": 0.0862703866663603,
  "Danny Jansen": 0.18741690408357076,
  "Vladimir Guerrero Jr.": 0.15,
  "Christian Yelich": 0.11613005803425544,
  "Bo Bichette": 0.1127946407843777,
  "Brice Turang": 0.0661800099260765,
  "Blake Perkins": 0.06301018437105474,
  "Willy Adames": 0.13467987640555837,
  "Alejandro Kirk": 0.10194673181109624,
  "George Springer": 0.11204518069688976,
  "William Contreras": 0.14160569704047965,
  "Kevin Kiermaier": 0.07361111111111111,
  "Daulton Varsho": 0.12358631840410486,
  "Sal Frelick": 0.06862720341002969,
  "Davis Schneider": 0.1782600937909946,
  "Ernie Clement": 0.07750048943658354,
  "Rhys Hoskins": 0.10034782608695654,
  "Jackson Chourio": 0.09145326327343871,
  "Joey Ortiz": 0.08392857142857142,
  "Gary Sanchez": 0.13358585858585859,
  "Jake Bauers": 0.12258462045785243,
  "Isiah Kiner-Falefa": 0.07703795654803493,
  "Justin Turner": 0.12000000000000001,
  "Daniel Vogelbach": 0.1163192989746867,
  "Spencer Horwitz": 0.08899584187328016,
  "Oliver Dunn": 0.10830849328986077,
  "Jose Altuve": 0.06182346946408459,
  "Austin Slater": 0.05553010294036432,
  "Alex Bregman": 0.0630817667088623,
  "Yordan Alvarez": 0.1172144336050572,
  "Mike Yastrzemski": 0.06337024809759481,
  "Chas McCormick": 0.055692307692307694,
  "Wilmer Flores": 0.06463758274676733,
  "Thairo Estrada": 0.058404263907165264,
  "Heliot Ramos": 0.07320465104728185,
  "Jeremy Pena": 0.05142018856636665,
  "Jake Meyers": 0.060000000000000005,
  "Mauricio Dubon": 0.052761524822695034,
  "Yainer Diaz": 0.060000000000000005,
  "Casey Schmitt": 0.04947058823529412,
  "Jorge Soler": 0.1036162091085239,
  "Jose Abreu": 0.058717024327447596,
  "Patrick Bailey": 0.06695735318219705,
  "Jon Singleton": 0.06998652444666242,
  "Michael Conforto": 0.060000000000000005,
  "Matt Chapman": 0.09724548516531181,
  "Trey Cabbage": 0.06749824615437264,
  "Brett Wisely": 0.06259898831327403,
  "Victor Caratini": 0.057965460158457174,
  "Fernando Tatis Jr.": 0.14871282285862572,
  "Manny Machado": 0.13881316491978576,
  "Seth Brown": 0.1000441865752955,
  "Luis Campusano": 0.08101226815300652,
  "Ha-Seong Kim": 0.08246927698673619,
  "Jurickson Profar": 0.07361111111111111,
  "Jake Cronenworth": 0.07382462657751945,
  "Shea Langeliers": 0.11354083675178189,
  "Brent Rooker": 0.12000000000000001,
  "Tyler Soderstrom": 0.094306131605508,
  "Abraham Toro": 0.07425471135878375,
  "Miguel Andujar": 0.07235332997357659,
  "JJ Bleday": 0.08717107986132988,
  "Zack Gelof": 0.07951621876655088,
  "J.D. Davis": 0.07361111111111111,
  "Luis Arraez": 0.051103982514866475,
  "Jackson Merrill": 0.06762222711438867,
  "Max Schuemann": 0.056896923073719484,
  "David Peralta": 0.05007062146892655,
  "Donovan Solano": 0.08075145232318012,
  "Daz Cameron": 0.06704295669136424,
  "Jose Azocar": 0.05702162931525591,
  "Anthony Santander": 0.11701710581841912,
  "Austin Riley": 0.14306512285436487,
  "Cedric Mullins": 0.07343466048634523,
  "Adam Duvall": 0.15366471537777576,
  "Ozzie Albies": 0.1026581476338919,
  "Austin Hays": 0.09509609657278421,
  "Ramon Urias": 0.0785644817363679,
  "Travis d'Arnaud": 0.09761904761904762,
  "Marcell Ozuna": 0.14378181001743626,
  "Ryan Mountcastle": 0.10389792455867214,
  "Matt Olson": 0.1306356461397073,
  "Sean Murphy": 0.1191910484990988,
  "Michael Harris II": 0.07934090892187476,
  "Orlando Arcia": 0.08532375385522178,
  "Adley Rutschman": 0.09655720794690838,
  "Gunnar Henderson": 0.140532262101086,
  "James McCann": 0.07361111111111111,
  "Ryan O'Hearn": 0.09536543097937934,
  "Jarred Kelenic": 0.060000000000000005,
  "Colton Cowser": 0.08392857142857142,
  "Jordan Westburg": 0.08392857142857142,
  "Brian Anderson": 0.08774458375761565,
  "Jorge Mateo": 0.07722177857073921,
  "Jake Rogers": 0.13358585858585859,
  "Lane Thomas": 0.07641525045763208,
  "Luis Garcia Jr.": 0.06853483469641998,
  "CJ Abrams": 0.09401325395067683,
  "Keibert Ruiz": 0.06963943829131866,
  "Riley Greene": 0.11415698012004402,
  "Joey Meneses": 0.07309998179550013,
  "Matt Vierling": 0.08981901210961765,
  "Wenceel Perez": 0.08485638242136269,
  "Mark Canha": 0.0719099928417093,
  "Jacob Young": 0.05051567900258454,
  "Nick Senzel": 0.05742528337721142,
  "Colt Keith": 0.08794385492100544,
  "Eddie Rosario": 0.09731752144424465,
  "Jesse Winker": 0.07808185301870668,
  "Gio Urshela": 0.055366560118867425,
  "Justyn-Henry Malloy": 0.0606906906906907,
  "Carson Kelly": 0.07412509016797993,
  "Zach McKinstry": 0.06961129941029377,
  "Akil Baddoo": 0.08655317531653295,
  "Ian Happ": 0.11285636589414502,
  "Miguel Amaya": 0.07223305782217276,
  "Brandon Lowe": 0.11898363027519038,
  "Josh Lowe": 0.09799616955098865,
  "Nico Hoerner": 0.06054692707767575,
  "Taylor Walls": 0.0686400346687024,
  "Randy Arozarena": 0.09761904761904762,
  "Patrick Wisdom": 0.13358585858585859,
  "Yandy Diaz": 0.0790490165673581,
  "Yan Gomes": 0.060000000000000005,
  "Isaac Paredes": 0.09530462113746856,
  "Christopher Morel": 0.14480290811908414,
  "Cody Bellinger": 0.130936063470042,
  "Seiya Suzuki": 0.1185160639339571,
  "Dansby Swanson": 0.0959773646597012,
  "Jose Siri": 0.09402464630985805,
  "Mike Tauchman": 0.08392857142857142,
  "Jose Caballero": 0.0782865667827538,
  "Ben Rortvedt": 0.06806563902152138,
  "Pete Crow-Armstrong": 0.09464254069517226,
  "Richie Palacios": 0.06947825596524347,
  "Amed Rosario": 0.05007062146892655,
  "Michael Busch": 0.0999647301465253,
  "Rafael Devers": 0.07993884395697792,
  "Bryce Harper": 0.13394393517841421,
  "Kyle Schwarber": 0.16438362949169477,
  "Alec Bohm": 0.09787337649615718,
  "Nick Castellanos": 0.11476758842770886,
  "Connor Wong": 0.0755259953841514,
  "Jarren Duran": 0.05868599455602184,
  "Bryson Stott": 0.06564852416819994,
  "Rob Refsnyder": 0.06936422153157172,
  "Edmundo Sosa": 0.08392857142857142,
  "Enmanuel Valdez": 0.10757575757575757,
  "Johan Rojas": 0.056402798723044795,
  "Cristian Pache": 0.05007062146892655,
  "Ceddanne Rafaela": 0.07062325126861634,
  "Tyler O'Neill": 0.11411283191904076,
  "David Hamilton": 0.054543521673610644,
  "Whit Merrifield": 0.07115573820119274,
  "David Dahl": 0.08024557169786609,
  "Dominic Smith": 0.08392857142857142,
  "Bobby Dalbec": 0.08066310823597116,
  "Jamie Westbrook": 0.07401537010376377,
  "Rafael Marchan": 0.05491161982034193,
  "Jose Ramirez": 0.14722547929177418,
  "Tyler Stephenson": 0.0960510974577662,
  "Andres Gimenez": 0.06451919349903719,
  "Josh Naylor": 0.10386867406098176,
  "Jonathan India": 0.07988209718391956,
  "TJ Friedl": 0.09324391196629528,
  "Brayan Rocchio": 0.0709277550191228,
  "Jake Fraley": 0.08273434199162984,
  "Stuart Fairchild": 0.07361111111111111,
  "Tyler Freeman": 0.0819607638016783,
  "Steven Kwan": 0.05443915547762244,
  "Bo Naylor": 0.07361111111111111,
  "Spencer Steer": 0.11966344596369206,
  "Will Brennan": 0.05007062146892655,
  "Will Benson": 0.09511958255921996,
  "Jacob Hurtubise": 0.05105858810668184,
  "David Fry": 0.1078868271316784,
  "Elly De La Cruz": 0.1109001505740636,
  "Jeimer Candelario": 0.1058090778836174,