{
  "Aaron Judge": 0.17338256705112565,
  "Giancarlo Stanton": 0.1375632321599701,
  "Juan Soto": 0.12876825235292635,
  "Jose Ramirez": 0.1140462739371597,
  "Josh Naylor": 0.11660214332932109,
  "Jhonkensy Noel": 0.08567866684705339,
  "Austin Wells": 0.10011676013934911,
  "Ben Rice": 0.07151180874499764,
  "Bo Naylor": 0.0873161536319431,
  "Will Brennan": 0.06681899241220221,
  "Gleyber Torres": 0.06433290479915328,
  "Alex Verdugo": 0.06343217306125896,
  "Tyler Freeman": 0.052675255870886235,
  "Oswaldo Cabrera": 0.06029483890100232,
  "Steven Kwan": 0.053363234974063395,
  "Anthony Volpe": 0.061455666995270955,
  "Andres Gimenez": 0.06238570068846254,
  "Brayan Rocchio": 0.05297427198310217,
  "DJ LeMahieu": 0.060000000000000005,
  "David Fry": 0.10757575757575757,
  "Lane Thomas": 0.07361111111111111,
  "Joey Gallo": 0.11478235244845714,
  "Michael Toglia": 0.12231289561124643,
  "Juan Yepez": 0.08478840979746934,
  "Luis Garcia Jr.": 0.0811593605825141,
  "CJ Abrams": 0.08808302976902811,
  "Ezequiel Tovar": 0.09232356231790088,
  "Brenton Doyle": 0.09761682862130522,
  "Jacob Stallings": 0.0736151830976891,
  "Keibert Ruiz": 0.07358526463789622,
  "Sam Hilliard": 0.07980115122972266,
  "James Wood": 0.0791779418878249,
  "Brendan Rodgers": 0.07322177900526243,
  "Nolan Jones": 0.06408219280605726,
  "Jordan Beck": 0.0700975231052937,
  "Alex Call": 0.07031033613668933,
  "Aaron Schunk": 0.07430882290436788,
  "Jose Tena": 0.07606185737231325,
  "Jacob Young": 0.0587828947368421,
  "Ryan McMahon": 0.08392857142857142,
  "Charlie Blackmon": 0.060000000000000005,
  "Ildemaro Vargas": 0.049999999999999996,
  "Jake Cave": 0.09761904761904762,
  "Andr\u00e9s Chaparro": 0.060000000000000005,
  "Rhys Hoskins": 0.10412405962030559,
  "William Contreras": 0.09616771197516538,
  "Willson Contreras": 0.09236517053510518,
  "Willy Adames": 0.09701940264016981,
  "Gary Sanchez": 0.09165223665223665,
  "Alec Burleson": 0.07023771182562297,
  "Jackson Chourio": 0.07076221780685582,
  "Nolan Arenado": 0.0666963835384888,
  "Lars Nootbaar": 0.05560098733178753,
  "Tommy Pham": 0.06122127677022279,
  "Matt Carpenter": 0.06312808801912471,
  "Garrett Mitchell": 0.052929758158275775,
  "Brendan Donovan": 0.05345044994279982,
  "Masyn Winn": 0.05445155716405047,
  "Joey Ortiz": 0.050451846712884454,
  "Victor Scott II": 0.06193656943334085,
  "Brice Turang": 0.045985172725564794,
  "Sal Frelick": 0.048200320304722336,
  "Paul Goldschmidt": 0.09761904761904762,
  "Jake Bauers": 0.09761904761904762,
  "Seiya Suzuki": 0.09637728306566856,
  "Isaac Paredes": 0.09036766422976644,
  "Jake Rogers": 0.10357826960674642,
  "Spencer Torkelson": 0.10774447801883466,
  "Dansby Swanson": 0.07612357069869707,
  "Kerry Carpenter": 0.06895452106260687,
  "Ian Happ": 0.08707602044811347,
  "Cody Bellinger": 0.06752731446339431,
  "Andy Ibanez": 0.06442268818456398,
  "Dillon Dingler": 0.06346187229192131,
  "Michael Busch": 0.0645531843135329,
  "Matt Vierling": 0.06433167093412478,
  "Miguel Amaya": 0.055232741553046125,
  "Colt Keith": 0.0536562134571891,
  "Pete Crow-Armstrong": 0.058449928094304764,
  "Javier Baez": 0.05890266105373236,
  "Jace Jung": 0.05249418568704161,
  "Nico Hoerner": 0.04994611828204097,
  "Parker Meadows": 0.07361111111111111,
  "Zach McKinstry": 0.060000000000000005,
  "Riley Greene": 0.07361111111111111,
  "Brandon Lowe": 0.13471340468571802,
  "Brent Rooker": 0.1076126114336457,
  "Christopher Morel": 0.09136000333073818,
  "Shea Langeliers": 0.0859076051518322,
  "Josh Lowe": 0.08880315994154236,
  "Dylan Carlson": 0.06459500804044424,
  "Tyler Nevin": 0.0625254895243628,
  "Lawrence Butler": 0.07456032317797023,
  "Zack Gelof": 0.06034466248571011,
  "Rob Brantly": 0.06394543398360192,
  "Daz Cameron": 0.0664764361427218,
  "Kameron Misner": 0.0741034969758374,
  "Max Schuemann": 0.05581045032656389,
  "Yandy Diaz": 0.06142178646565652,
  "Miguel Andujar": 0.0611201613374355,
  "Taylor Walls": 0.0690125882261581,
  "Jose Caballero": 0.06576557537550445,
  "Darell Hernaiz": 0.04751697190217989,
  "JJ Bleday": 0.09761904761904762,
  "Seth Brown": 0.10757575757575757,
  "Jose Siri": 0.13333333333333333,
  "Junior Caminero": 0.08392857142857142,
  "Jonny Deluca": 0.060000000000000005,
  "Joey Bart": 0.0754329122221279,
  "Bryan Reynolds": 0.07550659215730986,
  "Oneil Cruz": 0.07059346998329703,
  "Bryan De La Cruz": 0.06328179322022222,
  "Connor Joe": 0.06003623864240207,
  "Elly De La Cruz": 0.06460791651786975,
  "Michael A. Taylor": 0.0670194529088258,
  "Spencer Steer": 0.057470141988299805,
  "Yasmani Grandal": 0.06542008987163059,
  "TJ Friedl": 0.05714148613954899,
  "Luke Maile": 0.05881752844729552,
  "Jonathan India": 0.05433544435524633,
  "Noelvi Marte": 0.049871839406908564,
  "Isiah Kiner-Falefa": 0.047191312828761864,
  "Jared Triolo": 0.05245292273588261,
  "Santiago Espinal": 0.04580608906011069,
  "Tyler Stephenson": 0.060000000000000005,
  "Jake Fraley": 0.05333333333333334,
  "Rowdy Tellez": 0.08392857142857142,
  "Ty France": 0.060000000000000005,
  "Vladimir Guerrero Jr.": 0.1098009867545267,
  "Daulton Varsho": 0.08750207015237911,
  "George Springer": 0.09256745851600572,
  "Jo Adell": 0.0962543835298943,
  "Taylor Ward": 0.08553806848888816,
  "Mickey Moniak": 0.07519557580761728,
  "Zach Neto": 0.08174776865783041,
  "Matt Thaiss": 0.07225356069441531,
  "Alejandro Kirk": 0.064104708775117,
  "Joey Loperfido": 0.06437305598889158,
  "Niko Kavadas": 0.07044826836587052,
  "Ernie Clement": 0.055152216098405676,
  "Anthony Rendon": 0.06993673839550761,
  "Spencer Horwitz": 0.0673622250035186,
  "Will Wagner": 0.07188944110139762,
  "Michael Stefanic": 0.05125822536044365,
  "Leo Jimenez": 0.05338158480966508,
  "Nolan Schanuel": 0.05341959097387572,
  "Kevin Pillar": 0.09761904761904762,
  "Kyle Schwarber": 0.1372908475761899,
  "Bryce Harper": 0.10811606636049052,
  "Marcell Ozuna": 0.10984258092886622,
  "Weston Wilson": 0.08372143873396644,
  "Adam Duvall": 0.1085468948628679,
  "Matt Olson": 0.0760808481641815,
  "Trea Turner": 0.07447252431252473,
  "Sean Murphy": 0.07091135765956474,
  "Nick Castellanos": 0.07055934862113694,
  "Brandon Marsh": 0.0599239035873046,
  "J.T. Realmuto": 0.06465518573685808,
  "Bryson Stott": 0.05878364619389367,
  "Ram\u00f3n Laureano": 0.06483872784493776,
  "Orlando Arcia": 0.0602998980640775,
  "Michael Harris II": 0.058167015250222345,
  "Whit Merrifield": 0.05464440467695029,
  "Gio Urshela": 0.04732191972715317,
  "Johan Rojas": 0.04426898489676263,
  "Travis d'Arnaud": 0.13333333333333333,
  "Alec Bohm": 0.060000000000000005,
  "Edmundo Sosa": 0.07361111111111111,
  "Jarred Kelenic": 0.08392857142857142,
  "Yordan Alvarez": 0.11184051858808992,
  "Anthony Santander": 0.11244131214469934,
  "Gunnar Henderson": 0.0935292389850383,
  "Colton Cowser": 0.08738021851471926,
  "Adley Rutschman": 0.06949161045161338,
  "Ryan O'Hearn": 0.07377757866049878,
  "Ryan Mountcastle": 0.07302922468199523,
  "Yainer Diaz": 0.06221254473636748,
  "Alex Bregman": 0.06451312114525186,
  "Jose Altuve": 0.05923868884773691,
  "Jackson Holliday": 0.06538251611902192,
  "Cedric Mullins": 0.05886084537879122,
  "Ramon Urias": 0.056562304753992265,
  "Jake Meyers": 0.05621704889109911,
  "Victor Caratini": 0.05648309131584135,
  "Shay Whitcomb": 0.05577388866974732,
  "Mauricio Dubon": 0.04862935381684065,
  "Chas McCormick": 0.051904761904761905,
  "Jeremy Pena": 0.060000000000000005,
  "Francisco Lindor": 0.10195789674515553,
  "Manny Machado": 0.09703131661755073,
  "Mark Vientos": 0.09716344990235902,
  "Pete Alonso": 0.09382290277182403,
  "Jackson Merrill": 0.08363465559798561,
  "Jake Cronenworth": 0.08609439254048118,
  "Jurickson Profar": 0.0669208216393537,
  "Brandon Nimmo": 0.07734664969270276,
  "Francisco Alvarez": 0.06821446999323953,
  "David Peralta": 0.06198382648107901,
  "Tyrone Taylor": 0.06382367683504046,
  "Jesse Winker": 0.05081702522527543,