{
  "Austin Riley": 0.17296954286486196,
  "Blaze Alexander": 0.0901123301985371,
  "Chadwick Tromp": 0.11291488595864195,
  "Christian Walker": 0.13009446882644898,
  "Corbin Carroll": 0.07456816462602317,
  "Eugenio Suarez": 0.1170311462553043,
  "Jarred Kelenic": 0.11828094181834756,
  "Ketel Marte": 0.14269195433888407,
  "Lourdes Gurriel Jr.": 0.0932248557029963,
  "Marcell Ozuna": 0.18412068621302652,
  "Matt Olson": 0.21304290626252056,
  "Michael Harris II": 0.13378046777529246,
  "Orlando Arcia": 0.10054415637549435,
  "Ozzie Albies": 0.16450695185287417,
  "Randal Grichuk": 0.11828360788666654,
  "Ronald Acuna Jr.": 0.18288139751554386,
  "Tucker Barnhart": 0.06203208556149733,
  "Travis d'Arnaud": 0.09742063492063492,
  "Gabriel Moreno": 0.05990196078431373,
  "Joc Pederson": 0.08377613240418118,
  "Adley Rutschman": 0.09847240203393058,
  "Anthony Santander": 0.1676599204410299,
  "Austin Hays": 0.09727133839971186,
  "Bryan Reynolds": 0.11332255490952964,
  "Cedric Mullins": 0.09731036725671381,
  "Connor Joe": 0.0834087672981345,
  "Edward Olivares": 0.08637957101056545,
  "Gunnar Henderson": 0.11551354780494656,
  "Henry Davis": 0.08632226596994094,
  "Jack Suwinski": 0.1247053393373248,
  "James McCann": 0.1041856005565683,
  "Jared Triolo": 0.06566684216305226,
  "Jordan Westburg": 0.11359526518246223,
  "Jorge Mateo": 0.07329084240200734,
  "Ke'Bryan Hayes": 0.0875250317682259,
  "Oneil Cruz": 0.12404139780381804,
  "Rowdy Tellez": 0.10679088431461167,
  "Ryan Mountcastle": 0.12129858776145579,
  "Andrew McCutchen": 0.07349033816425121,
  "Ramon Urias": 0.05990196078431373,
  "Michael A. Taylor": 0.060000000000000005,
  "Aaron Judge": 0.23962936917053962,
  "Alejandro Kirk": 0.08338107890659928,
  "Alex Verdugo": 0.107644157097709,
  "Anthony Rizzo": 0.14888183072160377,
  "Anthony Volpe": 0.10988202496359707,
  "Austin Wells": 0.14455715021528007,
  "Bo Bichette": 0.08698189879507588,
  "Cavan Biggio": 0.07696070247424619,
  "Daulton Varsho": 0.114348649925573,
  "Ernie Clement": 0.07596343311860554,
  "George Springer": 0.11198597817017418,
  "Giancarlo Stanton": 0.16762202856437222,
  "Gleyber Torres": 0.13725587666817837,
  "Isiah Kiner-Falefa": 0.0662587666509235,
  "Juan Soto": 0.16575579802165988,
  "Kevin Kiermaier": 0.07846568892471105,
  "Oswaldo Cabrera": 0.08971455960620046,
  "Vladimir Guerrero Jr.": 0.1374822652560253,
  "Jose Trevino": 0.05990196078431373,
  "Justin Turner": 0.07349033816425121,
  "Alec Bohm": 0.11262785982242995,
  "Bryce Harper": 0.13532645524724385,
  "Cristian Pache": 0.08174100837144314,
  "Edmundo Sosa": 0.1078924987606202,
  "Ildemaro Vargas": 0.0786199625376561,
  "J.T. Realmuto": 0.13857859704590186,
  "Jacob Young": 0.0663707012890316,
  "Jesse Winker": 0.07211607909336505,
  "Joey Gallo": 0.12054954283787236,
  "Joey Meneses": 0.09467023238054931,
  "Kyle Schwarber": 0.16033529592030552,
  "Lane Thomas": 0.10853697549849425,
  "Nick Castellanos": 0.1370722415278082,
  "Riley Adams": 0.10493297843824145,
  "Trea Turner": 0.15965888696954164,
  "Trey Lipscomb": 0.07047854288311521,
  "Whit Merrifield": 0.0871597812646406,
  "Luis Garcia Jr.": 0.06469012410303387,
  "Keibert Ruiz": 0.05990196078431373,
  "Bryson Stott": 0.05990196078431373,
  "CJ Abrams": 0.09742063492063492,
  "Johan Rojas": 0.05990196078431373,
  "Eddie Rosario": 0.09742063492063492,
  "Brandon Nimmo": 0.11980464598379578,
  "Brett Baty": 0.11130640148137587,
  "Bubba Thompson": 0.08579500232269738,
  "Christian Encarnacion-Strand": 0.1412123449684094,
  "Elly De La Cruz": 0.11024996960010222,
  "Francisco Alvarez": 0.15371594769988747,
  "Francisco Lindor": 0.17879691846247703,
  "Harrison Bader": 0.108419363099945,
  "Jeff McNeil": 0.0692248944996673,
  "Jeimer Candelario": 0.13193115728015337,
  "Jonathan India": 0.11047178697806247,
  "Luke Maile": 0.09409171996772149,
  "Pete Alonso": 0.1784217442810603,
  "Santiago Espinal": 0.09522670312143997,
  "Spencer Steer": 0.14656832495289102,
  "Starling Marte": 0.10289857093547393,
  "Stuart Fairchild": 0.09762274966596962,
  "Tyrone Taylor": 0.14793961550852713,
  "Tyler Stephenson": 0.08377613240418118,
  "Jake Fraley": 0.08377613240418118,
  "Will Benson": 0.07349033816425121,
  "Omar Narvaez": 0.04993169398907103,
  "DJ Stewart": 0.10730694037145651,
  "Nick Martini": 0.11961538461538462,
  "Abraham Toro": 0.10531745245797534,
  "Brent Rooker": 0.12224992236354787,
  "Carson Kelly": 0.09753192106133284,
  "Colt Keith": 0.09453296724723474,
  "Gio Urshela": 0.07919437647698517,
  "J.D. Davis": 0.08665714081684943,
  "JJ Bleday": 0.09870684469130281,
  "Kerry Carpenter": 0.10525182758129478,
  "Mark Canha": 0.09734806697129318,
  "Parker Meadows": 0.09994741007236391,
  "Riley Greene": 0.10472578476246548,
  "Ryan Noda": 0.08348154566719747,
  "Seth Brown": 0.10408276191456886,
  "Shea Langeliers": 0.13014568650423267,
  "Spencer Torkelson": 0.15027899314685006,
  "Zach McKinstry": 0.07849473758564668,
  "Zack Gelof": 0.09891409467709034,
  "Nick Allen": 0.056172164517981106,
  "Jake Rogers": 0.07005120895364798,
  "Javier Baez": 0.07349033816425121,
  "Andrew Benintendi": 0.07844619140718136,
  "Andrew Vaughn": 0.13271534449185443,
  "Bobby Witt Jr.": 0.16722589828503953,
  "Braden Shewmake": 0.11102070344005828,
  "Dominic Fletcher": 0.1032444337753366,
  "Freddy Fermin": 0.12148799761536698,
  "Garrett Hampson": 0.08166833166833166,
  "Gavin Sheets": 0.12384970518255119,
  "Hunter Renfroe": 0.1572891449994694,
  "Maikel Garcia": 0.11639818559921651,
  "Martin Maldonado": 0.08703270107193536,
  "MJ Melendez": 0.1342956727067399,
  "Nelson Velazquez": 0.1663657726774662,
  "Nick Loftin": 0.12910318005033172,
  "Robbie Grossman": 0.14259472411646326,
  "Salvador Perez": 0.19426550845206592,
  "Yoan Moncada": 0.11313501219877738,
  "Nicky Lopez": 0.052808773782737135,
  "Kyle Isbel": 0.05990196078431373,
  "Vinnie Pasquantino": 0.08377613240418118,
  "Paul DeJong": 0.09742063492063492,
  "Adam Frazier": 0.05990196078431373,
  "Blake Perkins": 0.08825274372434351,
  "Brice Turang": 0.07693585727706084,
  "Dominic Canzone": 0.14395039150106007,
  "Dylan Moore": 0.1168827481015123,
  "J.P. Crawford": 0.11152664710357017,
  "Jackson Chourio": 0.09997543957645826,
  "Jake Bauers": 0.14575258823761672,
  "Jorge Polanco": 0.1858765284981373,
  "Josh Rojas": 0.08231843890570748,
  "Julio Rodriguez": 0.14780333201175785,
  "Luke Raley": 0.16744204745730298,
  "Mitch Garver": 0.16707011391308793,
  "Oliver Dunn": 0.13989203582091225,
  "Rhys Hoskins": 0.17320656464026443,
  "Sal Frelick": 0.06883960473244478,
  "Seby Zavala": 0.08952361354377031,
  "William Contreras": 0.14223019422155275,
  "Willy Adames": 0.1589978577098606,
  "Christian Yelich": 0.09742063492063492,
  "Mitch Haniger": 0.11961538461538462,
  "Cal Raleigh": 0.15,
  "Alec Burleson": 0.12530867458497355,
  "Brendan Donovan": 0.12478569695070195,
  "Bryan De La Cruz": 0.1294887223068994,
  "Christian Bethancourt": 0.10062301808950477,
  "Ivan Herrera": 0.12199573296764478,
  "Jake Burger": 0.17082511415675714,
  "Jazz Chisholm Jr.": 0.18190292442404749,
  "Jesus Sanchez": 0.1266109326757161,
  "Jordan Walker": 0.13749625506534097,
  "Josh Bell": 0.16009180815697116,
  "Luis Arraez": 0.08516156025427706,
  "Masyn Winn": 0.08847033972892096,
  "Nick Gordon": 0.12965080863890688,
  "Nolan Arenado": 0.17466261427111526,
  "Nolan Gorman": 0.20200299826270987,
  "Paul Goldschmidt": 0.15099492011256715,
  "Tim Anderson": 0.08459467629428104,
  "Victor Scott II": 0.1053097096911023,
  "Nick Fortes": 0.05990196078431373,
  "Avisail Garcia": 0.07349033816425121,
  "Willson Contreras": 0.15,
  "Michael Siani": 0.013157894736842105,
  "Chris Taylor": 0.12041958344136201,
  "Christopher Morel": 0.15209893576474992,
  "Cody Bellinger": 0.1313727130766897,
  "Dansby Swanson": 0.12646782299617,
  "Freddie Freeman": 0.13848895855980142,
  "Gavin Lux": 0.07632821947399954,
  "Ian Happ": 0.12229556708723376,