{
  "Joey Gallo": 0.08496367073246666,
  "CJ Abrams": 0.08087706862155702,
  "Andrew McCutchen": 0.07841567998497898,
  "Joey Bart": 0.07840714382757158,
  "Bryan Reynolds": 0.07869244173445714,
  "Oneil Cruz": 0.07669187866757116,
  "James Wood": 0.06910524928577982,
  "Andr\u00e9s Chaparro": 0.06453529375282113,
  "Bryan De La Cruz": 0.06829718197087456,
  "Jose Tena": 0.059151040459584414,
  "Connor Joe": 0.060389560685764274,
  "Dylan Crews": 0.05378260947848917,
  "Keibert Ruiz": 0.05565342385659241,
  "Nick Gonzales": 0.06371177203201821,
  "Luis Garcia Jr.": 0.054925084774584805,
  "Jared Triolo": 0.057299811087979026,
  "Isiah Kiner-Falefa": 0.05106639864836114,
  "Jacob Young": 0.036990876950831184,
  "Alika Williams": 0.006622516556291391,
  "Aaron Judge": 0.1435161133147798,
  "Giancarlo Stanton": 0.1095066303517719,
  "Juan Soto": 0.10669462683744672,
  "Jazz Chisholm Jr.": 0.08824718004300716,
  "Austin Wells": 0.09099683898740034,
  "Patrick Wisdom": 0.08207322998645424,
  "Cody Bellinger": 0.06384630365022521,
  "Ian Happ": 0.07808691083200886,
  "Michael Busch": 0.06083791315731281,
  "Seiya Suzuki": 0.0708342067193083,
  "Anthony Rizzo": 0.059465302280086924,
  "Gleyber Torres": 0.055480417492964625,
  "Dansby Swanson": 0.06199954011154197,
  "Pete Crow-Armstrong": 0.05681175685710393,
  "Christian Bethancourt": 0.06459264102284697,
  "Alex Verdugo": 0.05688002124063505,
  "Anthony Volpe": 0.0506181005750211,
  "Nico Hoerner": 0.04469194079824566,
  "DJ LeMahieu": 0.060000000000000005,
  "Miguel Amaya": 0.051904761904761905,
  "Oswaldo Cabrera": 0.07361111111111111,
  "Isaac Paredes": 0.060000000000000005,
  "Trent Grisham": 0.07361111111111111,
  "Anthony Santander": 0.10823016607509116,
  "Gunnar Henderson": 0.09845417460043084,
  "Colton Cowser": 0.08292441332977289,
  "Josh Lowe": 0.07558150183150182,
  "Junior Caminero": 0.07132242764619161,
  "Ryan O'Hearn": 0.07581822613299968,
  "Adley Rutschman": 0.07169550002883336,
  "Jackson Holliday": 0.06206344723591825,
  "Yandy Diaz": 0.05850243878227546,
  "Jose Siri": 0.05629872120560063,
  "Cedric Mullins": 0.06295077507387035,
  "Emmanuel Rivera": 0.0622405568515814,
  "James McCann": 0.057054829099027995,
  "Taylor Walls": 0.055632581331193066,
  "Logan Driscoll": 0.04655656034615494,
  "Jonathan Aranda": 0.06425480724393767,
  "Austin Shenton": 0.0765617191404298,
  "Jonny Deluca": 0.05442987706070358,
  "Brandon Lowe": 0.12000000000000001,
  "Christopher Morel": 0.08392857142857142,
  "Jose Caballero": 0.060000000000000005,
  "Dylan Carlson": 0.060000000000000005,
  "Eloy Jimenez": 0.10757575757575757,
  "Brent Rooker": 0.11686801448653851,
  "Spencer Torkelson": 0.1176377520471759,
  "Riley Greene": 0.08391950652557031,
  "JJ Bleday": 0.0815257499764542,
  "Lawrence Butler": 0.08711116018363205,
  "Seth Brown": 0.09317867232613776,
  "Andy Ibanez": 0.0848062578034375,
  "Justyn-Henry Malloy": 0.08546294903686255,
  "Matt Vierling": 0.07318610935740182,
  "Dillon Dingler": 0.08076230363812063,
  "Parker Meadows": 0.06061777229045695,
  "Zack Gelof": 0.0627027458046495,
  "Kyle McCann": 0.06886544317783706,
  "Colt Keith": 0.06260166623521687,
  "Tristan Gray": 0.1003968253968254,
  "Daz Cameron": 0.06200561101444121,
  "Nick Allen": 0.06484257871064468,
  "Zach McKinstry": 0.05286381491670698,
  "Kerry Carpenter": 0.09761904761904762,
  "Jake Rogers": 0.10757575757575757,
  "Jace Jung": 0.08392857142857142,
  "Trey Sweeney": 0.07361111111111111,
  "Shea Langeliers": 0.09761904761904762,
  "Yordan Alvarez": 0.133327150683613,
  "Christian Walker": 0.11140071578324737,
  "Eugenio Suarez": 0.09153680455613356,
  "Ketel Marte": 0.11300054544073683,
  "Randal Grichuk": 0.09552029307578778,
  "Jose Altuve": 0.09568720353020024,
  "Alex Bregman": 0.08540654782874191,
  "Yainer Diaz": 0.08027279526463532,
  "Victor Caratini": 0.07008481205263384,
  "Jeremy Pena": 0.07883883052529918,
  "Chas McCormick": 0.07135627587833471,
  "Corbin Carroll": 0.060505508387963675,
  "Kevin Newman": 0.04878376600468576,
  "Jake Meyers": 0.06972814484172182,
  "Jose Herrera": 0.04802191096680774,
  "Ben Gamel": 0.05600080069646992,
  "Jake McCarthy": 0.04671792084749331,
  "Geraldo Perdomo": 0.04639272394229532,
  "Mauricio Dubon": 0.060000000000000005,
  "Joc Pederson": 0.15,
  "Jason Heyward": 0.060000000000000005,
  "Adrian Del Castillo": 0.07361111111111111,
  "Kyle Tucker": 0.12000000000000001,
  "Pete Alonso": 0.12611861716060535,
  "Francisco Lindor": 0.12008694889807452,
  "Mark Vientos": 0.12813570642618166,
  "Brandon Nimmo": 0.09718428561282097,
  "J. D. Martinez": 0.09629959204033278,
  "Tyler Stephenson": 0.0913632096097425,
  "Francisco Alvarez": 0.08960253784506317,
  "Elly De La Cruz": 0.07643732328050278,
  "Spencer Steer": 0.08337406484691078,
  "Ty France": 0.06791153734803237,
  "Jesse Winker": 0.06290310158177426,
  "Jonathan India": 0.06745581635927766,
  "Harrison Bader": 0.07655005264517155,
  "TJ Friedl": 0.05612302517070435,
  "Amed Rosario": 0.07190199221299699,
  "Santiago Espinal": 0.0511945495562656,
  "Jake Fraley": 0.07142857142857142,
  "Jose Iglesias": 0.057337383633341614,
  "Jeff McNeil": 0.060000000000000005,
  "Starling Marte": 0.07361111111111111,
  "Noelvi Marte": 0.060000000000000005,
  "Luis Torrens": 0.060000000000000005,
  "Kyle Schwarber": 0.17075140712237485,
  "Bryce Harper": 0.11636803388034754,
  "Kody Clemens": 0.09116290238921466,
  "Trea Turner": 0.09752695748062817,
  "Jesus Sanchez": 0.08929046497481866,
  "Nick Castellanos": 0.0771288256937218,
  "Brandon Marsh": 0.07652063206361394,
  "Connor Norby": 0.06863676853515312,
  "Bryson Stott": 0.06444241640029755,
  "Kyle Stowers": 0.07323341228359805,
  "Griffin Conine": 0.10215924426450744,
  "David Hensley": 0.0701128936423054,
  "Nick Fortes": 0.052521711788629084,
  "Jonah Bride": 0.04924314497790177,
  "Otto Lopez": 0.05289004847179096,
  "Johan Rojas": 0.05051864250539747,
  "Garrett Stubbs": 0.05789527131440682,
  "Xavier Edwards": 0.04227944308754671,
  "J.T. Realmuto": 0.07361111111111111,
  "Jake Burger": 0.09761904761904762,
  "Derek Hill": 0.09761904761904762,
  "Rowdy Tellez": 0.08120060875336159,
  "Michael A. Taylor": 0.10005266498772993,
  "Yasmani Grandal": 0.08244407692154876,
  "Drew Millas": 0.06869886468482653,
  "Adolis Garcia": 0.12853635953646267,
  "Zach Neto": 0.10273658530093505,
  "Mickey Moniak": 0.11954809425148144,
  "Josh Jung": 0.10404516176255307,
  "Marcus Semien": 0.10365176374127089,
  "Logan O'Hoppe": 0.10096845996752996,
  "Taylor Ward": 0.10123802939696427,
  "Josh Smith": 0.08897232122526322,
  "Wyatt Langford": 0.09398528445053496,
  "Jonah Heim": 0.09854780648972283,
  "Niko Kavadas": 0.0866043878574868,
  "Nathaniel Lowe": 0.07307547544774494,
  "Brandon Drury": 0.07741502599492778,
  "Anthony Rendon": 0.0712420897156311,
  "Nolan Schanuel": 0.060665068967718276,
  "Ezequiel Duran": 0.07093095665821095,
  "Justin Foscue": 0.07058831435739833,
  "Matt Thaiss": 0.07361111111111111,
  "Leody Taveras": 0.060000000000000005,
  "Kevin Pillar": 0.07361111111111111,
  "Carson Kelly": 0.009009009009009009,
  "Willy Adames": 0.11960962040765054,
  "Rhys Hoskins": 0.1167351994587767,
  "William Contreras": 0.09868876066969534,
  "Gary Sanchez": 0.11638461970963752,
  "Ezequiel Tovar": 0.09168691725577167,
  "Brenton Doyle": 0.08813976954682025,
  "Michael Toglia": 0.09709144110659262,
  "Ryan McMahon": 0.08371530994783653,
  "Charlie Blackmon": 0.07705317922768887,
  "Brendan Rodgers": 0.06950527472032848,
  "Nolan Jones": 0.07374861475318097,
  "Jackson Chourio": 0.07984952611047406,
  "Jake Cave": 0.0658194080293833,
  "Joey Ortiz": 0.058429349933645326,
  "Drew Romo": 0.057201163014808605,
  "Blake Perkins": 0.051582309427475936,
  "Brice Turang": 0.046613186485055184,
  "Sal Frelick": 0.050617325265938456,
  "Sam Hilliard": 0.08392857142857142,
  "Jacob Stallings": 0.07361111111111111,
  "Tyler O'Neill": 0.11826023399902498,
  "Rafael Devers": 0.11417126749160114,