{
  "Gary Sanchez": 0.14821092745340222,
  "Rhys Hoskins": 0.13252467466426276,
  "Willy Adames": 0.13159338904398193,
  "William Contreras": 0.12369481015248672,
  "Elly De La Cruz": 0.10930047597499656,
  "Tyler Stephenson": 0.1092704935425067,
  "Will Benson": 0.13081854964207906,
  "Jonathan India": 0.10096845996752996,
  "Ty France": 0.09556379956474302,
  "Jackson Chourio": 0.09894587397193198,
  "TJ Friedl": 0.08773824332747782,
  "Noelvi Marte": 0.07943350377480626,
  "Joey Ortiz": 0.07525017167198297,
  "Amed Rosario": 0.06662585650666146,
  "Brice Turang": 0.05715269120227798,
  "Jake Fraley": 0.07318543355990968,
  "Blake Perkins": 0.06052699502820735,
  "Spencer Steer": 0.12000000000000001,
  "Sal Frelick": 0.060000000000000005,
  "Santiago Espinal": 0.060000000000000005,
  "Patrick Wisdom": 0.15977831091227415,
  "Dansby Swanson": 0.10089715790250549,
  "Seiya Suzuki": 0.11110669253276591,
  "Ian Happ": 0.10700496046033803,
  "Isaac Paredes": 0.09373604377893424,
  "CJ Abrams": 0.09233437973249886,
  "James Wood": 0.0873605698648599,
  "Juan Yepez": 0.0868870318870319,
  "Andr\u00e9s Chaparro": 0.09335465088758896,
  "Cody Bellinger": 0.08377307880727315,
  "Jose Tena": 0.08251822469427737,
  "Dylan Crews": 0.08016549321468203,
  "Keibert Ruiz": 0.06481439149888348,
  "Miguel Amaya": 0.06027597173711871,
  "Luis Garcia Jr.": 0.06974158079137041,
  "Pete Crow-Armstrong": 0.06584111510490899,
  "Nico Hoerner": 0.05623617707307547,
  "Jacob Young": 0.05057335821942695,
  "Ildemaro Vargas": 0.060000000000000005,
  "Aaron Judge": 0.18861108457861872,
  "Juan Soto": 0.1546632578689245,
  "Giancarlo Stanton": 0.1634287512349533,
  "Austin Wells": 0.1331046827181475,
  "Jazz Chisholm Jr.": 0.12186728683304998,
  "Luken Baker": 0.11616692539601593,
  "Paul Goldschmidt": 0.12679743596789958,
  "Nolan Arenado": 0.11291147234699038,
  "Anthony Rizzo": 0.09125117584347171,
  "Alex Verdugo": 0.074159204231943,
  "Jordan Walker": 0.08861544006622485,
  "Ivan Herrera": 0.08824949345441513,
  "Gleyber Torres": 0.07751774593018788,
  "Masyn Winn": 0.08603664359625872,
  "Lars Nootbaar": 0.06918203526249503,
  "Anthony Volpe": 0.061549873879627764,
  "Brendan Donovan": 0.054261560385962304,
  "Victor Scott II": 0.07941056580762464,
  "Matt Carpenter": 0.060000000000000005,
  "DJ LeMahieu": 0.060000000000000005,
  "Alec Burleson": 0.09761904761904762,
  "Oswaldo Cabrera": 0.060000000000000005,
  "Trent Grisham": 0.07361111111111111,
  "Rafael Devers": 0.13866059493316518,
  "Jarren Duran": 0.09251793668115124,
  "Wilyer Abreu": 0.09199816730349379,
  "Spencer Torkelson": 0.0928514326381664,
  "Kerry Carpenter": 0.09053482713950795,
  "Riley Greene": 0.08380896364732193,
  "Triston Casas": 0.08537494260617992,
  "Jace Jung": 0.07840821109111941,
  "Matt Vierling": 0.0689229860596836,
  "Masataka Yoshida": 0.06581058282741144,
  "Dillon Dingler": 0.09338563468839654,
  "Parker Meadows": 0.07366409824378903,
  "Romy Gonzalez": 0.062012284711718955,
  "Connor Wong": 0.059835278322797905,
  "Rob Refsnyder": 0.06951330667591574,
  "Trey Sweeney": 0.07075132810823047,
  "Zach McKinstry": 0.061219120709361835,
  "Nick Sogard": 0.059136009502847364,
  "Colt Keith": 0.007633587786259542,
  "Oneil Cruz": 0.1044515602565069,
  "Jhonkensy Noel": 0.10215310655938556,
  "Josh Naylor": 0.10146936466748913,
  "Jose Ramirez": 0.09381976874581398,
  "Bryan Reynolds": 0.08289680848913021,
  "Lane Thomas": 0.06515148136941566,
  "Kyle Manzardo": 0.08221135388487982,
  "Bryan De La Cruz": 0.0697816501801558,
  "Rowdy Tellez": 0.06950273923344057,
  "Henry Davis": 0.06092041298581969,
  "Nick Gonzales": 0.05691826126003001,
  "Jared Triolo": 0.054059195258084385,
  "Andres Gimenez": 0.05091138464960982,
  "Michael A. Taylor": 0.06473354870272738,
  "Austin Hedges": 0.06479801035154938,
  "Steven Kwan": 0.049392356604022046,
  "Isiah Kiner-Falefa": 0.05306660655998404,
  "Brayan Rocchio": 0.04418988534293255,
  "Andrew McCutchen": 0.07361111111111111,
  "Will Brennan": 0.060000000000000005,
  "Bo Naylor": 0.07361111111111111,
  "David Fry": 0.07361111111111111,
  "Yasmani Grandal": 0.060000000000000005,
  "Manny Machado": 0.11328058892718805,
  "Brandon Lowe": 0.09911602467684205,
  "Christopher Morel": 0.0853552357259944,
  "Junior Caminero": 0.08047518652978057,
  "Jackson Merrill": 0.08438450186702845,
  "Jake Cronenworth": 0.0822509441523526,
  "Josh Lowe": 0.08228546213690743,
  "Jurickson Profar": 0.06794036111352303,
  "David Peralta": 0.0618273637291769,
  "Yandy Diaz": 0.07317458480749904,
  "Dylan Carlson": 0.05444642014597532,
  "Xander Bogaerts": 0.06030309217227889,
  "Jose Siri": 0.060212273196131844,
  "Luis Campusano": 0.05738310986731412,
  "Jose Caballero": 0.05911681847965843,
  "Mason McCoy": 0.05502718709372541,
  "Ben Rortvedt": 0.050729171408080684,
  "Luis Arraez": 0.04775382179406231,
  "Jonny Deluca": 0.060000000000000005,
  "Kyle Higashioka": 0.09761904761904762,
  "Francisco Lindor": 0.11293662829769285,
  "Pete Alonso": 0.09725777672982643,
  "Tyrone Taylor": 0.10240774570363786,
  "Mark Vientos": 0.09643056582080972,
  "Luis Robert Jr.": 0.08304247205116373,
  "Andrew Vaughn": 0.09109319300357159,
  "J. D. Martinez": 0.08497016760301784,
  "Chuckie Robinson": 0.06413979652616016,
  "Miguel Vargas": 0.07278142993932732,
  "Lenyn Sosa": 0.061710111885550485,
  "Harrison Bader": 0.05514983344962526,
  "Luis Torrens": 0.056299465501521505,
  "Gavin Sheets": 0.05363753065204278,
  "Starling Marte": 0.051582214566507766,
  "Corey Julks": 0.05191650609747993,
  "Dominic Fletcher": 0.053945533312371174,
  "Jacob Amaya": 0.05760980436933851,
  "Jose Iglesias": 0.05188900468249999,
  "Brandon Nimmo": 0.09761904761904762,
  "Jeff McNeil": 0.08392857142857142,
  "Francisco Alvarez": 0.07361111111111111,
  "Korey Lee": 0.07361111111111111,
  "Andrew Benintendi": 0.060000000000000005,
  "Jesse Winker": 0.07361111111111111,
  "Yordan Alvarez": 0.13403134647939874,
  "Bobby Witt Jr.": 0.10723613934611377,
  "Salvador Perez": 0.10484759383226533,
  "MJ Melendez": 0.1033418160187044,
  "Yainer Diaz": 0.07967548521416466,
  "Michael Massey": 0.08829969946681471,
  "Jose Altuve": 0.06927023385337254,
  "Jon Singleton": 0.06854708937061062,
  "Jake Meyers": 0.06542704507867692,
  "Freddy Fermin": 0.06743544300022936,
  "Shay Whitcomb": 0.07129987035528684,
  "Jeremy Pena": 0.06644950086449816,
  "Ben Gamel": 0.060205205205205205,
  "Maikel Garcia": 0.05031471631205674,
  "Mauricio Dubon": 0.05305431761548783,
  "Kyle Isbel": 0.05329001779436983,
  "Alex Bregman": 0.09761904761904762,
  "Dairon Blanco": 0.09761904761904762,
  "Garrett Hampson": 0.060000000000000005,
  "Paul DeJong": 0.09761904761904762,
  "Victor Caratini": 0.060000000000000005,
  "Jason Heyward": 0.015151515151515152,
  "Royce Lewis": 0.1096655935168212,
  "Ryan Jeffers": 0.0833598388050598,
  "Matt Wallner": 0.09821151156727272,
  "Jose Miranda": 0.08570329235441175,
  "Nathan Lukes": 0.0742656022293119,
  "Spencer Horwitz": 0.06653803745350155,
  "Addison Barger": 0.06735415023158851,
  "Trevor Larnach": 0.0650921270967001,
  "Max Kepler": 0.07456259132600465,
  "Willi Castro": 0.0671957464257514,
  "Brooks Lee": 0.06312106472955495,
  "Leo Jimenez": 0.05443606365362091,
  "Brian Serven": 0.060537851171762115,
  "Edouard Julien": 0.05142044355820111,
  "Ernie Clement": 0.05809505237728626,
  "Davis Schneider": 0.06539404268452792,
  "Joey Loperfido": 0.061999425896484724,
  "Luis De Los Santos": 0.08620689655172414,
  "Vladimir Guerrero Jr.": 0.07766955266955267,
  "Alejandro Kirk": 0.060000000000000005,
  "George Springer": 0.061002886002886,
  "Daulton Varsho": 0.10757575757575757,
  "Christian Vazquez": 0.08392857142857142,
  "Austin Martin": 0.060000000000000005,
  "Manuel Margot": 0.060000000000000005,
  "Carlos Santana": 0.08392857142857142,
  "Will Wagner": 0.007936507936507936,
  "Corey Seager": 0.13392727146869132,
  "Brent Rooker": 0.14151454006210556,
  "Shea Langeliers": 0.118034245026142,