{
  "Oneil Cruz": 0.12326993109949752,
  "Julio Rodriguez": 0.104316359839494,
  "Mitch Haniger": 0.10007726816043246,
  "Randy Arozarena": 0.11978616710008626,
  "Rowdy Tellez": 0.086831652108675,
  "Joey Bart": 0.08315807755206704,
  "Dylan Moore": 0.09677005012531327,
  "Jorge Polanco": 0.09525731032509342,
  "Mitch Garver": 0.09313106652273606,
  "Justin Turner": 0.07954901439506747,
  "Bryan De La Cruz": 0.07859869762890098,
  "Ke'Bryan Hayes": 0.05690367041973281,
  "Victor Robles": 0.061950804010516045,
  "Michael A. Taylor": 0.06142486856843903,
  "Jared Triolo": 0.05754447539215751,
  "Isiah Kiner-Falefa": 0.06579836974757501,
  "Leo Rivas": 0.059071341236008636,
  "Ji Hwan Bae": 0.047234257772455525,
  "Andrew McCutchen": 0.10757575757575757,
  "Bryan Reynolds": 0.12000000000000001,
  "Cal Raleigh": 0.17142857142857143,
  "Dominic Canzone": 0.08392857142857142,
  "Josh Rojas": 0.060000000000000005,
  "Luke Raley": 0.10757575757575757,
  "Aaron Judge": 0.20809863577447543,
  "Giancarlo Stanton": 0.17403635146172458,
  "Juan Soto": 0.11845970525714723,
  "Austin Wells": 0.07837624701465246,
  "Gleyber Torres": 0.0755676057291482,
  "Andy Ibanez": 0.08263608963414032,
  "Spencer Torkelson": 0.10504166176960295,
  "Dillon Dingler": 0.08577244195481136,
  "Justyn-Henry Malloy": 0.08063316881123238,
  "Ben Rice": 0.06969969979184742,
  "Alex Verdugo": 0.05705558254200904,
  "Oswaldo Cabrera": 0.05030577408552989,
  "Javier Baez": 0.0679619145358576,
  "Matt Vierling": 0.0697390717246186,
  "Anthony Volpe": 0.06287023082257427,
  "Colt Keith": 0.06472890330033187,
  "Jace Jung": 0.05740807262083858,
  "Zach McKinstry": 0.048559926249602224,
  "Jake Rogers": 0.09761904761904762,
  "DJ LeMahieu": 0.060000000000000005,
  "Kerry Carpenter": 0.09761904761904762,
  "Bligh Madris": 0.07361111111111111,
  "Ian Happ": 0.10321206408693345,
  "Vladimir Guerrero Jr.": 0.09923700980119929,
  "Seiya Suzuki": 0.09262908779102196,
  "Michael Busch": 0.08708722916625371,
  "George Springer": 0.0830464607395892,
  "Davis Schneider": 0.08414082850139913,
  "Isaac Paredes": 0.0764066789366288,
  "Pete Crow-Armstrong": 0.07069038995492166,
  "Daulton Varsho": 0.07112942150172562,
  "Dansby Swanson": 0.07083309572118549,
  "Cody Bellinger": 0.07580418864876068,
  "Will Wagner": 0.07804626408586804,
  "Alejandro Kirk": 0.06166274835747892,
  "Addison Barger": 0.08335073795600112,
  "Miguel Amaya": 0.05964367249135461,
  "Leo Jimenez": 0.06292194348094969,
  "Ernie Clement": 0.05059965582684934,
  "Nico Hoerner": 0.052409342115224467,
  "Patrick Wisdom": 0.13333333333333333,
  "Spencer Horwitz": 0.060000000000000005,
  "Joey Loperfido": 0.049999999999999996,
  "Brandon Lowe": 0.10010510526785811,
  "Josh Lowe": 0.07088862106913886,
  "Yandy Diaz": 0.07123862680012413,
  "Taylor Walls": 0.058330149116741156,
  "Ketel Marte": 0.12316161166674801,
  "Jake McCarthy": 0.055233930012697365,
  "Jose Siri": 0.09761904761904762,
  "Corbin Carroll": 0.060000000000000005,
  "Geraldo Perdomo": 0.04866567306927719,
  "Eugenio Suarez": 0.0902400522363209,
  "Lourdes Gurriel Jr.": 0.07824835720103981,
  "Jose Caballero": 0.060000000000000005,
  "Ben Rortvedt": 0.2658934169278997,
  "Christopher Morel": 0.10351252859184364,
  "Kevin Newman": 0.05042040985749595,
  "Randal Grichuk": 0.0829764446318042,
  "Dylan Carlson": 0.05389716191049193,
  "Joc Pederson": 0.15,
  "Josh Bell": 0.07778555572997316,
  "Junior Caminero": 0.07076140402749974,
  "Jonny Deluca": 0.05734982550243839,
  "Alex Jackson": 0.07385277187798196,
  "Jose Herrera": 0.03759977131218364,
  "Pete Alonso": 0.13007959682050924,
  "J. D. Martinez": 0.12059685684988071,
  "Francisco Lindor": 0.11898299285255806,
  "Mark Vientos": 0.12733143675578057,
  "Jake Burger": 0.12221593146880276,
  "Jesus Sanchez": 0.10244612692810036,
  "Brandon Nimmo": 0.09592537135215938,
  "Francisco Alvarez": 0.08839247594270463,
  "Kyle Stowers": 0.08750097512990793,
  "Jeff McNeil": 0.07067801983302438,
  "Nick Fortes": 0.05006328186134566,
  "Jesse Winker": 0.06120450212934497,
  "Vidal Brujan": 0.053788692785148785,
  "Harrison Bader": 0.06552302350482168,
  "Jonah Bride": 0.059218158094856116,
  "Derek Hill": 0.05647286723222159,
  "Otto Lopez": 0.06456298247147921,
  "Xavier Edwards": 0.051509614967844,
  "Emmanuel Rivera": 0.060000000000000005,
  "Jose Iglesias": 0.060000000000000005,
  "Kyle Schwarber": 0.16571986382194775,
  "Bryce Harper": 0.1520571178646506,
  "Weston Wilson": 0.09750776159867068,
  "Nick Castellanos": 0.10178667612103452,
  "Trea Turner": 0.11282847260609095,
  "J.T. Realmuto": 0.09057564304538691,
  "Alec Bohm": 0.09218227850482527,
  "Edmundo Sosa": 0.08382675227745649,
  "Juan Yepez": 0.07368237023449888,
  "CJ Abrams": 0.06673098999177612,
  "James Wood": 0.0629365670716174,
  "Riley Adams": 0.06880916243109896,
  "Alex Call": 0.06487462675468042,
  "Andr\u00e9s Chaparro": 0.07422467778476281,
  "Ildemaro Vargas": 0.05681433846257566,
  "Luis Garcia Jr.": 0.051715193067917865,
  "Johan Rojas": 0.04925060091933907,
  "Jacob Young": 0.0567485380116959,
  "Bryson Stott": 0.060000000000000005,
  "Keibert Ruiz": 0.060000000000000005,
  "Salvador Perez": 0.14735659544082508,
  "Bobby Witt Jr.": 0.13091472435091692,
  "Hunter Renfroe": 0.12387151127278027,
  "Tyler Stephenson": 0.1108500967146716,
  "Spencer Steer": 0.10632612525756537,
  "Elly De La Cruz": 0.09999286911465782,
  "Jonathan India": 0.10300392846336502,
  "Ty France": 0.0945781861480591,
  "Jeimer Candelario": 0.09708353567976177,
  "Paul DeJong": 0.08209322078082783,
  "Vinnie Pasquantino": 0.0904882811790488,
  "Freddy Fermin": 0.0856915316747196,
  "Noelvi Marte": 0.08019828198231954,
  "TJ Friedl": 0.07496366562195773,
  "Maikel Garcia": 0.07069433099326271,
  "Dairon Blanco": 0.06243014895062004,
  "Jake Fraley": 0.06685521936226435,
  "Garrett Hampson": 0.05809266013947144,
  "Kyle Isbel": 0.049999999999999996,
  "MJ Melendez": 0.10757575757575757,
  "Michael Massey": 0.12000000000000001,
  "Will Benson": 0.09761904761904762,
  "Santiago Espinal": 0.08392857142857142,
  "Anthony Santander": 0.11180000246906636,
  "Tyler O'Neill": 0.13748590429672725,
  "Rafael Devers": 0.10764595598570681,
  "Gunnar Henderson": 0.09162819160891003,
  "Romy Gonzalez": 0.08554974939212175,
  "Colton Cowser": 0.08059629003448646,
  "Danny Jansen": 0.1015895410959934,
  "Connor Wong": 0.08057836571756866,
  "Triston Casas": 0.08299809069086282,
  "Jarren Duran": 0.06447277169114524,
  "Ryan O'Hearn": 0.06417071334632724,
  "Ceddanne Rafaela": 0.06972699650305958,
  "Ryan Mountcastle": 0.06510126413029042,
  "Rob Refsnyder": 0.07833311650627842,
  "Cedric Mullins": 0.05788278154500175,
  "Jackson Holliday": 0.0627755414172011,
  "James McCann": 0.055978171003475,
  "Ramon Urias": 0.05382163751337129,
  "Adley Rutschman": 0.08392857142857142,
  "David Hamilton": 0.060000000000000005,
  "Wilyer Abreu": 0.09761904761904762,
  "Masataka Yoshida": 0.07361111111111111,
  "Eloy Jimenez": 0.08392857142857142,
  "Adolis Garcia": 0.12511014231810125,
  "Leody Taveras": 0.06391073591872837,
  "Nathaniel Lowe": 0.07006713138377269,
  "Ryan Jeffers": 0.13333333333333333,
  "Max Kepler": 0.08989141152393393,
  "Jonah Heim": 0.07789419350780659,
  "Trevor Larnach": 0.08639517313940018,
  "Marcus Semien": 0.0978006926809531,
  "Royce Lewis": 0.12637262511443456,
  "Corey Seager": 0.13899608238317915,
  "Jose Miranda": 0.060000000000000005,
  "Josh Jung": 0.09723401145122552,
  "Josh Smith": 0.08392857142857142,
  "Carlos Santana": 0.08772810067760906,
  "Austin Martin": 0.04872451780704906,
  "Wyatt Langford": 0.09991271498438149,
  "Willi Castro": 0.07982131376740241,
  "Manuel Margot": 0.060000000000000005,
  "Matt Wallner": 0.1228266633349059,
  "Christian Vazquez": 0.060386939359060254,
  "Carson Kelly": 0.08108440506749087,
  "Edouard Julien": 0.06592129816908199,
  "Brent Rooker": 0.11139658205340605,
  "Matt Chapman": 0.11118649085468307,