{
  "Seiya Suzuki": 0.10344771082823966,
  "Ian Happ": 0.09548806470436565,
  "Cody Bellinger": 0.08353932871741555,
  "Oneil Cruz": 0.08299177615318433,
  "Isaac Paredes": 0.07755230245426324,
  "Bryan Reynolds": 0.08312722540936518,
  "Dansby Swanson": 0.07040503776059996,
  "Bryan De La Cruz": 0.08175948835004564,
  "Mike Tauchman": 0.08505110152168975,
  "Pete Crow-Armstrong": 0.08161619697733545,
  "Nick Gonzales": 0.07527482437096066,
  "Michael A. Taylor": 0.09910362490149724,
  "Connor Joe": 0.0705650817536498,
  "Henry Davis": 0.0862552368362999,
  "Jared Triolo": 0.06381646039054711,
  "Miguel Amaya": 0.0603901804677301,
  "Isiah Kiner-Falefa": 0.051104003623805606,
  "Nico Hoerner": 0.0493935627277462,
  "Rowdy Tellez": 0.09761904761904762,
  "Yasmani Grandal": 0.060000000000000005,
  "Michael Busch": 0.09761904761904762,
  "Brent Rooker": 0.16795205619340503,
  "Shea Langeliers": 0.15749147066726837,
  "Lawrence Butler": 0.12771270960401396,
  "Seth Brown": 0.12220329876947508,
  "Elly De La Cruz": 0.10584764861716445,
  "Tyler Stephenson": 0.10182529591620501,
  "Spencer Steer": 0.0982794774395565,
  "JJ Bleday": 0.10050367862134543,
  "Jonathan India": 0.09060947736289414,
  "Zack Gelof": 0.09599601398412944,
  "Daz Cameron": 0.07329509178955236,
  "Dominic Smith": 0.08118004696411181,
  "Ty France": 0.08087415298405799,
  "Noelvi Marte": 0.07166839448316803,
  "TJ Friedl": 0.07810461819211902,
  "Jacob Wilson": 0.08033566497909085,
  "Max Schuemann": 0.05810610817562334,
  "Santiago Espinal": 0.050318174830573326,
  "Miguel Andujar": 0.08392857142857142,
  "Amed Rosario": 0.060000000000000005,
  "Salvador Perez": 0.12002376402089121,
  "Jose Ramirez": 0.1089942130145405,
  "MJ Melendez": 0.10501600464516066,
  "Bobby Witt Jr.": 0.10865433798937635,
  "Josh Naylor": 0.10610382371251936,
  "Michael Massey": 0.08998109856465887,
  "David Fry": 0.11061707122216222,
  "Paul DeJong": 0.09648591822887598,
  "Vinnie Pasquantino": 0.09036619149136511,
  "Lane Thomas": 0.08238705738705739,
  "Bo Naylor": 0.08908276408276408,
  "Daniel Schneemann": 0.07679112619667361,
  "Andres Gimenez": 0.05697263659817568,
  "Kyle Isbel": 0.05555926577231226,
  "Maikel Garcia": 0.06568353091799484,
  "Steven Kwan": 0.05444026099454573,
  "Adam Frazier": 0.05127422748432479,
  "Brayan Rocchio": 0.06596122268536062,
  "Dairon Blanco": 0.09761904761904762,
  "Will Brennan": 0.060000000000000005,
  "Freddy Fermin": 0.08392857142857142,
  "Jhonkensy Noel": 0.12000000000000001,
  "Kerry Carpenter": 0.10466680003465063,
  "Spencer Torkelson": 0.10090114760075233,
  "Jo Adell": 0.11488895487203526,
  "Taylor Ward": 0.09235159941249683,
  "Riley Greene": 0.10045925539684641,
  "Logan O'Hoppe": 0.08941134909889113,
  "Parker Meadows": 0.08630157787020531,
  "Kevin Pillar": 0.09742115072748354,
  "Ryan Kreidler": 0.07153974158620664,
  "Zach Neto": 0.08971063160951115,
  "Brandon Drury": 0.08156557172455027,
  "Matt Vierling": 0.07126635819801712,
  "Jake Rogers": 0.07030418617195476,
  "Colt Keith": 0.064916311189531,
  "Anthony Rendon": 0.07163906555189802,
  "Trey Sweeney": 0.07952745999062193,
  "Jack L\u00f3pez": 0.06629041967664259,
  "Nolan Schanuel": 0.05773107347364773,
  "Matt Thaiss": 0.07361111111111111,
  "Mickey Moniak": 0.08392857142857142,
  "Zach McKinstry": 0.060000000000000005,
  "Jace Jung": 0.09761904761904762,
  "Michael Stefanic": 0.034482758620689655,
  "Yordan Alvarez": 0.17966887354928396,
  "Kyle Schwarber": 0.17901906606330525,
  "Bryce Harper": 0.15082491014285798,
  "Trea Turner": 0.12572243626893131,
  "J.T. Realmuto": 0.10588275139084037,
  "Alex Bregman": 0.08597096892178858,
  "Nick Castellanos": 0.10087628312468881,
  "Yainer Diaz": 0.08845047996318962,
  "Austin Hays": 0.09266686077677148,
  "Jose Altuve": 0.08415112730253575,
  "Alec Bohm": 0.09455767045657741,
  "Brandon Marsh": 0.0868270593095859,
  "Jeremy Pena": 0.07045976173427154,
  "Jon Singleton": 0.08192083221616267,
  "Bryson Stott": 0.07734380644660467,
  "Jake Meyers": 0.06917898417735843,
  "Ben Gamel": 0.0840710066936526,
  "Mauricio Dubon": 0.05556534703367089,
  "Chas McCormick": 0.07361111111111111,
  "Victor Caratini": 0.09761904761904762,
  "Aaron Judge": 0.2246960558681458,
  "Giancarlo Stanton": 0.17795254325889498,
  "Juan Soto": 0.12012508348061682,
  "Gleyber Torres": 0.10638663368343364,
  "Joey Gallo": 0.10477915018334356,
  "CJ Abrams": 0.09523493824746364,
  "Jazz Chisholm Jr.": 0.08436854434931101,
  "Keibert Ruiz": 0.07832157441389294,
  "James Wood": 0.08663000128722931,
  "Jose Trevino": 0.0676738918689383,
  "Anthony Volpe": 0.060979911955311675,
  "Andr\u00e9s Chaparro": 0.07783158163746223,
  "Luis Garcia Jr.": 0.07727716811491099,
  "Dylan Crews": 0.06192478161298323,
  "Jose Tena": 0.0730746967463941,
  "DJ LeMahieu": 0.05858085893697136,
  "Alex Verdugo": 0.05363406165751571,
  "Jacob Young": 0.052846003898635474,
  "Ildemaro Vargas": 0.049999999999999996,
  "Austin Wells": 0.10757575757575757,
  "Juan Yepez": 0.09761904761904762,
  "Tyler O'Neill": 0.12929977858273298,
  "Vladimir Guerrero Jr.": 0.09710477389553779,
  "Danny Jansen": 0.12646592537896886,
  "Daulton Varsho": 0.08770823030325071,
  "Triston Casas": 0.07740957621919133,
  "George Springer": 0.08559448645898379,
  "Wilyer Abreu": 0.08326096314678147,
  "Jarren Duran": 0.0795683219147846,
  "Romy Gonzalez": 0.0952353536154659,
  "Spencer Horwitz": 0.0678047845258653,
  "Ceddanne Rafaela": 0.07684333700997834,
  "Addison Barger": 0.07915294686836281,
  "Alejandro Kirk": 0.06060493633856636,
  "David Hamilton": 0.06372741484454268,
  "Joey Loperfido": 0.0773418747503577,
  "Masataka Yoshida": 0.05702846709783644,
  "Ernie Clement": 0.06606225625242954,
  "Will Wagner": 0.062184699245898756,
  "Rafael Devers": 0.13333333333333333,
  "Connor Wong": 0.07361111111111111,
  "Rob Refsnyder": 0.09761904761904762,
  "Marcell Ozuna": 0.15082846252562676,
  "Matt Wallner": 0.12106737228746799,
  "Travis d'Arnaud": 0.11936436229857854,
  "Matt Olson": 0.10713896743058991,
  "Royce Lewis": 0.10218246679651005,
  "Jorge Soler": 0.105907024235482,
  "Ram\u00f3n Laureano": 0.10641556460070485,
  "Trevor Larnach": 0.08265199710160971,
  "Max Kepler": 0.08338174982911825,
  "Carlos Santana": 0.0730788265657279,
  "Michael Harris II": 0.07183275575456706,
  "Willi Castro": 0.0708115154819237,
  "Orlando Arcia": 0.05933041574795869,
  "Ryan Jeffers": 0.06738996785980572,
  "Whit Merrifield": 0.05262543236434092,
  "Edouard Julien": 0.07370297470076871,
  "Gio Urshela": 0.05451633205701407,
  "Austin Martin": 0.06416971916971917,
  "Adam Duvall": 0.13333333333333333,
  "Jose Miranda": 0.060000000000000005,
  "Sean Murphy": 0.09761904761904762,
  "Jarred Kelenic": 0.08392857142857142,
  "Christian Vazquez": 0.09761904761904762,
  "Manuel Margot": 0.060000000000000005,
  "Manny Machado": 0.10669772871818908,
  "Jake Cronenworth": 0.0998992016398617,
  "Luken Baker": 0.11947276861069964,
  "Jurickson Profar": 0.08734737409967049,
  "Jackson Merrill": 0.10418786860948415,
  "Alec Burleson": 0.0897526947662048,
  "Paul Goldschmidt": 0.08671947492408809,
  "Lars Nootbaar": 0.07009598565603373,
  "David Peralta": 0.07125124984957544,
  "Xander Bogaerts": 0.058309310502938534,
  "Brendan Donovan": 0.0623543676318649,
  "Mason McCoy": 0.06532402329945651,
  "Luis Campusano": 0.0713678748726337,
  "Victor Scott II": 0.06328754294133784,
  "Ivan Herrera": 0.07472007285341051,
  "Masyn Winn": 0.058931110729152344,
  "Luis Arraez": 0.05507733156442263,
  "Jose Fermin": 0.06784188034188034,
  "Matt Carpenter": 0.08392857142857142,
  "Tommy Pham": 0.060000000000000005,
  "Nolan Arenado": 0.08392857142857142,
  "Kyle Higashioka": 0.09761904761904762,
  "Corey Seager": 0.13669998562821,
  "Adolis Garcia": 0.12269064075322224,
  "Luis Robert Jr.": 0.1211418678220392,
  "Andrew Vaughn": 0.117786929361243,
  "Marcus Semien": 0.09615130259449144,
  "Josh Jung": 0.09432373132907892,
  "Jonah Heim": 0.09425741156459971,