{
  "Elly De La Cruz": 0.0809993287895221,
  "Will Benson": 0.0724124465873004,
  "Tyler Stephenson": 0.06724860150766611,
  "Ian Happ": 0.0775616291889535,
  "Cody Bellinger": 0.06318850277164145,
  "Spencer Steer": 0.059762330503071254,
  "Isaac Paredes": 0.05920420863145321,
  "Michael Busch": 0.06525261150406508,
  "Kevin Alcantara": 0.07347454246714216,
  "TJ Friedl": 0.05454480525645362,
  "Dansby Swanson": 0.05420665719103282,
  "Miguel Amaya": 0.06134526745774342,
  "Jonathan India": 0.05335064840416513,
  "Pete Crow-Armstrong": 0.05951708684152516,
  "Jake Fraley": 0.05150745341727872,
  "Ty France": 0.05584680715899457,
  "Nico Hoerner": 0.03942946318297865,
  "Santiago Espinal": 0.033394683192577525,
  "Noelvi Marte": 0.06397306397306397,
  "Spencer Torkelson": 0.09794862251069619,
  "Riley Greene": 0.07621195117501879,
  "Wenceel Perez": 0.07094087211381732,
  "Jake Rogers": 0.10502210433244916,
  "Andrew Benintendi": 0.07157976090376432,
  "Justyn-Henry Malloy": 0.07151976252432873,
  "Andrew Vaughn": 0.06953258086205609,
  "Parker Meadows": 0.058263676103062885,
  "Matt Vierling": 0.06514917627804254,
  "Bryan Ramos": 0.061871159118499545,
  "Trey Sweeney": 0.06686813995950198,
  "Andy Ibanez": 0.07120995291610056,
  "Korey Lee": 0.05890440426852994,
  "Gavin Sheets": 0.06193627096585411,
  "Lenyn Sosa": 0.047862635841801865,
  "Zach DeLoach": 0.07380480299546617,
  "Dominic Fletcher": 0.05839309177285885,
  "Nicky Lopez": 0.0409693920792319,
  "Dillon Dingler": 0.08444444444444445,
  "Colt Keith": 0.07703703703703703,
  "Kyle Schwarber": 0.16627519498575205,
  "Bryce Harper": 0.12815960456968056,
  "Trea Turner": 0.11046978470733339,
  "Nick Castellanos": 0.08577749411319059,
  "J.T. Realmuto": 0.08591178809941193,
  "Juan Yepez": 0.08325011592934826,
  "Alec Bohm": 0.0760556743705839,
  "Stone Garrett": 0.0986143413594394,
  "Austin Hays": 0.08235740391790328,
  "Brandon Marsh": 0.07893255338782382,
  "Dylan Crews": 0.07532549971146463,
  "Bryson Stott": 0.06282611245519835,
  "James Wood": 0.058993228993229,
  "Keibert Ruiz": 0.06380645293936718,
  "Nasim Nunez": 0.048167289952842696,
  "Luis Garcia Jr.": 0.05126785682686304,
  "Ildemaro Vargas": 0.057903282715194945,
  "Jacob Young": 0.04513429946464897,
  "Joey Gallo": 0.09761904761904762,
  "Trey Lipscomb": 0.07333333333333333,
  "Jose Tena": 0.1,
  "Juan Soto": 0.1279270512715847,
  "Jasson Dom\u00ednguez": 0.08594070892696686,
  "Jazz Chisholm Jr.": 0.0905933504484706,
  "Oswaldo Cabrera": 0.07308344419992306,
  "Andrew McCutchen": 0.09297282771872936,
  "Trent Grisham": 0.07716827000160334,
  "Bryan De La Cruz": 0.07591067620520907,
  "Connor Joe": 0.06798541801682739,
  "Bryan Reynolds": 0.07514607946223913,
  "Joey Bart": 0.08130211111085428,
  "Gleyber Torres": 0.06506780292122803,
  "Alex Verdugo": 0.0636264677173768,
  "Nick Gonzales": 0.07287034742301012,
  "Jose Trevino": 0.05308394289884652,
  "Nick Yorke": 0.0592703904556713,
  "Billy Cook": 0.056656165422220545,
  "Anthony Volpe": 0.06296250865703557,
  "Isiah Kiner-Falefa": 0.05334108595211049,
  "Aaron Judge": 0.22181259600614436,
  "Oneil Cruz": 0.12255062944718116,
  "Austin Wells": 0.16666666666666666,
  "Anthony Rizzo": 0.0792156862745098,
  "Jared Triolo": 0.07333333333333333,
  "Giancarlo Stanton": 0.15,
  "Vladimir Guerrero Jr.": 0.11334899677212969,
  "Jake Burger": 0.12390527041641546,
  "George Springer": 0.10321668104892363,
  "Jesus Sanchez": 0.08684663363067119,
  "Alejandro Kirk": 0.07774407843541398,
  "Connor Norby": 0.08643311725575858,
  "Spencer Horwitz": 0.07534649126946143,
  "Addison Barger": 0.08454326657678692,
  "Leo Jimenez": 0.056803857819900605,
  "Griffin Conine": 0.06795010025980013,
  "Nathan Lukes": 0.06876298827334934,
  "Kyle Stowers": 0.06258112161070475,
  "Ernie Clement": 0.06362551661114066,
  "Jonatan Clase": 0.08419527878670155,
  "Jonah Bride": 0.05840269743055767,
  "Otto Lopez": 0.05807957981437606,
  "Nick Fortes": 0.04878381674407431,
  "Xavier Edwards": 0.04500682296819058,
  "Joey Loperfido": 0.0792156862745098,
  "Junior Caminero": 0.10983573544551982,
  "Brandon Lowe": 0.0940986240644798,
  "Wilyer Abreu": 0.08597457986812053,
  "Yandy Diaz": 0.08633953832419049,
  "Trevor Story": 0.07951293768479727,
  "Josh Lowe": 0.08274036952440708,
  "Jonathan Aranda": 0.08095469959846874,
  "Jarren Duran": 0.07907331419023549,
  "Jose Caballero": 0.07199730151936035,
  "Triston Casas": 0.07419925348040303,
  "Masataka Yoshida": 0.06431435828417091,
  "Connor Wong": 0.06544206492683756,
  "Jonny Deluca": 0.06061177913906355,
  "Ceddanne Rafaela": 0.06285643041533587,
  "Logan Driscoll": 0.049345228245541946,
  "Richie Palacios": 0.050473593974289854,
  "Vaughn Grissom": 0.05236129726434447,
  "Nick Sogard": 0.04946158034626218,
  "Taylor Walls": 0.0703030303030303,
  "Jose Siri": 0.10757575757575757,
  "Christopher Morel": 0.060000000000000005,
  "Ben Rortvedt": 0.06009259259259259,
  "Tyler O'Neill": 0.2173913043478261,
  "Kyle Tucker": 0.12874393283484192,
  "Kyle Manzardo": 0.10939401941113926,
  "Josh Naylor": 0.09928842394565196,
  "Jose Ramirez": 0.10883856311604935,
  "Yainer Diaz": 0.08540558160162236,
  "Alex Bregman": 0.09525653130056591,
  "Jose Altuve": 0.09355450998835013,
  "Lane Thomas": 0.08817419402069272,
  "Bo Naylor": 0.0832580668979796,
  "Grae Kessinger": 0.06949929685458471,
  "Zach Dezenzo": 0.07851155386694603,
  "Jake Meyers": 0.06867430898677494,
  "Daniel Schneemann": 0.06718638099861803,
  "Mauricio Dubon": 0.05511036050071544,
  "Victor Caratini": 0.06746482886975382,
  "Andres Gimenez": 0.06223334572947414,
  "Steven Kwan": 0.06002235117128733,
  "Will Brennan": 0.06488234315820524,
  "Jeremy Pena": 0.09669312169312168,
  "Brayan Rocchio": 0.06777777777777778,
  "Jason Heyward": 0.08166666666666667,
  "Jhonkensy Noel": 0.12000000000000001,
  "Jon Singleton": 0.1111111111111111,
  "Marcell Ozuna": 0.1277971583128307,
  "Matt Olson": 0.11825287528023049,
  "Salvador Perez": 0.10058091404406215,
  "Jorge Soler": 0.0951781482564289,
  "Bobby Witt Jr.": 0.09174360195968467,
  "Michael Harris II": 0.0868230845769509,
  "Hunter Renfroe": 0.07661098839727229,
  "Ozzie Albies": 0.08183631248772093,
  "Sean Murphy": 0.07857217225368945,
  "Ram\u00f3n Laureano": 0.07388401561241385,
  "Tommy Pham": 0.06198462067531538,
  "Orlando Arcia": 0.06533394602378559,
  "Michael Massey": 0.06697242697242697,
  "Yuli Gurriel": 0.054080598218562606,
  "Robbie Grossman": 0.05372648140990034,
  "Gio Urshela": 0.05120047584278949,
  "Kyle Isbel": 0.04600109914911385,
  "Garrett Hampson": 0.04576439397081428,
  "Freddy Fermin": 0.10526315789473684,
  "Paul DeJong": 0.10526315789473684,
  "Maikel Garcia": 0.08333333333333333,
  "Byron Buxton": 0.13984016553781403,
  "Anthony Santander": 0.1168291379443271,
  "Gunnar Henderson": 0.09245743436987168,
  "Ryan Jeffers": 0.10873642279065847,
  "Carlos Correa": 0.09552980036697813,
  "Colton Cowser": 0.08314267295141611,
  "Royce Lewis": 0.09638041837480822,
  "Carlos Santana": 0.094740147548118,
  "Jordan Westburg": 0.07476871155274911,
  "Cedric Mullins": 0.06526223842073609,
  "Ryan Mountcastle": 0.06989221144336656,
  "Adley Rutschman": 0.06379090202247772,
  "Ryan O'Hearn": 0.06002895818745586,
  "Manuel Margot": 0.07562526579066019,
  "Ramon Urias": 0.058461971851416814,
  "Kyle Farmer": 0.07520060823527258,
  "Willi Castro": 0.06309486232439902,
  "Christian Vazquez": 0.06583027048811398,
  "Trevor Larnach": 0.08392857142857142,
  "Shohei Ohtani": 0.19434695392989285,
  "Andy Pages": 0.11270361646301172,
  "Teoscar Hernandez": 0.11649310141108685,
  "Mookie Betts": 0.10697769346376368,
  "Ryan McMahon": 0.09396340052243496,
  "Brenton Doyle": 0.08959605360014364,
  "Michael Toglia": 0.10819187075007554,
  "Ezequiel Tovar": 0.09527561473793326,
  "Charlie Blackmon": 0.08814965225455754,
  "Brendan Rodgers": 0.08123536033897875,
  "Chris Taylor": 0.07766672178130511,
  "Gavin Lux": 0.07026679645843534,