{
  "Ian Happ": 0.10977112343232562,
  "Patrick Wisdom": 0.12000000000000001,
  "Miguel Amaya": 0.07221178821178821,
  "Nico Hoerner": 0.06872906280107091,
  "Christian Yelich": 0.1088929588929589,
  "Willy Adames": 0.13176274646644953,
  "Brice Turang": 0.07349263309789626,
  "Yan Gomes": 0.060000000000000005,
  "Christopher Morel": 0.13332071749172142,
  "Nick Madrigal": 0.05007062146892655,
  "Blake Perkins": 0.061507897471594575,
  "Seiya Suzuki": 0.12000000000000001,
  "William Contreras": 0.1485754566882804,
  "Cody Bellinger": 0.13079390952077788,
  "Dansby Swanson": 0.09690153193060169,
  "Mike Tauchman": 0.08518850040151972,
  "Sal Frelick": 0.06857755989221506,
  "Jake Bauers": 0.1204954271282802,
  "Jackson Chourio": 0.060000000000000005,
  "Michael Busch": 0.10851019465292143,
  "Gary Sanchez": 0.13483574308583712,
  "Joey Ortiz": 0.08314692213725842,
  "Pete Crow-Armstrong": 0.09551456386274271,
  "Salvador Perez": 0.1599858730672684,
  "Byron Buxton": 0.16720745565139158,
  "Alex Kirilloff": 0.09761904761904762,
  "Kyle Isbel": 0.07665461178043077,
  "MJ Melendez": 0.12973096814483367,
  "Ryan Jeffers": 0.13928245852138196,
  "Trevor Larnach": 0.12000000000000001,
  "Carlos Correa": 0.1306492900190379,
  "Maikel Garcia": 0.07151755472557478,
  "Bobby Witt Jr.": 0.12559897772029696,
  "Jose Miranda": 0.1299916030085203,
  "Freddy Fermin": 0.08335014988667105,
  "Vinnie Pasquantino": 0.14031830231034012,
  "Nelson Velazquez": 0.11014933909067091,
  "Dairon Blanco": 0.07361111111111111,
  "Hunter Renfroe": 0.10772486772486771,
  "Willi Castro": 0.09040711346266901,
  "Adam Frazier": 0.060000000000000005,
  "Carlos Santana": 0.10463773110831935,
  "Nick Loftin": 0.07779163746014574,
  "Kyle Farmer": 0.08931792945903118,
  "Manuel Margot": 0.10325987635960356,
  "Christian Vazquez": 0.08634919477564765,
  "Abraham Toro": 0.1034837810614807,
  "Aledmys Diaz": 0.08833572626142285,
  "Alex Jackson": 0.10236787562105167,
  "Amed Rosario": 0.08733305701390807,
  "Brent Rooker": 0.15646361938538006,
  "Daz Cameron": 0.20013714794725024,
  "Harold Ramirez": 0.08499426999427,
  "Isaac Paredes": 0.11500862053617429,
  "JJ Bleday": 0.12040793086698785,
  "Jonny Deluca": 0.11013958688958202,
  "Jose Caballero": 0.08062184070716986,
  "Jose Siri": 0.0960443000787791,
  "Max Schuemann": 0.07341182968597672,
  "Miguel Andujar": 0.09635498229204621,
  "Randy Arozarena": 0.15331433405637185,
  "Shea Langeliers": 0.13865440270774923,
  "Yandy Diaz": 0.12011725703370878,
  "Zack Gelof": 0.0924206935816843,
  "J.D. Davis": 0.07012987012987013,
  "Jonathan Aranda": 0.07361111111111111,
  "Seth Brown": 0.09761904761904762,
  "Ben Rortvedt": 0.0501412429378531,
  "Richie Palacios": 0.07361111111111111,
  "Brandon Lowe": 0.09761904761904762,
  "Jose Altuve": 0.10389927532784675,
  "Kyle Tucker": 0.13461373077833583,
  "Alex Bregman": 0.09882956472842838,
  "Dylan Moore": 0.09468019344370722,
  "Chas McCormick": 0.060000000000000005,
  "Yordan Alvarez": 0.16949456628292978,
  "Mitch Haniger": 0.12420982567651355,
  "Ty France": 0.09606090066766937,
  "J.P. Crawford": 0.09348503605378669,
  "Cal Raleigh": 0.16716099272411553,
  "Jake Meyers": 0.09097242813667057,
  "Jeremy Pena": 0.09292975379387743,
  "Mauricio Dubon": 0.07366114695824841,
  "Dominic Canzone": 0.12454804510902893,
  "Julio Rodriguez": 0.13280030969718518,
  "Josh Rojas": 0.08611351081605918,
  "Yainer Diaz": 0.09761904761904762,
  "Jon Singleton": 0.08392857142857142,
  "Mitch Garver": 0.11473390906589286,
  "Luke Raley": 0.08392857142857142,
  "Jose Abreu": 0.08589880260549752,
  "Victor Caratini": 0.10643113116637076,
  "Brandon Nimmo": 0.10020348360376173,
  "Christian Walker": 0.14204321006087844,
  "Ketel Marte": 0.1320269735817577,
  "Tomas Nido": 0.060000000000000005,
  "Jeff McNeil": 0.07743808597389161,
  "Pete Alonso": 0.13358585858585859,
  "Brett Baty": 0.07634463698978647,
  "Francisco Lindor": 0.13537449481867975,
  "Starling Marte": 0.09401719001496701,
  "Jake McCarthy": 0.060000000000000005,
  "DJ Stewart": 0.1270988035885822,
  "Gabriel Moreno": 0.08434699948997171,
  "Lourdes Gurriel Jr.": 0.1208705581802479,
  "Tyrone Taylor": 0.07361111111111111,
  "J. D. Martinez": 0.16051781945846683,
  "Eugenio Suarez": 0.11290414371111639,
  "Joc Pederson": 0.1712874607345655,
  "Randal Grichuk": 0.08392857142857142,
  "Kevin Newman": 0.07108520267611176,
  "Corbin Carroll": 0.12379299803070413,
  "Harrison Bader": 0.060000000000000005,
  "Mark Vientos": 0.13697718280046056,
  "Pavin Smith": 0.11442105257836586,
  "Omar Narvaez": 0.06859184594985812,
  "Jake Rogers": 0.08392857142857142,
  "Connor Wong": 0.08370591878240181,
  "Rafael Devers": 0.13474753557103086,
  "Jarren Duran": 0.09601619315781601,
  "Wenceel Perez": 0.07361111111111111,
  "Riley Greene": 0.10871523599551344,
  "Javier Baez": 0.10084102268396843,
  "Ceddanne Rafaela": 0.060000000000000005,
  "Spencer Torkelson": 0.13231552511069303,
  "David Hamilton": 0.07215647878691357,
  "Mark Canha": 0.09423714984765294,
  "Wilyer Abreu": 0.0955446222261703,
  "Vaughn Grissom": 0.0787453507691603,
  "Matt Vierling": 0.10549616130997153,
  "Zach McKinstry": 0.05007062146892655,
  "Carson Kelly": 0.09070248655605816,
  "Gio Urshela": 0.07697322352691736,
  "Colt Keith": 0.08100710908598445,
  "Romy Gonzalez": 0.060000000000000005,
  "Dominic Smith": 0.07361111111111111,
  "Garrett Cooper": 0.09930328988786727,
  "Rob Refsnyder": 0.07858268635042973,
  "Akil Baddoo": 0.09042790441642881,
  "Reese McGuire": 0.06813364437286851,
  "Austin Riley": 0.18054000214780072,
  "Adam Duvall": 0.16465615952376914,
  "Travis d'Arnaud": 0.10757575757575757,
  "Marcell Ozuna": 0.21606610419989697,
  "Ozzie Albies": 0.11479575178641392,
  "Luis Garcia Jr.": 0.07361111111111111,
  "Riley Adams": 0.08392857142857142,
  "Keibert Ruiz": 0.0880658704937143,
  "Orlando Arcia": 0.10756865225057062,
  "Matt Olson": 0.16915656403442303,
  "Michael Harris II": 0.10584132464263828,
  "CJ Abrams": 0.10361051832850642,
  "Ildemaro Vargas": 0.08046489252762459,
  "Joey Meneses": 0.11107576232864251,
  "Eddie Rosario": 0.08740791420433759,
  "Jarred Kelenic": 0.08738241317848809,
  "Zack Short": 0.05007062146892655,
  "Jacob Young": 0.0644582551787099,
  "Nick Senzel": 0.0900722179669548,
  "Joey Gallo": 0.09761904761904762,
  "Jesse Winker": 0.08969982525560756,
  "Sean Murphy": 0.14877656415749452,
  "Lane Thomas": 0.12706870949152424,
  "Aaron Judge": 0.2407469060423229,
  "Gleyber Torres": 0.1127367171145973,
  "Giancarlo Stanton": 0.1772630093294366,
  "Luis Rengifo": 0.11465648727850568,
  "Jo Adell": 0.13496870989934803,
  "Taylor Ward": 0.11308819103749979,
  "Anthony Rizzo": 0.09761904761904762,
  "Jose Trevino": 0.08584212099979785,
  "Mickey Moniak": 0.07361111111111111,
  "Logan O'Hoppe": 0.1362197876026551,
  "Zach Neto": 0.11752011016006603,
  "Nolan Schanuel": 0.07646060666307895,
  "Oswaldo Cabrera": 0.0856997987495464,
  "Anthony Volpe": 0.0931458558611894,
  "Alex Verdugo": 0.07657868998783868,
  "Kyren Paris": 0.07959111812692375,
  "Austin Wells": 0.060000000000000005,
  "Luis Guillorme": 0.05007062146892655,
  "Juan Soto": 0.16689814232918856,
  "Kevin Pillar": 0.13723020996631383,
  "Willie Calhoun": 0.060000000000000005,
  "DJ LeMahieu": 0.07944609234426571,
  "Cole Tucker": 0.07479360082940646
}