{
  "Tyler O'Neill": 0.1311705806777847,
  "Rafael Devers": 0.09295293222953943,
  "Jake Burger": 0.09051295845889272,
  "Jazz Chisholm Jr.": 0.08030070885322364,
  "Bryan De La Cruz": 0.08911360718847992,
  "Jesus Sanchez": 0.08032846808676745,
  "Rob Refsnyder": 0.07124379897413467,
  "Connor Wong": 0.08916585785905348,
  "Ceddanne Rafaela": 0.080288376579049,
  "Josh Bell": 0.0730722535965104,
  "Romy Gonzalez": 0.07973480621867017,
  "Masataka Yoshida": 0.057046403644148,
  "Xavier Edwards": 0.05049704697726657,
  "Jarren Duran": 0.06107633194010107,
  "Vidal Brujan": 0.06481305474655018,
  "Nick Fortes": 0.05981017336860062,
  "Emmanuel Rivera": 0.07813044235458029,
  "Dominic Smith": 0.05497156971607947,
  "David Hamilton": 0.060000000000000005,
  "Wilyer Abreu": 0.07361111111111111,
  "Nick Gordon": 0.060000000000000005,
  "Otto Lopez": 0.060000000000000005,
  "Luis Robert Jr.": 0.13749085310467404,
  "Jose Ramirez": 0.1260310011540929,
  "Josh Naylor": 0.11430175764949702,
  "Jhonkensy Noel": 0.11671510501433775,
  "Bo Naylor": 0.09924382081244826,
  "Andrew Vaughn": 0.08758523614654386,
  "David Fry": 0.08917333518817423,
  "Gavin Sheets": 0.08292324125112863,
  "Tommy Pham": 0.08147486270736078,
  "Daniel Schneemann": 0.08207139314504754,
  "Andrew Benintendi": 0.07025428700642805,
  "Andres Gimenez": 0.0644243975890533,
  "Lenyn Sosa": 0.062190041023354965,
  "Brayan Rocchio": 0.06208356964629892,
  "Martin Maldonado": 0.06095789724870757,
  "Steven Kwan": 0.05216086262996792,
  "Danny Mendick": 0.07278583485480036,
  "Nicky Lopez": 0.0507797376464595,
  "Eloy Jimenez": 0.09761904761904762,
  "Tyler Freeman": 0.060000000000000005,
  "Korey Lee": 0.09761904761904762,
  "Paul DeJong": 0.09761904761904762,
  "Oneil Cruz": 0.14649598761597998,
  "Nolan Gorman": 0.11398486489280743,
  "Bryan Reynolds": 0.12606725987207024,
  "Paul Goldschmidt": 0.10338771338651206,
  "Rowdy Tellez": 0.09637054210826294,
  "Alec Burleson": 0.09293249303775619,
  "Willson Contreras": 0.10740962822193992,
  "Jack Suwinski": 0.09059124329201726,
  "Andrew McCutchen": 0.10871896939827631,
  "Nolan Arenado": 0.08390142395387021,
  "Brandon Crawford": 0.08390635278250798,
  "Joey Bart": 0.1008549046296571,
  "Edward Olivares": 0.08029688032536222,
  "Nick Gonzales": 0.08063276929568292,
  "Brendan Donovan": 0.07304945143398761,
  "Ke'Bryan Hayes": 0.07017677436260267,
  "Masyn Winn": 0.054861790632241635,
  "Michael Siani": 0.05673183785429095,
  "Matt Carpenter": 0.08392857142857142,
  "Connor Joe": 0.060000000000000005,
  "Dylan Carlson": 0.05007062146892655,
  "Yasmani Grandal": 0.05007062146892655,
  "Pete Alonso": 0.16257875212028478,
  "Francisco Lindor": 0.1615681023229198,
  "J. D. Martinez": 0.15160690128128002,
  "Mark Vientos": 0.15687717880488944,
  "Lane Thomas": 0.1110557617040993,
  "Luis Torres": 0.12624283874797831,
  "Tyrone Taylor": 0.12802903519542944,
  "CJ Abrams": 0.12947421338348944,
  "Brandon Nimmo": 0.12425606035600195,
  "James Wood": 0.11295831670556876,
  "Jesse Winker": 0.09243580686429659,
  "Joey Meneses": 0.09287963331892514,
  "Keibert Ruiz": 0.10281529728791393,
  "Luis Garcia Jr.": 0.08008054659667965,
  "Ben Gamel": 0.09950923631864093,
  "Jose Iglesias": 0.06501169673404508,
  "Ildemaro Vargas": 0.06483076414083108,
  "Jacob Young": 0.05468803836425489,
  "Jeff McNeil": 0.060000000000000005,
  "Francisco Alvarez": 0.13333333333333333,
  "Harrison Bader": 0.07361111111111111,
  "Nick Senzel": 0.060000000000000005,
  "Aaron Judge": 0.2233589450646101,
  "Juan Soto": 0.13703372473704362,
  "Gleyber Torres": 0.10778506857288371,
  "Elly De La Cruz": 0.09058044068696029,
  "Tyler Stephenson": 0.10705122178854133,
  "Noelvi Marte": 0.11438170992086873,
  "Spencer Steer": 0.10816809654974326,
  "J.D. Davis": 0.10534719809334067,
  "Jeimer Candelario": 0.10369830013298599,
  "Anthony Volpe": 0.08306785365202743,
  "Stuart Fairchild": 0.07376514153138665,
  "Jahmai Jones": 0.08198149420707822,
  "Blake Dunn": 0.08199078807616224,
  "Alex Verdugo": 0.0646637907381397,
  "Jonathan India": 0.07441344809892757,
  "Jose Trevino": 0.072562838313479,
  "DJ LeMahieu": 0.06500891722444437,
  "Santiago Espinal": 0.051746617109415846,
  "Jake Fraley": 0.060000000000000005,
  "Will Benson": 0.08392857142857142,
  "Trent Grisham": 0.08392857142857142,
  "Luke Maile": 0.07361111111111111,
  "Oswaldo Cabrera": 0.07361111111111111,
  "Yordan Alvarez": 0.14865768078727878,
  "Vladimir Guerrero Jr.": 0.1242958143257384,
  "Jose Altuve": 0.09886664717232309,
  "Yainer Diaz": 0.08890107819566191,
  "Daulton Varsho": 0.1144986852342261,
  "Alex Bregman": 0.08912143052317432,
  "George Springer": 0.08925121835529151,
  "Davis Schneider": 0.10365434153875906,
  "Chas McCormick": 0.07859333098842765,
  "Addison Barger": 0.11133677470311133,
  "Jake Meyers": 0.08472870245232185,
  "Grae Kessinger": 0.0921474852421144,
  "Mauricio Dubon": 0.06212017575128874,
  "Spencer Horwitz": 0.08211083904253298,
  "Bo Bichette": 0.07277356334018129,
  "Brian Serven": 0.06952123574930592,
  "Ernie Clement": 0.05957089663342894,
  "Jeremy Pena": 0.06417642007055123,
  "Alejandro Kirk": 0.08392857142857142,
  "Jon Singleton": 0.07361111111111111,
  "Trey Cabbage": 0.060000000000000005,
  "Kevin Kiermaier": 0.07361111111111111,
  "Marcell Ozuna": 0.13921361984916011,
  "Jorge Soler": 0.11869468079928062,
  "Matt Olson": 0.121385779024917,
  "Matt Chapman": 0.11031600597404827,
  "Travis d'Arnaud": 0.09034729788431464,
  "Heliot Ramos": 0.0850532845070422,
  "Ozzie Albies": 0.08645428682623128,
  "Adam Duvall": 0.09574879584514372,
  "Austin Riley": 0.09605828874635738,
  "Jarred Kelenic": 0.08638454667226399,
  "David Villar": 0.06901126238096374,
  "Luis Matos": 0.059500355275341796,
  "Curt Casali": 0.06749747897319806,
  "Austin Slater": 0.0519996101323089,
  "Tyler Fitzgerald": 0.05726869716828737,
  "Zack Short": 0.08146537842190016,
  "Nick Ahmed": 0.055197032998928544,
  "Forrest Wall": 0.06575222911100774,
  "Sean Murphy": 0.08392857142857142,
  "Orlando Arcia": 0.060000000000000005,
  "Brett Wisely": 0.060000000000000005,
  "Michael Conforto": 0.08392857142857142,
  "Patrick Bailey": 0.060000000000000005,
  "Ram\u00f3n Laureano": 0.060000000000000005,
  "Trea Turner": 0.14739432185380258,
  "Nick Castellanos": 0.14121443174331494,
  "Alec Bohm": 0.13250455986073412,
  "Edmundo Sosa": 0.12868475561009668,
  "Christopher Morel": 0.10787059829655528,
  "Cody Bellinger": 0.10459426923825525,
  "Seiya Suzuki": 0.10362672792539311,
  "Michael Busch": 0.08510049798353893,
  "Ian Happ": 0.09486867756888051,
  "Dansby Swanson": 0.09312341482661236,
  "Cristian Pache": 0.06938785927950014,
  "Whit Merrifield": 0.07643631286063239,
  "Miguel Amaya": 0.07047363201341944,
  "Pete Crow-Armstrong": 0.07170511315248157,
  "Johan Rojas": 0.06776657887907098,
  "Bryson Stott": 0.06089112529752948,
  "Rafael Marchan": 0.04935449149007532,
  "Nico Hoerner": 0.05562348627363855,
  "Garrett Stubbs": 0.060000000000000005,
  "Brandon Marsh": 0.07361111111111111,
  "David Dahl": 0.05007062146892655,
  "Adolis Garcia": 0.1634794959480186,
  "Corey Seager": 0.15529100529100529,
  "Marcus Semien": 0.11427902911559648,
  "Manny Machado": 0.12007530860727791,
  "Jake Cronenworth": 0.10033081905199834,
  "Jonah Heim": 0.07501642067425521,
  "Nathaniel Lowe": 0.07088100585447722,
  "Jackson Merrill": 0.09399104012810038,
  "Kyle Higashioka": 0.09545648375851819,
  "Wyatt Langford": 0.10309360803805248,
  "Josh Smith": 0.06977048743422924,
  "David Peralta": 0.0946039351834343,
  "Jurickson Profar": 0.07925613673107408,
  "Leody Taveras": 0.06514389433323928,
  "Ha-Seong Kim": 0.06642642206278569,
  "Donovan Solano": 0.06821516073175944,
  "Luis Arraez": 0.06194274033364187,
  "Travis Jankowski": 0.06466666666666668,
  "Robbie Grossman": 0.060000000000000005,
  "Bryce Johnson": 0.060000000000000005,
  "Derek Hill": 0.009900990099009901,
  "Byron Buxton": 0.1460285533060915,