{
  "Pete Alonso": 0.12006061287705942,
  "Mark Vientos": 0.13000370607924905,
  "Anthony Santander": 0.1299144229804395,
  "Francisco Lindor": 0.12926561501637562,
  "J. D. Martinez": 0.12351216866697684,
  "Eloy Jimenez": 0.09046148449839252,
  "Ryan Mountcastle": 0.09389870908712873,
  "Adley Rutschman": 0.07999085155135091,
  "Gunnar Henderson": 0.08402205901469272,
  "Harrison Bader": 0.08731189521419407,
  "Luis Torrens": 0.07263705717841314,
  "Brandon Nimmo": 0.07577346600655181,
  "Colton Cowser": 0.06516569537435052,
  "Starling Marte": 0.0631993752494626,
  "Austin Slater": 0.05222888138224215,
  "Ramon Urias": 0.07368834818735835,
  "Jackson Holliday": 0.06977989542924608,
  "Jose Iglesias": 0.05628557091276796,
  "Jeff McNeil": 0.10757575757575757,
  "Cedric Mullins": 0.09761904761904762,
  "Ryan O'Hearn": 0.060000000000000005,
  "Francisco Alvarez": 0.07361111111111111,
  "Yordan Alvarez": 0.13797408220196827,
  "Rafael Devers": 0.13751689563251818,
  "Wilyer Abreu": 0.1140131688254036,
  "Jarren Duran": 0.08771113159425536,
  "Triston Casas": 0.09105618003337176,
  "Alex Bregman": 0.07655461298752131,
  "Yainer Diaz": 0.07225972441764562,
  "Ceddanne Rafaela": 0.06829365651676483,
  "Shay Whitcomb": 0.07187039569215073,
  "Victor Caratini": 0.07549743928250255,
  "Masataka Yoshida": 0.0680011904260045,
  "Jake Meyers": 0.06764475192601338,
  "Rob Refsnyder": 0.06880616043630507,
  "Jeremy Pena": 0.05813167939551166,
  "Connor Wong": 0.059588037100677504,
  "Chas McCormick": 0.06380859244950784,
  "David Hamilton": 0.05627625108563525,
  "Mauricio Dubon": 0.05391542974252949,
  "Jose Altuve": 0.07361111111111111,
  "Tyler O'Neill": 0.15,
  "Corey Seager": 0.13052425913348395,
  "Oneil Cruz": 0.09623447824105719,
  "Adolis Garcia": 0.10493452097930216,
  "Marcus Semien": 0.0874198020507002,
  "Joey Bart": 0.09682488038682403,
  "Jonah Heim": 0.08190220242200835,
  "Bryan De La Cruz": 0.08066727453559817,
  "Michael A. Taylor": 0.0769274644714839,
  "Connor Joe": 0.0765359524520649,
  "Yasmani Grandal": 0.0706795858863865,
  "Bryan Reynolds": 0.08675885745919497,
  "Josh Jung": 0.08123569694986672,
  "Nathaniel Lowe": 0.06082081541798101,
  "Wyatt Langford": 0.07897790365759068,
  "Leody Taveras": 0.05766428498368464,
  "Jared Triolo": 0.05687303730392103,
  "Travis Jankowski": 0.048386841141641164,
  "Isiah Kiner-Falefa": 0.05208177756972124,
  "Rowdy Tellez": 0.08392857142857142,
  "Josh Smith": 0.08392857142857142,
  "Matt Chapman": 0.09385655875039091,
  "Heliot Ramos": 0.07210788651059909,
  "Thairo Estrada": 0.05723586712749868,
  "Tyler Fitzgerald": 0.0654302751621209,
  "Jerar Encarnaci\u00f3n": 0.06348187043271082,
  "Luis Robert Jr.": 0.059351964529791364,
  "Casey Schmitt": 0.09307359307359307,
  "Andrew Vaughn": 0.04989550449150001,
  "Curt Casali": 0.049282920736944937,
  "Mark Canha": 0.045159894464154096,
  "Lenyn Sosa": 0.06553921568627451,
  "Grant McCray": 0.057809374431714855,
  "Gavin Sheets": 0.04524451613011671,
  "Korey Lee": 0.046272749193117614,
  "Andrew Benintendi": 0.04285152612927766,
  "Brooks Baldwin": 0.030883367839889576,
  "Dominic Fletcher": 0.02511079130680665,
  "Nicky Lopez": 0.0377531901146826,
  "Mike Yastrzemski": 0.060000000000000005,
  "LaMonte Wade Jr.": 0.060000000000000005,
  "Miguel Vargas": 0.042207505518763795,
  "Michael Conforto": 0.07361111111111111,
  "Nick Senzel": 0.060000000000000005,
  "Joc Pederson": 0.12585917657066975,
  "Jake Burger": 0.124914356759558,
  "Corbin Carroll": 0.08750470058452954,
  "Eugenio Suarez": 0.10084898851183528,
  "Pavin Smith": 0.07443098119775833,
  "Josh Bell": 0.0877244056677611,
  "Adrian Del Castillo": 0.08181298233657058,
  "Connor Norby": 0.07924357207634741,
  "David Hensley": 0.05300655296730091,
  "Jonah Bride": 0.05469757300181926,
  "Jake McCarthy": 0.04997150451907624,
  "Cristian Pache": 0.05256898468629609,
  "Geraldo Perdomo": 0.04751767777010756,
  "Derek Hill": 0.055461606853817076,
  "Otto Lopez": 0.04969516318854068,
  "Ali Sanchez": 0.05072211473596577,
  "Xavier Edwards": 0.04630693430107691,
  "Jesus Sanchez": 0.060000000000000005,
  "Vidal Brujan": 0.049999999999999996,
  "Lourdes Gurriel Jr.": 0.10757575757575757,
  "Kevin Newman": 0.060000000000000005,
  "Kyle Stowers": 0.07361111111111111,
  "Nick Fortes": 0.060000000000000005,
  "Royce Lewis": 0.13499845916293082,
  "Matt Wallner": 0.13754691815036152,
  "Manny Machado": 0.12886535230410157,
  "Kyle Higashioka": 0.09223639250407953,
  "Carlos Santana": 0.09793677285738535,
  "Trevor Larnach": 0.09797600035742328,
  "Jose Miranda": 0.09075340343283941,
  "Jake Cronenworth": 0.08491388066014932,
  "Jackson Merrill": 0.0843152545077257,
  "Willi Castro": 0.09210292237283756,
  "Edouard Julien": 0.07194722767065917,
  "Xander Bogaerts": 0.07186292558679004,
  "Jurickson Profar": 0.0732986708483783,
  "David Peralta": 0.06063554499246329,
  "Christian Vazquez": 0.05474687521429613,
  "Austin Martin": 0.0518574062428377,
  "Luis Arraez": 0.04789711253942619,
  "Tyler Wade": 0.04247237120770291,
  "Max Kepler": 0.09761904761904762,
  "Luis Campusano": 0.08392857142857142,
  "Ryan Jeffers": 0.09761904761904762,
  "Joey Gallo": 0.11915976094638354,
  "Michael Toglia": 0.12065029173724827,
  "Brenton Doyle": 0.10176856081994422,
  "Ezequiel Tovar": 0.10070185886940922,
  "CJ Abrams": 0.09595157197457045,
  "Alex Call": 0.08245018699738245,
  "James Wood": 0.09104681489039777,
  "Brendan Rodgers": 0.0741922718496086,
  "Keibert Ruiz": 0.07571766432991102,
  "Drew Romo": 0.06618571320841703,
  "Ryan McMahon": 0.06155678362984504,
  "Luis Garcia Jr.": 0.07111800704931426,
  "Jordan Beck": 0.06949511064654995,
  "Andr\u00e9s Chaparro": 0.07202167099534205,
  "Jose Tena": 0.07886376844385681,
  "Charlie Blackmon": 0.05427613430095195,
  "Nolan Jones": 0.05877569748677832,
  "Jacob Young": 0.041782946509368916,
  "Ildemaro Vargas": 0.049999999999999996,
  "Juan Yepez": 0.07361111111111111,
  "Jake Cave": 0.09761904761904762,
  "Jacob Stallings": 0.08392857142857142,
  "Aaron Judge": 0.19153741685031586,
  "Giancarlo Stanton": 0.1611549329233268,
  "Juan Soto": 0.12720909929254626,
  "Jhonkensy Noel": 0.1218913635193254,
  "Josh Naylor": 0.08760303840160971,
  "Jose Ramirez": 0.12508845828637832,
  "Lane Thomas": 0.09769896656385679,
  "Ben Rice": 0.08717312601549837,
  "Gleyber Torres": 0.092224822429784,
  "David Fry": 0.09498427303075446,
  "Oswald Peraza": 0.07487965260138749,
  "Austin Wells": 0.08160177733299234,
  "Alex Verdugo": 0.05629948188173963,
  "Austin Hedges": 0.05232459101479654,
  "Anthony Volpe": 0.0624288255240822,
  "Tyler Freeman": 0.052701771870782184,
  "Steven Kwan": 0.050114054061977,
  "Andres Gimenez": 0.05058478301096682,
  "DJ LeMahieu": 0.060000000000000005,
  "Oswaldo Cabrera": 0.07361111111111111,
  "Will Brennan": 0.060000000000000005,
  "Brayan Rocchio": 0.060000000000000005,
  "Bo Naylor": 0.09761904761904762,
  "Vladimir Guerrero Jr.": 0.10729898327666289,
  "George Springer": 0.10859095835086731,
  "Tyler Stephenson": 0.08321950937326,
  "Daulton Varsho": 0.09087932720324379,
  "Davis Schneider": 0.10054980871841337,
  "Spencer Steer": 0.08413361664202726,
  "Jonathan India": 0.08075921795992219,
  "Ty France": 0.07373016285840542,
  "Elly De La Cruz": 0.07231120814991168,
  "Addison Barger": 0.06985538078668799,
  "Noelvi Marte": 0.0641284994386999,
  "Santiago Espinal": 0.051270385950851066,
  "Spencer Horwitz": 0.0664779600450821,
  "Leo Jimenez": 0.05312216067768632,
  "Jake Fraley": 0.050367102412576574,
  "Brian Serven": 0.0545433942063569,
  "TJ Friedl": 0.062264195416911625,
  "Ernie Clement": 0.06346872188459599,
  "Alejandro Kirk": 0.07361111111111111,
  "Will Benson": 0.07361111111111111,
  "Will Wagner": 0.08392857142857142,
  "Joey Loperfido": 0.060000000000000005,
  "Marcell Ozuna": 0.1301147842056933,
  "Matt Olson": 0.11598281952435939,
  "Kyle Schwarber": 0.10832755183022563,
  "Jarred Kelenic": 0.08492915210438191,