{
  "Anthony Santander": 0.1116511673961136,
  "Gunnar Henderson": 0.10235638301187576,
  "Ryan O'Hearn": 0.07500622446789224,
  "Eloy Jimenez": 0.074515137731712,
  "Luis Robert Jr.": 0.07553170069865373,
  "Colton Cowser": 0.08174366336098488,
  "Andrew Vaughn": 0.07338801782935338,
  "Adley Rutschman": 0.07221375748264353,
  "Cedric Mullins": 0.06805784539918362,
  "Miguel Vargas": 0.05904352805412503,
  "Jackson Holliday": 0.06059517765187383,
  "Gavin Sheets": 0.05715014178027381,
  "Korey Lee": 0.05592912431147725,
  "Corey Julks": 0.05523800796728163,
  "Lenyn Sosa": 0.05325472285477915,
  "Emmanuel Rivera": 0.0472463038844677,
  "Andrew Benintendi": 0.0485566163544887,
  "Jacob Amaya": 0.04761151149201402,
  "Austin Slater": 0.023047563123899002,
  "Dominic Fletcher": 0.037037037037037035,
  "Jake Burger": 0.13112548313132896,
  "Joey Gallo": 0.11271739955950483,
  "Andr\u00e9s Chaparro": 0.08527280457170482,
  "Jose Tena": 0.0709733606806486,
  "Dylan Crews": 0.07571324663772282,
  "Connor Norby": 0.08097954571625246,
  "CJ Abrams": 0.07689220679409377,
  "James Wood": 0.07456031019035674,
  "Keibert Ruiz": 0.060760142997359184,
  "Luis Garcia Jr.": 0.06086756744257464,
  "Cristian Pache": 0.05503468797059203,
  "Kyle Stowers": 0.05868938934896669,
  "Jesus Sanchez": 0.06603755749504008,
  "Jonah Bride": 0.05410851191486296,
  "Nick Fortes": 0.060176473024155144,
  "Otto Lopez": 0.05026748290979657,
  "Xavier Edwards": 0.0340037644892211,
  "Jacob Young": 0.04449017843754686,
  "Ildemaro Vargas": 0.049999999999999996,
  "Juan Yepez": 0.08392857142857142,
  "Derek Hill": 0.060000000000000005,
  "Christopher Morel": 0.09846745308515542,
  "Brandon Lowe": 0.11079010619698831,
  "Josh Lowe": 0.09595447303349758,
  "Ryan Jeffers": 0.09687965695743332,
  "Junior Caminero": 0.08620273082954912,
  "Jose Miranda": 0.09614692167766542,
  "Royce Lewis": 0.09542870423767438,
  "Carlos Santana": 0.08175089557851141,
  "Jonny Deluca": 0.07219629636677692,
  "Brooks Lee": 0.06929168483368264,
  "Jonathan Aranda": 0.07359744562575299,
  "Jose Siri": 0.06650666676119378,
  "Kyle Farmer": 0.05540252748463892,
  "Willi Castro": 0.057084430523513426,
  "Jose Caballero": 0.06683466206995618,
  "Austin Martin": 0.059565291220920365,
  "Max Kepler": 0.060000000000000005,
  "Yandy Diaz": 0.08392857142857142,
  "Christian Vazquez": 0.08392857142857142,
  "Trevor Larnach": 0.13333333333333333,
  "Matt Wallner": 0.08392857142857142,
  "Edouard Julien": 0.060000000000000005,
  "Dylan Carlson": 0.060000000000000005,
  "Kyle Schwarber": 0.13692329049485027,
  "Bryce Harper": 0.11385457192146262,
  "Vladimir Guerrero Jr.": 0.10225049991151038,
  "George Springer": 0.09337152997233167,
  "Daulton Varsho": 0.08292506617913215,
  "Trea Turner": 0.07881183745863032,
  "J.T. Realmuto": 0.06366610757894003,
  "Brandon Marsh": 0.07418849023695992,
  "Will Wagner": 0.06578898590930676,
  "Nick Castellanos": 0.06442855119614926,
  "Spencer Horwitz": 0.05928086575145399,
  "Addison Barger": 0.06300483127298846,
  "Alejandro Kirk": 0.05794587450542117,
  "Bryson Stott": 0.0561916796262971,
  "Joey Loperfido": 0.05564777771855805,
  "Ernie Clement": 0.054602098743424886,
  "Edmundo Sosa": 0.053773491732039054,
  "Johan Rojas": 0.05964912280701754,
  "Alec Bohm": 0.060000000000000005,
  "Francisco Lindor": 0.12643542827961385,
  "Pete Alonso": 0.12022023399011733,
  "Mark Vientos": 0.11356964417099934,
  "Brandon Nimmo": 0.10205478263320931,
  "Tyler O'Neill": 0.09938119539430129,
  "Danny Jansen": 0.08739175721266071,
  "Rafael Devers": 0.07606130589848364,
  "Jeff McNeil": 0.0745353267221684,
  "Francisco Alvarez": 0.07380350862414142,
  "Romy Gonzalez": 0.056744824267026664,
  "Masataka Yoshida": 0.051192704453395584,
  "Starling Marte": 0.06970055161544524,
  "Jarren Duran": 0.054055208261751024,
  "Jesse Winker": 0.06167383269766014,
  "Rob Refsnyder": 0.057608196029248666,
  "Ceddanne Rafaela": 0.06168616915827012,
  "Jose Iglesias": 0.04859456451274023,
  "Nick Sogard": 0.075,
  "Connor Wong": 0.04275482093663912,
  "Wilyer Abreu": 0.09761904761904762,
  "Triston Casas": 0.07361111111111111,
  "Harrison Bader": 0.07361111111111111,
  "Luis Torrens": 0.060000000000000005,
  "Marcell Ozuna": 0.13486170399211359,
  "Jorge Soler": 0.13453726796744397,
  "Sean Murphy": 0.1133586671948741,
  "Matt Olson": 0.10378697376891209,
  "Michael Toglia": 0.08902715813918874,
  "Ram\u00f3n Laureano": 0.08587165367535658,
  "Orlando Arcia": 0.08050065024552605,
  "Michael Harris II": 0.07314149769738147,
  "Ezequiel Tovar": 0.06578446949710098,
  "Hunter Goodman": 0.07230640780570931,
  "Brenton Doyle": 0.06708591403424376,
  "Jordan Beck": 0.058691513099377667,
  "Brendan Rodgers": 0.05906804437955855,
  "Jacob Stallings": 0.05567363192298751,
  "Whit Merrifield": 0.05060170812924145,
  "Gio Urshela": 0.05400622798613639,
  "Drew Romo": 0.07237199582027169,
  "Aaron Schunk": 0.06318681318681318,
  "Sam Hilliard": 0.10757575757575757,
  "Ryan McMahon": 0.07361111111111111,
  "Charlie Blackmon": 0.060000000000000005,
  "Adam Duvall": 0.13333333333333333,
  "Travis d'Arnaud": 0.13333333333333333,
  "Nolan Jones": 0.060000000000000005,
  "Jarred Kelenic": 0.08392857142857142,
  "Jake Cave": 0.08392857142857142,
  "Oneil Cruz": 0.10211626287942077,
  "Rowdy Tellez": 0.10451045201045202,
  "Christian Bethancourt": 0.081644656952034,
  "Seiya Suzuki": 0.07532558097998607,
  "Connor Joe": 0.06525771984105318,
  "Yasmani Grandal": 0.0816704096633674,
  "Andrew McCutchen": 0.08146593541035016,
  "Isaac Paredes": 0.0718739331843587,
  "Ian Happ": 0.07486002423234926,
  "Bryan Reynolds": 0.08386167024949515,
  "Michael Busch": 0.059910428748043414,
  "Dansby Swanson": 0.06390729927548,
  "Cody Bellinger": 0.06290969180259341,
  "Nick Gonzales": 0.056006723951528295,
  "Pete Crow-Armstrong": 0.06667161814220639,
  "Jared Triolo": 0.06115702479338843,
  "Isiah Kiner-Falefa": 0.05093436703811979,
  "Nico Hoerner": 0.04517169357999157,
  "Miguel Amaya": 0.05234567901234568,
  "Bryan De La Cruz": 0.08392857142857142,
  "Bobby Witt Jr.": 0.10501576699670166,
  "Salvador Perez": 0.10471637836484976,
  "Jose Ramirez": 0.08516330212497693,
  "Josh Naylor": 0.07958455396368078,
  "Kyle Manzardo": 0.06447304798961986,
  "Paul DeJong": 0.07552153842972066,
  "MJ Melendez": 0.08312546782617204,
  "Michael Massey": 0.07987932667230854,
  "Daniel Schneemann": 0.04909925604638693,
  "Bo Naylor": 0.0649653639543107,
  "Tommy Pham": 0.06223161134734337,
  "Freddy Fermin": 0.061553050875825105,
  "Maikel Garcia": 0.05488226896147818,
  "Kyle Isbel": 0.05447175993027949,
  "Andres Gimenez": 0.04862969811645308,
  "Will Brennan": 0.0658974358974359,
  "Brayan Rocchio": 0.044521598112929384,
  "Steven Kwan": 0.045680751949253334,
  "Jhonkensy Noel": 0.09761904761904762,
  "Dairon Blanco": 0.07361111111111111,
  "Garrett Hampson": 0.049999999999999996,
  "David Fry": 0.10757575757575757,
  "Rhys Hoskins": 0.11051153073474883,
  "Brewer Hicklen": 0.11051349724328809,
  "Gary Sanchez": 0.13217133743449533,
  "Willy Adames": 0.10235273715068996,
  "Paul Goldschmidt": 0.09293964820858074,
  "Alec Burleson": 0.08868063474315892,
  "William Contreras": 0.09400603845695622,
  "Jackson Chourio": 0.07696190845951477,
  "Pedro Pages": 0.059956807429973856,
  "Lars Nootbaar": 0.06816570265803425,
  "Jordan Walker": 0.06803160611554143,
  "Blake Perkins": 0.054848645462277766,
  "Nolan Arenado": 0.06954322745432383,
  "Brendan Donovan": 0.0597365064135501,
  "Joey Ortiz": 0.05963531130381136,
  "Masyn Winn": 0.05177396649837557,
  "Brice Turang": 0.04545818339250571,
  "Michael Siani": 0.0448582995951417,
  "Matt Carpenter": 0.060000000000000005,
  "Sal Frelick": 0.060000000000000005,
  "Aaron Judge": 0.2129017818188941,
  "Giancarlo Stanton": 0.16925921072868122,
  "Juan Soto": 0.11989295614532006,
  "Adolis Garcia": 0.11229441341580552,
  "Gleyber Torres": 0.10011736291080059,
  "Marcus Semien": 0.1018036619119409,