{
  "Yordan Alvarez": 0.17919319072105722,
  "Yainer Diaz": 0.08984551513650489,
  "Jon Singleton": 0.07950872401737422,
  "Jeremy Pena": 0.07355168400527766,
  "Jason Heyward": 0.08826096560084618,
  "Elly De La Cruz": 0.07991189489930615,
  "Alex Bregman": 0.0823354641446973,
  "Tyler Stephenson": 0.07133974912059468,
  "Spencer Steer": 0.07268908116787143,
  "Jose Altuve": 0.07016290776334874,
  "Jonathan India": 0.06879267120981764,
  "Chas McCormick": 0.06469303285572753,
  "Ty France": 0.05873179483846156,
  "TJ Friedl": 0.06048858165637962,
  "Jake Fraley": 0.049366777005004754,
  "Ben Gamel": 0.05757000118027997,
  "Amed Rosario": 0.0616657824933687,
  "Santiago Espinal": 0.05576470588235294,
  "Mauricio Dubon": 0.060000000000000005,
  "Noelvi Marte": 0.07361111111111111,
  "Victor Caratini": 0.07361111111111111,
  "Matt Wallner": 0.10085540184453227,
  "Royce Lewis": 0.1097768879992431,
  "Brandon Lowe": 0.08593357364207846,
  "Ryan Jeffers": 0.06806945080588492,
  "Josh Lowe": 0.07402123956290622,
  "Christopher Morel": 0.07026566325831032,
  "Carlos Santana": 0.06809905779183625,
  "Jose Miranda": 0.06903811676167675,
  "Trevor Larnach": 0.06804962282110831,
  "Junior Caminero": 0.07201861370508235,
  "Edouard Julien": 0.056322982960432,
  "Yandy Diaz": 0.057806554010175884,
  "Jose Siri": 0.05060812747277435,
  "Jonny Deluca": 0.0577293734962327,
  "Logan Driscoll": 0.05564784506273868,
  "Willi Castro": 0.056858415963288486,
  "Taylor Walls": 0.04479360763349671,
  "Austin Martin": 0.04988740802888236,
  "Max Kepler": 0.060000000000000005,
  "Christian Vazquez": 0.07361111111111111,
  "Dylan Carlson": 0.05234567901234568,
  "Jose Caballero": 0.07361111111111111,
  "Seth Brown": 0.08416054030051898,
  "J.P. Crawford": 0.09761904761904762,
  "Brent Rooker": 0.09209280479868716,
  "Cal Raleigh": 0.14482179869615505,
  "Julio Rodriguez": 0.10151272811922714,
  "Lawrence Butler": 0.09206600289377245,
  "JJ Bleday": 0.07403995070388805,
  "Josh Rojas": 0.061492133896166166,
  "Zack Gelof": 0.05421099950888071,
  "Luke Raley": 0.10047436016197948,
  "Jorge Polanco": 0.10292534454373195,
  "Daz Cameron": 0.060000000000000005,
  "Victor Robles": 0.05899396455701268,
  "Justin Turner": 0.060959090003242636,
  "Randy Arozarena": 0.09761904761904762,
  "Mitch Haniger": 0.08331541409410262,
  "Kyle McCann": 0.06928671969288215,
  "Tristan Gray": 0.06726668599874341,
  "Leo Rivas": 0.0688590889740315,
  "Jacob Wilson": 0.04458500249224414,
  "Max Schuemann": 0.04001473779596804,
  "Tyler Nevin": 0.03333333333333333,
  "Matt Chapman": 0.1006497766630952,
  "Christian Walker": 0.07041368687715518,
  "Mike Yastrzemski": 0.08976334912974868,
  "Tyler Fitzgerald": 0.07044083936819297,
  "Eugenio Suarez": 0.0596753713675061,
  "Heliot Ramos": 0.06711746217856149,
  "Michael Conforto": 0.063667772920564,
  "Randal Grichuk": 0.05810388195161627,
  "Corbin Carroll": 0.051433538137160006,
  "LaMonte Wade Jr.": 0.05381439108651102,
  "Grant McCray": 0.056088427382073355,
  "Patrick Bailey": 0.04377508911497819,
  "Brett Wisely": 0.03766534966156242,
  "Josh Bell": 0.061401879773972795,
  "Adrian Del Castillo": 0.050394798511520365,
  "Jake McCarthy": 0.04599114245240431,
  "Kevin Newman": 0.03128289473684211,
  "Geraldo Perdomo": 0.03886243386243386,
  "Curt Casali": 0.049999999999999996,
  "Joc Pederson": 0.15,
  "Marco Luciano": 0.1,
  "J.T. Realmuto": 0.09293463556212463,
  "Bryce Harper": 0.11176341050254095,
  "Nick Fortes": 0.0605668813944676,
  "Alec Bohm": 0.07361111111111111,
  "Nick Castellanos": 0.07705470586148021,
  "Jesus Sanchez": 0.13333333333333333,
  "Brandon Marsh": 0.0713705840786297,
  "Bryson Stott": 0.05971947548735931,
  "Kyle Schwarber": 0.15741547854363286,
  "Trea Turner": 0.10197057300300863,
  "Jake Burger": 0.08828913695786242,
  "Derek Hill": 0.05282051282051282,
  "Otto Lopez": 0.04691050239229171,
  "Kyle Stowers": 0.05681257578376453,
  "Jonah Bride": 0.05210542699766838,
  "Connor Norby": 0.06211707729692343,
  "Xavier Edwards": 0.046082788249842625,
  "Kody Clemens": 0.10290697674418604,
  "David Hensley": 0.048595937179924886,
  "Johan Rojas": 0.06746031746031746,
  "Cristian Pache": 0.057525998905309246,
  "Andrew McCutchen": 0.07361111111111111,
  "Keibert Ruiz": 0.05962712219497812,
  "Luis Garcia Jr.": 0.08392857142857142,
  "Oneil Cruz": 0.0958081121776774,
  "Bryan Reynolds": 0.07877620739915822,
  "CJ Abrams": 0.07361111111111111,
  "Ildemaro Vargas": 0.059793402336505784,
  "Nick Gonzales": 0.054673998522228665,
  "Rowdy Tellez": 0.07246475046507057,
  "Jacob Young": 0.0456972901375414,
  "James Wood": 0.06367225866349796,
  "Yasmani Grandal": 0.0586213503353963,
  "Juan Yepez": 0.08036342744606889,
  "Bryan De La Cruz": 0.07361111111111111,
  "Andr\u00e9s Chaparro": 0.07975056610634534,
  "Isiah Kiner-Falefa": 0.04675822841753673,
  "Jared Triolo": 0.055848386425944176,
  "Dylan Crews": 0.07394790187397716,
  "Connor Joe": 0.059947532215573446,
  "Jose Tena": 0.05017310709194354,
  "Billy McKinney": 0.05042725792725793,
  "Nasim Nunez": 0.06227106227106227,
  "Jorge Soler": 0.1386083630155336,
  "Marcell Ozuna": 0.1395732525788252,
  "Matt Olson": 0.10813213193629263,
  "Sean Murphy": 0.10506350973723563,
  "Ram\u00f3n Laureano": 0.08886825439018423,
  "Orlando Arcia": 0.0768949000656747,
  "Michael Toglia": 0.072172696359165,
  "Michael Harris II": 0.07549533449917445,
  "Brenton Doyle": 0.06985083653714352,
  "Ryan McMahon": 0.06250227752207951,
  "Ezequiel Tovar": 0.06650660209165807,
  "Charlie Blackmon": 0.05955743322523118,
  "Luke Williams": 0.054556110100117176,
  "Nolan Jones": 0.05786211378884416,
  "Brendan Rodgers": 0.05474181490202621,
  "Hunter Goodman": 0.062453739873276855,
  "Gio Urshela": 0.04886009596630659,
  "Jordan Beck": 0.05731712904126698,
  "Sam Hilliard": 0.08392857142857142,
  "Adam Duvall": 0.13333333333333333,
  "Travis d'Arnaud": 0.13333333333333333,
  "Jarred Kelenic": 0.09761904761904762,
  "Jake Cave": 0.08392857142857142,
  "Jacob Stallings": 0.060000000000000005,
  "Whit Merrifield": 0.060000000000000005,
  "Jo Adell": 0.13022687831952995,
  "Adolis Garcia": 0.1201280663748983,
  "Wyatt Langford": 0.09983128792699657,
  "Kevin Pillar": 0.13200281273612494,
  "Zach Neto": 0.10071263829941758,
  "Taylor Ward": 0.09738693823458709,
  "Brandon Drury": 0.09704084706338692,
  "Marcus Semien": 0.08446304927179243,
  "Charles Leblanc": 0.11063382813940623,
  "Josh Jung": 0.08301958262886054,
  "Carson Kelly": 0.08124157771216595,
  "Josh Smith": 0.061242856399167225,
  "Nathaniel Lowe": 0.06251038659376615,
  "Jonah Heim": 0.06986292058981232,
  "Matt Thaiss": 0.0765791454161998,
  "Leody Taveras": 0.06077414661195016,
  "Nolan Schanuel": 0.05541621292096779,
  "Michael Stefanic": 0.06373383109015293,
  "Logan O'Hoppe": 0.09038486312399356,
  "Anthony Rendon": 0.09761904761904762,
  "Ezequiel Duran": 0.049999999999999996,
  "Mickey Moniak": 0.08392857142857142,
  "Fernando Tatis Jr.": 0.11012827603719683,
  "Spencer Torkelson": 0.11773684045423177,
  "Manny Machado": 0.1024290616216082,
  "Jackson Merrill": 0.08607132776830065,
  "Jake Cronenworth": 0.07921584203061557,
  "Jake Rogers": 0.09945553957284163,
  "Justyn-Henry Malloy": 0.08492009004040366,
  "Riley Greene": 0.07201652127694731,
  "Jurickson Profar": 0.07589696240260277,
  "Andy Ibanez": 0.08243461604682177,
  "Elias Diaz": 0.07061504152413242,
  "Matt Vierling": 0.07224679615156247,
  "Xander Bogaerts": 0.05527932395525885,
  "Parker Meadows": 0.061963726577577406,
  "Colt Keith": 0.05796970255458346,
  "Ryan Kreidler": 0.0816312881651643,
  "Mason McCoy": 0.06905483405483406,
  "Luis Arraez": 0.050639256074038685,
  "Kerry Carpenter": 0.15,
  "Zach McKinstry": 0.060000000000000005,
  "Kyle Higashioka": 0.08392857142857142,
  "David Peralta": 0.08392857142857142,
  "Trey Sweeney": 0.09761904761904762,
  "Jace Jung": 0.060000000000000005
}