{
  "Aaron Hicks": 0.09260776317178757,
  "Adley Rutschman": 0.10287024285745514,
  "Anthony Rendon": 0.09508928972046485,
  "Anthony Santander": 0.15596829598364126,
  "Austin Hays": 0.0912323485693051,
  "Brandon Drury": 0.11228334673456623,
  "Cedric Mullins": 0.09165969899665552,
  "Gunnar Henderson": 0.12483444273766856,
  "Jordan Westburg": 0.10555590750712703,
  "Jorge Mateo": 0.07286962961235248,
  "Logan O'Hoppe": 0.11735582419740616,
  "Mike Trout": 0.1554462422984355,
  "Nolan Schanuel": 0.06732754640317666,
  "Ramon Urias": 0.07718418197318454,
  "Ryan Mountcastle": 0.1257868236900495,
  "Taylor Ward": 0.10860849217735875,
  "Zach Neto": 0.08719442366187394,
  "Mickey Moniak": 0.07349033816425121,
  "Luis Rengifo": 0.05990196078431373,
  "Andrew Benintendi": 0.09495114598089427,
  "Andrew Vaughn": 0.1393228157601518,
  "Andy Ibanez": 0.14017693709449983,
  "Eloy Jimenez": 0.15629624449470508,
  "Jake Rogers": 0.1559974665857019,
  "Javier Baez": 0.12827878729839515,
  "Kevin Pillar": 0.13733998038145503,
  "Luis Robert Jr.": 0.17764678100137468,
  "Mark Canha": 0.14674954674954674,
  "Martin Maldonado": 0.11163599706517195,
  "Matt Vierling": 0.11048439132624813,
  "Paul DeJong": 0.11538997368530986,
  "Riley Greene": 0.13681624338515833,
  "Spencer Torkelson": 0.22545080815645538,
  "Yoan Moncada": 0.10260931168859556,
  "Parker Meadows": 0.10532892641714435,
  "Colt Keith": 0.12959678890713372,
  "Nicky Lopez": 0.056172164517981106,
  "Kerry Carpenter": 0.11126984126984127,
  "Zach McKinstry": 0.1,
  "Gavin Sheets": 0.07349033816425121,
  "Christian Encarnacion-Strand": 0.20546976314718465,
  "CJ Abrams": 0.1370933780024689,
  "Eddie Rosario": 0.14153951875752094,
  "Elly De La Cruz": 0.15661416487375943,
  "Jake Fraley": 0.1472675472675473,
  "Jeimer Candelario": 0.16358617228182445,
  "Jesse Winker": 0.12612354126691044,
  "Joey Gallo": 0.20918711403883253,
  "Joey Meneses": 0.12998737373737373,
  "Jonathan India": 0.15770468866012005,
  "Keibert Ruiz": 0.11974281543160736,
  "Lane Thomas": 0.1633245500973629,
  "Luis Garcia Jr.": 0.09383531374808464,
  "Nick Martini": 0.13239347285168399,
  "Nick Senzel": 0.11366137666515912,
  "Spencer Steer": 0.14312757201646092,
  "Tyler Stephenson": 0.12165614154861466,
  "Will Benson": 0.16139689926996958,
  "Victor Robles": 0.05990196078431373,
  "Aaron Judge": 0.23931952267615966,
  "Alex Bregman": 0.15236322855888074,
  "Alex Verdugo": 0.07859844255566181,
  "Anthony Rizzo": 0.11256870819281149,
  "Anthony Volpe": 0.11876589354917529,
  "Chas McCormick": 0.14337477973172222,
  "Giancarlo Stanton": 0.18087865740401884,
  "Gleyber Torres": 0.156402794092809,
  "Jake Meyers": 0.10511172852158027,
  "Jeremy Pena": 0.10877134051452558,
  "Jose Abreu": 0.16412233269376125,
  "Jose Altuve": 0.17790695225458605,
  "Jose Trevino": 0.07437164143046496,
  "Juan Soto": 0.1444122544122544,
  "Kyle Tucker": 0.1651875901875902,
  "Oswaldo Cabrera": 0.07477421791999797,
  "Yainer Diaz": 0.1510398297354819,
  "Yordan Alvarez": 0.20786903155324207,
  "Adam Frazier": 0.06599172845285084,
  "Bobby Witt Jr.": 0.131492453906247,
  "Byron Buxton": 0.1891179185594688,
  "Carlos Correa": 0.13817419686200438,
  "Carlos Santana": 0.10835046509365016,
  "Hunter Renfroe": 0.11103002109262707,
  "Kyle Farmer": 0.09354874909009607,
  "Kyle Isbel": 0.08031450101658831,
  "Maikel Garcia": 0.09048532194985284,
  "Manuel Margot": 0.10027324341993726,
  "Max Kepler": 0.1302853711944621,
  "MJ Melendez": 0.13307169021454737,
  "Nelson Velazquez": 0.12725506816415907,
  "Royce Lewis": 0.13915528915528916,
  "Ryan Jeffers": 0.15239192386183212,
  "Salvador Perez": 0.1442790681438806,
  "Vinnie Pasquantino": 0.116050431460631,
  "Willi Castro": 0.08902719028577152,
  "Alex Kirilloff": 0.05990196078431373,
  "Freddy Fermin": 0.07349033816425121,
  "Nick Loftin": 0.05990196078431373,
  "Alec Burleson": 0.10518562921326231,
  "Brendan Donovan": 0.09415943877860329,
  "Freddie Freeman": 0.16292829825297359,
  "Gavin Lux": 0.10022514614653528,
  "James Outman": 0.16256164831727088,
  "Jason Heyward": 0.1051105686016172,
  "Jordan Walker": 0.10365548773477161,
  "Masyn Winn": 0.07391254873933321,
  "Max Muncy": 0.21175636019037425,
  "Mookie Betts": 0.18221617954238276,
  "Nolan Arenado": 0.1619282365693849,
  "Nolan Gorman": 0.16592036154744258,
  "Paul Goldschmidt": 0.1476161565640707,
  "Shohei Ohtani": 0.2646586924661791,
  "Teoscar Hernandez": 0.170150801579373,
  "Victor Scott II": 0.08141565358956664,
  "Will Smith": 0.15450257310167892,
  "Willson Contreras": 0.12597651390754838,
  "Andrew McCutchen": 0.13835904911724584,
  "Bryan De La Cruz": 0.13164031254940345,
  "Bryan Reynolds": 0.11154580164252158,
  "Connor Joe": 0.11351459974591367,
  "Henry Davis": 0.1195628281548459,
  "Jake Burger": 0.15304106538053885,
  "Jared Triolo": 0.08019927913673554,
  "Jazz Chisholm Jr.": 0.14297702531814288,
  "Jesus Sanchez": 0.10477128227161879,
  "Josh Bell": 0.13370763495763496,
  "Ke'Bryan Hayes": 0.10772356962333274,
  "Luis Arraez": 0.06820530382396507,
  "Michael A. Taylor": 0.12002697763066426,
  "Nick Fortes": 0.08843904287008093,
  "Nick Gordon": 0.09274551320830812,
  "Oneil Cruz": 0.12040628796916172,
  "Rowdy Tellez": 0.1137987012987013,
  "Tim Anderson": 0.06293875758378802,
  "Avisail Garcia": 0.08377613240418118,
  "Fernando Tatis Jr.": 0.1547024432893998,
  "Ha-Seong Kim": 0.06618862074744428,
  "Jackson Merrill": 0.07897967422721607,
  "Jake Cronenworth": 0.07878764729032109,
  "Jorge Soler": 0.1858299488052556,
  "Jung Hoo Lee": 0.07821937866055513,
  "Jurickson Profar": 0.07194044832787226,
  "LaMonte Wade Jr.": 0.13001245242624554,
  "Luis Campusano": 0.07317839023721377,
  "Manny Machado": 0.1179369015820086,
  "Matt Chapman": 0.1587812573803632,
  "Michael Conforto": 0.11299699629233247,
  "Mike Yastrzemski": 0.15353462362048978,
  "Patrick Bailey": 0.09951357701391354,
  "Thairo Estrada": 0.0915228538429247,
  "Xander Bogaerts": 0.08363820813251178,
  "Tyler Wade": 0.05870852388931585,
  "Alejandro Kirk": 0.0913996469748498,
  "Bo Bichette": 0.09772677946996455,
  "Brandon Lowe": 0.18279624102605468,
  "Cavan Biggio": 0.09040159339152071,
  "Daulton Varsho": 0.1664987159305341,
  "George Springer": 0.12411607132825152,
  "Harold Ramirez": 0.11311777434908828,
  "Isaac Paredes": 0.13959416062864338,
  "Isiah Kiner-Falefa": 0.06955773106099904,
  "Jose Caballero": 0.08482053738970735,
  "Jose Siri": 0.14109214018304927,
  "Justin Turner": 0.1263892672983582,
  "Kevin Kiermaier": 0.09115851177193172,
  "Randy Arozarena": 0.1378207903207903,
  "Rene Pinto": 0.11083710646120976,
  "Richie Palacios": 0.10670746417367273,
  "Vladimir Guerrero Jr.": 0.1524889924889925,
  "Yandy Diaz": 0.13192779849671343,
  "Adolis Garcia": 0.19606155503638617,
  "Christopher Morel": 0.1535028190200604,
  "Cody Bellinger": 0.14573209242639923,
  "Corey Seager": 0.20567173939266964,
  "Dansby Swanson": 0.13982401933221605,
  "Evan Carter": 0.09571640761510597,
  "Ezequiel Duran": 0.1129401741714881,
  "Ian Happ": 0.13392659333695664,
  "Jonah Heim": 0.14428703346464408,
  "Josh Jung": 0.14651781475580103,
  "Leody Taveras": 0.08887194330298137,
  "Marcus Semien": 0.15687620679715542,
  "Michael Busch": 0.11692839469634751,
  "Nico Hoerner": 0.08538420297313577,
  "Seiya Suzuki": 0.1363697503070863,
  "Wyatt Langford": 0.15166885467637345,
  "Yan Gomes": 0.09230412190108063,
  "Nick Madrigal": 0.0633396554449186,
  "Mike Tauchman": 0.05990196078431373,
  "Andres Gimenez": 0.08204044195321283,
  "Austin Hedges": 0.08724216432290967,
  "Brayan Rocchio": 0.08712614270134553,
  "Brent Rooker": 0.14227867643233716,
  "David Fry": 0.140159311587883,
  "J.D. Davis": 0.09949660052634882,
  "JJ Bleday": 0.12244454891513713,
  "Jose Ramirez": 0.15632285882724986,
  "Josh Naylor": 0.1145924852165885,
  "Lawrence Butler": 0.11145622523331501,
  "Ramon Laureano": 0.12763347763347763,
  "Ryan Noda": 0.12641526408649695,
  "Seth Brown": 0.1353699548781516,