{
  "Jo Adell": 0.09184992383963028,
  "Taylor Ward": 0.08783405939659161,
  "Spencer Torkelson": 0.09295128681521493,
  "Zach Neto": 0.0850206220794456,
  "Kerry Carpenter": 0.08127156273252624,
  "Riley Greene": 0.07906598347717542,
  "Mickey Moniak": 0.08402422263074927,
  "Parker Meadows": 0.07191428718531308,
  "Jace Jung": 0.07689779749063903,
  "Matt Thaiss": 0.06130632463965797,
  "Dillon Dingler": 0.07460928632545794,
  "Trey Sweeney": 0.06744556490281063,
  "Colt Keith": 0.055520315707093974,
  "Anthony Rendon": 0.06091641349622212,
  "Niko Kavadas": 0.07276436339827434,
  "Nolan Schanuel": 0.04700317100090204,
  "Zach McKinstry": 0.0706140350877193,
  "Michael Stefanic": 0.05251748576739863,
  "Jake Rogers": 0.09761904761904762,
  "Brandon Drury": 0.08392857142857142,
  "Matt Vierling": 0.08392857142857142,
  "Logan O'Hoppe": 0.10757575757575757,
  "Kevin Pillar": 0.07361111111111111,
  "Corey Seager": 0.1625126794330796,
  "Adolis Garcia": 0.13266916136276108,
  "Marcus Semien": 0.10262114405865118,
  "Luis Robert Jr.": 0.09526722348674341,
  "Josh Jung": 0.09268544296860802,
  "Jonah Heim": 0.09153359294390163,
  "Andrew Vaughn": 0.07864553461816413,
  "Nathaniel Lowe": 0.08077798900462364,
  "Gavin Sheets": 0.07184451911724639,
  "Josh Smith": 0.10636987454914626,
  "Wyatt Langford": 0.110198161116592,
  "Leody Taveras": 0.09579037309513104,
  "Andrew Benintendi": 0.07043028269769126,
  "Miguel Vargas": 0.06830421781307058,
  "Korey Lee": 0.05973868095216687,
  "Lenyn Sosa": 0.060633534397346575,
  "Dominic Fletcher": 0.04343321200360708,
  "Nicky Lopez": 0.04680114345771498,
  "Ezequiel Duran": 0.07361111111111111,
  "Robbie Grossman": 0.08392857142857142,
  "Rhys Hoskins": 0.10875204725576292,
  "Matt Chapman": 0.12391423119060806,
  "Willy Adames": 0.09849941044221538,
  "Michael Conforto": 0.10177153624164795,
  "William Contreras": 0.09274595526066945,
  "Gary Sanchez": 0.10805725964617108,
  "Grant McCray": 0.08861535010931389,
  "LaMonte Wade Jr.": 0.08730033744387812,
  "Jerar Encarnaci\u00f3n": 0.10487867047006831,
  "Heliot Ramos": 0.08447449306440023,
  "Tyler Fitzgerald": 0.0872621266499632,
  "Jackson Chourio": 0.0787364386083757,
  "Patrick Bailey": 0.0815997815997816,
  "Thairo Estrada": 0.06892011497274655,
  "Garrett Mitchell": 0.06458993353321024,
  "Joey Ortiz": 0.05444522779427949,
  "Brice Turang": 0.0499658040285333,
  "Blake Perkins": 0.045182563981628544,
  "Mike Yastrzemski": 0.12000000000000001,
  "Curt Casali": 0.07361111111111111,
  "Sal Frelick": 0.060000000000000005,
  "Manny Machado": 0.09987865967631172,
  "Jackson Merrill": 0.09158293569496631,
  "Jurickson Profar": 0.07765985012639942,
  "Luken Baker": 0.0839313566764473,
  "Jake Cronenworth": 0.08971623185242374,
  "Paul Goldschmidt": 0.0846823688569783,
  "Alec Burleson": 0.08514997328774637,
  "Kyle Higashioka": 0.0827294339759086,
  "Lars Nootbaar": 0.0649924364630247,
  "Nolan Arenado": 0.07119510080473566,
  "Brendan Donovan": 0.05742371063699663,
  "David Peralta": 0.06552474846785993,
  "Ivan Herrera": 0.06249436882261831,
  "Masyn Winn": 0.04850976635866346,
  "Donovan Solano": 0.07700626959247649,
  "Victor Scott II": 0.06884702598988314,
  "Tyler Wade": 0.03939572144853571,
  "Luis Arraez": 0.05189295985404069,
  "Matt Carpenter": 0.07361111111111111,
  "Tommy Pham": 0.060000000000000005,
  "Luis Campusano": 0.07361111111111111,
  "Xander Bogaerts": 0.060000000000000005,
  "Ezequiel Tovar": 0.15712014034800673,
  "Michael Toglia": 0.1318869114392691,
  "Brenton Doyle": 0.1408442908994429,
  "Jake Burger": 0.13796772995754691,
  "Jesus Sanchez": 0.13266558650983343,
  "Brendan Rodgers": 0.11758878374798805,
  "Connor Norby": 0.1112116700902491,
  "Kyle Stowers": 0.10233203797191273,
  "Nolan Jones": 0.11643087669850549,
  "Ryan McMahon": 0.1186271263155343,
  "Jordan Beck": 0.1196813443594894,
  "Sam Hilliard": 0.1359316984901749,
  "Griffin Conine": 0.1298936307043268,
  "Derek Hill": 0.07198218973408231,
  "Drew Romo": 0.08412870912870914,
  "Otto Lopez": 0.0659957619367339,
  "Vidal Brujan": 0.05984234878580743,
  "Ali Sanchez": 0.06536728623236916,
  "Charlie Blackmon": 0.10757575757575757,
  "Nick Fortes": 0.07361111111111111,
  "Jonah Bride": 0.07361111111111111,
  "Jake Cave": 0.09761904761904762,
  "Jacob Stallings": 0.10757575757575757,
  "Pete Alonso": 0.10476251248447084,
  "Francisco Lindor": 0.11417476387815105,
  "Brandon Nimmo": 0.08999918605176291,
  "J. D. Martinez": 0.0881638949627952,
  "Eugenio Suarez": 0.0758290488298837,
  "Corbin Carroll": 0.0650953945536057,
  "Josh Bell": 0.06753774707236997,
  "Randal Grichuk": 0.0708773928553949,
  "Lourdes Gurriel Jr.": 0.06198529266640722,
  "Starling Marte": 0.06642334470019892,
  "Jesse Winker": 0.06008182139742432,
  "Jeff McNeil": 0.06328001739854411,
  "Luis Torrens": 0.06990894088874643,
  "Jose Iglesias": 0.06747793845012977,
  "Jake McCarthy": 0.0472819852422428,
  "Geraldo Perdomo": 0.04293019953859445,
  "Kevin Newman": 0.045299081424401116,
  "Jose Herrera": 0.03812520431513566,
  "Mark Vientos": 0.12000000000000001,
  "Francisco Alvarez": 0.07361111111111111,
  "Joc Pederson": 0.15,
  "Harrison Bader": 0.07361111111111111,
  "Adrian Del Castillo": 0.15,
  "Brent Rooker": 0.17574214771891883,
  "Seth Brown": 0.1248386593005979,
  "Lawrence Butler": 0.13335782983091915,
  "Elly De La Cruz": 0.12949128166519472,
  "JJ Bleday": 0.11355385153864311,
  "Spencer Steer": 0.11331355203295752,
  "Zack Gelof": 0.0988344334916615,
  "Tyler Stephenson": 0.1124547257680923,
  "Kyle McCann": 0.10710146620063604,
  "Jonathan India": 0.1060480891818357,
  "Will Benson": 0.12699643493761142,
  "Ty France": 0.0921243351038536,
  "TJ Friedl": 0.08865739911210045,
  "Dominic Smith": 0.07936412907473493,
  "Daz Cameron": 0.07433297415138412,
  "Max Schuemann": 0.06706298539739644,
  "Santiago Espinal": 0.05755484407199922,
  "Nick Allen": 0.057421500068558895,
  "Shea Langeliers": 0.17142857142857143,
  "Noelvi Marte": 0.08392857142857142,
  "Amed Rosario": 0.049999999999999996,
  "Kyle Schwarber": 0.10911203094798272,
  "Jorge Soler": 0.09897462693042626,
  "Marcell Ozuna": 0.1058291247984518,
  "Bryce Harper": 0.09213814214803474,
  "Matt Olson": 0.08874700274111812,
  "Trea Turner": 0.08255913130489136,
  "Travis d'Arnaud": 0.06893468129432419,
  "Nick Castellanos": 0.07012831981672983,
  "Austin Hays": 0.07088279102984986,
  "J.T. Realmuto": 0.06988133651731915,
  "Luke Williams": 0.05898565242843877,
  "Alec Bohm": 0.059621861062752995,
  "Ram\u00f3n Laureano": 0.06135229778227749,
  "Whit Merrifield": 0.045939599874306715,
  "Brandon Marsh": 0.05771257485488851,
  "Orlando Arcia": 0.06098346670459539,
  "Michael Harris II": 0.057760393597291994,
  "Bryson Stott": 0.05173733371973942,
  "Johan Rojas": 0.03571428571428571,
  "Gio Urshela": 0.051904761904761905,
  "Adam Duvall": 0.13333333333333333,
  "Sean Murphy": 0.09761904761904762,
  "Jarred Kelenic": 0.08392857142857142,
  "Tyler O'Neill": 0.10873509015501005,
  "Danny Jansen": 0.09965704376006061,
  "Vladimir Guerrero Jr.": 0.09754128280069635,
  "Daulton Varsho": 0.08249044291168314,
  "George Springer": 0.0828722118736245,
  "Wilyer Abreu": 0.08296525331736598,
  "Triston Casas": 0.07043178368920018,
  "Jarren Duran": 0.07723065820328773,
  "Addison Barger": 0.06706285334567728,
  "Ceddanne Rafaela": 0.0646553357815714,
  "Mickey Gasper": 0.09115578426723937,
  "Joey Loperfido": 0.06220879094792138,
  "Spencer Horwitz": 0.0606171087331802,
  "Ernie Clement": 0.05422160673761253,
  "Leo Jimenez": 0.048060587507278776,
  "Masataka Yoshida": 0.05296118610229654,
  "Brian Serven": 0.046843709707718346,
  "Nick Sogard": 0.046202125401795364,
  "Rafael Devers": 0.12000000000000001,
  "Connor Wong": 0.060000000000000005,
  "Alejandro Kirk": 0.060000000000000005,
  "Rob Refsnyder": 0.09761904761904762,
  "David Hamilton": 0.060000000000000005,
  "Yordan Alvarez": 0.1495874713073061,
  "Bobby Witt Jr.": 0.1009260688160944,