{
  "Alan Trejo": 0.09531285860400139,
  "Brendan Rodgers": 0.09580367427609138,
  "Brenton Doyle": 0.12294767398886393,
  "Bryan Reynolds": 0.11709129429892143,
  "Connor Joe": 0.1052127138696769,
  "Edward Olivares": 0.08867387587175007,
  "Elehuris Montero": 0.1382242164824866,
  "Elias Diaz": 0.13057132116120942,
  "Jack Suwinski": 0.1325522217412656,
  "Jacob Stallings": 0.08182692905672298,
  "Jordan Beck": 0.1115104965327516,
  "Ke'Bryan Hayes": 0.08692292515601095,
  "Oneil Cruz": 0.13243803764825093,
  "Rowdy Tellez": 0.11378827647185835,
  "Ryan McMahon": 0.11293420208452888,
  "Sean Bouchard": 0.12795836712674236,
  "Yasmani Grandal": 0.08562694096425777,
  "Charlie Blackmon": 0.07361111111111111,
  "Andrew McCutchen": 0.10757575757575757,
  "Ezequiel Tovar": 0.09761904761904762,
  "Jared Triolo": 0.060000000000000005,
  "Michael A. Taylor": 0.07361111111111111,
  "Joey Bart": 0.060000000000000005,
  "Alika Williams": 0.08391608391608392,
  "Aaron Judge": 0.1808957617002465,
  "Alex Verdugo": 0.06353381111963552,
  "Andy Ibanez": 0.11031228275452697,
  "Anthony Volpe": 0.08948505412844009,
  "Colt Keith": 0.08046780204914847,
  "Giancarlo Stanton": 0.13648979831208397,
  "Gleyber Torres": 0.09192808876066443,
  "Jake Rogers": 0.11997406291178057,
  "Javier Baez": 0.09267349247001774,
  "Jose Trevino": 0.0672669322237029,
  "Juan Soto": 0.1150159472969191,
  "Mark Canha": 0.09551473568811898,
  "Matt Vierling": 0.08517499472387,
  "Oswaldo Cabrera": 0.0573694700338732,
  "Parker Meadows": 0.0634502522493732,
  "Riley Greene": 0.09327439225729055,
  "Spencer Torkelson": 0.14825338893181134,
  "Anthony Rizzo": 0.07361111111111111,
  "Austin Wells": 0.09761904761904762,
  "Carson Kelly": 0.05007062146892655,
  "Kerry Carpenter": 0.07361111111111111,
  "Trent Grisham": 0.060000000000000005,
  "Jon Berti": 0.060568034220930496,
  "Wenceel Perez": 0.008264462809917356,
  "Vladimir Guerrero Jr.": 0.1645190993670889,
  "Alejandro Kirk": 0.09449569064230719,
  "CJ Abrams": 0.14267861538047874,
  "Daulton Varsho": 0.11093352731015436,
  "Justin Turner": 0.15447522546401313,
  "Jesse Winker": 0.10474862226353145,
  "Bo Bichette": 0.1177645691842226,
  "Davis Schneider": 0.14788100470122048,
  "George Springer": 0.13634663649579232,
  "Luis Garcia Jr.": 0.10149708474671741,
  "Nick Senzel": 0.10170336970219788,
  "Eddie Rosario": 0.11064560143805731,
  "Keibert Ruiz": 0.1071474202437977,
  "Joey Meneses": 0.09529241066279642,
  "Trey Lipscomb": 0.07922104614802486,
  "Ernie Clement": 0.08333333333333333,
  "Isiah Kiner-Falefa": 0.061486867314681885,
  "Jacob Young": 0.06512541443827993,
  "Riley Adams": 0.07361111111111111,
  "Danny Jansen": 0.17142857142857143,
  "Cavan Biggio": 0.05007062146892655,
  "Ildemaro Vargas": 0.05007062146892655,
  "Kevin Kiermaier": 0.06430629827688651,
  "Andres Gimenez": 0.07907022708312784,
  "Bo Naylor": 0.10856109272564349,
  "Brandon Drury": 0.1260853851128168,
  "Cole Tucker": 0.08182999933572016,
  "Estevan Florial": 0.09464883104410808,
  "Gabriel Arias": 0.09711902608943707,
  "Jo Adell": 0.09917469361913805,
  "Jose Ramirez": 0.12750487797138413,
  "Josh Naylor": 0.12303934182885107,
  "Matt Thaiss": 0.10098493141302929,
  "Mickey Moniak": 0.14493959559939873,
  "Nolan Schanuel": 0.0697183024496078,
  "Ramon Laureano": 0.12003211160936743,
  "Taylor Ward": 0.11246212040071689,
  "Tyler Freeman": 0.07726635516707286,
  "Will Brennan": 0.08505849776267,
  "Willie Calhoun": 0.09194604978099762,
  "Zach Neto": 0.10370755080408173,
  "Luis Rengifo": 0.10757575757575757,
  "Brayan Rocchio": 0.060000000000000005,
  "Steven Kwan": 0.057063492063492066,
  "Logan O'Hoppe": 0.10757575757575757,
  "David Fry": 0.08392857142857142,
  "Alex Jackson": 0.10582170999401977,
  "Amed Rosario": 0.06350690745972203,
  "Brandon Nimmo": 0.11819321289039598,
  "Brett Baty": 0.08581264861907631,
  "DJ Stewart": 0.13922825192308375,
  "Francisco Lindor": 0.15032829241187515,
  "Harrison Bader": 0.082634132991608,
  "Isaac Paredes": 0.11150856406233631,
  "Jeff McNeil": 0.08067472603076319,
  "Jonny Deluca": 0.09754400264982893,
  "Jose Caballero": 0.08104917620609023,
  "Jose Siri": 0.09221006840540752,
  "Omar Narvaez": 0.06902248556015327,
  "Pete Alonso": 0.14594298098255054,
  "Randy Arozarena": 0.11060743781594203,
  "Richie Palacios": 0.09720042744032294,
  "Starling Marte": 0.09921149852409712,
  "Yandy Diaz": 0.10187385090229917,
  "Harold Ramirez": 0.060000000000000005,
  "Curtis Mead": 0.05007062146892655,
  "Tyrone Taylor": 0.10757575757575757,
  "Joey Wendle": 0.05007062146892655,
  "J. D. Martinez": 0.12000000000000001,
  "Ben Rortvedt": 0.09523809523809523,
  "Alex Kirilloff": 0.11911623231746366,
  "Carlos Correa": 0.12470528305020522,
  "Carlos Santana": 0.10863244499049264,
  "Ceddanne Rafaela": 0.08166369716862548,
  "Dominic Smith": 0.08097084443499905,
  "Edouard Julien": 0.11220956226197927,
  "Jarren Duran": 0.09428164569748368,
  "Jose Miranda": 0.08960522231556398,
  "Max Kepler": 0.15136401472329286,
  "Rafael Devers": 0.14940435092892745,
  "Rob Refsnyder": 0.09360649450299172,
  "Ryan Jeffers": 0.12699332764628166,
  "Trevor Larnach": 0.12948419073840983,
  "Vaughn Grissom": 0.08486151514749515,
  "Willi Castro": 0.08819243361886876,
  "Wilyer Abreu": 0.09046500438500223,
  "Zack Short": 0.08394574712229351,
  "Connor Wong": 0.08392857142857142,
  "Reese McGuire": 0.06499927425992887,
  "Kyle Farmer": 0.060000000000000005,
  "Christian Vazquez": 0.060000000000000005,
  "Tyler O'Neill": 0.12000000000000001,
  "Garrett Cooper": 0.08392857142857142,
  "Manuel Margot": 0.060000000000000005,
  "Alex Bregman": 0.10208078436548838,
  "Cal Raleigh": 0.15559386436595649,
  "Dylan Moore": 0.08644829410707368,
  "Jeremy Pena": 0.09437690633598647,
  "Joey Loperfido": 0.12977374929666172,
  "Jon Singleton": 0.12375782393820653,
  "Jorge Polanco": 0.1341166833511554,
  "Jose Altuve": 0.11629026127229627,
  "Josh Rojas": 0.08277712035848347,
  "Julio Rodriguez": 0.13343660550551445,
  "Kyle Tucker": 0.150634568579593,
  "Luis Urias": 0.10519233934931609,
  "Luke Raley": 0.11806199168408835,
  "Mitch Garver": 0.11947122409601113,
  "Trey Cabbage": 0.13166201484919243,
  "Ty France": 0.09096355854072802,
  "Yainer Diaz": 0.12344981323907235,
  "Yordan Alvarez": 0.23379076622107092,
  "Mitch Haniger": 0.09761904761904762,
  "Jake Meyers": 0.060000000000000005,
  "Mauricio Dubon": 0.060000000000000005,
  "Adolis Garcia": 0.1873872533808931,
  "Bobby Witt Jr.": 0.117584109693387,
  "Corey Seager": 0.11018623617126884,
  "Evan Carter": 0.06333770418326545,
  "Ezequiel Duran": 0.09700796234607377,
  "Freddy Fermin": 0.09128195669549052,
  "Jonah Heim": 0.11175869653143335,
  "Josh Smith": 0.06181933757472982,
  "Kyle Isbel": 0.0687794815234121,
  "Leody Taveras": 0.06050680395450389,
  "Maikel Garcia": 0.07791108399779244,
  "Marcus Semien": 0.11840413930491583,
  "Michael Massey": 0.08747113197163991,
  "MJ Melendez": 0.10673995730467331,
  "Nathaniel Lowe": 0.07165921660895874,
  "Salvador Perez": 0.13766800809498878,
  "Vinnie Pasquantino": 0.09953262582014344,
  "Adam Frazier": 0.058433830162840664,
  "Hunter Renfroe": 0.07361111111111111,
  "Nelson Velazquez": 0.08392857142857142,
  "Wyatt Langford": 0.08392857142857142,
  "Andrew Vaughn": 0.09875870390686696,
  "Braden Shewmake": 0.08916653104623029,
  "Brendan Donovan": 0.07038932361767596,
  "Bryan Ramos": 0.08763000447139449,
  "Dylan Carlson": 0.09641640992590364,
  "Eloy Jimenez": 0.1132942783480506,
  "Gavin Sheets": 0.0906666807840134,
  "Ivan Herrera": 0.10708698147533215,
  "Jose Fermin": 0.07132036008944406,
  "Lars Nootbaar": 0.07124426546474313,
  "Martin Maldonado": 0.08987572655458251,
  "Masyn Winn": 0.07835323065154651,
  "Nolan Arenado": 0.15375541413786425,
  "Paul DeJong": 0.09451335655367443,
  "Paul Goldschmidt": 0.14160748429961453,
  "Robbie Grossman": 0.08603051635379957,
  "Tommy Pham": 0.10689485295705045,