{
  "Austin Slater": 0.07862605676381418,
  "Bryan De La Cruz": 0.1119289801107983,
  "Jazz Chisholm Jr.": 0.1430003881499857,
  "Jesus Sanchez": 0.1024824092553901,
  "Jhonny Pereda": 0.06070083527747831,
  "Jorge Soler": 0.1817554587202326,
  "Josh Bell": 0.1237843070907587,
  "Jung Hoo Lee": 0.07889717890390929,
  "Luis Arraez": 0.060224204892713185,
  "Matt Chapman": 0.16417087347225995,
  "Nick Ahmed": 0.07386997801759565,
  "Nick Gordon": 0.09861259960012281,
  "Patrick Bailey": 0.07611421787244618,
  "Thairo Estrada": 0.082805100290118,
  "Tyler Fitzgerald": 0.08468479244795034,
  "Wilmer Flores": 0.10219795883779788,
  "Otto Lopez": 0.05601788065276629,
  "Tim Anderson": 0.06159852549403741,
  "Mike Yastrzemski": 0.07361111111111111,
  "Tom Murphy": 0.08392857142857142,
  "LaMonte Wade Jr.": 0.09761904761904762,
  "Michael Conforto": 0.060000000000000005,
  "Nick Fortes": 0.07361111111111111,
  "Avisail Garcia": 0.08392857142857142,
  "Emmanuel Rivera": 0.060000000000000005,
  "Adley Rutschman": 0.09505921633160687,
  "Alex Kirilloff": 0.1068266118515288,
  "Anthony Santander": 0.1374192193645322,
  "Austin Martin": 0.06918963634006964,
  "Byron Buxton": 0.17075794540167633,
  "Cedric Mullins": 0.08702145754824707,
  "Colton Cowser": 0.07853621350171075,
  "Edouard Julien": 0.09323150191612352,
  "Gunnar Henderson": 0.1312363931366627,
  "Jackson Holliday": 0.0651452518592147,
  "Jordan Westburg": 0.09470999213941124,
  "Jose Miranda": 0.09876534545237552,
  "Kyle Farmer": 0.06978176854118592,
  "Ryan Jeffers": 0.12773055990639193,
  "Ryan Mountcastle": 0.09514639804243749,
  "Ryan O'Hearn": 0.10851044121352245,
  "Trevor Larnach": 0.11507058053070651,
  "Willi Castro": 0.08781062233074617,
  "Austin Hays": 0.07361111111111111,
  "Manuel Margot": 0.060000000000000005,
  "Carlos Santana": 0.08392857142857142,
  "Christian Vazquez": 0.07361111111111111,
  "Adolis Garcia": 0.16070255819908055,
  "Colt Keith": 0.10583641013310632,
  "Corey Seager": 0.13442761978154164,
  "Davis Wendzel": 0.09663488595551158,
  "Evan Carter": 0.07523780675584482,
  "Ezequiel Duran": 0.09799378074933164,
  "Jake Rogers": 0.09525896837558344,
  "Javier Baez": 0.08798931108598995,
  "Jonah Heim": 0.11405699071097401,
  "Kerry Carpenter": 0.1334744832507582,
  "Leody Taveras": 0.06721373788359435,
  "Marcus Semien": 0.11863334253503224,
  "Mark Canha": 0.08518535752381752,
  "Parker Meadows": 0.09851140676499527,
  "Riley Greene": 0.13655713830859834,
  "Spencer Torkelson": 0.14308228407413504,
  "Wyatt Langford": 0.09839714450518182,
  "Zach McKinstry": 0.084057885324602,
  "Josh Smith": 0.05007062146892655,
  "Carson Kelly": 0.060000000000000005,
  "Jared Walsh": 0.060000000000000005,
  "Gio Urshela": 0.060000000000000005,
  "Blake Perkins": 0.08457145549250814,
  "Brice Turang": 0.08606214502519921,
  "Fernando Tatis Jr.": 0.17738670714010912,
  "Ha-Seong Kim": 0.07814695464761787,
  "Jackson Merrill": 0.12701401497053671,
  "Jake Bauers": 0.15642906220148745,
  "Jurickson Profar": 0.1217744804088327,
  "Kyle Higashioka": 0.1264798379366979,
  "Manny Machado": 0.16433647746088445,
  "Matthew Batten": 0.09089179149920838,
  "Oliver Dunn": 0.13792855792855793,
  "Rhys Hoskins": 0.1840339092422991,
  "Sal Frelick": 0.08701492408269627,
  "Tyler Wade": 0.06965506715506715,
  "William Contreras": 0.16023085934485276,
  "Willy Adames": 0.17009252283430262,
  "Xander Bogaerts": 0.10265921443890594,
  "Jake Cronenworth": 0.10757575757575757,
  "Luis Campusano": 0.08392857142857142,
  "Jackson Chourio": 0.08459027964841918,
  "Joey Ortiz": 0.07361111111111111,
  "Jack Suwinski": 0.1282336659169792,
  "Rowdy Tellez": 0.10662619498444526,
  "Jeff McNeil": 0.072661971716837,
  "Brett Baty": 0.05007062146892655,
  "Oneil Cruz": 0.1244348975698399,
  "Tyrone Taylor": 0.12667526706246401,
  "Omar Narvaez": 0.05007062146892655,
  "Andrew McCutchen": 0.07361111111111111,
  "Henry Davis": 0.060000000000000005,
  "Ke'Bryan Hayes": 0.060000000000000005,
  "Connor Joe": 0.0942285079901179,
  "Brandon Nimmo": 0.12582522955252978,
  "Edward Olivares": 0.09930998071914879,
  "Francisco Lindor": 0.15385729042155338,
  "Starling Marte": 0.09922930109896702,
  "Harrison Bader": 0.11028231620316857,
  "DJ Stewart": 0.12000000000000001,
  "Bryan Reynolds": 0.11218481694672171,
  "Pete Alonso": 0.158308011125225,
  "Jared Triolo": 0.06525522324396103,
  "Francisco Alvarez": 0.13087582171774745,
  "Alika Williams": 0.053916002144913336,
  "Joey Bart": 0.09653629667702282,
  "Zack Short": 0.09346819793795444,
  "Michael A. Taylor": 0.060000000000000005,
  "Alex Bregman": 0.11279831746510197,
  "Austin Riley": 0.2032558022940127,
  "Jarred Kelenic": 0.12027175104098181,
  "Jeremy Pena": 0.09817340634641239,
  "Jose Abreu": 0.1078212223666769,
  "Jose Altuve": 0.12175147747494573,
  "Kyle Tucker": 0.14312578637242054,
  "Luis Guillorme": 0.05782745487217772,
  "Marcell Ozuna": 0.22598582043082144,
  "Matt Olson": 0.1821078228827297,
  "Mauricio Dubon": 0.09115008322169448,
  "Michael Harris II": 0.1279595406129468,
  "Orlando Arcia": 0.11983585528228384,
  "Ronald Acuna Jr.": 0.2062510274395916,
  "Travis d'Arnaud": 0.15924680644566952,
  "Victor Caratini": 0.08770998603090539,
  "Yainer Diaz": 0.11842828711249764,
  "Yordan Alvarez": 0.1691860639634157,
  "Chas McCormick": 0.08392857142857142,
  "Jake Meyers": 0.060000000000000005,
  "Chadwick Tromp": 0.01098901098901099,
  "Adam Frazier": 0.0829716520509955,
  "Andrew Benintendi": 0.08056090093641097,
  "Andrew Vaughn": 0.14196352827128347,
  "Bobby Witt Jr.": 0.23455840448906415,
  "Braden Shewmake": 0.11766295256864338,
  "Dominic Fletcher": 0.10655314120353311,
  "Eloy Jimenez": 0.1429115168245603,
  "Gavin Sheets": 0.1459507902988529,
  "Hunter Renfroe": 0.1650553228267837,
  "Kyle Isbel": 0.10071924574390921,
  "Maikel Garcia": 0.13700058051106614,
  "Martin Maldonado": 0.10245715367614876,
  "MJ Melendez": 0.21816711475401038,
  "Nelson Velazquez": 0.20586516657945228,
  "Paul DeJong": 0.12917527278051036,
  "Salvador Perez": 0.2171227401242892,
  "Vinnie Pasquantino": 0.16111016921123086,
  "Nicky Lopez": 0.06218733225979603,
  "Lenyn Sosa": 0.08392857142857142,
  "Robbie Grossman": 0.10757575757575757,
  "Aaron Judge": 0.24296637391649784,
  "Alejandro Kirk": 0.06885223630751586,
  "Alex Verdugo": 0.0941298437233182,
  "Anthony Rizzo": 0.1257787797606413,
  "Anthony Volpe": 0.11175641634290966,
  "Austin Wells": 0.10422873383087734,
  "Bo Bichette": 0.08762503832603298,
  "Cavan Biggio": 0.07799323105185027,
  "Daulton Varsho": 0.11253952298775502,
  "Davis Schneider": 0.10987548047778706,
  "George Springer": 0.10843284621556776,
  "Giancarlo Stanton": 0.17177902960751112,
  "Gleyber Torres": 0.11814417924018455,
  "Juan Soto": 0.1563265115966249,
  "Justin Turner": 0.10175731558098884,
  "Kevin Kiermaier": 0.06713092224454223,
  "Oswaldo Cabrera": 0.07711480009600188,
  "Vladimir Guerrero Jr.": 0.12882679313951534,
  "Jose Trevino": 0.060000000000000005,
  "Isiah Kiner-Falefa": 0.060000000000000005,
  "Andy Pages": 0.1063496858034197,
  "CJ Abrams": 0.15247564144978032,
  "Eddie Rosario": 0.13569325456209963,
  "Freddie Freeman": 0.15889083018064118,
  "Gavin Lux": 0.08491501294990099,
  "James Outman": 0.1492690175921337,
  "Jesse Winker": 0.12808639615905698,
  "Joey Gallo": 0.24973035524490328,
  "Joey Meneses": 0.10814590126984015,
  "Lane Thomas": 0.12329831317593416,
  "Luis Garcia Jr.": 0.11509384536458268,
  "Max Muncy": 0.22619514524276427,
  "Mookie Betts": 0.1600409029016876,
  "Nick Senzel": 0.10033391060861455,
  "Riley Adams": 0.09531298855707322,
  "Shohei Ohtani": 0.2765827313708248,
  "Teoscar Hernandez": 0.14807206249202007,
  "Will Smith": 0.1219054428078132,
  "Enrique Hernandez": 0.07361111111111111,
  "Ildemaro Vargas": 0.05007062146892655,
  "Jacob Young": 0.07361111111111111,
  "Abraham Toro": 0.09717331863094351,
  "Brendan Donovan": 0.0859831054856663,
  "Darell Hernaiz": 0.08311386199912518,