{
  "Anthony Santander": 0.12076609658053386,
  "Gunnar Henderson": 0.10855083587321128,
  "Cedric Mullins": 0.07826360611281048,
  "Ryan O'Hearn": 0.08774625272588919,
  "Colton Cowser": 0.09074117925608795,
  "Adley Rutschman": 0.0836568142833657,
  "Christopher Morel": 0.08191247300050852,
  "Nick Maton": 0.08690729569309893,
  "Junior Caminero": 0.06454346570246396,
  "Jose Siri": 0.05597677692691602,
  "Austin Slater": 0.06127740694386501,
  "Jackson Holliday": 0.06830166209746635,
  "Josh Lowe": 0.060869333221569295,
  "Jose Caballero": 0.05470314033057058,
  "Jonny Deluca": 0.05189258809019748,
  "Jonathan Aranda": 0.05060305154529289,
  "Taylor Walls": 0.05007270081008153,
  "Ben Rortvedt": 0.042739719359301404,
  "Brandon Lowe": 0.12000000000000001,
  "Yandy Diaz": 0.060000000000000005,
  "Eloy Jimenez": 0.07361111111111111,
  "Emmanuel Rivera": 0.060000000000000005,
  "Dylan Carlson": 0.060000000000000005,
  "Rafael Devers": 0.17131528473871782,
  "Tyler O'Neill": 0.1470264012171751,
  "Wilyer Abreu": 0.13781818229709158,
  "Jarren Duran": 0.11493988983189872,
  "Luis Robert Jr.": 0.10771909489709913,
  "Trevor Story": 0.09551215049676423,
  "Triston Casas": 0.09508014233245961,
  "Andrew Vaughn": 0.07970903573347048,
  "Zach DeLoach": 0.09548756811120322,
  "Andrew Benintendi": 0.07684138812135165,
  "Masataka Yoshida": 0.08256801520875395,
  "Enmanuel Valdez": 0.10417800021760418,
  "Connor Wong": 0.0686368001879553,
  "Korey Lee": 0.07029689053218466,
  "Jacob Amaya": 0.07389784946236559,
  "Miguel Vargas": 0.0694772048929451,
  "Lenyn Sosa": 0.05978524407626221,
  "Dominic Fletcher": 0.0501914045772104,
  "Gavin Sheets": 0.07361111111111111,
  "Rob Refsnyder": 0.08392857142857142,
  "Ceddanne Rafaela": 0.07361111111111111,
  "Danny Jansen": 0.08392857142857142,
  "Nicky Lopez": 0.051111111111111114,
  "Marcell Ozuna": 0.15441482933645945,
  "Matt Olson": 0.11007291627727925,
  "Sean Murphy": 0.10485244001281738,
  "Jorge Soler": 0.10561408172545117,
  "Vladimir Guerrero Jr.": 0.08842659088942738,
  "Michael Harris II": 0.07767138402830559,
  "Davis Schneider": 0.06932287490043265,
  "George Springer": 0.06964515004365565,
  "Jarred Kelenic": 0.08041924171501637,
  "Orlando Arcia": 0.06920793584391847,
  "Alejandro Kirk": 0.05705754754161738,
  "Ernie Clement": 0.04883150808536387,
  "Luke Williams": 0.061528565002249215,
  "Brian Serven": 0.07719367588932806,
  "Leo Jimenez": 0.04676067040962615,
  "Gio Urshela": 0.05647143095833649,
  "Luis De Los Santos": 0.04969751628842537,
  "Joey Loperfido": 0.05469339302672636,
  "Adam Duvall": 0.13333333333333333,
  "Travis d'Arnaud": 0.09761904761904762,
  "Addison Barger": 0.05282051282051282,
  "Daulton Varsho": 0.060000000000000005,
  "Spencer Horwitz": 0.060000000000000005,
  "Whit Merrifield": 0.060000000000000005,
  "Ram\u00f3n Laureano": 0.09761904761904762,
  "CJ Abrams": 0.08986134166786938,
  "Andrew McCutchen": 0.0931501235715481,
  "Luis Garcia Jr.": 0.07568684538315124,
  "Oneil Cruz": 0.08554039866943093,
  "Joey Gallo": 0.10833964316107172,
  "Bryan De La Cruz": 0.08957094445079113,
  "Bryan Reynolds": 0.08263101961757877,
  "James Wood": 0.07278849617517122,
  "Keibert Ruiz": 0.06840865202629909,
  "Andr\u00e9s Chaparro": 0.07619176393101124,
  "Connor Joe": 0.07020924297405354,
  "Dylan Crews": 0.0620971490971491,
  "Nick Gonzales": 0.06424356196126531,
  "Henry Davis": 0.1,
  "Jared Triolo": 0.06675749087513794,
  "Jose Tena": 0.06369391105951874,
  "Isiah Kiner-Falefa": 0.048814976284876146,
  "Jacob Young": 0.04449087695083118,
  "Drew Millas": 0.07361111111111111,
  "Michael A. Taylor": 0.060000000000000005,
  "Rowdy Tellez": 0.09761904761904762,
  "Yasmani Grandal": 0.09761904761904762,
  "Joey Bart": 0.0798354161478811,
  "Francisco Lindor": 0.13504738716727951,
  "Pete Alonso": 0.13098419061912212,
  "Mark Vientos": 0.13298484872753955,
  "Brandon Nimmo": 0.10111511582714293,
  "Elly De La Cruz": 0.08460330934816239,
  "Jesse Winker": 0.06704334431082298,
  "Spencer Steer": 0.07462377666707833,
  "Harrison Bader": 0.06871218446274575,
  "Luis Torrens": 0.06492991566748198,
  "Jonathan India": 0.069802188655697,
  "Will Benson": 0.07448641554268053,
  "Starling Marte": 0.06983053308562918,
  "Ty France": 0.06280314417197477,
  "Noelvi Marte": 0.06426950430547035,
  "Jake Fraley": 0.060801256953809536,
  "Luke Maile": 0.05530410583205614,
  "Jose Iglesias": 0.05296890565232458,
  "Santiago Espinal": 0.040681055668366016,
  "Jeff McNeil": 0.08392857142857142,
  "Tyler Stephenson": 0.08392857142857142,
  "TJ Friedl": 0.07361111111111111,
  "Francisco Alvarez": 0.09761904761904762,
  "Amed Rosario": 0.060000000000000005,
  "Kyle Schwarber": 0.12302533237017052,
  "Jake Burger": 0.1079100402702887,
  "Jesus Sanchez": 0.09173341041323663,
  "Bryce Harper": 0.1007421300592168,
  "Connor Norby": 0.08341846435786147,
  "Griffin Conine": 0.08752565926861701,
  "Trea Turner": 0.0818527633156095,
  "Weston Wilson": 0.08696678321678322,
  "Nick Castellanos": 0.06927198920676922,
  "Otto Lopez": 0.05758921438616331,
  "Kody Clemens": 0.10875350140056023,
  "Jonah Bride": 0.05677949236123485,
  "Bryson Stott": 0.05495303325790519,
  "Brandon Marsh": 0.061430755248197876,
  "Nick Fortes": 0.0564216327175907,
  "Xavier Edwards": 0.0451119895060022,
  "Kyle Stowers": 0.05961538461538462,
  "J.T. Realmuto": 0.07361111111111111,
  "Gary Sanchez": 0.13562018031699885,
  "Rhys Hoskins": 0.1346314740385023,
  "Willy Adames": 0.13323596737852897,
  "William Contreras": 0.11266236134273062,
  "Michael Toglia": 0.09457316971173087,
  "Jackson Chourio": 0.0884034997593229,
  "Ezequiel Tovar": 0.08303918796530202,
  "Ryan McMahon": 0.08027279526463532,
  "Sam Hilliard": 0.08558116174782841,
  "Brendan Rodgers": 0.06850120211752951,
  "Hunter Goodman": 0.07862493191044728,
  "Charlie Blackmon": 0.07286337363895119,
  "Joey Ortiz": 0.06034538606294875,
  "Andruw Monasterio": 0.07104590712838135,
  "Blake Perkins": 0.06026890294071424,
  "Jordan Beck": 0.05349756156773701,
  "Jake Cave": 0.0663540367108142,
  "Brice Turang": 0.039795321637426904,
  "Nolan Jones": 0.060000000000000005,
  "Brenton Doyle": 0.08392857142857142,
  "Sal Frelick": 0.060000000000000005,
  "Jacob Stallings": 0.03998896247240618,
  "Salvador Perez": 0.1118933456411539,
  "Bobby Witt Jr.": 0.10620420448565161,
  "Matt Wallner": 0.11167207658953071,
  "Royce Lewis": 0.10078105107448875,
  "Hunter Renfroe": 0.09153036737810834,
  "MJ Melendez": 0.08477495230299371,
  "Paul DeJong": 0.09235051889013637,
  "Ryan Jeffers": 0.06933311008820618,
  "Trevor Larnach": 0.06847340149514484,
  "Tommy Pham": 0.06989438230462977,
  "Jose Miranda": 0.06796387592629516,
  "Edouard Julien": 0.05781981538589595,
  "Christian Vazquez": 0.04820233007657416,
  "Brooks Lee": 0.05970423019888805,
  "Willi Castro": 0.060929670245036587,
  "Freddy Fermin": 0.06442892478514901,
  "Garrett Hampson": 0.0651272973139099,
  "Maikel Garcia": 0.048279247407984005,
  "Kyle Isbel": 0.060000000000000005,
  "Dairon Blanco": 0.09761904761904762,
  "Michael Massey": 0.08392857142857142,
  "Carlos Santana": 0.07361111111111111,
  "Austin Martin": 0.049999999999999996,
  "Cal Raleigh": 0.12416895483345228,
  "Julio Rodriguez": 0.08492176941622342,
  "Mitch Garver": 0.08267316038768706,
  "Randy Arozarena": 0.08090178959796185,
  "Jorge Polanco": 0.09016468844895298,
  "Paul Goldschmidt": 0.07717990927212495,
  "Luke Raley": 0.08157234417926575,
  "Alec Burleson": 0.07456064066582022,
  "Lars Nootbaar": 0.06256349894513712,
  "J.P. Crawford": 0.07267324651962026,
  "Ivan Herrera": 0.047247684455189974,
  "Nolan Arenado": 0.059146355482438365,
  "Justin Turner": 0.06314212118097409,
  "Jordan Walker": 0.07294662381586783,
  "Josh Rojas": 0.05723111247911989,
  "Masyn Winn": 0.050237554856159196,
  "Jose Fermin": 0.06917680865449628,
  "Michael Siani": 0.04171539961013645,
  "Matt Carpenter": 0.060000000000000005,
  "Brendan Donovan": 0.060000000000000005,