{
  "Anthony Santander": 0.13342491239664087,
  "Miguel Amaya": 0.049999999999999996,
  "Ian Happ": 0.09230257802626222,
  "Ramon Urias": 0.0689477080982479,
  "Cedric Mullins": 0.08201193122015055,
  "Nico Hoerner": 0.057347906543642975,
  "Ryan Mountcastle": 0.09344503995615386,
  "Seiya Suzuki": 0.10547431286271615,
  "Adley Rutschman": 0.09634739969561865,
  "Christopher Morel": 0.11035120064201502,
  "Gunnar Henderson": 0.13392419502451755,
  "Jorge Mateo": 0.060000000000000005,
  "Cody Bellinger": 0.09528604745596708,
  "Dansby Swanson": 0.09386856159888206,
  "Colton Cowser": 0.09761904761904762,
  "Ryan O'Hearn": 0.09618252562723581,
  "Heston Kjerstad": 0.10202161915660936,
  "Jordan Westburg": 0.09523583953831673,
  "Pete Crow-Armstrong": 0.049999999999999996,
  "Michael Busch": 0.09350612652525221,
  "Miles Mastrobuoni": 0.06053714607913994,
  "Tomas Nido": 0.06919397004149086,
  "Jose Ramirez": 0.11954027785075651,
  "Josh Naylor": 0.1163514571231173,
  "Jhonkensy Noel": 0.11091573145366551,
  "Riley Greene": 0.08742989992750813,
  "Matt Vierling": 0.09501209366746527,
  "Justyn-Henry Malloy": 0.0756761498349783,
  "Austin Hedges": 0.052552216958477324,
  "Andres Gimenez": 0.06442385032687022,
  "Colt Keith": 0.06913536163315977,
  "Carson Kelly": 0.08093747642269757,
  "Daniel Schneemann": 0.06882309243074107,
  "Zach McKinstry": 0.064522342870087,
  "Tyler Freeman": 0.06770273200586936,
  "Javier Baez": 0.07985167664734229,
  "Gio Urshela": 0.05476844388481377,
  "Steven Kwan": 0.06130925927576645,
  "Wenceel Perez": 0.061765175856084945,
  "Angel Martinez": 0.07045534722079344,
  "Jake Rogers": 0.09761904761904762,
  "Brayan Rocchio": 0.060000000000000005,
  "Bo Naylor": 0.07361111111111111,
  "David Fry": 0.09761904761904762,
  "Mark Canha": 0.060000000000000005,
  "Shohei Ohtani": 0.21278521514795876,
  "Kyle Schwarber": 0.2061831395088274,
  "Bryce Harper": 0.1711022629088654,
  "Trea Turner": 0.13618099370029133,
  "Freddie Freeman": 0.13374218180239586,
  "Will Smith": 0.12425429735476225,
  "Teoscar Hernandez": 0.12451114272589928,
  "Nick Castellanos": 0.11578432508501227,
  "Alec Bohm": 0.10749341020589184,
  "James Outman": 0.10986772796268154,
  "Brandon Marsh": 0.09129075976503388,
  "Miguel Vargas": 0.08917752409435124,
  "Bryson Stott": 0.08662870948124676,
  "Cavan Biggio": 0.06863434188310606,
  "Gavin Lux": 0.07429229390340701,
  "Rafael Marchan": 0.05864003719432194,
  "Miguel Rojas": 0.06385379069666199,
  "Johan Rojas": 0.06284814992356799,
  "Chris Taylor": 0.060000000000000005,
  "Garrett Stubbs": 0.060000000000000005,
  "Edmundo Sosa": 0.07361111111111111,
  "Andy Pages": 0.12000000000000001,
  "Whit Merrifield": 0.060000000000000005,
  "Aaron Judge": 0.22483277447332367,
  "Juan Soto": 0.14332904133121097,
  "Randy Arozarena": 0.1316820457027321,
  "Ben Rice": 0.1147833839272958,
  "Isaac Paredes": 0.09547359261945222,
  "Jose Siri": 0.09166177741541882,
  "Yandy Diaz": 0.09495681168600462,
  "Austin Wells": 0.08693274839424557,
  "Alex Verdugo": 0.07734939428632787,
  "Gleyber Torres": 0.08862886736810176,
  "Trent Grisham": 0.09520553454264949,
  "Jonny Deluca": 0.08655831412462699,
  "Amed Rosario": 0.07803489713021843,
  "Alex Jackson": 0.0922451387060614,
  "Jose Caballero": 0.06756118853249991,
  "Taylor Walls": 0.0831144758541375,
  "Anthony Volpe": 0.07081576776330982,
  "DJ LeMahieu": 0.0733989770056593,
  "Brandon Lowe": 0.15,
  "Jose Trevino": 0.09761904761904762,
  "Josh Lowe": 0.08392857142857142,
  "Oswaldo Cabrera": 0.08392857142857142,
  "Richie Palacios": 0.060000000000000005,
  "Ben Rortvedt": 0.060000000000000005,
  "Pete Alonso": 0.12311028212930962,
  "Brandon Nimmo": 0.12238238557890992,
  "Luis Garcia Jr.": 0.0779703151712721,
  "Jeff McNeil": 0.08071982453659086,
  "Lane Thomas": 0.09549853230137949,
  "Francisco Lindor": 0.14454006634316824,
  "Mark Vientos": 0.09763969143488946,
  "Keibert Ruiz": 0.061556146079430274,
  "Francisco Alvarez": 0.10013638171851583,
  "CJ Abrams": 0.09151968917635794,
  "Ildemaro Vargas": 0.060000000000000005,
  "Harrison Bader": 0.07541254453646822,
  "Jacob Young": 0.06109825112630162,
  "Tyrone Taylor": 0.10757575757575757,
  "Jose Iglesias": 0.060000000000000005,
  "James Wood": 0.08573994537705673,
  "J. D. Martinez": 0.11042947190925366,
  "Jesse Winker": 0.07361111111111111,
  "Harold Ramirez": 0.06350828788086645,
  "Trey Lipscomb": 0.06444724517237305,
  "Juan Yepez": 0.10621192403370622,
  "DJ Stewart": 0.1381387330017096,
  "Harold Ram\u00edrez": 0.05182157998334469,
  "Rafael Devers": 0.20758194567470667,
  "Tyler O'Neill": 0.17624939936925396,
  "Brent Rooker": 0.13937575327545332,
  "Wilyer Abreu": 0.13639093686932446,
  "Shea Langeliers": 0.12653856811085457,
  "Jarren Duran": 0.13945128400260953,
  "JJ Bleday": 0.10661646498448686,
  "Connor Wong": 0.1028161000233673,
  "Dominic Smith": 0.11582924605913078,
  "Tyler Soderstrom": 0.09447648953901032,
  "Ceddanne Rafaela": 0.1033187687440854,
  "David Hamilton": 0.09854456662319475,
  "Zack Gelof": 0.08207903751030739,
  "Masataka Yoshida": 0.09084950635557923,
  "Lawrence Butler": 0.08521722429115716,
  "Miguel Andujar": 0.06615223437349273,
  "Brett Harris": 0.06935421670348589,
  "Max Schuemann": 0.06786772312840665,
  "Rob Refsnyder": 0.060000000000000005,
  "Daz Cameron": 0.08392857142857142,
  "Michael Toglia": 0.13245203975676453,
  "Hunter Goodman": 0.11682311182987197,
  "Jeimer Candelario": 0.12046208012404858,
  "Edwin R\u00edos": 0.1452711239456126,
  "Elly De La Cruz": 0.12510154238623053,
  "Ezequiel Tovar": 0.10285324220731991,
  "Spencer Steer": 0.12771663494732383,
  "Rece Hinds": 0.12474915504103361,
  "Tyler Stephenson": 0.10596845923921545,
  "Will Benson": 0.12725472337330507,
  "Brendan Rodgers": 0.08789778374449776,
  "Brenton Doyle": 0.09979251188204122,
  "Elias Diaz": 0.09510143705344766,
  "Jacob Stallings": 0.08586720416969076,
  "Ryan McMahon": 0.10862034385291358,
  "Jonathan India": 0.09956700344084521,
  "Nolan Jones": 0.09583640890115618,
  "Noelvi Marte": 0.09776278085842066,
  "Charlie Blackmon": 0.07361111111111111,
  "Jake Cave": 0.060000000000000005,
  "Jose Altuve": 0.11658610057936683,
  "Alex Bregman": 0.09814772313998758,
  "Yordan Alvarez": 0.1314817249941683,
  "Jesus Sanchez": 0.11400787666732594,
  "Jake Meyers": 0.0905859304007394,
  "Jazz Chisholm Jr.": 0.11452286351697635,
  "Bryan De La Cruz": 0.1186717191667192,
  "Chas McCormick": 0.09551123996939812,
  "Nick Fortes": 0.07199755139186158,
  "Mauricio Dubon": 0.06551339414939297,
  "Yainer Diaz": 0.09778603305199499,
  "Xavier Edwards": 0.05702639301849635,
  "Jeremy Pena": 0.07388913851254257,
  "Nick Gordon": 0.07513232303245983,
  "Jon Singleton": 0.08056586586206944,
  "Vidal Brujan": 0.0660615087655033,
  "Jake Burger": 0.1113442080990381,
  "Josh Bell": 0.10516821123110365,
  "Trey Cabbage": 0.060000000000000005,
  "Rhys Hoskins": 0.12004217310460549,
  "Jack Suwinski": 0.09620222509689214,
  "Rowdy Tellez": 0.09347785601306728,
  "Bryan Reynolds": 0.10814254828026224,
  "William Contreras": 0.1023561409979067,
  "Willy Adames": 0.10825621045979848,
  "Joshua Palacios": 0.09830334962589639,
  "Joey Bart": 0.10146417050441818,
  "Christian Yelich": 0.08920484147472618,
  "Michael A. Taylor": 0.0856263505614155,
  "Nick Gonzales": 0.07909461217570156,
  "Vinny Capra": 0.06299459389604538,
  "Ke'Bryan Hayes": 0.06748773648907173,
  "Jared Triolo": 0.07087861917684622,
  "Eric Haase": 0.08126318345549002,
  "Jackson Chourio": 0.0763472630310939,
  "Blake Perkins": 0.05198914856631679,
  "Brice Turang": 0.04698923414374165,
  "Andruw Monasterio": 0.04387596899224807,
  "Sal Frelick": 0.06097883597883597,
  "Andrew McCutchen": 0.09761904761904762,
  "Connor Joe": 0.060000000000000005,
  "Oneil Cruz": 0.13333333333333333,
  "Jake Bauers": 0.10757575757575757,
  "Yasmani Grandal": 0.07361111111111111,
  "Corey Seager": 0.21043690951742391,
  "Adolis Garcia": 0.16545990282711595,