{
  "Jose Ramirez": 0.11028542442229194,
  "Andres Gimenez": 0.060641090322304796,
  "Brayan Rocchio": 0.05299576883630605,
  "Jake Rogers": 0.07361111111111111,
  "Steven Kwan": 0.04652911392363392,
  "Josh Naylor": 0.09761904761904762,
  "Tyler Freeman": 0.07361111111111111,
  "Riley Greene": 0.10221001764610714,
  "Wenceel Perez": 0.06959769167753778,
  "Bo Naylor": 0.07760250749778377,
  "Angel Martinez": 0.062172418085895235,
  "Zach McKinstry": 0.0732960280494596,
  "Matt Vierling": 0.0980760031142396,
  "Carson Kelly": 0.09430485574861237,
  "Mark Canha": 0.060000000000000005,
  "David Fry": 0.10229448425486676,
  "Gio Urshela": 0.058725067611903735,
  "Colt Keith": 0.07734787383789686,
  "Daniel Schneemann": 0.06701307491044663,
  "Justyn-Henry Malloy": 0.08468303068796355,
  "Javier Baez": 0.07987679823350545,
  "Will Brennan": 0.07317229624247168,
  "Spencer Steer": 0.14959892263334984,
  "Jeimer Candelario": 0.1386543180665107,
  "Tyler Stephenson": 0.1326095972747792,
  "Ryan McMahon": 0.13120816363210583,
  "Noelvi Marte": 0.11839102042941749,
  "Hunter Goodman": 0.11637177296848686,
  "Ezequiel Tovar": 0.09819024938327935,
  "Michael Toglia": 0.11886872151774887,
  "Rece Hinds": 0.11657399471563289,
  "Jonathan India": 0.0995903155076561,
  "Sam Hilliard": 0.11950776361418446,
  "Nolan Jones": 0.11061381826955143,
  "Brendan Rodgers": 0.09139037427203876,
  "Brenton Doyle": 0.09579135057483702,
  "Jake Cave": 0.09724293994847827,
  "Austin Wynns": 0.07648982707143723,
  "Austin Slater": 0.07783672111192527,
  "Santiago Espinal": 0.06341186362705857,
  "Charlie Blackmon": 0.10757575757575757,
  "Elias Diaz": 0.08392857142857142,
  "Will Benson": 0.09761904761904762,
  "Elly De La Cruz": 0.09761904761904762,
  "Pete Alonso": 0.13843838621912222,
  "Mark Vientos": 0.13223693352708893,
  "J. D. Martinez": 0.13946285263440325,
  "Francisco Lindor": 0.1332933432921244,
  "Juan Yepez": 0.1031066735865566,
  "CJ Abrams": 0.09631307836802032,
  "Lane Thomas": 0.10261988006298198,
  "Tyrone Taylor": 0.10920784019229349,
  "Brandon Nimmo": 0.09377358869053141,
  "Luis Torrens": 0.08294288276129275,
  "Harrison Bader": 0.09250147128978428,
  "James Wood": 0.0892274547515212,
  "Riley Adams": 0.09727032201795385,
  "Jesse Winker": 0.07860236265900196,
  "Luis Garcia Jr.": 0.06988348003238516,
  "Jeff McNeil": 0.06070033425230752,
  "Trey Lipscomb": 0.05897364293883788,
  "Jacob Young": 0.044759071905249984,
  "Keibert Ruiz": 0.060000000000000005,
  "Ildemaro Vargas": 0.060000000000000005,
  "Francisco Alvarez": 0.09761904761904762,
  "Jose Iglesias": 0.060000000000000005,
  "Harold Ramirez": 0.060000000000000005,
  "Oneil Cruz": 0.1411939382521042,
  "Jack Suwinski": 0.12302813677585991,
  "Bryan Reynolds": 0.11556975425249913,
  "Jake Bauers": 0.10640705772551613,
  "Rowdy Tellez": 0.09376603203496511,
  "Andrew McCutchen": 0.10804015611195389,
  "Willy Adames": 0.08518282179513277,
  "Nick Gonzales": 0.08838550834736633,
  "Joshua Palacios": 0.09225020611423257,
  "Yasmani Grandal": 0.08218177260353536,
  "Christian Yelich": 0.08173758175241151,
  "William Contreras": 0.08514716933066363,
  "Blake Perkins": 0.05900107425974986,
  "Ke'Bryan Hayes": 0.06806042838439606,
  "Garrett Mitchell": 0.05797092811339233,
  "Andruw Monasterio": 0.059280940009868416,
  "Brice Turang": 0.04882908453452554,
  "Sal Frelick": 0.04822919928117164,
  "Jackson Chourio": 0.060000000000000005,
  "Rhys Hoskins": 0.09761904761904762,
  "Jorge Soler": 0.11192921762325916,
  "Matt Chapman": 0.10531335469191502,
  "Heliot Ramos": 0.0823731050170991,
  "Mike Yastrzemski": 0.09217826223510676,
  "Michael Conforto": 0.09045634429239996,
  "Vladimir Guerrero Jr.": 0.08801997819138642,
  "Danny Jansen": 0.08588061463649832,
  "Wilmer Flores": 0.07731868219273301,
  "Davis Schneider": 0.08122984874767405,
  "George Springer": 0.06564251459169719,
  "Brett Wisely": 0.061789577004771945,
  "Leo Jimenez": 0.06551127214170692,
  "Thairo Estrada": 0.06881035176744078,
  "Justin Turner": 0.06432135077258348,
  "Patrick Bailey": 0.0627537238277908,
  "Spencer Horwitz": 0.0554427597280211,
  "Ernie Clement": 0.05189075617601755,
  "Kevin Kiermaier": 0.04606395326253025,
  "Bo Bichette": 0.060000000000000005,
  "Daulton Varsho": 0.07361111111111111,
  "LaMonte Wade Jr.": 0.07361111111111111,
  "Chris Taylor": 0.10719242834949688,
  "Gavin Lux": 0.07551882345199178,
  "Will Smith": 0.13543040222034944,
  "Freddie Freeman": 0.14850422231329075,
  "Garrett Stubbs": 0.08260790401349873,
  "Alec Bohm": 0.12511542979188325,
  "Nick Castellanos": 0.1426587827711993,
  "Edmundo Sosa": 0.07361111111111111,
  "Johan Rojas": 0.07556457198289097,
  "Andy Pages": 0.16230222019695703,
  "Bryson Stott": 0.08741225300308995,
  "Brandon Marsh": 0.10457242438325738,
  "Trea Turner": 0.16568446051816005,
  "Miguel Rojas": 0.062167221256999694,
  "Shohei Ohtani": 0.2381873983237403,
  "Cavan Biggio": 0.060000000000000005,
  "Teoscar Hernandez": 0.13810355617415598,
  "Kyle Schwarber": 0.23401699527247027,
  "Bryce Harper": 0.19595657756918222,
  "James Outman": 0.11955260482639972,
  "Christopher Morel": 0.12902325130601391,
  "Anthony Santander": 0.12594222931917667,
  "Seiya Suzuki": 0.11907719297215096,
  "Jordan Westburg": 0.0930137879729117,
  "Ian Happ": 0.09801544977304809,
  "Michael Busch": 0.08920698792287897,
  "Ryan Mountcastle": 0.09703437767278712,
  "Gunnar Henderson": 0.09526591727400421,
  "Dansby Swanson": 0.0962556396988097,
  "Cedric Mullins": 0.08850042556351166,
  "Austin Hays": 0.08902268730959448,
  "Adley Rutschman": 0.08028594111740174,
  "Tomas Nido": 0.06912112937921275,
  "Jorge Mateo": 0.08161482722131656,
  "James McCann": 0.09678573130954082,
  "Pete Crow-Armstrong": 0.06492958943304264,
  "Miles Mastrobuoni": 0.05223616164029955,
  "Nico Hoerner": 0.059325916157176334,
  "Ramon Urias": 0.060000000000000005,
  "Miguel Amaya": 0.060000000000000005,
  "Ryan O'Hearn": 0.08392857142857142,
  "Colton Cowser": 0.07361111111111111,
  "Aaron Judge": 0.22313919601778756,
  "Juan Soto": 0.14426011657718976,
  "Randy Arozarena": 0.15098855517603324,
  "Ben Rice": 0.11104928119236691,
  "Brandon Lowe": 0.1421147594840405,
  "Isaac Paredes": 0.0981504648145153,
  "Jose Siri": 0.1025815412657518,
  "Trent Grisham": 0.09161538078204745,
  "Austin Wells": 0.09307255023004943,
  "Yandy Diaz": 0.1075239773218267,
  "Jonny Deluca": 0.09079372466862846,
  "Alex Jackson": 0.11297225752569853,
  "Oswaldo Cabrera": 0.07667237029982128,
  "Jose Caballero": 0.07203685308151675,
  "Gleyber Torres": 0.07721275441561035,
  "Alex Verdugo": 0.07866748317558131,
  "Anthony Volpe": 0.06095268402930775,
  "Amed Rosario": 0.08241178353297875,
  "Taylor Walls": 0.07361111111111111,
  "Josh Lowe": 0.08392857142857142,
  "DJ LeMahieu": 0.060000000000000005,
  "Jose Trevino": 0.08392857142857142,
  "Richie Palacios": 0.060000000000000005,
  "Ben Rortvedt": 0.060000000000000005,
  "Rafael Devers": 0.16816777657669635,
  "Brent Rooker": 0.12815912621684328,
  "Tyler O'Neill": 0.13308700109754382,
  "Jarren Duran": 0.10103972128074153,
  "Connor Wong": 0.10640139734375098,
  "Wilyer Abreu": 0.10583798750259164,
  "Seth Brown": 0.10606761517685188,
  "Dominic Smith": 0.09167921577819224,
  "JJ Bleday": 0.09134963664054302,
  "Kyle McCann": 0.09042504546010872,
  "Lawrence Butler": 0.08259600406568866,
  "Zack Gelof": 0.07898790346833531,
  "Ceddanne Rafaela": 0.0940584358542105,
  "Masataka Yoshida": 0.07056551839476147,
  "David Hamilton": 0.07704015762374314,
  "Miguel Andujar": 0.06084584713867846,
  "Brett Harris": 0.06249466895358273,
  "Max Schuemann": 0.06735225449268303,
  "Rob Refsnyder": 0.07361111111111111,
  "Shea Langeliers": 0.15,
  "Alex Bregman": 0.09808749384413264,
  "Yordan Alvarez": 0.18717948717948718,
  "Chas McCormick": 0.08392857142857142,
  "Jose Altuve": 0.10194194906278826,
  "Jesus Sanchez": 0.10918477697166222,
  "Jazz Chisholm Jr.": 0.11101382274891845,