{
  "Andrew McCutchen": 0.08382257240975016,
  "Connor Joe": 0.060000000000000005,
  "Bryan Reynolds": 0.1005190363506055,
  "Jesus Sanchez": 0.07495997128572886,
  "Xavier Edwards": 0.060000000000000005,
  "Jared Triolo": 0.06508007378786307,
  "Oneil Cruz": 0.12022431240705465,
  "Nick Gonzales": 0.06141825244602006,
  "Jake Burger": 0.10426801763166461,
  "Jonah Bride": 0.04748619012850378,
  "Rowdy Tellez": 0.08222547774385683,
  "Michael A. Taylor": 0.060000000000000005,
  "Yasmani Grandal": 0.09761904761904762,
  "Otto Lopez": 0.050374373908741533,
  "Isiah Kiner-Falefa": 0.05395979332040714,
  "Connor Norby": 0.07361111111111111,
  "Bryan De La Cruz": 0.08392857142857142,
  "Joey Bart": 0.08113756644042723,
  "Griffin Conine": 0.07379591550714545,
  "Kyle Stowers": 0.06434972920603618,
  "Billy Cook": 0.0896914115374671,
  "David Hensley": 0.05752259436469963,
  "Jhonny Pereda": 0.04571270037250282,
  "Javier Sanoja": 0.075,
  "Hunter Goodman": 0.08333096920542096,
  "Kerry Carpenter": 0.09324614600449391,
  "Matt Vierling": 0.07723307085071791,
  "Riley Greene": 0.08321207508028083,
  "Brenton Doyle": 0.08190596726673326,
  "Ezequiel Tovar": 0.08166519998784132,
  "Sam Hilliard": 0.07774763798423975,
  "Jake Rogers": 0.07437006442606765,
  "Parker Meadows": 0.07272237825641582,
  "Trey Sweeney": 0.07239841678042822,
  "Ryan McMahon": 0.07105104395471194,
  "Michael Toglia": 0.07755468257790239,
  "Andy Ibanez": 0.06347546652248685,
  "Jace Jung": 0.06925436348016291,
  "Charlie Blackmon": 0.06139467998128851,
  "Brendan Rodgers": 0.05879943701272301,
  "Jordan Beck": 0.05990523830236749,
  "Colt Keith": 0.059337960961732675,
  "Spencer Torkelson": 0.07012987012987013,
  "Nolan Jones": 0.060000000000000005,
  "Jacob Stallings": 0.07361111111111111,
  "Jake Cave": 0.08392857142857142,
  "Justyn-Henry Malloy": 0.08392857142857142,
  "Zach McKinstry": 0.060000000000000005,
  "Drew Romo": 0.007352941176470588,
  "Kyle Schwarber": 0.14963082974229727,
  "Christopher Morel": 0.12668171444872342,
  "Kody Clemens": 0.08117106022127436,
  "Trea Turner": 0.0958464745236177,
  "Bryce Harper": 0.09941728352030038,
  "Junior Caminero": 0.07625991369500336,
  "Yandy Diaz": 0.07350700471662236,
  "Jose Caballero": 0.0613803983316972,
  "Dylan Carlson": 0.058683341985991296,
  "Nick Castellanos": 0.07174102807771493,
  "Jonny Deluca": 0.06418590264725413,
  "Brandon Marsh": 0.060618495067315314,
  "Bryson Stott": 0.055300308127084426,
  "Josh Lowe": 0.05430955095848713,
  "Jonathan Aranda": 0.05435008497508497,
  "Logan Driscoll": 0.0831752055660974,
  "Johan Rojas": 0.05437490118924236,
  "Garrett Stubbs": 0.0444967722188213,
  "Brandon Lowe": 0.06006760728982951,
  "J.T. Realmuto": 0.10757575757575757,
  "Ben Rortvedt": 0.006622516556291391,
  "Marcell Ozuna": 0.11926361407776126,
  "Jorge Soler": 0.11362247903756766,
  "Matt Olson": 0.09250752326199896,
  "Joey Gallo": 0.098377572719678,
  "Sean Murphy": 0.08638152219349256,
  "CJ Abrams": 0.07816906788651504,
  "Luis Garcia Jr.": 0.06487009855588573,
  "Michael Harris II": 0.06865501439575512,
  "James Wood": 0.06911092872999385,
  "Ram\u00f3n Laureano": 0.07505223437670722,
  "Andr\u00e9s Chaparro": 0.075960974581049,
  "Keibert Ruiz": 0.06625638309848836,
  "Orlando Arcia": 0.07336537050589338,
  "Dylan Crews": 0.05665221569719739,
  "Gio Urshela": 0.04832465859003719,
  "Luke Williams": 0.055634495727363203,
  "Jose Tena": 0.057990337553078385,
  "Jacob Young": 0.047669590643274855,
  "Adam Duvall": 0.13333333333333333,
  "Drew Millas": 0.07361111111111111,
  "Jarred Kelenic": 0.10757575757575757,
  "Whit Merrifield": 0.049999999999999996,
  "Aaron Judge": 0.1707718097189501,
  "Giancarlo Stanton": 0.14565038216687992,
  "Salvador Perez": 0.11164108741399331,
  "Juan Soto": 0.10730336162429242,
  "Bobby Witt Jr.": 0.10109091129318984,
  "Austin Wells": 0.09287234861276872,
  "Jazz Chisholm Jr.": 0.08667754820282758,
  "Hunter Renfroe": 0.08729102922538291,
  "Tommy Pham": 0.07388091542906404,
  "Paul DeJong": 0.10000848095384005,
  "MJ Melendez": 0.09398045840260048,
  "Jasson Dom\u00ednguez": 0.06856945586977464,
  "Gleyber Torres": 0.06152033815921257,
  "Michael Massey": 0.07891304279086674,
  "Anthony Volpe": 0.0597642892697918,
  "Anthony Rizzo": 0.06717791749305409,
  "Freddy Fermin": 0.061508025893659515,
  "Kyle Isbel": 0.05047927307553866,
  "Oswaldo Cabrera": 0.07361111111111111,
  "Dairon Blanco": 0.09761904761904762,
  "Garrett Hampson": 0.060000000000000005,
  "Trent Grisham": 0.07361111111111111,
  "Alex Verdugo": 0.07361111111111111,
  "Maikel Garcia": 0.034482758620689655,
  "Francisco Lindor": 0.1171345041863412,
  "Mark Vientos": 0.0881421276763922,
  "Pete Alonso": 0.08423468980100873,
  "Brandon Nimmo": 0.08644446830606624,
  "J. D. Martinez": 0.06840571760076404,
  "George Springer": 0.06556787370698795,
  "DJ Stewart": 0.10776573668205296,
  "Davis Schneider": 0.06332483102611974,
  "Vladimir Guerrero Jr.": 0.07345333382315127,
  "Jesse Winker": 0.057013178547862364,
  "Francisco Alvarez": 0.062314101811549234,
  "Alejandro Kirk": 0.05484280997000701,
  "Daulton Varsho": 0.06580986673546582,
  "Joey Loperfido": 0.05746622031390243,
  "Spencer Horwitz": 0.07333333333333333,
  "Ernie Clement": 0.0506113982537119,
  "Leo Jimenez": 0.04184134726171568,
  "Starling Marte": 0.060000000000000005,
  "Addison Barger": 0.10757575757575757,
  "Harrison Bader": 0.08392857142857142,
  "Luis Torrens": 0.060000000000000005,
  "Jose Iglesias": 0.060000000000000005,
  "Tyler O'Neill": 0.12609152777524116,
  "Anthony Santander": 0.12120195732573551,
  "Gunnar Henderson": 0.1097224332701051,
  "Rafael Devers": 0.12240065343788485,
  "Wilyer Abreu": 0.10177399571402361,
  "Cedric Mullins": 0.07765629873748198,
  "Ryan O'Hearn": 0.08400428225235371,
  "Colton Cowser": 0.09081710758643659,
  "Adley Rutschman": 0.07994811011331585,
  "Jarren Duran": 0.08553414134125488,
  "Triston Casas": 0.07104522643213468,
  "Jackson Holliday": 0.06701806670647673,
  "Enmanuel Valdez": 0.07184220969760186,
  "Ceddanne Rafaela": 0.06397130792320846,
  "Connor Wong": 0.06397286618102073,
  "Coby Mayo": 0.07200314739765094,
  "Masataka Yoshida": 0.06017288816765479,
  "James McCann": 0.06591673678181971,
  "Trevor Story": 0.08392857142857142,
  "Rob Refsnyder": 0.10757575757575757,
  "Romy Gonzalez": 0.060000000000000005,
  "Danny Jansen": 0.08392857142857142,
  "Eloy Jimenez": 0.09761904761904762,
  "Nick Maton": 0.008264462809917356,
  "Josh Naylor": 0.11775632363147014,
  "Luis Robert Jr.": 0.14596237737115336,
  "Jose Ramirez": 0.11964858212309845,
  "Jhonkensy Noel": 0.14388707853425547,
  "Lane Thomas": 0.09396233174524225,
  "Andrew Vaughn": 0.09654915900963332,
  "Bo Naylor": 0.0899713782265355,
  "Kyle Manzardo": 0.1290479117773921,
  "Andrew Benintendi": 0.07627861955124714,
  "Korey Lee": 0.08105831098125618,
  "Gavin Sheets": 0.06942184980875807,
  "Andres Gimenez": 0.06474378474378474,
  "Bryan Ramos": 0.08511075290395949,
  "Steven Kwan": 0.05582022520240728,
  "Brayan Rocchio": 0.05390363520940974,
  "Jacob Amaya": 0.06634018463805698,
  "Dominic Fletcher": 0.05151843947058452,
  "Nicky Lopez": 0.04458822213160338,
  "Will Brennan": 0.060000000000000005,
  "Lenyn Sosa": 0.049999999999999996,
  "David Fry": 0.10757575757575757,
  "Miguel Vargas": 0.07361111111111111,
  "Corey Julks": 0.049999999999999996,
  "Matt Wallner": 0.15610029742757986,
  "Ryan Jeffers": 0.09268333500468558,
  "Trevor Larnach": 0.0951526098272984,
  "Edouard Julien": 0.0973576361657793,
  "Carlos Santana": 0.10140839109681593,
  "Mickey Moniak": 0.09429460681430375,
  "Jose Miranda": 0.09230046933473388,
  "Taylor Ward": 0.08321651074455215,
  "Niko Kavadas": 0.08134687229669309,
  "Logan O'Hoppe": 0.07970268016069994,
  "Zach Neto": 0.07374861475318097,
  "Brooks Lee": 0.07549316326342696,
  "Brandon Drury": 0.06479215264437904,
  "Kyle Farmer": 0.07773251469423718,
  "DaShawn Keirsey Jr.": 0.09547537227949598,