{
  "Anthony Santander": 0.11610104769531444,
  "Cedric Mullins": 0.07361111111111111,
  "Christian Walker": 0.10932263780766084,
  "Ryan Mountcastle": 0.08683869729401804,
  "Ketel Marte": 0.10560204646807599,
  "Jorge Mateo": 0.060000000000000005,
  "Jake McCarthy": 0.062245124547722616,
  "Adley Rutschman": 0.08903240043940945,
  "Blaze Alexander": 0.060000000000000005,
  "Corbin Carroll": 0.08988901366352346,
  "Gunnar Henderson": 0.12238043587357861,
  "James McCann": 0.07464324037003223,
  "Lourdes Gurriel Jr.": 0.08971438437634006,
  "Gabriel Moreno": 0.060000000000000005,
  "Eugenio Suarez": 0.10920772094194543,
  "Ryan O'Hearn": 0.09737651510192698,
  "Randal Grichuk": 0.08392857142857142,
  "Colton Cowser": 0.0805953375706443,
  "Jordan Westburg": 0.0968071926194524,
  "Kevin Newman": 0.05694016466943833,
  "Joc Pederson": 0.13402577026145646,
  "Ramon Urias": 0.07572203237303106,
  "Tucker Barnhart": 0.05331725693444669,
  "Luis Garcia Jr.": 0.07392563016866271,
  "Jarren Duran": 0.07786314784018968,
  "Riley Adams": 0.08759921406980231,
  "Keibert Ruiz": 0.060000000000000005,
  "Rafael Devers": 0.11901024192432061,
  "Connor Wong": 0.0942885461179623,
  "Rob Refsnyder": 0.08734201631065479,
  "CJ Abrams": 0.09421710032386259,
  "Ildemaro Vargas": 0.05956046506110562,
  "Wilyer Abreu": 0.08392857142857142,
  "Joey Meneses": 0.08328910691810949,
  "Nick Senzel": 0.09645851043366571,
  "Jacob Young": 0.060000000000000005,
  "Ceddanne Rafaela": 0.0772731399835598,
  "Reese McGuire": 0.060000000000000005,
  "Tyler O'Neill": 0.14898756828125342,
  "Vaughn Grissom": 0.08097041233843162,
  "Dominic Smith": 0.09761904761904762,
  "Eddie Rosario": 0.0850301853227983,
  "Jesse Winker": 0.07205309910762259,
  "Garrett Cooper": 0.09830777290754453,
  "Victor Robles": 0.05770850737956001,
  "Romy Gonzalez": 0.11047711026173865,
  "Trey Lipscomb": 0.03571428571428571,
  "Andrew McCutchen": 0.11958516939526284,
  "Ian Happ": 0.08722978910242819,
  "Connor Joe": 0.08717211703577485,
  "Patrick Wisdom": 0.14303884178999812,
  "Christopher Morel": 0.15273847100412383,
  "Miguel Amaya": 0.08107307478381051,
  "Nico Hoerner": 0.07031066042522671,
  "Bryan Reynolds": 0.10438834575249908,
  "Oneil Cruz": 0.12451109233104032,
  "Seiya Suzuki": 0.11309298915272517,
  "Nick Madrigal": 0.05445276638985248,
  "Yan Gomes": 0.060000000000000005,
  "Jack Suwinski": 0.11777486081221537,
  "Cody Bellinger": 0.12235358324157909,
  "Jared Triolo": 0.07866055556067432,
  "Mike Tauchman": 0.07284768725260282,
  "Pete Crow-Armstrong": 0.060000000000000005,
  "Michael A. Taylor": 0.07361111111111111,
  "Edward Olivares": 0.10757575757575757,
  "Rowdy Tellez": 0.09814059033459376,
  "Joey Bart": 0.07832845421741484,
  "Michael Busch": 0.12000000000000001,
  "Alika Williams": 0.06538163402328005,
  "Max Kepler": 0.13606862938363556,
  "Vladimir Guerrero Jr.": 0.15164110401673445,
  "Ryan Jeffers": 0.12000000000000001,
  "Bo Bichette": 0.10009555107918082,
  "Alex Kirilloff": 0.09245696642063622,
  "Danny Jansen": 0.09761904761904762,
  "Alejandro Kirk": 0.08973353612391045,
  "Cavan Biggio": 0.060000000000000005,
  "Jose Miranda": 0.07361111111111111,
  "George Springer": 0.11133178096413392,
  "Kyle Farmer": 0.060000000000000005,
  "Carlos Correa": 0.12872989106343627,
  "Trevor Larnach": 0.13065037701327284,
  "Edouard Julien": 0.11420804215300703,
  "Christian Vazquez": 0.06903928243595901,
  "Daulton Varsho": 0.1195535917716369,
  "Justin Turner": 0.09761904761904762,
  "Davis Schneider": 0.1268679563089589,
  "Kevin Kiermaier": 0.060000000000000005,
  "Carlos Santana": 0.11069759737313346,
  "Isiah Kiner-Falefa": 0.07318919414022816,
  "Willi Castro": 0.09768541870270471,
  "Manuel Margot": 0.07361111111111111,
  "Daniel Vogelbach": 0.10429588565488543,
  "Ernie Clement": 0.06956730869774348,
  "Austin Martin": 0.06970990228121078,
  "Jose Altuve": 0.07361111111111111,
  "Yordan Alvarez": 0.15369808764865298,
  "Alex Bregman": 0.09032721661149233,
  "Kyle Tucker": 0.11692873670618224,
  "Jake Rogers": 0.08392857142857142,
  "Jake Meyers": 0.060000000000000005,
  "Jeremy Pena": 0.08658505967548699,
  "Kerry Carpenter": 0.11880164821595234,
  "Riley Greene": 0.1288389407833424,
  "Javier Baez": 0.08790568423614148,
  "Mauricio Dubon": 0.07249439775910364,
  "Spencer Torkelson": 0.13313974731091774,
  "Yainer Diaz": 0.09983631276847194,
  "Mark Canha": 0.10306553159921415,
  "Matt Vierling": 0.09985841292076422,
  "Colt Keith": 0.09772331113246789,
  "Joey Loperfido": 0.08548771342233544,
  "Andy Ibanez": 0.09619751842038017,
  "Carson Kelly": 0.09957430033830714,
  "Jon Singleton": 0.08846369935740163,
  "Trey Cabbage": 0.09334965870406133,
  "J.T. Realmuto": 0.09761904761904762,
  "Jesus Sanchez": 0.0898324194542682,
  "Bryce Harper": 0.12460844136309975,
  "Alec Bohm": 0.10020358877906207,
  "Jazz Chisholm Jr.": 0.12403031915020095,
  "Bryan De La Cruz": 0.09889254823436754,
  "Nick Castellanos": 0.1260469084489302,
  "Brandon Marsh": 0.08053447651907118,
  "Edmundo Sosa": 0.10053603440330044,
  "Kyle Schwarber": 0.17142857142857143,
  "Bryson Stott": 0.06235233931368542,
  "Johan Rojas": 0.060000000000000005,
  "Josh Bell": 0.09501447565695466,
  "Nick Fortes": 0.060000000000000005,
  "Jake Burger": 0.11240839133984294,
  "Christian Bethancourt": 0.08582934609250399,
  "Whit Merrifield": 0.08404278953687305,
  "Emmanuel Rivera": 0.05007062146892655,
  "Tim Anderson": 0.05007062146892655,
  "Nick Gordon": 0.08019586114857716,
  "Cristian Pache": 0.0745361116501243,
  "Garrett Stubbs": 0.06414154034094063,
  "Vidal Brujan": 0.06710847913177212,
  "Otto Lopez": 0.05303650827134508,
  "Aaron Judge": 0.2809561878525223,
  "Gleyber Torres": 0.11398579071779566,
  "Josh Lowe": 0.11150106507249365,
  "Yandy Diaz": 0.10726983334854423,
  "Anthony Rizzo": 0.12034561767410838,
  "Giancarlo Stanton": 0.1953867383695287,
  "Oswaldo Cabrera": 0.05753926701570681,
  "Randy Arozarena": 0.11759762193400637,
  "Jose Trevino": 0.07826187952286241,
  "Isaac Paredes": 0.11263089700877718,
  "Trent Grisham": 0.060000000000000005,
  "Austin Wells": 0.08392857142857142,
  "Harold Ramirez": 0.059511404774562675,
  "Alex Verdugo": 0.05211433621990807,
  "Anthony Volpe": 0.10732819537615503,
  "Juan Soto": 0.17573694172066848,
  "Jose Caballero": 0.060815687791715645,
  "Richie Palacios": 0.08766197570119139,
  "Amed Rosario": 0.0753555257003533,
  "Jose Siri": 0.09942224833529181,
  "Jonny Deluca": 0.09411390500197162,
  "Alex Jackson": 0.08620689655172414,
  "Ben Rortvedt": 0.08366835135308041,
  "Jahmai Jones": 0.08207751739103711,
  "Jon Berti": 0.08112513643865615,
  "Jose Ramirez": 0.15793762622284005,
  "Eloy Jimenez": 0.15416397821288147,
  "Josh Naylor": 0.15874021293868404,
  "Gavin Sheets": 0.10157147379369602,
  "Gabriel Arias": 0.13431483637450958,
  "Andrew Vaughn": 0.13896740517525788,
  "Andres Gimenez": 0.10734951767592282,
  "Tyler Freeman": 0.11291325128860143,
  "Will Brennan": 0.09262708200646892,
  "Brayan Rocchio": 0.07683406381806794,
  "Bo Naylor": 0.10757575757575757,
  "David Fry": 0.16271908417712616,
  "Ramon Laureano": 0.060000000000000005,
  "Andrew Benintendi": 0.08392857142857142,
  "Paul DeJong": 0.13627676448654363,
  "Nicky Lopez": 0.060000000000000005,
  "Estevan Florial": 0.10469074044761284,
  "Martin Maldonado": 0.060000000000000005,
  "Tommy Pham": 0.1423618330635047,
  "Bryan Ramos": 0.1434602258411782,
  "Korey Lee": 0.11595168204315562,
  "Rafael Ortega": 0.07784817372662801,
  "Zach Remillard": 0.08646493851973304,
  "Christian Yelich": 0.14782207208797485,
  "Paul Goldschmidt": 0.1475274772166112,
  "Dylan Carlson": 0.060000000000000005,
  "Willy Adames": 0.17560249051097881,
  "Ivan Herrera": 0.11803357959633075,
  "Lars Nootbaar": 0.13664859881841013,
  "Nolan Gorman": 0.21040897531970726,
  "Brendan Donovan": 0.13309617222455616,
  "Nolan Arenado": 0.12000000000000001,
  "Alec Burleson": 0.15068383926533227,