{
  "Aaron Judge": 0.2534844061374603,
  "Alex Verdugo": 0.09713271903804005,
  "Amed Rosario": 0.10530459005799132,
  "Anthony Rizzo": 0.14603721689781612,
  "Anthony Volpe": 0.11947934149041357,
  "Austin Wells": 0.11923170130386114,
  "Curtis Mead": 0.09657224114721819,
  "Harold Ramirez": 0.11831762621034543,
  "Isaac Paredes": 0.1599467490457822,
  "Jahmai Jones": 0.08091437671917123,
  "Jose Caballero": 0.11370504511140075,
  "Jose Siri": 0.12854149630969974,
  "Juan Soto": 0.18475790149601717,
  "Oswaldo Cabrera": 0.08613331009589019,
  "Randy Arozarena": 0.19336804849825207,
  "Rene Pinto": 0.12862323793673908,
  "Trent Grisham": 0.15067241791661537,
  "Yandy Diaz": 0.16745640956965527,
  "Giancarlo Stanton": 0.15936507936507935,
  "Gleyber Torres": 0.11547619047619047,
  "Jose Trevino": 0.060000000000000005,
  "Richie Palacios": 0.08392857142857142,
  "Alex Kirilloff": 0.10349165338455688,
  "Austin Martin": 0.06576501249671139,
  "Byron Buxton": 0.13959728107814087,
  "Colt Keith": 0.0830666758943273,
  "Edouard Julien": 0.0877748393121498,
  "Jake Rogers": 0.09570288955315692,
  "Javier Baez": 0.09202364141248787,
  "Jose Miranda": 0.0938277448116712,
  "Kerry Carpenter": 0.11755859487768182,
  "Matt Vierling": 0.08737434125503994,
  "Parker Meadows": 0.08085162628258005,
  "Riley Greene": 0.11800778226666893,
  "Ryan Jeffers": 0.09699186965520652,
  "Spencer Torkelson": 0.14644066205526024,
  "Trevor Larnach": 0.13090913715913716,
  "Wenceel Perez": 0.09089824636984617,
  "Willi Castro": 0.0823313741470971,
  "Mark Canha": 0.09074074074074073,
  "Manuel Margot": 0.060000000000000005,
  "Gio Urshela": 0.05007062146892655,
  "Carlos Santana": 0.07361111111111111,
  "Carson Kelly": 0.060000000000000005,
  "Kyle Farmer": 0.060000000000000005,
  "Christian Vazquez": 0.07361111111111111,
  "Blake Perkins": 0.07084871288777357,
  "Brendan Donovan": 0.06855301519559913,
  "Brice Turang": 0.0649817192790413,
  "Gary Sanchez": 0.14652617568766638,
  "Ivan Herrera": 0.1074930933805682,
  "Jackson Chourio": 0.08321101072297245,
  "Jordan Walker": 0.09270061107741272,
  "Lars Nootbaar": 0.07336346277918769,
  "Masyn Winn": 0.07721877424782102,
  "Michael Siani": 0.07036266004563035,
  "Nolan Arenado": 0.14815299036525428,
  "Oliver Dunn": 0.08225899246805803,
  "Paul Goldschmidt": 0.1294496931271489,
  "Rhys Hoskins": 0.15881242015554373,
  "Sal Frelick": 0.06784490170628785,
  "William Contreras": 0.13500906536494234,
  "Willson Contreras": 0.15266700742838368,
  "Willy Adames": 0.13825111773171303,
  "Victor Scott II": 0.060000000000000005,
  "Nolan Gorman": 0.15833333333333333,
  "Alec Burleson": 0.060000000000000005,
  "Joey Ortiz": 0.060000000000000005,
  "Alexander Canario": 0.10448615422269227,
  "Bryan De La Cruz": 0.13659267806981096,
  "Christopher Morel": 0.1681113668742656,
  "Dansby Swanson": 0.12620192705261116,
  "Emmanuel Rivera": 0.08367075881588494,
  "Garrett Cooper": 0.1275155156734104,
  "Jazz Chisholm Jr.": 0.176665365095614,
  "Jesus Sanchez": 0.11877795312680196,
  "Josh Bell": 0.15609108238491204,
  "Luis Arraez": 0.07699833647686892,
  "Miguel Amaya": 0.07889554960114632,
  "Mike Tauchman": 0.06542713139830504,
  "Nick Fortes": 0.07836557461859814,
  "Nick Gordon": 0.11964963662764395,
  "Nico Hoerner": 0.07839140864959347,
  "Patrick Wisdom": 0.16150389060052925,
  "Vidal Brujan": 0.08477579229458929,
  "Nick Madrigal": 0.05661287658210626,
  "Ian Happ": 0.08392857142857142,
  "Cody Bellinger": 0.11120103213699273,
  "Yan Gomes": 0.060000000000000005,
  "Avisail Garcia": 0.08392857142857142,
  "Michael Busch": 0.07361111111111111,
  "Tim Anderson": 0.06607578911325566,
  "Blaze Alexander": 0.07904020510871232,
  "Christian Walker": 0.12815749375595833,
  "Corbin Carroll": 0.07216227537703482,
  "Eugenio Suarez": 0.13120173750165207,
  "Jorge Soler": 0.15199799541123052,
  "Ketel Marte": 0.14199076241502687,
  "Kevin Newman": 0.05853258124084196,
  "LaMonte Wade Jr.": 0.08024420939230262,
  "Lourdes Gurriel Jr.": 0.10392606389948825,
  "Michael Conforto": 0.0850698099522031,
  "Mike Yastrzemski": 0.08524901383237526,
  "Nick Ahmed": 0.061968294136802424,
  "Patrick Bailey": 0.0648354154889949,
  "Randal Grichuk": 0.13112627068900864,
  "Thairo Estrada": 0.0834916749438957,
  "Wilmer Flores": 0.09926629742806213,
  "Tucker Barnhart": 0.06539905635300372,
  "Jung Hoo Lee": 0.05987261122087531,
  "Jake McCarthy": 0.05007062146892655,
  "Tyler Fitzgerald": 0.08392857142857142,
  "Tom Murphy": 0.09761904761904762,
  "Joc Pederson": 0.09761904761904762,
  "Matt Chapman": 0.08137392661982826,
  "Gabriel Moreno": 0.060000000000000005,
  "Austin Slater": 0.05007062146892655,
  "Bobby Dalbec": 0.09320809263322632,
  "Bryan Reynolds": 0.11739593769697891,
  "Ceddanne Rafaela": 0.07748431422482195,
  "Edward Olivares": 0.12815563914558298,
  "Enmanuel Valdez": 0.08991725325290764,
  "Jack Suwinski": 0.1377766771802273,
  "Jared Triolo": 0.08557958652090157,
  "Jarren Duran": 0.09072137585308306,
  "Joey Bart": 0.13813032359385086,
  "Ke'Bryan Hayes": 0.11783419875975208,
  "Masataka Yoshida": 0.07172535014325668,
  "Michael A. Taylor": 0.09720429234495731,
  "Oneil Cruz": 0.1204136762450448,
  "Rob Refsnyder": 0.06744270580904245,
  "Rowdy Tellez": 0.10530146728115009,
  "Triston Casas": 0.09846563911777542,
  "Wilyer Abreu": 0.09793880448947724,
  "Andrew McCutchen": 0.09761904761904762,
  "Connor Joe": 0.07361111111111111,
  "Connor Wong": 0.04952671755725191,
  "Reese McGuire": 0.059388745286323444,
  "Henry Davis": 0.08392857142857142,
  "Alex Bregman": 0.12771168355794757,
  "Chas McCormick": 0.10112819940089209,
  "CJ Abrams": 0.15371252749089687,
  "Eddie Rosario": 0.1327554943844523,
  "Jeremy Pena": 0.10886017163392066,
  "Jesse Winker": 0.11746509471426203,
  "Joey Gallo": 0.24832846231974368,
  "Joey Meneses": 0.10621053299067676,
  "Jose Abreu": 0.1107363149021364,
  "Jose Altuve": 0.13386598099152383,
  "Kyle Tucker": 0.16268640582126384,
  "Lane Thomas": 0.12232685163894234,
  "Mauricio Dubon": 0.08942096302024585,
  "Nick Senzel": 0.09599295884055786,
  "Riley Adams": 0.10910098132320355,
  "Yainer Diaz": 0.16021316367555086,
  "Yordan Alvarez": 0.24947486778844663,
  "Luis Garcia Jr.": 0.060000000000000005,
  "Jake Meyers": 0.08392857142857142,
  "Ildemaro Vargas": 0.05007062146892655,
  "Jacob Young": 0.060000000000000005,
  "Andy Pages": 0.12506275301233963,
  "Austin Barnes": 0.08982719848502782,
  "Brandon Nimmo": 0.13562380246460973,
  "DJ Stewart": 0.1524990381899736,
  "Francisco Lindor": 0.16023499781030254,
  "Freddie Freeman": 0.14247550086032992,
  "Gavin Lux": 0.08819434468324117,
  "Harrison Bader": 0.08357602465252227,
  "James Outman": 0.13020746038007353,
  "Jeff McNeil": 0.08103949056708051,
  "Joey Wendle": 0.07389684131137457,
  "Max Muncy": 0.19382701850750364,
  "Mookie Betts": 0.17633890734448482,
  "Omar Narvaez": 0.07301108500433744,
  "Pete Alonso": 0.16257234654941843,
  "Shohei Ohtani": 0.24668728875346876,
  "Starling Marte": 0.1011477404625082,
  "Teoscar Hernandez": 0.18072007381172908,
  "Enrique Hernandez": 0.07361111111111111,
  "Will Smith": 0.08909090909090908,
  "Brett Baty": 0.09214285714285714,
  "Tyrone Taylor": 0.10757575757575757,
  "Alec Bohm": 0.1057284908094412,
  "Andrew Benintendi": 0.06957865622124017,
  "Andrew Vaughn": 0.10678969925981222,
  "Braden Shewmake": 0.08479694556457723,
  "Brandon Marsh": 0.10352754550813084,
  "Bryce Harper": 0.1846603117121915,
  "Bryson Stott": 0.08132507779727847,
  "Dominic Fletcher": 0.08073794887901765,
  "Eloy Jimenez": 0.11210856200352,
  "Gavin Sheets": 0.117768638694192,
  "J.T. Realmuto": 0.16464233706796635,
  "Johan Rojas": 0.06584688078857522,
  "Korey Lee": 0.07650141597235702,
  "Kyle Schwarber": 0.2451296528942816,
  "Nick Castellanos": 0.1495653489987788,
  "Paul DeJong": 0.09395102046473966,
  "Trea Turner": 0.1766513914535914,
  "Lenyn Sosa": 0.060000000000000005,
  "Nicky Lopez": 0.06779251041655134,