{
  "Andrew McCutchen": 0.13360082022234496,
  "Spencer Torkelson": 0.11527758978635212,
  "Connor Joe": 0.10785912335917743,
  "Riley Greene": 0.10842318753875109,
  "Matt Vierling": 0.08670549268353457,
  "Michael A. Taylor": 0.09713142471198977,
  "Edward Olivares": 0.10160480117871774,
  "Ke'Bryan Hayes": 0.09339535419080873,
  "Jake Rogers": 0.07749472801541475,
  "Bryan Reynolds": 0.1021760823435061,
  "Gio Urshela": 0.07341282850869933,
  "Wenceel Perez": 0.08789811678873193,
  "Nick Gonzales": 0.08926544126594704,
  "Yasmani Grandal": 0.08336617791919877,
  "Javier Baez": 0.08009269460257352,
  "Mark Canha": 0.08218228346112895,
  "Colt Keith": 0.08850027211823397,
  "Alika Williams": 0.06932773109243696,
  "Jared Triolo": 0.060000000000000005,
  "Kerry Carpenter": 0.08392857142857142,
  "Zach McKinstry": 0.0501412429378531,
  "Ji Hwan Bae": 0.060000000000000005,
  "Carson Kelly": 0.060000000000000005,
  "Matt Carpenter": 0.14690640967968902,
  "Paul Goldschmidt": 0.15080131787578596,
  "Tyler Stephenson": 0.08392857142857142,
  "Dylan Carlson": 0.05007062146892655,
  "Ivan Herrera": 0.10288494054653875,
  "Nolan Arenado": 0.12000000000000001,
  "Brendan Donovan": 0.1183052687710144,
  "Jonathan India": 0.08383606690298993,
  "Lars Nootbaar": 0.11154936604216763,
  "Jake Fraley": 0.08444866095390294,
  "Stuart Fairchild": 0.08392857142857142,
  "Nolan Gorman": 0.16548958248004905,
  "Elly De La Cruz": 0.10543349612541413,
  "Alec Burleson": 0.12116877203221355,
  "Masyn Winn": 0.07506271605522265,
  "Nick Martini": 0.0846558934794229,
  "Luke Maile": 0.09452107752546347,
  "Will Benson": 0.08971565889882721,
  "Spencer Steer": 0.11007636056018455,
  "Michael Siani": 0.07013584591103646,
  "Jacob Hurtubise": 0.060000000000000005,
  "Mike Ford": 0.09761904761904762,
  "Jeimer Candelario": 0.09973372121207012,
  "Santiago Espinal": 0.05007062146892655,
  "TJ Friedl": 0.1010920339765709,
  "Christian Walker": 0.1349933134075581,
  "Ketel Marte": 0.12774624246895763,
  "Leody Taveras": 0.09353175938164479,
  "Jonah Heim": 0.11522198503315087,
  "Nathaniel Lowe": 0.09745510738720606,
  "Adolis Garcia": 0.24449280052045003,
  "Ezequiel Duran": 0.09874083141346568,
  "Jake McCarthy": 0.07795424339851874,
  "Corey Seager": 0.19703158274287821,
  "Josh Smith": 0.09747043558312933,
  "Marcus Semien": 0.12000000000000001,
  "Lourdes Gurriel Jr.": 0.10866541571356551,
  "Robbie Grossman": 0.05007062146892655,
  "Gabriel Moreno": 0.060000000000000005,
  "Joc Pederson": 0.16556460103043952,
  "Eugenio Suarez": 0.1172529824156355,
  "Kevin Newman": 0.06735818813609344,
  "Randal Grichuk": 0.08392857142857142,
  "Corbin Carroll": 0.11554012215939209,
  "Wyatt Langford": 0.11169930502772304,
  "Tucker Barnhart": 0.06528881191754851,
  "Travis Jankowski": 0.06900498732728313,
  "Oneil Cruz": 0.16129032258064516,
  "J.T. Realmuto": 0.09761904761904762,
  "Bryce Harper": 0.11862788267353694,
  "Mike Yastrzemski": 0.10757575757575757,
  "Curt Casali": 0.06337290535783166,
  "Wilmer Flores": 0.07648248467960793,
  "Alec Bohm": 0.10185981468328263,
  "Thairo Estrada": 0.06546035493226837,
  "Heliot Ramos": 0.08282249157871718,
  "Nick Castellanos": 0.10877840398189234,
  "Bryson Stott": 0.06330654544336102,
  "Kyle Schwarber": 0.13251682825250152,
  "Edmundo Sosa": 0.10628567209489655,
  "Marco Luciano": 0.07600716097006746,
  "Jorge Soler": 0.13587803712905183,
  "Johan Rojas": 0.060000000000000005,
  "Luis Matos": 0.06867715898403044,
  "Brandon Marsh": 0.07361111111111111,
  "Kody Clemens": 0.09761904761904762,
  "Patrick Bailey": 0.07361111111111111,
  "Whit Merrifield": 0.07172984473651299,
  "Matt Chapman": 0.12711517460938823,
  "Tyler Fitzgerald": 0.0769685743533406,
  "Garrett Stubbs": 0.0625040268164207,
  "Cristian Pache": 0.06581042820556568,
  "Trenton Brooks": 0.03571428571428571,
  "Gavin Lux": 0.05007062146892655,
  "Enrique Hernandez": 0.08511514798319597,
  "Tomas Nido": 0.08411401887049497,
  "Jeff McNeil": 0.06805809603016705,
  "Brandon Nimmo": 0.08392857142857142,
  "Will Smith": 0.11537918406769547,
  "Pete Alonso": 0.16597825651369874,
  "Freddie Freeman": 0.121412629756924,
  "Francisco Lindor": 0.17138038149951998,
  "Brett Baty": 0.060000000000000005,
  "Mookie Betts": 0.135184221861207,
  "Starling Marte": 0.10267173747889664,
  "Andy Pages": 0.1149941851279284,
  "Teoscar Hernandez": 0.13226492120639197,
  "Tyrone Taylor": 0.14093093796062361,
  "DJ Stewart": 0.12000000000000001,
  "Shohei Ohtani": 0.17089546371339684,
  "Jason Heyward": 0.060000000000000005,
  "J. D. Martinez": 0.17702188336318428,
  "Mark Vientos": 0.17890741832425353,
  "Harrison Bader": 0.11403679579082804,
  "Miguel Vargas": 0.09074607618947501,
  "Miguel Rojas": 0.07154592168633102,
  "Fernando Tatis Jr.": 0.13953411404087326,
  "Manny Machado": 0.13183838679171006,
  "Jake Cronenworth": 0.0773217403087533,
  "Jurickson Profar": 0.07364088564807754,
  "Jesus Sanchez": 0.1181199637721377,
  "Jazz Chisholm Jr.": 0.15336850261142557,
  "Ha-Seong Kim": 0.0770588008385255,
  "Luis Campusano": 0.07906039757187795,
  "Bryan De La Cruz": 0.10900395105739735,
  "Nick Fortes": 0.06983916297965885,
  "Nick Gordon": 0.08843577729690603,
  "Vidal Brujan": 0.067599618652891,
  "Josh Bell": 0.11560607658230006,
  "Kyle Higashioka": 0.07361111111111111,
  "Jake Burger": 0.12268393014908695,
  "Tim Anderson": 0.060000000000000005,
  "Emmanuel Rivera": 0.05007062146892655,
  "Jackson Merrill": 0.06459264865344083,
  "Donovan Solano": 0.07710118822530891,
  "Otto Lopez": 0.06346235616706476,
  "Luis Arraez": 0.05321819848861792,
  "Anthony Santander": 0.1421301982215913,
  "Rafael Devers": 0.12107858630328287,
  "Cedric Mullins": 0.08837316428217092,
  "Jarren Duran": 0.0730156434499708,
  "Ryan Mountcastle": 0.10420756976339811,
  "Jorge Mateo": 0.07067843953660405,
  "Connor Wong": 0.0666735788411607,
  "Adley Rutschman": 0.09761904761904762,
  "Gunnar Henderson": 0.16455323166642707,
  "Ceddanne Rafaela": 0.056603063459907205,
  "Wilyer Abreu": 0.08876314680632294,
  "Kyle Stowers": 0.060000000000000005,
  "David Hamilton": 0.05797643732260459,
  "Ryan O'Hearn": 0.11862424267085991,
  "Jordan Westburg": 0.09761904761904762,
  "Vaughn Grissom": 0.0648840232748827,
  "Tyler O'Neill": 0.13358585858585859,
  "Colton Cowser": 0.09888014815879098,
  "Romy Gonzalez": 0.060000000000000005,
  "Dominic Smith": 0.07120674953350488,
  "Garrett Cooper": 0.07361111111111111,
  "Ramon Urias": 0.07670813268536228,
  "Rob Refsnyder": 0.06618325397546176,
  "James McCann": 0.07647709408722043,
  "Abraham Toro": 0.09111664138288648,
  "Amed Rosario": 0.08529304029304029,
  "Ben Rortvedt": 0.08062758564882931,
  "Brandon Lowe": 0.14954698612204168,
  "Brent Rooker": 0.1378922961074652,
  "Harold Ramirez": 0.09032937209363154,
  "Isaac Paredes": 0.1514425098368943,
  "JJ Bleday": 0.11031540659516849,
  "Jose Siri": 0.12391300798696765,
  "Max Schuemann": 0.070083046786099,
  "Miguel Andujar": 0.09464273142287519,
  "Randy Arozarena": 0.13641423271543335,
  "Richie Palacios": 0.10681370013611509,
  "Seth Brown": 0.10790642363876919,
  "Shea Langeliers": 0.1350365999529455,
  "Tyler Soderstrom": 0.08588595721201508,
  "Yandy Diaz": 0.11512905258756426,
  "Zack Gelof": 0.08798487725484876,
  "Jonathan Aranda": 0.09761904761904762,
  "Jonny Deluca": 0.09761904761904762,
  "Jose Caballero": 0.07361111111111111,
  "J.D. Davis": 0.07361111111111111,
  "Austin Riley": 0.1700252073252388,
  "Adam Duvall": 0.16904676065466698,
  "Ozzie Albies": 0.11877621836096278,
  "Travis d'Arnaud": 0.12177721134232038,
  "Luis Garcia Jr.": 0.0813321614325068,
  "Orlando Arcia": 0.09712393302579007,
  "Keibert Ruiz": 0.08277267889567354,
  "Riley Adams": 0.07361111111111111,
  "Marcell Ozuna": 0.19250303092981255,
  "CJ Abrams": 0.11908677999175378,
  "Matt Olson": 0.14034986911675487,
  "Jacob Young": 0.0507553308299037,
  "Michael Harris II": 0.08300069168560896,
  "Ildemaro Vargas": 0.060000000000000005,