{
  "Seiya Suzuki": 0.17944565105556573,
  "Christopher Morel": 0.16025813454584314,
  "Cody Bellinger": 0.16716871213792578,
  "Michael Busch": 0.140794509246229,
  "Kevin Pillar": 0.1215641627591466,
  "Ian Happ": 0.14470896759664528,
  "Miguel San\u00f3": 0.13585277022532477,
  "Logan O'Hoppe": 0.12830627420410382,
  "Zach Neto": 0.1232721403452234,
  "Taylor Ward": 0.11367367730148216,
  "Dansby Swanson": 0.14027410153506958,
  "Brandon Drury": 0.1222775423916909,
  "Jo Adell": 0.116116512097612,
  "Tomas Nido": 0.0859014706115275,
  "Miles Mastrobuoni": 0.07952365262959016,
  "Nico Hoerner": 0.08057401439912325,
  "Willie Calhoun": 0.0756434358737896,
  "Nolan Schanuel": 0.05735249947884668,
  "Miguel Amaya": 0.08392857142857142,
  "Luis Rengifo": 0.08392857142857142,
  "Mickey Moniak": 0.060000000000000005,
  "Pete Crow-Armstrong": 0.08392857142857142,
  "Oneil Cruz": 0.14216894598648055,
  "Francisco Lindor": 0.11303362674945107,
  "Bryan Reynolds": 0.12100128633808836,
  "Pete Alonso": 0.09593427633755917,
  "Jack Suwinski": 0.09603302189276688,
  "Brandon Nimmo": 0.09442615170255354,
  "J. D. Martinez": 0.0909300032306346,
  "Francisco Alvarez": 0.08064573514918835,
  "DJ Stewart": 0.11105911491362311,
  "Harrison Bader": 0.05847691912199321,
  "Rowdy Tellez": 0.089471812009815,
  "Nick Gonzales": 0.0706773361895318,
  "Yasmani Grandal": 0.07263459874852096,
  "Ke'Bryan Hayes": 0.06420663987305024,
  "Michael A. Taylor": 0.0668971672465626,
  "Jeff McNeil": 0.05842512636233642,
  "Jose Iglesias": 0.05825534482195965,
  "Connor Joe": 0.060000000000000005,
  "Andrew McCutchen": 0.08392857142857142,
  "Mark Vientos": 0.08392857142857142,
  "Edward Olivares": 0.07361111111111111,
  "Tyrone Taylor": 0.08392857142857142,
  "Joshua Palacios": 0.15894229809324148,
  "Willson Contreras": 0.18092703946522906,
  "Paul Goldschmidt": 0.15010334198414427,
  "Nolan Arenado": 0.14242622894350543,
  "CJ Abrams": 0.11343671136886406,
  "Alec Burleson": 0.11589095469261482,
  "James Wood": 0.10152445198013786,
  "Lane Thomas": 0.09272107557315773,
  "Pedro Pages": 0.0934781034715123,
  "Dylan Carlson": 0.09642492374864069,
  "Masyn Winn": 0.09018169307764526,
  "Brendan Donovan": 0.0867374994537744,
  "Nick Senzel": 0.07238169141474482,
  "Keibert Ruiz": 0.07986183301522451,
  "Jesse Winker": 0.08507399545188492,
  "Luis Garcia Jr.": 0.07628201464820587,
  "Michael Siani": 0.07027310702923001,
  "Jacob Young": 0.048614153055388624,
  "Matt Carpenter": 0.060000000000000005,
  "Nolan Gorman": 0.13358585858585859,
  "Ildemaro Vargas": 0.060000000000000005,
  "Brandon Crawford": 0.060000000000000005,
  "Aaron Judge": 0.20532013868089152,
  "Tyler O'Neill": 0.1633027237805999,
  "Rafael Devers": 0.12856662869414906,
  "Juan Soto": 0.12823700397203838,
  "Connor Wong": 0.11455014891332027,
  "Romy Gonzalez": 0.10032919040165417,
  "Enmanuel Valdez": 0.0886358490982904,
  "Ben Rice": 0.09340560428460908,
  "Jarren Duran": 0.08037156610372603,
  "Trent Grisham": 0.07688200935751219,
  "Ceddanne Rafaela": 0.08787865596441848,
  "Austin Wells": 0.07715648554588189,
  "Rob Refsnyder": 0.08972262850314493,
  "Masataka Yoshida": 0.06647667530167885,
  "Gleyber Torres": 0.07729904186632647,
  "Alex Verdugo": 0.06863907401036114,
  "Anthony Volpe": 0.066489515926324,
  "DJ LeMahieu": 0.06342088053794678,
  "Wilyer Abreu": 0.07361111111111111,
  "Jose Trevino": 0.09761904761904762,
  "David Hamilton": 0.07361111111111111,
  "Oswaldo Cabrera": 0.05007062146892655,
  "Dominic Smith": 0.060000000000000005,
  "Luis Robert Jr.": 0.11997702219129852,
  "Eloy Jimenez": 0.10013884993378568,
  "Jazz Chisholm Jr.": 0.11613733560642793,
  "Jake Burger": 0.11365245826504362,
  "Bryan De La Cruz": 0.11847494315483448,
  "Jesus Sanchez": 0.11334482172233222,
  "Josh Bell": 0.09666314482151961,
  "Tommy Pham": 0.0720703941260347,
  "Dane Myers": 0.07993068245048443,
  "Andrew Vaughn": 0.0805430682835418,
  "Paul DeJong": 0.08156012750647748,
  "Andrew Benintendi": 0.06990513599070883,
  "Lenyn Sosa": 0.06031739621475106,
  "Martin Maldonado": 0.07163914206378706,
  "Nick Fortes": 0.06582948785929124,
  "Xavier Edwards": 0.05275618598144835,
  "Vidal Brujan": 0.05862933765107678,
  "Gavin Sheets": 0.07361111111111111,
  "Nicky Lopez": 0.04847082509531465,
  "Nick Gordon": 0.08392857142857142,
  "Korey Lee": 0.08392857142857142,
  "Riley Greene": 0.1269274730373203,
  "Nick Martini": 0.12800911872503895,
  "Elly De La Cruz": 0.11438265913613757,
  "Carson Kelly": 0.1463033946187585,
  "Justyn-Henry Malloy": 0.10928201718397797,
  "Matt Vierling": 0.12918645333373455,
  "Jeimer Candelario": 0.1112059466553649,
  "Spencer Steer": 0.09892846000892828,
  "Colt Keith": 0.09801381887356388,
  "Will Benson": 0.1239577712839745,
  "Parker Meadows": 0.1234977303398356,
  "Ryan Kreidler": 0.09921617295566876,
  "Jonathan India": 0.08044923830766396,
  "Tyler Stephenson": 0.08591943129351165,
  "Stuart Fairchild": 0.07437835389747917,
  "Noelvi Marte": 0.07491944446646949,
  "Gio Urshela": 0.08232048374905518,
  "Wenceel Perez": 0.07873885371533748,
  "Jake Rogers": 0.09761904761904762,
  "Zach McKinstry": 0.08392857142857142,
  "Mark Canha": 0.08392857142857142,
  "Santiago Espinal": 0.060000000000000005,
  "Jorge Soler": 0.12949825042274032,
  "Matt Chapman": 0.11626574009992055,
  "Jose Ramirez": 0.12748365134808248,
  "Heliot Ramos": 0.09670667795107425,
  "Michael Conforto": 0.10820982896526667,
  "Josh Naylor": 0.11021144333056235,
  "David Fry": 0.1027870040857442,
  "LaMonte Wade Jr.": 0.08923515343953964,
  "Patrick Bailey": 0.07840547598667111,
  "Bo Naylor": 0.0879737523700372,
  "Mike Yastrzemski": 0.11805445552275426,
  "Daniel Schneemann": 0.07140336415704443,
  "Brett Wisely": 0.07591849742641119,
  "Gabriel Arias": 0.08206201964950566,
  "Steven Kwan": 0.051661397274440975,
  "Angel Martinez": 0.06864432980650015,
  "Andres Gimenez": 0.0676549835219616,
  "Nick Ahmed": 0.070198519233002,
  "Luis Matos": 0.07361111111111111,
  "Austin Slater": 0.05007062146892655,
  "Tyler Freeman": 0.07361111111111111,
  "Brayan Rocchio": 0.060000000000000005,
  "David Villar": 0.09761904761904762,
  "Marcell Ozuna": 0.1551983013902429,
  "Matt Olson": 0.13289151136020327,
  "Austin Riley": 0.11571099657701846,
  "Adam Duvall": 0.113061188957931,
  "Nick Castellanos": 0.0919811389502014,
  "Travis d'Arnaud": 0.09533385872959606,
  "Ozzie Albies": 0.09392321143255425,
  "Jarred Kelenic": 0.09756786550642187,
  "Orlando Arcia": 0.08190823447652532,
  "Alec Bohm": 0.08131170290680623,
  "Trea Turner": 0.09433407373883564,
  "Edmundo Sosa": 0.08543420504459465,
  "Rafael Marchan": 0.057284293314827664,
  "Whit Merrifield": 0.059091641390428995,
  "Bryson Stott": 0.05640810743366543,
  "Johan Rojas": 0.05538602775039736,
  "Cristian Pache": 0.04949504780764562,
  "Garrett Stubbs": 0.060000000000000005,
  "Brandon Marsh": 0.07361111111111111,
  "Sean Murphy": 0.07106442577030811,
  "Ram\u00f3n Laureano": 0.060000000000000005,
  "David Dahl": 0.05007062146892655,
  "Adolis Garcia": 0.14350419321008653,
  "Corey Seager": 0.14389502621423766,
  "Brandon Lowe": 0.13163955810587782,
  "Isaac Paredes": 0.1184359860356579,
  "Randy Arozarena": 0.10294605101830032,
  "Marcus Semien": 0.09713109803685166,
  "Jose Siri": 0.09579082310730483,
  "Nathaniel Lowe": 0.08815661474980803,
  "Josh Lowe": 0.09409885587663365,
  "Yandy Diaz": 0.08897853271953732,
  "Jonah Heim": 0.09175489006541644,
  "Wyatt Langford": 0.09324172958689812,
  "Jonathan Ornelas": 0.0790606382711646,
  "Richie Palacios": 0.09014224513287397,
  "Leody Taveras": 0.08527398661321679,
  "Taylor Walls": 0.07308051845920512,
  "Ben Rortvedt": 0.06634677707739228,
  "Derek Hill": 0.07351634256396161,
  "Travis Jankowski": 0.060000000000000005,
  "Josh Smith": 0.08392857142857142,
  "Robbie Grossman": 0.060000000000000005,
  "Salvador Perez": 0.16383402757721882,
  "Bobby Witt Jr.": 0.14024066299992483,
  "Hunter Renfroe": 0.1408346252843717,