{
  "Luis Robert Jr.": 0.17594662263383654,
  "Ryan McMahon": 0.14530095552668898,
  "Michael Toglia": 0.13346130777994042,
  "Paul DeJong": 0.1303552494945633,
  "Nolan Jones": 0.1302975568725204,
  "Brenton Doyle": 0.1099080564284877,
  "Charlie Blackmon": 0.11348507029388573,
  "Gavin Sheets": 0.10145723461781098,
  "Andrew Vaughn": 0.1167196444239841,
  "Ezequiel Tovar": 0.10824769717022166,
  "Tommy Pham": 0.11195700065326177,
  "Brendan Rodgers": 0.09024202907798426,
  "Korey Lee": 0.09225348438624348,
  "Andrew Benintendi": 0.0805074946259433,
  "Jake Cave": 0.09005204343285385,
  "Lenyn Sosa": 0.08518765089155302,
  "Jacob Stallings": 0.08973118639077805,
  "Nicky Lopez": 0.04805996816394063,
  "Eloy Jimenez": 0.13358585858585859,
  "Elehuris Montero": 0.060000000000000005,
  "Hunter Goodman": 0.13358585858585859,
  "Nolan Gorman": 0.1563714711508211,
  "Willson Contreras": 0.13165787210666377,
  "Paul Goldschmidt": 0.12323204062508628,
  "Alec Burleson": 0.11071706927285022,
  "Matt Carpenter": 0.11584792412380462,
  "Elly De La Cruz": 0.09482458677910302,
  "Nolan Arenado": 0.09738688203029651,
  "Spencer Steer": 0.09239067789610472,
  "Will Benson": 0.0864936971642074,
  "Jonathan India": 0.07134099594140057,
  "Nick Martini": 0.07343494806403396,
  "Brendan Donovan": 0.08247584453811672,
  "Noelvi Marte": 0.0732239726891078,
  "Jake Fraley": 0.06915001784689626,
  "Stuart Fairchild": 0.06795477504550802,
  "Masyn Winn": 0.06981217212467593,
  "Michael Siani": 0.05340277612142381,
  "Austin Wynns": 0.0583297820913726,
  "Dylan Carlson": 0.05007062146892655,
  "Jeimer Candelario": 0.15,
  "Santiago Espinal": 0.060000000000000005,
  "Brandon Crawford": 0.060000000000000005,
  "Aaron Judge": 0.18645427836929568,
  "Juan Soto": 0.1480985306913349,
  "Vladimir Guerrero Jr.": 0.12290221843124022,
  "Davis Schneider": 0.12374557958047255,
  "George Springer": 0.0954461625053111,
  "Trent Grisham": 0.09077696280689054,
  "Bo Bichette": 0.09601884410081132,
  "Justin Turner": 0.1010350264072016,
  "Ben Rice": 0.10066098612532769,
  "Austin Wells": 0.09291614551349245,
  "Gleyber Torres": 0.0706376573145021,
  "Alejandro Kirk": 0.08266931443676054,
  "Alex Verdugo": 0.07998158254673875,
  "Anthony Volpe": 0.06307502539724798,
  "Kevin Kiermaier": 0.04952567881688428,
  "DJ LeMahieu": 0.060026827276067396,
  "Isiah Kiner-Falefa": 0.05878282637202204,
  "Ernie Clement": 0.057299930948867116,
  "Danny Jansen": 0.10757575757575757,
  "Spencer Horwitz": 0.09761904761904762,
  "Jose Trevino": 0.12000000000000001,
  "Daulton Varsho": 0.07361111111111111,
  "J.D. Davis": 0.07361111111111111,
  "Trea Turner": 0.1487563554181924,
  "Nick Castellanos": 0.13230077992348463,
  "Jazz Chisholm Jr.": 0.12279620671272773,
  "Edmundo Sosa": 0.10842443919390941,
  "Jake Burger": 0.11624042941324286,
  "Kody Clemens": 0.11822015568088454,
  "Jesus Sanchez": 0.11404981123092232,
  "Garrett Stubbs": 0.07325988823910097,
  "Bryan De La Cruz": 0.11128233801505828,
  "Alec Bohm": 0.11666488953916243,
  "Bryson Stott": 0.0932808765233169,
  "Josh Bell": 0.105126954064429,
  "Nick Gordon": 0.07762515514175386,
  "Brandon Marsh": 0.10259143399307334,
  "Nick Fortes": 0.06479210014227152,
  "Otto Lopez": 0.07505326335795003,
  "Johan Rojas": 0.06508471389762173,
  "Tim Anderson": 0.0566776147256681,
  "Whit Merrifield": 0.060000000000000005,
  "David Dahl": 0.060000000000000005,
  "Emmanuel Rivera": 0.05007062146892655,
  "Brent Rooker": 0.1358920370437817,
  "Ketel Marte": 0.14168757770074825,
  "Christian Walker": 0.1249291303888073,
  "Shea Langeliers": 0.13741478419716183,
  "JJ Bleday": 0.10046363135879095,
  "Randal Grichuk": 0.09922446272713653,
  "Tyler Soderstrom": 0.0879836797253627,
  "Lourdes Gurriel Jr.": 0.09367396934949197,
  "Eugenio Suarez": 0.09783193796811455,
  "Jose Herrera": 0.07425225428525759,
  "Daz Cameron": 0.06651825571983355,
  "Zack Gelof": 0.0853175208387203,
  "Miguel Andujar": 0.06911804120472852,
  "Blaze Alexander": 0.07292483831409063,
  "Armando Alvarez": 0.09017623780751634,
  "Jake McCarthy": 0.0591684185525895,
  "Kevin Newman": 0.06662895411798234,
  "Max Schuemann": 0.05892259433926101,
  "Geraldo Perdomo": 0.060000000000000005,
  "Lawrence Butler": 0.060000000000000005,
  "Corbin Carroll": 0.060000000000000005,
  "Joc Pederson": 0.12000000000000001,
  "Marcell Ozuna": 0.1478898660662216,
  "Matt Olson": 0.11483384874436713,
  "Austin Riley": 0.10657415656705682,
  "Adam Duvall": 0.10232889146094704,
  "Travis d'Arnaud": 0.0832141270384998,
  "Ozzie Albies": 0.0806350009738334,
  "Andrew McCutchen": 0.08053980423287353,
  "Jarred Kelenic": 0.07955191613635022,
  "Yasmani Grandal": 0.06116266786815751,
  "Ke'Bryan Hayes": 0.06163804703323021,
  "Edward Olivares": 0.06672282157090152,
  "Bryan Reynolds": 0.07186376277995689,
  "Orlando Arcia": 0.0699630449463562,
  "Connor Joe": 0.07230100661966217,
  "Michael A. Taylor": 0.05285976649613013,
  "Nick Gonzales": 0.06585866821523154,
  "Jared Triolo": 0.0565764586799403,
  "Forrest Wall": 0.05274238887119781,
  "Oneil Cruz": 0.10757575757575757,
  "Jack Suwinski": 0.060000000000000005,
  "Sean Murphy": 0.12000000000000001,
  "Rowdy Tellez": 0.060000000000000005,
  "Ram\u00f3n Laureano": 0.07361111111111111,
  "Rafael Devers": 0.13157912085516327,
  "Tyler O'Neill": 0.11455104251415495,
  "Manny Machado": 0.09370960707911614,
  "Wilyer Abreu": 0.09467801820853464,
  "Jarren Duran": 0.08780138537511242,
  "Jake Cronenworth": 0.07223084103398945,
  "Jackson Merrill": 0.07194905505388906,
  "Enmanuel Valdez": 0.09351571859768171,
  "Jurickson Profar": 0.06306206108120285,
  "Connor Wong": 0.06641541462911386,
  "Masataka Yoshida": 0.06425318380332407,
  "Ha-Seong Kim": 0.05676117890599703,
  "Brett Sullivan": 0.06977246039334899,
  "Ceddanne Rafaela": 0.06695725705788617,
  "Bryce Johnson": 0.05664944105126193,
  "Donovan Solano": 0.059146256752639736,
  "Dominic Smith": 0.078721821916894,
  "Luis Arraez": 0.04458487724117735,
  "Reese McGuire": 0.060000000000000005,
  "David Hamilton": 0.07361111111111111,
  "Kyle Higashioka": 0.060000000000000005,
  "David Peralta": 0.060000000000000005,
  "Seiya Suzuki": 0.1448947888762885,
  "Christopher Morel": 0.15685354163414286,
  "Rhys Hoskins": 0.14462837399363274,
  "Cody Bellinger": 0.1263847027904999,
  "Willy Adames": 0.13725436324704926,
  "William Contreras": 0.11736824306375047,
  "Dansby Swanson": 0.12329411177241695,
  "Ian Happ": 0.1113476116817907,
  "Christian Yelich": 0.09194327288908986,
  "Michael Busch": 0.10692224895462475,
  "Jackson Chourio": 0.09270449597586666,
  "Andruw Monasterio": 0.08788078973413381,
  "Pete Crow-Armstrong": 0.08330572000257577,
  "Brice Turang": 0.050141729762895264,
  "Tomas Nido": 0.09595203465172505,
  "Nico Hoerner": 0.07820882692322655,
  "Blake Perkins": 0.06961869296221736,
  "Sal Frelick": 0.06371391474814277,
  "Miguel Amaya": 0.08392857142857142,
  "Joey Ortiz": 0.09761904761904762,
  "Salvador Perez": 0.11988206739042792,
  "Jose Ramirez": 0.10014382668403468,
  "Hunter Renfroe": 0.09693317960917627,
  "Bobby Witt Jr.": 0.10081435544480835,
  "Josh Naylor": 0.07725175436974627,
  "MJ Melendez": 0.10540575171473418,
  "Vinnie Pasquantino": 0.10424956895141738,
  "David Fry": 0.07299225070514744,
  "Jhonkensy Noel": 0.08037436501237605,
  "Michael Massey": 0.07535079534090934,
  "Bo Naylor": 0.0640297080750541,
  "Andres Gimenez": 0.05064127173606286,
  "Tyler Freeman": 0.0556759862079011,
  "Maikel Garcia": 0.07013895674193257,
  "Gabriel Arias": 0.06967911205025841,
  "Kyle Isbel": 0.05932824248084395,
  "Nick Loftin": 0.056188512614696415,
  "Steven Kwan": 0.04401952747477833,
  "Brayan Rocchio": 0.055142857142857146,
  "Freddy Fermin": 0.07361111111111111,
  "Garrett Hampson": 0.05007062146892655,
  "Daniel Schneemann": 0.08392857142857142,
  "Yordan Alvarez": 0.15322599888981364,
  "Pete Alonso": 0.1082782106522138,
  "J. D. Martinez": 0.10667084632426674,