{
  "Aaron Judge": 0.16921212510570902,
  "Giancarlo Stanton": 0.1382213155856851,
  "Juan Soto": 0.1044184944306022,
  "Austin Wells": 0.08247423948983983,
  "Ian Happ": 0.0784292504282485,
  "Gleyber Torres": 0.07629791918455955,
  "Anthony Rizzo": 0.07526882249921465,
  "Jazz Chisholm Jr.": 0.07594110857574733,
  "Cody Bellinger": 0.0715484285726946,
  "Michael Busch": 0.07349344585455697,
  "Seiya Suzuki": 0.06741053701031402,
  "Isaac Paredes": 0.06817566189565688,
  "Pete Crow-Armstrong": 0.06355868929625562,
  "Dansby Swanson": 0.06207631457660558,
  "Alex Verdugo": 0.05316347830144269,
  "Anthony Volpe": 0.052061890445496174,
  "Miguel Amaya": 0.05354722209089126,
  "Nico Hoerner": 0.04850360407401406,
  "DJ LeMahieu": 0.060000000000000005,
  "Oswaldo Cabrera": 0.07361111111111111,
  "Trent Grisham": 0.07361111111111111,
  "Michael Toglia": 0.09460054751184149,
  "Willy Adames": 0.10360910289986679,
  "William Contreras": 0.09382322296563796,
  "Ryan McMahon": 0.08249499328762118,
  "Rhys Hoskins": 0.09924054656944192,
  "Jackson Chourio": 0.07901640857351026,
  "Jake Bauers": 0.09040939133330438,
  "Nolan Jones": 0.0752989665146368,
  "Ezequiel Tovar": 0.07501716606979764,
  "Sam Hilliard": 0.07649798547954825,
  "Brenton Doyle": 0.07176448776905398,
  "Blake Perkins": 0.04857325673531207,
  "Jordan Beck": 0.06106533513900066,
  "Jacob Stallings": 0.059168274183541356,
  "Garrett Mitchell": 0.06485344697395368,
  "Joey Ortiz": 0.054901555451437226,
  "Aaron Schunk": 0.05738024154280312,
  "Brice Turang": 0.048936370806019557,
  "Charlie Blackmon": 0.07361111111111111,
  "Brendan Rodgers": 0.07361111111111111,
  "Sal Frelick": 0.060000000000000005,
  "Jake Cave": 0.08392857142857142,
  "Joey Gallo": 0.11436441714910717,
  "CJ Abrams": 0.10524675472656676,
  "Andrew McCutchen": 0.11301227979567055,
  "Oneil Cruz": 0.09383984953156031,
  "Joey Bart": 0.10760444786099145,
  "James Wood": 0.09164802654424102,
  "Bryan Reynolds": 0.09868476129345695,
  "Bryan De La Cruz": 0.08926234151501532,
  "Andr\u00e9s Chaparro": 0.0824274841834539,
  "Luis Garcia Jr.": 0.07115624590283763,
  "Keibert Ruiz": 0.08951552106339736,
  "Connor Joe": 0.0778222187583265,
  "Jose Tena": 0.06948643480071387,
  "Dylan Crews": 0.058410624291373156,
  "Jared Triolo": 0.06996514500839116,
  "Alika Williams": 0.057482786328812284,
  "Isiah Kiner-Falefa": 0.05983924033924034,
  "Jacob Young": 0.03732482247284879,
  "Ildemaro Vargas": 0.049999999999999996,
  "Yasmani Grandal": 0.10757575757575757,
  "Nick Gonzales": 0.09761904761904762,
  "Rowdy Tellez": 0.09761904761904762,
  "Juan Yepez": 0.08392857142857142,
  "Gunnar Henderson": 0.10483905306504702,
  "Anthony Santander": 0.10696934796596005,
  "Eloy Jimenez": 0.07373719128903763,
  "Yandy Diaz": 0.0726389962021396,
  "Ryan O'Hearn": 0.07842540924743548,
  "Junior Caminero": 0.08282325083529132,
  "Colton Cowser": 0.08275227131716743,
  "Josh Lowe": 0.08177259825689044,
  "Jonathan Aranda": 0.06711007996547212,
  "Adley Rutschman": 0.07531470853059716,
  "Cedric Mullins": 0.06219433261274999,
  "Nick Maton": 0.06196123155154256,
  "Jonny Deluca": 0.06013372680363444,
  "Dylan Carlson": 0.05401724015362341,
  "Jackson Holliday": 0.06088747659482134,
  "Ben Rortvedt": 0.045492709134567766,
  "Jose Caballero": 0.057937317858939845,
  "Taylor Walls": 0.056143351702357916,
  "Emmanuel Rivera": 0.051904761904761905,
  "Brandon Lowe": 0.12000000000000001,
  "Christopher Morel": 0.09761904761904762,
  "Tyler O'Neill": 0.11150242646897156,
  "Luis Robert Jr.": 0.11313197884809138,
  "Rafael Devers": 0.10435989728876859,
  "Enmanuel Valdez": 0.060664999752906096,
  "Andrew Vaughn": 0.08200529511509025,
  "Wilyer Abreu": 0.08290106032717438,
  "Triston Casas": 0.06416533070686976,
  "Jarren Duran": 0.07201187957113835,
  "Connor Wong": 0.05871262657795635,
  "Chuckie Robinson": 0.06572814230598242,
  "Andrew Benintendi": 0.0565522646677332,
  "Gavin Sheets": 0.051226668941900734,
  "Masataka Yoshida": 0.056221120874934555,
  "Ceddanne Rafaela": 0.06477086134305385,
  "Lenyn Sosa": 0.06614247421264965,
  "Jacob Amaya": 0.04729984842553351,
  "Nicky Lopez": 0.043297575662182834,
  "Dominic Fletcher": 0.0386310421124278,
  "Rob Refsnyder": 0.08392857142857142,
  "Korey Lee": 0.07361111111111111,
  "Danny Jansen": 0.08392857142857142,
  "Miguel Vargas": 0.07361111111111111,
  "Francisco Lindor": 0.11364626965217785,
  "Mark Vientos": 0.09991787724093593,
  "Pete Alonso": 0.10453756008099573,
  "Tyler Stephenson": 0.09203245717599784,
  "J. D. Martinez": 0.0806201852102542,
  "Spencer Steer": 0.08369315189297187,
  "Brandon Nimmo": 0.08648910205542099,
  "Elly De La Cruz": 0.06910052593670955,
  "Jonathan India": 0.06534312312012953,
  "Francisco Alvarez": 0.062096779978845176,
  "Ty France": 0.06648203549715642,
  "Jesse Winker": 0.05971955940041047,
  "Starling Marte": 0.05937260697608861,
  "Jeff McNeil": 0.06346143393917543,
  "Amed Rosario": 0.058272350910315296,
  "TJ Friedl": 0.04821741426078505,
  "Santiago Espinal": 0.05340939732924205,
  "Jake Fraley": 0.05590754314563212,
  "Harrison Bader": 0.060000000000000005,
  "Noelvi Marte": 0.060000000000000005,
  "Jose Iglesias": 0.049999999999999996,
  "Luis Torrens": 0.060000000000000005,
  "Kyle Schwarber": 0.1360350169540722,
  "Bryce Harper": 0.08733235270207101,
  "Jake Burger": 0.0820702942838482,
  "Trea Turner": 0.07813759888484942,
  "Jesus Sanchez": 0.06878672730619809,
  "J.T. Realmuto": 0.07432695169969486,
  "Kody Clemens": 0.07410919714316049,
  "Connor Norby": 0.06188497814271947,
  "Nick Castellanos": 0.06281859302951572,
  "Xavier Edwards": 0.045152224346807074,
  "Kyle Stowers": 0.05138430544983877,
  "Brandon Marsh": 0.05473387423259266,
  "Griffin Conine": 0.07421660134344062,
  "Bryson Stott": 0.059402756123889025,
  "Otto Lopez": 0.053207353277003884,
  "Johan Rojas": 0.04177279673968416,
  "Jhonny Pereda": 0.06512605042016806,
  "Cristian Pache": 0.07142857142857142,
  "Nick Fortes": 0.041949317738791424,
  "Jonah Bride": 0.051111111111111114,
  "Derek Hill": 0.060000000000000005,
  "Vladimir Guerrero Jr.": 0.0773724170327389,
  "Marcell Ozuna": 0.15757952819381255,
  "Travis d'Arnaud": 0.08114152725346202,
  "George Springer": 0.06628614355362222,
  "Alejandro Kirk": 0.05423759403182793,
  "Adam Duvall": 0.13333333333333333,
  "Jorge Soler": 0.10379986168988725,
  "Orlando Arcia": 0.0644734863391855,
  "Matt Olson": 0.12488712565916887,
  "Addison Barger": 0.060000000000000005,
  "Michael Harris II": 0.08511209344729842,
  "Ernie Clement": 0.04876435994334942,
  "Daulton Varsho": 0.06114333430775362,
  "Jarred Kelenic": 0.08474937645563428,
  "Spencer Horwitz": 0.07361111111111111,
  "Sean Murphy": 0.09761904761904762,
  "Ram\u00f3n Laureano": 0.09761904761904762,
  "Joey Loperfido": 0.060000000000000005,
  "Whit Merrifield": 0.0532495108605354,
  "Davis Schneider": 0.0618795956310492,
  "Nathan Lukes": 0.04939078277258335,
  "Leo Jimenez": 0.04984962848359172,
  "Gio Urshela": 0.05134166903549064,
  "Will Wagner": 0.06201140720776298,
  "Adolis Garcia": 0.13387214184941962,
  "Marcus Semien": 0.10202212293868719,
  "Sandro Fabian": 0.07046232479346515,
  "Josh Jung": 0.10603744936590713,
  "Taylor Ward": 0.10197220677607438,
  "Wyatt Langford": 0.09662789782015378,
  "Mickey Moniak": 0.10083725610294286,
  "Logan O'Hoppe": 0.09370672845753937,
  "Jo Adell": 0.09133861198090448,
  "Zach Neto": 0.088039842879409,
  "Niko Kavadas": 0.06669767905062023,
  "Carson Kelly": 0.07634462120939972,
  "Nathaniel Lowe": 0.06673627439590991,
  "Ezequiel Duran": 0.07613562697294927,
  "Justin Foscue": 0.06601895628580362,
  "Brandon Drury": 0.06624404517249088,
  "Anthony Rendon": 0.06540199308420522,
  "Nolan Schanuel": 0.05743081667566078,
  "Matt Thaiss": 0.07361111111111111,
  "Leody Taveras": 0.060000000000000005,
  "Jonah Heim": 0.07361111111111111,
  "Josh Smith": 0.060000000000000005,
  "Kevin Pillar": 0.060000000000000005,
  "Jose Altuve": 0.07669396994270944,