{
  "Cedric Mullins": 0.09489743694434204,
  "Anthony Santander": 0.14278903512178015,
  "Josh Lowe": 0.07361111111111111,
  "Brandon Lowe": 0.09336711245067954,
  "Yandy Diaz": 0.08315151513534055,
  "Austin Hays": 0.07361111111111111,
  "Randy Arozarena": 0.0943305184191765,
  "Ryan Mountcastle": 0.12162686623020098,
  "Adley Rutschman": 0.09761904761904762,
  "Jose Siri": 0.08456845232466657,
  "James McCann": 0.0857152163097553,
  "Isaac Paredes": 0.09012147579443135,
  "Ryan O'Hearn": 0.11890445827959374,
  "Jordan Westburg": 0.12090423768648677,
  "Gunnar Henderson": 0.1547235415428811,
  "Jose Caballero": 0.07447473399854353,
  "Richie Palacios": 0.06635213846920975,
  "Amed Rosario": 0.06726428747948242,
  "Ben Rortvedt": 0.060000000000000005,
  "Colton Cowser": 0.1006197641974437,
  "Ramon Urias": 0.08275669008163458,
  "Taylor Walls": 0.060000000000000005,
  "Alex Jackson": 0.07770371175873568,
  "Byron Buxton": 0.12000000000000001,
  "Max Kepler": 0.12024144073007872,
  "Elias Diaz": 0.09669681829934146,
  "Charlie Blackmon": 0.10628963095555588,
  "Trevor Larnach": 0.11157191941762064,
  "Elehuris Montero": 0.08392857142857142,
  "Alex Kirilloff": 0.10256518986621686,
  "Ryan Jeffers": 0.08392857142857142,
  "Ryan McMahon": 0.10809746290986812,
  "Carlos Correa": 0.10045960740295765,
  "Jose Miranda": 0.060000000000000005,
  "Ezequiel Tovar": 0.08798706570502526,
  "Royce Lewis": 0.14290280050214155,
  "Brenton Doyle": 0.0839495339277523,
  "Christian Vazquez": 0.06741281445826901,
  "Manuel Margot": 0.07678227143519008,
  "Willi Castro": 0.0925778961088998,
  "Hunter Goodman": 0.10802621682990138,
  "Jake Cave": 0.08718970786223951,
  "Adael Amador": 0.09572398246710835,
  "Michael Toglia": 0.11048485965094589,
  "Carlos Santana": 0.10621837052783345,
  "Gleyber Torres": 0.08042939263632712,
  "Salvador Perez": 0.15347560484822242,
  "DJ LeMahieu": 0.07674375925286864,
  "Giancarlo Stanton": 0.13358585858585859,
  "Kyle Isbel": 0.060000000000000005,
  "Aaron Judge": 0.20512820512820512,
  "Anthony Rizzo": 0.04998019801980198,
  "MJ Melendez": 0.10757575757575757,
  "Jose Trevino": 0.06939017282479484,
  "Bobby Witt Jr.": 0.12551146351869388,
  "Vinnie Pasquantino": 0.08392857142857142,
  "Maikel Garcia": 0.07679831806560349,
  "Anthony Volpe": 0.07141289597442069,
  "Nelson Velazquez": 0.12721157304606473,
  "Austin Wells": 0.060000000000000005,
  "Nick Loftin": 0.08422891283526478,
  "Alex Verdugo": 0.06788353198175008,
  "Trent Grisham": 0.08661268037585473,
  "Adam Frazier": 0.060000000000000005,
  "Hunter Renfroe": 0.11654213034421698,
  "Juan Soto": 0.14969495047171105,
  "Garrett Hampson": 0.05939333013525971,
  "Dairon Blanco": 0.08501738566713814,
  "Freddy Fermin": 0.09500555284128837,
  "Jahmai Jones": 0.06770994947686677,
  "Oswaldo Cabrera": 0.0659035718306235,
  "Vladimir Guerrero Jr.": 0.12512027010681445,
  "Christian Yelich": 0.09978376005118873,
  "Danny Jansen": 0.12000000000000001,
  "Bo Bichette": 0.08722491803684365,
  "Willy Adames": 0.12022140166791419,
  "George Springer": 0.07733405627677196,
  "Kevin Kiermaier": 0.060000000000000005,
  "Blake Perkins": 0.060000000000000005,
  "Ernie Clement": 0.05007062146892655,
  "Daulton Varsho": 0.11186062164457934,
  "Brice Turang": 0.06166841910249618,
  "William Contreras": 0.12523726309169977,
  "Sal Frelick": 0.06352196785402892,
  "Jake Bauers": 0.10542672234822298,
  "Rhys Hoskins": 0.1421294797177283,
  "Justin Turner": 0.07361111111111111,
  "Joey Ortiz": 0.07486111000777643,
  "Davis Schneider": 0.136006266454421,
  "Gary Sanchez": 0.13358585858585859,
  "Isiah Kiner-Falefa": 0.06393660773888214,
  "Jackson Chourio": 0.07287669066283846,
  "Alejandro Kirk": 0.07324529518831567,
  "Daniel Vogelbach": 0.10923735240675131,
  "Spencer Horwitz": 0.10164372456852377,
  "Luis Robert Jr.": 0.13827876133464273,
  "Gavin Sheets": 0.10242101752498711,
  "Mitch Haniger": 0.12864346308894678,
  "Danny Mendick": 0.05007062146892655,
  "J.P. Crawford": 0.09410105251905525,
  "Cal Raleigh": 0.17998813270141642,
  "Andrew Vaughn": 0.09542417874112553,
  "Oscar Col\u00e1s": 0.06618181818181819,
  "Lenyn Sosa": 0.07352702021601973,
  "Julio Rodriguez": 0.1213872174162767,
  "Josh Rojas": 0.08146659856628954,
  "Korey Lee": 0.06990457184186107,
  "Dominic Canzone": 0.11468750316818233,
  "Paul DeJong": 0.11037700050108688,
  "Nicky Lopez": 0.055162596721191594,
  "Mitch Garver": 0.13236363636363638,
  "Luke Raley": 0.10331161384420436,
  "Ryan Bliss": 0.07958934893743506,
  "Corey Julks": 0.08355163349547753,
  "Tyler Locklear": 0.10391478272103406,
  "Zach DeLoach": 0.08836443559228002,
  "Dylan Moore": 0.08164983164983164,
  "Fernando Tatis Jr.": 0.16168978395406974,
  "Seth Brown": 0.09761904761904762,
  "Manny Machado": 0.14880602325577882,
  "Jurickson Profar": 0.09597668119271623,
  "Ha-Seong Kim": 0.08445749733037244,
  "Luis Campusano": 0.08591344734563033,
  "Jake Cronenworth": 0.11052468685250041,
  "Shea Langeliers": 0.12236681989772069,
  "Brent Rooker": 0.1392105707651015,
  "JJ Bleday": 0.10103413018022014,
  "Zack Gelof": 0.08543015433768437,
  "Miguel Andujar": 0.08539781791196219,
  "Abraham Toro": 0.08391468985229508,
  "Max Schuemann": 0.06052212324887929,
  "J.D. Davis": 0.08392857142857142,
  "Jackson Merrill": 0.09939352423698534,
  "Donovan Solano": 0.08924455371390477,
  "Luis Arraez": 0.0740914473165838,
  "David Peralta": 0.08392857142857142,
  "Tyler Soderstrom": 0.08326986134003676,
  "Daz Cameron": 0.09116613392407867,
  "Austin Slater": 0.05007062146892655,
  "Alex Bregman": 0.07617160155255565,
  "Jose Altuve": 0.09873743166596567,
  "Yordan Alvarez": 0.1133645512840314,
  "Chas McCormick": 0.07475526984450004,
  "Wilmer Flores": 0.060869086908690875,
  "Jake Meyers": 0.07762009611559774,
  "Mauricio Dubon": 0.057162298868788,
  "Thairo Estrada": 0.07180983047174008,
  "Heliot Ramos": 0.08143937138799465,
  "Jeremy Pena": 0.07042108184152879,
  "Yainer Diaz": 0.08392857142857142,
  "Jose Abreu": 0.08903809603230346,
  "Patrick Bailey": 0.06317698315443644,
  "Jon Singleton": 0.08392857142857142,
  "Matt Chapman": 0.08201680672268907,
  "Jorge Soler": 0.12026168676088143,
  "Casey Schmitt": 0.08095464755716458,
  "Michael Conforto": 0.08820695062839426,
  "Mike Yastrzemski": 0.09788253338168275,
  "Brett Wisely": 0.19474296128707894,
  "Trenton Brooks": 0.07581976553634955,
  "Victor Caratini": 0.07717326156552676
}