{
  "Paul Goldschmidt": 0.0863440038458974,
  "LaMonte Wade Jr.": 0.06380637210902142,
  "Mike Yastrzemski": 0.08541993351225523,
  "Nolan Arenado": 0.08166666666666667,
  "Lars Nootbaar": 0.06601904120426796,
  "Brendan Donovan": 0.05201546802182935,
  "Michael Conforto": 0.07297947282186636,
  "Jordan Walker": 0.0678940270029379,
  "Heliot Ramos": 0.10039682539682539,
  "Brett Wisely": 0.052151456750508446,
  "Alec Burleson": 0.060486344651513944,
  "Masyn Winn": 0.0750877192982456,
  "Tyler Fitzgerald": 0.060748726039600374,
  "Luken Baker": 0.07361111111111111,
  "Pedro Pages": 0.07270318306462045,
  "Michael Siani": 0.06222222222222223,
  "Patrick Bailey": 0.07333333333333333,
  "Grant McCray": 0.058339249608406085,
  "Thomas Saggese": 0.0749066303463737,
  "Matt Chapman": 0.11616228187839442,
  "Mark Canha": 0.049999999999999996,
  "Jerar Encarnaci\u00f3n": 0.10731678333765449,
  "Matt Carpenter": 0.07761045012064231,
  "Jose Fermin": 0.05843184345858142,
  "Curt Casali": 0.048044343347397496,
  "Junior Caminero": 0.08443258052682542,
  "Christopher Morel": 0.10264268434290262,
  "Josh Lowe": 0.07654274249104463,
  "Jarren Duran": 0.07478803846601542,
  "Wilyer Abreu": 0.07648028628291786,
  "Triston Casas": 0.07418696092510534,
  "Vaughn Grissom": 0.07682812682812683,
  "Ceddanne Rafaela": 0.07882370952875584,
  "Connor Wong": 0.06306091213223103,
  "Jonathan Aranda": 0.07380278022652188,
  "Mickey Gasper": 0.06725936391934734,
  "Richie Palacios": 0.055811343529908714,
  "Dylan Carlson": 0.06119944318619815,
  "Enmanuel Valdez": 0.0709262277516924,
  "Nick Sogard": 0.060232321284952865,
  "Jonny Deluca": 0.05327440498491485,
  "Jose Caballero": 0.08467908902691512,
  "Logan Driscoll": 0.05365607122572183,
  "Tyler O'Neill": 0.2173913043478261,
  "Brandon Lowe": 0.1115079365079365,
  "Trevor Story": 0.10723443223443224,
  "Romy Gonzalez": 0.1111111111111111,
  "Masataka Yoshida": 0.0861111111111111,
  "Taylor Walls": 0.07333333333333333,
  "Yandy Diaz": 0.07361111111111111,
  "Jose Siri": 0.10757575757575757,
  "Ben Rortvedt": 0.049999999999999996,
  "Aaron Judge": 0.18470113268853214,
  "Giancarlo Stanton": 0.14351813648032757,
  "Oneil Cruz": 0.08712008334393011,
  "Joshua Palacios": 0.07924025155748939,
  "Ben Rice": 0.0823509079396103,
  "Gleyber Torres": 0.07247869733227183,
  "Jon Berti": 0.06317084967767439,
  "Bryan Reynolds": 0.06729502098898113,
  "Billy Cook": 0.0824767575933407,
  "Nick Yorke": 0.059658603144657624,
  "Jasson Dom\u00ednguez": 0.07096147646292829,
  "Alex Verdugo": 0.05948266426502322,
  "Joey Bart": 0.06369854769740851,
  "Anthony Volpe": 0.0527948096065013,
  "Jose Trevino": 0.06640811535139206,
  "Liover Peguero": 0.057454771510492,
  "Nick Gonzales": 0.06537970251350586,
  "Jared Triolo": 0.062065423600492754,
  "Anthony Rizzo": 0.060000000000000005,
  "Oswaldo Cabrera": 0.07333333333333333,
  "Austin Wells": 0.09761904761904762,
  "Juan Soto": 0.15698229407236336,
  "Yasmani Grandal": 0.10757575757575757,
  "Jazz Chisholm Jr.": 0.09805194805194806,
  "Bryan De La Cruz": 0.0703078078078078,
  "Isiah Kiner-Falefa": 0.07333333333333333,
  "Andrew McCutchen": 0.13333333333333333,
  "Kyle Schwarber": 0.16114934533202582,
  "Joey Gallo": 0.10442880940689303,
  "Kody Clemens": 0.08630625949405908,
  "Trea Turner": 0.11266293230578946,
  "Luis Garcia Jr.": 0.07473384168482208,
  "Nick Castellanos": 0.08838834776334775,
  "James Wood": 0.07626634198733288,
  "Brandon Marsh": 0.07907434097574943,
  "Alec Bohm": 0.06719248350954896,
  "Edmundo Sosa": 0.05838727175555061,
  "Drew Millas": 0.0796295904875305,
  "Juan Yepez": 0.06090075694383711,
  "Jose Tena": 0.07019870725704702,
  "Bryson Stott": 0.07326081481944353,
  "Garrett Stubbs": 0.06473191071866569,
  "Dylan Crews": 0.06094528789111455,
  "Nasim Nunez": 0.04880976952184382,
  "Jacob Young": 0.04934207499424891,
  "J.T. Realmuto": 0.10757575757575757,
  "Bryce Harper": 0.10757575757575757,
  "Keibert Ruiz": 0.07789573649222772,
  "Stone Garrett": 0.12000000000000001,
  "Johan Rojas": 0.049999999999999996,
  "Trey Lipscomb": 0.049999999999999996,
  "Austin Hays": 0.07361111111111111,
  "Taylor Ward": 0.09411067942179933,
  "Jonah Heim": 0.09212202893314948,
  "Leody Taveras": 0.08163876914604928,
  "Josh Smith": 0.08225279998239816,
  "Adolis Garcia": 0.11336814435919296,
  "Nathaniel Lowe": 0.08023056429834276,
  "Ezequiel Duran": 0.06406944377941905,
  "Michael Stefanic": 0.06532164686887326,
  "Marcus Semien": 0.09306968436744209,
  "Logan O'Hoppe": 0.09761904761904762,
  "Brandon Drury": 0.0702989472989473,
  "Zach Neto": 0.12000000000000001,
  "Nolan Schanuel": 0.060000000000000005,
  "Travis Jankowski": 0.06743680550577102,
  "Kevin Pillar": 0.10610390644552135,
  "Wyatt Langford": 0.10325843184398584,
  "Jack L\u00f3pez": 0.061158638205449506,
  "Eric Wagaman": 0.07483614499403973,
  "Gustavo Campero": 0.07241073627222244,
  "Dustin Harris": 0.1004211837545171,
  "Niko Kavadas": 0.09869441839794951,
  "Matt Thaiss": 0.08498276439408148,
  "Mickey Moniak": 0.2222222222222222,
  "Vladimir Guerrero Jr.": 0.10001912064784137,
  "Jake Burger": 0.13509040232254518,
  "Davis Schneider": 0.09338816196139071,
  "Spencer Horwitz": 0.06846007304340637,
  "Jesus Sanchez": 0.10731318638295381,
  "Connor Norby": 0.09220272008159049,
  "Dane Myers": 0.09196195144724556,
  "Jonatan Clase": 0.0821732665808095,
  "Tyler Heineman": 0.059474482736514823,
  "Steward Berroa": 0.0678361506603388,
  "Luis De Los Santos": 0.06625717662951705,
  "Griffin Conine": 0.07610473345651389,
  "Jonah Bride": 0.0612235015711006,
  "Otto Lopez": 0.05651747183827695,
  "Xavier Edwards": 0.046910738321659075,
  "Ernie Clement": 0.05690030149604679,
  "Joey Loperfido": 0.06810961304665256,
  "Nick Fortes": 0.07586117586117586,
  "George Springer": 0.15384615384615385,
  "Kyle Stowers": 0.13333333333333333,
  "Alejandro Kirk": 0.10526315789473684,
  "Leo Jimenez": 0.08333333333333333,
  "Christian Walker": 0.12799296034203156,
  "Fernando Tatis Jr.": 0.1165103729331277,
  "Ketel Marte": 0.1176568754404317,
  "Manny Machado": 0.13174603174603175,
  "Geraldo Perdomo": 0.05078172515479119,
  "Jake McCarthy": 0.06287319481284999,
  "Jake Cronenworth": 0.07287356404023071,
  "Jurickson Profar": 0.09669312169312168,
  "Corbin Carroll": 0.06714657537235875,
  "Gabriel Moreno": 0.06253559145479035,
  "Xander Bogaerts": 0.08166666666666667,
  "Eugenio Suarez": 0.1018037147150087,
  "Jackson Merrill": 0.09318937877190563,
  "Kyle Higashioka": 0.13333333333333333,
  "Lourdes Gurriel Jr.": 0.08144455878671229,
  "Joc Pederson": 0.13333333333333333,
  "Luis Arraez": 0.04216494924285581,
  "Donovan Solano": 0.08828976034858388,
  "David Peralta": 0.05808632957005225,
  "Randal Grichuk": 0.09189809861847292,
  "Elias Diaz": 0.06403450791013432,
  "Brandon Lockridge": 0.06096059113300493,
  "Nick Ahmed": 0.05879576767907437,
  "Tyler Wade": 0.05717398070339247,
  "Gunnar Henderson": 0.12303680006000818,
  "Royce Lewis": 0.10297550110896339,
  "Colton Cowser": 0.10782428170593854,
  "Jordan Westburg": 0.08822165599121463,
  "Adley Rutschman": 0.08726379289975782,
  "Carlos Santana": 0.08940524411938953,
  "Ryan Mountcastle": 0.08217088355492529,
  "Ryan O'Hearn": 0.0787468273993134,
  "Brooks Lee": 0.0920611315789964,
  "Ramon Urias": 0.07664094608595011,
  "Austin Martin": 0.06753003003003002,
  "Edouard Julien": 0.068449104338159,
  "Cedric Mullins": 0.08061228725719902,
  "Kyle Farmer": 0.07479298918034097,
  "Christian Vazquez": 0.053037591035049264,
  "James McCann": 0.06338613948444392,
  "Manuel Margot": 0.061894630192502534,
  "DaShawn Keirsey Jr.": 0.07138434149928403,
  "Carlos Correa": 0.07085580365929126,
  "Willi Castro": 0.05825012439886112,
  "Byron Buxton": 0.1381002974925627,
  "Anthony Santander": 0.18333333333333335,
  "Ryan Jeffers": 0.07701390227706018,
  "Jake Rogers": 0.08983633363210827,
  "Kerry Carpenter": 0.09081111295226128,
  "Spencer Torkelson": 0.0889883046490867,