{
  "Fernando Tatis Jr.": 0.22615705931495406,
  "Freddie Freeman": 0.17372154273688803,
  "Gavin Lux": 0.11398001108815313,
  "Ha-Seong Kim": 0.11677411310613757,
  "Jackson Merrill": 0.11781000106799097,
  "Jake Cronenworth": 0.1274500134012329,
  "James Outman": 0.14657893610691802,
  "Jason Heyward": 0.12400484925152858,
  "Jurickson Profar": 0.11057492962202371,
  "Luis Campusano": 0.1208888075136773,
  "Manny Machado": 0.2015533434916194,
  "Max Muncy": 0.21104573026769824,
  "Mookie Betts": 0.18407405049305822,
  "Shohei Ohtani": 0.261148015314682,
  "Teoscar Hernandez": 0.18950993450993453,
  "Will Smith": 0.15310869192771873,
  "Xander Bogaerts": 0.12500578261607673,
  "Tyler Wade": 0.08084659593280283,
  "No Home Run": 0.2857142857142857
}