{
  "Corey Seager": 0.15808595190849764,
  "Evan Carter": 0.10134789909781873,
  "Kerry Carpenter": 0.11548307032123763,
  "Spencer Torkelson": 0.1414427988161502,
  "Marcus Semien": 0.11583082743234067,
  "Gio Urshela": 0.08267268962921137,
  "Riley Greene": 0.1206127912712876,
  "Josh Smith": 0.08449798290044602,
  "Parker Meadows": 0.10098881711537262,
  "Wyatt Langford": 0.09498857440033912,
  "Jared Walsh": 0.09864227006858252,
  "Jake Rogers": 0.08700483947223792,
  "Zach McKinstry": 0.08810190622579456,
  "Ezequiel Duran": 0.0869480001657035,
  "Wenceel Perez": 0.07904927211522175,
  "Javier Baez": 0.0809726307217833,
  "Andrew Knizner": 0.08109472857707845,
  "Leody Taveras": 0.07851569892378435,
  "Adolis Garcia": 0.13358585858585859,
  "Jonah Heim": 0.08392857142857142,
  "Mark Canha": 0.07361111111111111,
  "Carson Kelly": 0.060000000000000005,
  "Colt Keith": 0.07361111111111111,
  "Adley Rutschman": 0.10824638962569998,
  "Alex Kirilloff": 0.09800715240196335,
  "Anthony Santander": 0.1496700820796546,
  "Byron Buxton": 0.13519712855272853,
  "Cedric Mullins": 0.09783066113035649,
  "Christian Vazquez": 0.06411469816941212,
  "Colton Cowser": 0.08861829420966216,
  "Edouard Julien": 0.08200455189619277,
  "Gunnar Henderson": 0.1519958260289914,
  "Jackson Holliday": 0.09269705796021585,
  "James McCann": 0.09498435392046424,
  "Jordan Westburg": 0.10563453851923117,
  "Jose Miranda": 0.09258190340106451,
  "Manuel Margot": 0.07364107807816417,
  "Ryan Jeffers": 0.10039401933384201,
  "Ryan O'Hearn": 0.1128584890608484,
  "Trevor Larnach": 0.10650360987173131,
  "Willi Castro": 0.08837525725397578,
  "Carlos Santana": 0.060000000000000005,
  "Austin Hays": 0.07361111111111111,
  "Kyle Farmer": 0.07333333333333333,
  "Austin Martin": 0.060000000000000005,
  "Ryan Mountcastle": 0.08392857142857142,
  "Matt Wallner": 0.14303959131545338,
  "Alan Trejo": 0.08854006206947383,
  "Alec Bohm": 0.1321622822508111,
  "Brandon Marsh": 0.10253093753093753,
  "Brenton Doyle": 0.08879269314643921,
  "Bryce Harper": 0.17314904531734945,
  "Bryson Stott": 0.08256848168612875,
  "Charlie Blackmon": 0.07626813020093652,
  "Elehuris Montero": 0.11186444634487819,
  "Elias Diaz": 0.12266672744375165,
  "Ezequiel Tovar": 0.10719155209933076,
  "J.T. Realmuto": 0.17585445986407483,
  "Johan Rojas": 0.08109403518571599,
  "Kyle Schwarber": 0.21495863404800952,
  "Michael Toglia": 0.1297003214090638,
  "Nick Castellanos": 0.1687526216279083,
  "Nolan Jones": 0.08182809789505549,
  "Ryan McMahon": 0.08238648147053967,
  "Trea Turner": 0.2055193985723065,
  "Brendan Rodgers": 0.07361111111111111,
  "Kris Bryant": 0.08392857142857142,
  "Whit Merrifield": 0.013157894736842105,
  "Austin Slater": 0.10043220797090766,
  "Bryan De La Cruz": 0.09463893706759169,
  "Emmanuel Rivera": 0.07218090687703947,
  "Jazz Chisholm Jr.": 0.1225994963787606,
  "Jesus Sanchez": 0.0901467061764473,
  "Jorge Soler": 0.1811103626252574,
  "Josh Bell": 0.1022252770492965,
  "Jung Hoo Lee": 0.09638717449489538,
  "Luis Arraez": 0.064169986161571,
  "Matt Chapman": 0.1528677772963417,
  "Michael Conforto": 0.09536170837170133,
  "Nick Ahmed": 0.07733961055471353,
  "Nick Fortes": 0.06380927449513837,
  "Nick Gordon": 0.08107368133683923,
  "Tom Murphy": 0.13330762601595933,
  "Tyler Fitzgerald": 0.09158298595721726,
  "Wilmer Flores": 0.12475018037518038,
  "Tim Anderson": 0.06444322518006729,
  "Patrick Bailey": 0.07361111111111111,
  "Avisail Garcia": 0.08392857142857142,
  "LaMonte Wade Jr.": 0.08392857142857142,
  "Mike Yastrzemski": 0.08392857142857142,
  "Thairo Estrada": 0.07361111111111111,
  "Amed Rosario": 0.07441521441521443,
  "Anthony Rendon": 0.10208439073914202,
  "Ben Rortvedt": 0.07976677966948831,
  "Harold Ramirez": 0.08676460905488483,
  "Isaac Paredes": 0.11470351284405257,
  "Jo Adell": 0.0963036697221627,
  "Jose Caballero": 0.08399383267804321,
  "Jose Siri": 0.09562237676003432,
  "Logan O'Hoppe": 0.1413426358610974,
  "Luis Rengifo": 0.09005295957383244,
  "Mickey Moniak": 0.12925866333428518,
  "Miguel San\u00f3": 0.18203256398836815,
  "Mike Trout": 0.18076932897056752,
  "Randy Arozarena": 0.1073750064940325,
  "Richie Palacios": 0.08499804866903499,
  "Taylor Ward": 0.13187892719794725,
  "Yandy Diaz": 0.10207695775792673,
  "Zach Neto": 0.094352759993963,
  "Rene Pinto": 0.10757575757575757,
  "Curtis Mead": 0.060000000000000005,
  "Brandon Drury": 0.08166666666666667,
  "Nolan Schanuel": 0.060000000000000005,
  "Aaron Hicks": 0.07361111111111111,
  "Aaron Judge": 0.22825702745542034,
  "Alex Verdugo": 0.08618099072644526,
  "Anthony Rizzo": 0.10911222922076758,
  "Anthony Volpe": 0.10899372294834078,
  "Bo Bichette": 0.11492271822035437,
  "Danny Jansen": 0.1902366889908418,
  "Daulton Varsho": 0.0885661597174755,
  "Davis Schneider": 0.14697457902326055,
  "Ernie Clement": 0.0946002074638884,
  "George Springer": 0.12934034573573464,
  "Giancarlo Stanton": 0.16533478435227777,
  "Gleyber Torres": 0.12074604882297191,
  "Isiah Kiner-Falefa": 0.06950345950345951,
  "Jose Trevino": 0.08170603948411871,
  "Juan Soto": 0.13611575220270872,
  "Justin Turner": 0.1496516361833518,
  "Oswaldo Cabrera": 0.08368514197599346,
  "Vladimir Guerrero Jr.": 0.15275698700831125,
  "Cavan Biggio": 0.05007062146892655,
  "Alejandro Kirk": 0.07361111111111111,
  "Kevin Kiermaier": 0.060000000000000005,
  "Austin Wells": 0.09761904761904762,
  "Andres Gimenez": 0.09518496164580013,
  "Bo Naylor": 0.11253088342157168,
  "Ceddanne Rafaela": 0.10616998865661968,
  "Connor Wong": 0.0890588930607704,
  "David Hamilton": 0.10090152389467907,
  "Enmanuel Valdez": 0.12031312986725691,
  "Gabriel Arias": 0.09008252056092284,
  "Jarren Duran": 0.12048679322202112,
  "Jose Ramirez": 0.12093349339038993,
  "Josh Naylor": 0.12158162518992478,
  "Masataka Yoshida": 0.09581488823942613,
  "Rafael Devers": 0.1898134784011355,
  "Ramon Laureano": 0.09304040749911117,
  "Steven Kwan": 0.07143939393939393,
  "Triston Casas": 0.12272049454323702,
  "Tyler Freeman": 0.06615079365079364,
  "Will Brennan": 0.06561977434012098,
  "Wilyer Abreu": 0.1147648247720068,
  "Brayan Rocchio": 0.060000000000000005,
  "Reese McGuire": 0.060000000000000005,
  "Estevan Florial": 0.060000000000000005,
  "Tyler O'Neill": 0.09761904761904762,
  "Alika Williams": 0.07077139936506094,
  "Andrew McCutchen": 0.11585243722389471,
  "Brandon Nimmo": 0.12255728992945772,
  "Brett Baty": 0.08770237736590254,
  "Bryan Reynolds": 0.11343194906413297,
  "Connor Joe": 0.10174160565008339,
  "Edward Olivares": 0.11477391910084218,
  "Francisco Alvarez": 0.11137784796524725,
  "Francisco Lindor": 0.14364190021594403,
  "Harrison Bader": 0.08017002485588873,
  "Henry Davis": 0.10073343476804937,
  "Jared Triolo": 0.07891306696352035,
  "Jeff McNeil": 0.08158185316319959,
  "Michael A. Taylor": 0.10668828471189683,
  "Omar Narvaez": 0.07667595624814875,
  "Oneil Cruz": 0.09661325874995629,
  "Pete Alonso": 0.16011045222169532,
  "Starling Marte": 0.10359094129338703,
  "Ke'Bryan Hayes": 0.08392857142857142,
  "Jack Suwinski": 0.10757575757575757,
  "Tyrone Taylor": 0.10757575757575757,
  "Rowdy Tellez": 0.07361111111111111,
  "DJ Stewart": 0.10757575757575757,
  "Adam Frazier": 0.08448753254422772,
  "Andrew Benintendi": 0.08138099524238139,
  "Bobby Witt Jr.": 0.20201536226865924,
  "Braden Shewmake": 0.11514912326677032,
  "Dominic Fletcher": 0.08752711198582984,
  "Eloy Jimenez": 0.12941246118594493,
  "Freddy Fermin": 0.13616486872300826,
  "Gavin Sheets": 0.13842912796809687,
  "Hunter Renfroe": 0.12879807280993052,
  "Kyle Isbel": 0.09905255464184036,
  "Maikel Garcia": 0.12038202538202537,
  "Martin Maldonado": 0.09896776732553858,
  "MJ Melendez": 0.19886388940464678,
  "Nelson Velazquez": 0.17347408374067477,
  "Paul DeJong": 0.13317238317238317,
  "Robbie Grossman": 0.12102550898112675,
  "Vinnie Pasquantino": 0.16954949546922793,
  "Salvador Perez": 0.17142857142857143,
  "Andrew Vaughn": 0.09761904761904762,