{
  "Tomas Nido": 0.08288126719995928,
  "Jose Ramirez": 0.15630698461123,
  "Brandon Nimmo": 0.12359554955629405,
  "Jeff McNeil": 0.07452219177182054,
  "Pete Alonso": 0.1898074320757903,
  "Josh Naylor": 0.14208162506023897,
  "Francisco Lindor": 0.15840577470128214,
  "Tyler Freeman": 0.08649389403949069,
  "Andres Gimenez": 0.09243787451070364,
  "Mark Vientos": 0.17497735815651325,
  "Starling Marte": 0.11467397380641554,
  "Brayan Rocchio": 0.05516115351993214,
  "Will Brennan": 0.09686385914885946,
  "Brett Baty": 0.08392857142857142,
  "Bo Naylor": 0.1161225745872485,
  "DJ Stewart": 0.12000000000000001,
  "Harrison Bader": 0.08392857142857142,
  "Estevan Florial": 0.08392857142857142,
  "J. D. Martinez": 0.19226069738240123,
  "Tyrone Taylor": 0.16618210744537176,
  "David Fry": 0.09761904761904762,
  "Kyle Manzardo": 0.1273072480724284,
  "Fernando Tatis Jr.": 0.2105664568691051,
  "Manny Machado": 0.21266024937683925,
  "Jake Cronenworth": 0.11265616172181625,
  "Jurickson Profar": 0.1222704746234158,
  "Jonathan India": 0.10345112703669988,
  "Ha-Seong Kim": 0.0987276843611804,
  "Luis Campusano": 0.12155856587876648,
  "Tyler Stephenson": 0.13812873482192153,
  "Stuart Fairchild": 0.060000000000000005,
  "Jake Fraley": 0.09279917503608616,
  "Jose Azocar": 0.07361111111111111,
  "Spencer Steer": 0.12000000000000001,
  "Will Benson": 0.1095582081731864,
  "Elly De La Cruz": 0.1319204474834235,
  "Xander Bogaerts": 0.08392857142857142,
  "Kyle Higashioka": 0.12000000000000001,
  "Santiago Espinal": 0.0885907389955973,
  "Jackson Merrill": 0.10292965049096216,
  "Luis Arraez": 0.0740370729359284,
  "Mike Ford": 0.1576518780351778,
  "Jeimer Candelario": 0.12269260785960658,
  "Donovan Solano": 0.11770127884851309,
  "Jacob Hurtubise": 0.06358076250792459,
  "Christian Yelich": 0.08636081041136372,
  "Jesus Sanchez": 0.060000000000000005,
  "Bryan De La Cruz": 0.10458123752754096,
  "Brice Turang": 0.05007062146892655,
  "Nick Fortes": 0.060000000000000005,
  "Jazz Chisholm Jr.": 0.09410817444611608,
  "Willy Adames": 0.11814490546668031,
  "William Contreras": 0.11155879364506124,
  "Blake Perkins": 0.06106278441356976,
  "Josh Bell": 0.10802844642130356,
  "Jake Burger": 0.1498671836034581,
  "Sal Frelick": 0.060000000000000005,
  "Christian Bethancourt": 0.09891384667888635,
  "Vidal Brujan": 0.060000000000000005,
  "Jake Bauers": 0.13358585858585859,
  "Jackson Chourio": 0.08322250191381304,
  "Otto Lopez": 0.05712180171471173,
  "Gary Sanchez": 0.13564807293638612,
  "Nick Gordon": 0.060000000000000005,
  "Emmanuel Rivera": 0.08028192166995617,
  "Joey Ortiz": 0.07550712809207279,
  "Dane Myers": 0.10724926260640545,
  "Tim Anderson": 0.08016535114515667,
  "Andruw Monasterio": 0.07846013586502006,
  "Owen Miller": 0.06649415093123703,
  "J.T. Realmuto": 0.19558168197754972,
  "Adolis Garcia": 0.15,
  "Alec Bohm": 0.13811681851732652,
  "Leody Taveras": 0.06982007731905374,
  "Bryce Harper": 0.20717421763006993,
  "Nick Castellanos": 0.14651496508526182,
  "Nathaniel Lowe": 0.08330524575660007,
  "Jonah Heim": 0.12447065602438542,
  "Ezequiel Duran": 0.10461580241159156,
  "Josh Smith": 0.07379490182728628,
  "Kyle Schwarber": 0.22140721024071816,
  "Marcus Semien": 0.12060168305492344,
  "Corey Seager": 0.14811288564907082,
  "Bryson Stott": 0.11026503148837999,
  "Edmundo Sosa": 0.09761904761904762,
  "Brandon Marsh": 0.13446229558736741,
  "Robbie Grossman": 0.09318673286339144,
  "Johan Rojas": 0.0770554925078142,
  "Evan Carter": 0.10757575757575757,
  "Travis Jankowski": 0.05007062146892655,
  "Kody Clemens": 0.17095654936437904,
  "Andrew Knizner": 0.060000000000000005,
  "Whit Merrifield": 0.060000000000000005,
  "Derek Hill": 0.07371557081560469,
  "Andrew McCutchen": 0.09916203635481668,
  "Bryan Reynolds": 0.08836718747797041,
  "Connor Joe": 0.07979684049990234,
  "Wilmer Flores": 0.10708762137333565,
  "Thairo Estrada": 0.09674523712241613,
  "LaMonte Wade Jr.": 0.07361111111111111,
  "Mike Yastrzemski": 0.08392857142857142,
  "Oneil Cruz": 0.10184904753609096,
  "Jared Triolo": 0.06010661646423236,
  "Heliot Ramos": 0.1174384181116832,
  "Marco Luciano": 0.10586446238030502,
  "Luis Matos": 0.08998476568538086,
  "Jack Suwinski": 0.09590550921567371,
  "Blake Sabol": 0.07361111111111111,
  "Nick Gonzales": 0.06742964235363738,
  "Rowdy Tellez": 0.07361111111111111,
  "Edward Olivares": 0.10757575757575757,
  "Yasmani Grandal": 0.07922456988658053,
  "Joey Bart": 0.07361111111111111,
  "Michael A. Taylor": 0.07361111111111111,
  "Jorge Soler": 0.21108669332228705,
  "Matt Chapman": 0.1654634941984177,
  "Curt Casali": 0.09000680537449741,
  "Ryan McKenna": 0.092782974575969,
  "Ji Hwan Bae": 0.056813197767145135,
  "Alex Kirilloff": 0.07361111111111111,
  "Ryan Jeffers": 0.183763554921523,
  "Trevor Larnach": 0.10757575757575757,
  "Riley Adams": 0.060000000000000005,
  "Max Kepler": 0.09761904761904762,
  "Luis Garcia Jr.": 0.09380111656298447,
  "Keibert Ruiz": 0.08935843494638263,
  "Carlos Correa": 0.16094911808833912,
  "Jose Miranda": 0.16350676452353657,
  "CJ Abrams": 0.1254741011191947,
  "Willi Castro": 0.0963012767192479,
  "Joey Meneses": 0.10591772771434713,
  "Edouard Julien": 0.10757575757575757,
  "Ildemaro Vargas": 0.05007062146892655,
  "Kyle Farmer": 0.09334589661955535,
  "Christian Vazquez": 0.08755186748759235,
  "Joey Gallo": 0.1744446812990265,
  "Carlos Santana": 0.1095913008313827,
  "Nick Senzel": 0.09650463392419883,
  "Jesse Winker": 0.09814553466272775,
  "Manuel Margot": 0.10874474660890643,
  "Eddie Rosario": 0.13004203149539173,
  "Byron Buxton": 0.20836728681682692,
  "Jacob Young": 0.05904015128625645,
  "Brandon Lowe": 0.14302277307145062,
  "Rafael Devers": 0.21137877781120837,
  "Josh Lowe": 0.1170005012241037,
  "Yandy Diaz": 0.07361111111111111,
  "Randy Arozarena": 0.1245532754959222,
  "Connor Wong": 0.08392857142857142,
  "Jonathan Aranda": 0.09324721599120311,
  "David Hamilton": 0.0909752126700292,
  "Isaac Paredes": 0.11557054755587341,
  "Jarren Duran": 0.12623103142241493,
  "Wilyer Abreu": 0.13541775901441727,
  "Harold Ramirez": 0.05007062146892655,
  "Ceddanne Rafaela": 0.07175118267535575,
  "Tyler O'Neill": 0.1477965002808775,
  "Ben Rortvedt": 0.060000000000000005,
  "Jose Caballero": 0.0606906906906907,
  "Amed Rosario": 0.08018525545710485,
  "Richie Palacios": 0.09449392608223592,
  "Garrett Cooper": 0.07361111111111111,
  "Dominic Smith": 0.10551361291624105,
  "Vaughn Grissom": 0.07543192033420136,
  "Jonny Deluca": 0.060000000000000005,
  "Jose Siri": 0.11546487496999355,
  "Alex Jackson": 0.09409002102500554,
  "Reese McGuire": 0.0778056203056203,
  "Mitch Haniger": 0.09761904761904762,
  "Gleyber Torres": 0.08553168837469009,
  "Aaron Judge": 0.22800985246637423,
  "Dylan Moore": 0.09889654417129984,
  "Giancarlo Stanton": 0.12000000000000001,
  "Ty France": 0.09264505587951417,
  "Cal Raleigh": 0.1694047140414011,
  "Anthony Volpe": 0.09658059697774213,
  "Oswaldo Cabrera": 0.085096702336673,
  "Anthony Rizzo": 0.11400787620975186,
  "Josh Rojas": 0.06874668068286945,
  "Julio Rodriguez": 0.13278302825921875,
  "Austin Wells": 0.10385811008673294,
  "Luis Urias": 0.07361111111111111,
  "Juan Soto": 0.1826115392508096,
  "Mitch Garver": 0.11449587802227099,
  "Alex Verdugo": 0.09828877864592149,
  "Jorge Polanco": 0.10757575757575757,
  "Jon Berti": 0.05466666666666666,
  "Luke Raley": 0.12089340514383781,
  "Dominic Canzone": 0.12332381230341047,
  "J.P. Crawford": 0.08872131194106844,
  "Trent Grisham": 0.10950735236449523,
  "Bo Bichette": 0.09709726459384581,
  "Vladimir Guerrero Jr.": 0.12807038159519282,
  "Eloy Jimenez": 0.11199670038955753,
  "Danny Jansen": 0.1548022931175105,
  "Gavin Sheets": 0.05007062146892655,
  "George Springer": 0.10149254710658219,
  "Andrew Benintendi": 0.07361111111111111,
  "Ernie Clement": 0.06109764331732817,
  "Zach Remillard": 0.06270401906163496,
  "Daulton Varsho": 0.08964373962762308,