{
  "Teoscar Hernandez": 0.10867045961084915,
  "Shohei Ohtani": 0.11548308394354354,
  "Jake Rogers": 0.0995620566327615,
  "Will Smith": 0.09099127201275674,
  "Justyn-Henry Malloy": 0.08966014289006433,
  "Andy Pages": 0.08490106086861779,
  "Andy Ibanez": 0.08664728593322484,
  "Riley Greene": 0.0709545684950052,
  "Freddie Freeman": 0.0773542209180011,
  "Matt Vierling": 0.08346377233236736,
  "Miguel Vargas": 0.06956931690271964,
  "Javier Baez": 0.07786336834585227,
  "Mark Canha": 0.07198922325281987,
  "Ryan Vilade": 0.06449286838872695,
  "Chris Taylor": 0.07616365491875102,
  "Enrique Hernandez": 0.06918889274464733,
  "Gio Urshela": 0.054627704651046986,
  "Miguel Rojas": 0.05760845898257246,
  "Gavin Lux": 0.060000000000000005,
  "Wenceel Perez": 0.060000000000000005,
  "Carson Kelly": 0.08392857142857142,
  "Zach McKinstry": 0.060000000000000005,
  "Colt Keith": 0.09761904761904762,
  "Cavan Biggio": 0.060000000000000005,
  "Kyle Schwarber": 0.21384560000046007,
  "Bryce Harper": 0.17138514460006798,
  "Trea Turner": 0.14655003087058038,
  "Alec Bohm": 0.12363664652122025,
  "Brent Rooker": 0.11865965797796066,
  "Nick Castellanos": 0.1263621497869475,
  "Weston Wilson": 0.15780767357613198,
  "Edmundo Sosa": 0.142622611080561,
  "Shea Langeliers": 0.09993970185305431,
  "Daz Cameron": 0.07754339148278543,
  "Cristian Pache": 0.08482639043712228,
  "Max Schuemann": 0.06210701950366406,
  "Zack Gelof": 0.0656093362011729,
  "Miguel Andujar": 0.06777767561176476,
  "Tyler Nevin": 0.0763112223310243,
  "Rafael Marchan": 0.05953088474255018,
  "Brett Harris": 0.07182571890776225,
  "Armando Alvarez": 0.11307249513771252,
  "Garrett Stubbs": 0.060000000000000005,
  "Bryson Stott": 0.060000000000000005,
  "Brandon Marsh": 0.07361111111111111,
  "Johan Rojas": 0.060000000000000005,
  "Lawrence Butler": 0.09761904761904762,
  "JJ Bleday": 0.09761904761904762,
  "Brandon Lowe": 0.12466727077650523,
  "Jose Ramirez": 0.1146096492287038,
  "Taylor Walls": 0.07412384129888953,
  "Josh Lowe": 0.0858494292126013,
  "Yandy Diaz": 0.08799837743413527,
  "Josh Naylor": 0.1135694972921169,
  "Randy Arozarena": 0.10768797746341613,
  "Brayan Rocchio": 0.060000000000000005,
  "Steven Kwan": 0.055645621709066055,
  "Andres Gimenez": 0.06207122571103821,
  "Isaac Paredes": 0.11078602726504272,
  "Tyler Freeman": 0.0699690477545578,
  "Jose Siri": 0.09758467308586839,
  "Angel Martinez": 0.059243774676852407,
  "Bo Naylor": 0.08392857142857142,
  "Richie Palacios": 0.06848121887612145,
  "Jonny Deluca": 0.060000000000000005,
  "Amed Rosario": 0.049999999999999996,
  "David Fry": 0.07361111111111111,
  "Ben Rortvedt": 0.060000000000000005,
  "Daniel Schneemann": 0.07406915813744915,
  "Jhonkensy Noel": 0.1254761122415628,
  "Austin Hedges": 0.05350536470934467,
  "Alex Jackson": 0.10967204889618683,
  "Salvador Perez": 0.13805253183238414,
  "Rafael Devers": 0.10917564655233293,
  "Kyle Isbel": 0.07049885685361838,
  "Connor Wong": 0.09186399578107779,
  "Jarren Duran": 0.0650018794946991,
  "Bobby Witt Jr.": 0.12647537704084397,
  "Maikel Garcia": 0.0708674311195404,
  "MJ Melendez": 0.11797654659716332,
  "Michael Massey": 0.09822565654166163,
  "Vinnie Pasquantino": 0.12402283271834094,
  "Rob Refsnyder": 0.08086153473879824,
  "David Hamilton": 0.07256701631701631,
  "Masataka Yoshida": 0.060000000000000005,
  "Wilyer Abreu": 0.10757575757575757,
  "Ceddanne Rafaela": 0.08570911785228055,
  "Tyler O'Neill": 0.12302323264786796,
  "Nick Loftin": 0.049999999999999996,
  "Adam Frazier": 0.05857531546977426,
  "Hunter Renfroe": 0.12142356177267437,
  "Dominic Smith": 0.07361111111111111,
  "Romy Gonzalez": 0.07856471286386224,
  "Jamie Westbrook": 0.08799047454994324,
  "Jesus Sanchez": 0.15121570156130687,
  "Tyler Stephenson": 0.09839289339000369,
  "Jazz Chisholm Jr.": 0.17451053801190353,
  "Jonathan India": 0.09115788418750669,
  "Nick Fortes": 0.060000000000000005,
  "Elly De La Cruz": 0.13735336812724258,
  "Spencer Steer": 0.112904172224372,
  "Bryan De La Cruz": 0.14211019077325807,
  "Xavier Edwards": 0.06282666662737657,
  "Noelvi Marte": 0.11864319175678201,
  "Josh Bell": 0.13139067111174013,
  "Will Benson": 0.13898970418637388,
  "Rece Hinds": 0.10210259120371093,
  "Jake Burger": 0.13333333333333333,
  "Jeimer Candelario": 0.12661838195649577,
  "Vidal Brujan": 0.08015870319791889,
  "Santiago Espinal": 0.060000000000000005,
  "Austin Slater": 0.049999999999999996,
  "Nick Gordon": 0.10190670767851687,
  "Emmanuel Rivera": 0.09355681458726607,
  "Jake Fraley": 0.08997739481457256,
  "Ali Sanchez": 0.07848470514033427,
  "Pete Alonso": 0.12641109671800208,
  "Francisco Lindor": 0.1341220667748945,
  "J. D. Martinez": 0.11440413169344253,
  "Brandon Nimmo": 0.11880735446880696,
  "Francisco Alvarez": 0.10006304839151609,
  "Hunter Goodman": 0.10791354709573525,
  "Mark Vientos": 0.09692233483643617,
  "Elias Diaz": 0.08752296207700158,
  "Brenton Doyle": 0.08038768528008446,
  "Ryan McMahon": 0.08318927239611694,
  "Michael Toglia": 0.10382007464099853,
  "Ezequiel Tovar": 0.08162464824254154,
  "Sam Hilliard": 0.09451162323832109,
  "Jeff McNeil": 0.07584283907968117,
  "Harrison Bader": 0.06779829713043578,
  "Jose Iglesias": 0.07211944305694305,
  "Brendan Rodgers": 0.07231077715354628,
  "Charlie Blackmon": 0.07153658518689791,
  "Nolan Jones": 0.07361111111111111,
  "Tyrone Taylor": 0.10757575757575757,
  "Jake Cave": 0.049999999999999996,
  "Luis Robert Jr.": 0.13055885924980237,
  "Korey Lee": 0.10255365488702632,
  "Andrew Vaughn": 0.11254401713918469,
  "Bryan Reynolds": 0.10652115702458945,
  "Tommy Pham": 0.09609049190126837,
  "Andrew McCutchen": 0.09886959558359153,
  "Connor Joe": 0.09037578375571796,
  "Eloy Jimenez": 0.09613569291589114,
  "Lenyn Sosa": 0.07502733565576082,
  "Joey Bart": 0.0888279348547089,
  "Paul DeJong": 0.0971936252760697,
  "Michael A. Taylor": 0.07730844239868304,
  "Corey Julks": 0.07606677670328534,
  "Nick Gonzales": 0.08594418192507151,
  "Jack Suwinski": 0.09927611876575748,
  "Ke'Bryan Hayes": 0.07316917013898276,
  "Danny Mendick": 0.06193587908647718,
  "Jared Triolo": 0.06682975817664268,
  "Oneil Cruz": 0.09761904761904762,
  "Andrew Benintendi": 0.07361111111111111,
  "Joshua Palacios": 0.09761904761904762,
  "Nicky Lopez": 0.049999999999999996,
  "Yasmani Grandal": 0.060000000000000005,
  "Rowdy Tellez": 0.12000000000000001,
  "Jose Altuve": 0.11820635914420598,
  "Alex Bregman": 0.0978488261501082,
  "Yordan Alvarez": 0.14225685825964118,
  "Adolis Garcia": 0.11148891718295872,
  "Chas McCormick": 0.09289234704950564,
  "Leody Taveras": 0.07394051524833559,
  "Nathaniel Lowe": 0.06490737272291988,
  "Jonah Heim": 0.08070669758249957,
  "Jeremy Pena": 0.07900618826928726,
  "Corey Seager": 0.12136354044366406,
  "Jake Meyers": 0.09534625024798947,
  "Mauricio Dubon": 0.0713953782800532,
  "Marcus Semien": 0.08506133244579238,
  "Josh Smith": 0.06710357081887922,
  "Jon Singleton": 0.07814589002829414,
  "Robbie Grossman": 0.060000000000000005,
  "Travis Jankowski": 0.04826627647437049,
  "Yainer Diaz": 0.10539219771634302,
  "Trey Cabbage": 0.060000000000000005,
  "Wyatt Langford": 0.08018439490034421,
  "Rhys Hoskins": 0.13016347195397132,
  "William Contreras": 0.12842739227002092,
  "Willy Adames": 0.1186097283442345,
  "Joey Ortiz": 0.10315489832296555,
  "Christian Yelich": 0.11669845056965045,
  "CJ Abrams": 0.09565443472653125,
  "Lane Thomas": 0.08018992198240468,
  "Luis Garcia Jr.": 0.07093225278698786,
  "James Wood": 0.0896749905299577,
  "Juan Yepez": 0.07966926894315887,
  "Keibert Ruiz": 0.07079397878935142,
  "Jesse Winker": 0.0720851868997503,
  "Jackson Chourio": 0.08122234040827847,
  "Garrett Mitchell": 0.07164297582678975,
  "Brice Turang": 0.05876205035941345,
  "Trey Lipscomb": 0.058997978521271505,
  "Sal Frelick": 0.059528598442433384,
  "Jacob Young": 0.04694580702037989,
  "Ildemaro Vargas": 0.049999999999999996,
  "Jake Bauers": 0.10757575757575757,