{
  "Blaze Alexander": 0.08481690880552223,
  "Brendan Donovan": 0.06726667701270922,
  "Christian Walker": 0.12130226148659329,
  "Corbin Carroll": 0.08645502583196006,
  "Eugenio Suarez": 0.11701278079547697,
  "Ivan Herrera": 0.10480131859639683,
  "Jake McCarthy": 0.07379928042971522,
  "Joc Pederson": 0.14042963025078897,
  "Lars Nootbaar": 0.0673689393069149,
  "Masyn Winn": 0.08357544797332256,
  "Michael Siani": 0.07174888517279822,
  "Nolan Arenado": 0.14820698524680123,
  "Nolan Gorman": 0.1301268917100105,
  "Paul Goldschmidt": 0.1237982761896588,
  "Pavin Smith": 0.10543618962736609,
  "Tucker Barnhart": 0.06605473798456256,
  "Willson Contreras": 0.14275858364419072,
  "Kevin Newman": 0.0775879917184265,
  "Ketel Marte": 0.08392857142857142,
  "Gabriel Moreno": 0.060000000000000005,
  "Lourdes Gurriel Jr.": 0.08392857142857142,
  "Alec Burleson": 0.060000000000000005,
  "Jordan Walker": 0.07361111111111111,
  "Austin Slater": 0.09532057581593184,
  "Brandon Nimmo": 0.09037403225249722,
  "Brett Baty": 0.07627494047034276,
  "Francisco Lindor": 0.12132412577351398,
  "Harrison Bader": 0.08278293627130837,
  "Jorge Soler": 0.19915889199840414,
  "Matt Chapman": 0.17697844417835235,
  "Michael Conforto": 0.07560599660907803,
  "Nick Ahmed": 0.08083507397614276,
  "Patrick Bailey": 0.10324683459358382,
  "Pete Alonso": 0.1465104843088928,
  "Starling Marte": 0.09455438741153027,
  "Thairo Estrada": 0.08891899974347472,
  "Tyler Fitzgerald": 0.10341172637187818,
  "Tyrone Taylor": 0.10451200211802127,
  "Wilmer Flores": 0.11854514080541477,
  "Tomas Nido": 0.06753077155754107,
  "Jeff McNeil": 0.06615393983680429,
  "Tom Murphy": 0.09472906403940887,
  "Mike Yastrzemski": 0.08392857142857142,
  "LaMonte Wade Jr.": 0.08392857142857142,
  "Omar Narvaez": 0.05007062146892655,
  "Jung Hoo Lee": 0.060000000000000005,
  "DJ Stewart": 0.13358585858585859,
  "Adley Rutschman": 0.1447496565510667,
  "Anthony Santander": 0.23023575249946693,
  "Cedric Mullins": 0.14372103720881133,
  "Colton Cowser": 0.1258045103004904,
  "Gunnar Henderson": 0.17637929476228428,
  "James McCann": 0.14144319196998306,
  "Jo Adell": 0.1016573304673615,
  "Jordan Westburg": 0.16989242017467407,
  "Jorge Mateo": 0.10022721533616588,
  "Logan O'Hoppe": 0.14387427919386123,
  "Luis Rengifo": 0.09936743051255532,
  "Mickey Moniak": 0.16628871803643838,
  "Miguel San\u00f3": 0.20696553388005748,
  "Mike Trout": 0.21046450907227524,
  "Nolan Schanuel": 0.0872181953402314,
  "Ryan Mountcastle": 0.1885704114443359,
  "Taylor Ward": 0.1269909312283696,
  "Zach Neto": 0.10244174398309737,
  "Brandon Drury": 0.09761904761904762,
  "Ryan O'Hearn": 0.12000000000000001,
  "Aaron Hicks": 0.07361111111111111,
  "Andres Gimenez": 0.08646773103180667,
  "Bo Naylor": 0.10747049918189935,
  "Bobby Dalbec": 0.09330368335836906,
  "Brayan Rocchio": 0.07054031935497453,
  "Ceddanne Rafaela": 0.07842731020955274,
  "Connor Wong": 0.08521351972496723,
  "Enmanuel Valdez": 0.10529718029718028,
  "Estevan Florial": 0.0871893379737672,
  "Jarren Duran": 0.10061773452243593,
  "Jose Ramirez": 0.11040415637142272,
  "Josh Naylor": 0.11291731743291678,
  "Pablo Reyes": 0.09518452984229495,
  "Rafael Devers": 0.16436207341400946,
  "Tyler Freeman": 0.07532188118395015,
  "Tyler O'Neill": 0.14199575689694727,
  "Will Brennan": 0.07523224859431756,
  "Wilyer Abreu": 0.09952698583617807,
  "Steven Kwan": 0.06513838269767123,
  "Gabriel Arias": 0.07361111111111111,
  "Reese McGuire": 0.060000000000000005,
  "Masataka Yoshida": 0.060000000000000005,
  "Ramon Laureano": 0.07361111111111111,
  "Alec Bohm": 0.1276111204507331,
  "Christian Encarnacion-Strand": 0.15810024027414032,
  "Cristian Pache": 0.087366531328342,
  "Edmundo Sosa": 0.1127938800855405,
  "Elly De La Cruz": 0.13380118447565864,
  "Garrett Stubbs": 0.07179508679040075,
  "Jeimer Candelario": 0.11498974589835934,
  "Johan Rojas": 0.08053645570298576,
  "Kyle Schwarber": 0.17283837693461587,
  "Nick Castellanos": 0.1422199971511197,
  "Nick Martini": 0.11242732456582465,
  "Santiago Espinal": 0.07960051685464381,
  "Spencer Steer": 0.11818771317543526,
  "Stuart Fairchild": 0.09880354846192786,
  "Trea Turner": 0.16762326208753708,
  "Tyler Stephenson": 0.1196956073790193,
  "Whit Merrifield": 0.10041302018856198,
  "Will Benson": 0.13170003740971825,
  "J.T. Realmuto": 0.12000000000000001,
  "Jonathan India": 0.09761904761904762,
  "Bryson Stott": 0.060000000000000005,
  "Brandon Marsh": 0.10757575757575757,
  "Blake Perkins": 0.07604950604950605,
  "Bryan Reynolds": 0.1021842790946013,
  "Connor Joe": 0.1055967874739654,
  "Edward Olivares": 0.10257184472238236,
  "Henry Davis": 0.08480101880157055,
  "Jack Suwinski": 0.11789118619475762,
  "Jackson Chourio": 0.08111303962268855,
  "Jared Triolo": 0.06914325319206095,
  "Joey Ortiz": 0.07714426877470355,
  "Ke'Bryan Hayes": 0.09100284618032731,
  "Oneil Cruz": 0.10196152002472393,
  "Owen Miller": 0.08131061494015185,
  "Rhys Hoskins": 0.13054800179864026,
  "Rowdy Tellez": 0.10485944976076554,
  "William Contreras": 0.11545498828991536,
  "Willy Adames": 0.11841365535546147,
  "Brice Turang": 0.06406161320563494,
  "Sal Frelick": 0.06908040935672514,
  "Andrew McCutchen": 0.10757575757575757,
  "Oliver Dunn": 0.060000000000000005,
  "Michael A. Taylor": 0.07361111111111111,
  "Andy Pages": 0.10677178941774293,
  "CJ Abrams": 0.13782287637929092,
  "Eddie Rosario": 0.11576444107828185,
  "Freddie Freeman": 0.14912890484005886,
  "Gavin Lux": 0.09441959126460435,
  "James Outman": 0.15428608892581439,
  "Jesse Winker": 0.10530942717015776,
  "Joey Gallo": 0.22503320737820617,
  "Joey Meneses": 0.10886884813828072,
  "Luis Garcia Jr.": 0.11053289632489337,
  "Max Muncy": 0.2090389305395066,
  "Mookie Betts": 0.13830932972943466,
  "Nick Senzel": 0.10137658676569053,
  "Riley Adams": 0.11951153411035995,
  "Shohei Ohtani": 0.27227969169348404,
  "Teoscar Hernandez": 0.14642894024580252,
  "Trey Lipscomb": 0.09697640158633065,
  "Will Smith": 0.11654439996363353,
  "Enrique Hernandez": 0.07361111111111111,
  "Ildemaro Vargas": 0.05007062146892655,
  "Jacob Young": 0.060000000000000005,
  "Amed Rosario": 0.08925203127965468,
  "Ben Rortvedt": 0.11153943033710675,
  "Buddy Kennedy": 0.08961055222146042,
  "Curtis Mead": 0.08356723848959874,
  "Harold Ramirez": 0.10001409525403333,
  "Isaac Paredes": 0.12800134651347286,
  "Jake Rogers": 0.10832123559376738,
  "Javier Baez": 0.1050742703180445,
  "Jose Caballero": 0.09127331234354645,
  "Mark Canha": 0.10663857496564264,
  "Matt Vierling": 0.09151191997075593,
  "Parker Meadows": 0.09969084694265463,
  "Randy Arozarena": 0.1206325949183092,
  "Richie Palacios": 0.09212948100055575,
  "Riley Greene": 0.1297143508296948,
  "Spencer Torkelson": 0.16215553498200788,
  "Wenceel Perez": 0.09223384514082189,
  "Yandy Diaz": 0.11696824729611614,
  "Rene Pinto": 0.10757575757575757,
  "Jose Siri": 0.07361111111111111,
  "Kerry Carpenter": 0.08392857142857142,
  "Carson Kelly": 0.05007062146892655,
  "Colt Keith": 0.07361111111111111,
  "Aaron Judge": 0.24252508262080266,
  "Alex Verdugo": 0.10155027602870602,
  "Anthony Rizzo": 0.13910835692195198,
  "Anthony Volpe": 0.12061673021223428,
  "Austin Wells": 0.11483868314225457,
  "Brent Rooker": 0.13932703610308203,
  "Giancarlo Stanton": 0.1878032524809528,
  "Gleyber Torres": 0.11815021287596493,
  "JJ Bleday": 0.11976607814471188,
  "Juan Soto": 0.16959509703524606,
  "Lawrence Butler": 0.1193570808778182,
  "Oswaldo Cabrera": 0.09009622855776703,
  "Ryan Noda": 0.13277676094201102,
  "Seth Brown": 0.14882501327393896,
  "Shea Langeliers": 0.13311084266708842,
  "Tyler Nevin": 0.09001942482529546,
  "Zack Gelof": 0.09761822600168465,
  "Nick Allen": 0.057320473644003056,
  "Esteury Ruiz": 0.060000000000000005,
  "Jose Trevino": 0.060000000000000005,
  "Abraham Toro": 0.09761904761904762,
  "Max Schuemann": 0.15,
  "Austin Riley": 0.1618845670951868,
  "Bryan De La Cruz": 0.13495241154798168,