{
  "Ketel Marte": 0.13602278571027857,
  "Christian Walker": 0.1378692023356468,
  "Jake McCarthy": 0.055089804454438944,
  "Geraldo Perdomo": 0.060000000000000005,
  "Bryce Harper": 0.22102163760815116,
  "Garrett Stubbs": 0.06800386444203178,
  "Alec Bohm": 0.1271710004189094,
  "Bryson Stott": 0.09597515871193327,
  "Blaze Alexander": 0.08080658316118036,
  "Kyle Schwarber": 0.27723465380960016,
  "Nick Castellanos": 0.14637423939565286,
  "Corbin Carroll": 0.09761904761904762,
  "Brandon Marsh": 0.11609277340005537,
  "Edmundo Sosa": 0.08392857142857142,
  "Trea Turner": 0.16134160262155361,
  "Whit Merrifield": 0.060000000000000005,
  "Lourdes Gurriel Jr.": 0.10680051048398191,
  "Joc Pederson": 0.12000000000000001,
  "David Dahl": 0.12370218774914862,
  "Eugenio Suarez": 0.1064103273352225,
  "Kevin Newman": 0.057735086075626336,
  "Randal Grichuk": 0.10191288282011084,
  "Jose Herrera": 0.053504276555813954,
  "Aaron Judge": 0.2069161968341555,
  "Austin Riley": 0.18325907011649098,
  "Adam Duvall": 0.1719926079238973,
  "Gleyber Torres": 0.09163949269721924,
  "Ozzie Albies": 0.12797148973528563,
  "DJ LeMahieu": 0.07009718014686009,
  "Marcell Ozuna": 0.2032424273397577,
  "Orlando Arcia": 0.09550286109648748,
  "Austin Wells": 0.07361111111111111,
  "Travis d'Arnaud": 0.10757575757575757,
  "Matt Olson": 0.17015482419569022,
  "Sean Murphy": 0.14193486697238894,
  "Anthony Volpe": 0.0667845977150819,
  "Jose Trevino": 0.06715155791751536,
  "Jarred Kelenic": 0.1001731993581442,
  "Juan Soto": 0.14099150362601678,
  "Alex Verdugo": 0.07210951761291501,
  "Ram\u00f3n Laureano": 0.10303110070960257,
  "Ben Rice": 0.09519550771559714,
  "Trent Grisham": 0.07852732099945722,
  "Connor Joe": 0.07361111111111111,
  "Andrew McCutchen": 0.12000000000000001,
  "Bryan Reynolds": 0.12679158829301151,
  "Brandon Lowe": 0.13358585858585859,
  "Josh Lowe": 0.08288397836203451,
  "Yandy Diaz": 0.07600043845565894,
  "Taylor Walls": 0.06669037481548071,
  "Randy Arozarena": 0.09129981164695981,
  "Isaac Paredes": 0.09214706356646889,
  "Ke'Bryan Hayes": 0.08973667193850315,
  "Jose Siri": 0.07991818922619619,
  "Nick Gonzales": 0.09761904761904762,
  "Jack Suwinski": 0.09776814525343937,
  "Oneil Cruz": 0.1399582645326415,
  "Rowdy Tellez": 0.1068131638672673,
  "Richie Palacios": 0.06954179531711047,
  "Ben Rortvedt": 0.060000000000000005,
  "Yasmani Grandal": 0.07799377829149631,
  "Edward Olivares": 0.09177174221741284,
  "Michael A. Taylor": 0.09161651260340042,
  "Jared Triolo": 0.08796274857518876,
  "Jonny Deluca": 0.06412843933638937,
  "Alex Jackson": 0.09473847312669775,
  "Jonathan India": 0.11247524831391945,
  "Rafael Devers": 0.12989114660091824,
  "Tyler Stephenson": 0.13773898624008232,
  "Jake Fraley": 0.08392857142857142,
  "Rob Refsnyder": 0.09338069026642973,
  "Spencer Steer": 0.14981163510608164,
  "Connor Wong": 0.11502024552912456,
  "Jarren Duran": 0.07956637378065327,
  "TJ Friedl": 0.09404437220987162,
  "Enmanuel Valdez": 0.09761904761904762,
  "Elly De La Cruz": 0.11104999114006074,
  "Will Benson": 0.10992518717832782,
  "Masataka Yoshida": 0.060000000000000005,
  "David Hamilton": 0.06626263043754096,
  "Ceddanne Rafaela": 0.1050153417294631,
  "Jeimer Candelario": 0.1265108854984153,
  "Santiago Espinal": 0.07811093806081275,
  "Dominic Smith": 0.07225736529696926,
  "Tyler O'Neill": 0.16953149730890868,
  "Stuart Fairchild": 0.1060906973861419,
  "Romy Gonzalez": 0.09342584001122484,
  "Gavin Sheets": 0.07581218130475409,
  "Luis Robert Jr.": 0.13358585858585859,
  "Akil Baddoo": 0.08689739064070615,
  "Andrew Vaughn": 0.08133248336580318,
  "Riley Greene": 0.09833122344908343,
  "Lenyn Sosa": 0.060000000000000005,
  "Wenceel Perez": 0.06459762629510529,
  "Andrew Benintendi": 0.058091739901889414,
  "Andy Ibanez": 0.07361111111111111,
  "Carson Kelly": 0.08392857142857142,
  "Matt Vierling": 0.09832587758999417,
  "Korey Lee": 0.060000000000000005,
  "Nicky Lopez": 0.04162599558690238,
  "Mark Canha": 0.07633342187352614,
  "Gio Urshela": 0.05829728806845536,
  "Paul DeJong": 0.09423894747613364,
  "Colt Keith": 0.08222594481509127,
  "Tommy Pham": 0.07691166805082816,
  "Justyn-Henry Malloy": 0.08392857142857142,
  "Eloy Jimenez": 0.09515346556565404,
  "Jake Rogers": 0.085267811889024,
  "Martin Maldonado": 0.07581121753500418,
  "Zach McKinstry": 0.06275851338704753,
  "Danny Mendick": 0.057798604075199815,
  "Vladimir Guerrero Jr.": 0.14226976345917006,
  "Danny Jansen": 0.13189148948861873,
  "Jose Ramirez": 0.13032349609977822,
  "Josh Naylor": 0.09800071530684304,
  "Alejandro Kirk": 0.07361111111111111,
  "Andres Gimenez": 0.07361111111111111,
  "George Springer": 0.09523874753617918,
  "Steven Kwan": 0.05406251085439989,
  "Tyler Freeman": 0.07178353169965332,
  "Spencer Horwitz": 0.08895730060628151,
  "Brayan Rocchio": 0.06289685125103192,
  "Daulton Varsho": 0.13358585858585859,
  "Bo Naylor": 0.08392857142857142,
  "David Fry": 0.09321374102128833,
  "Will Brennan": 0.08392857142857142,
  "Davis Schneider": 0.12522014560210856,
  "Justin Turner": 0.1010030755212528,
  "Ernie Clement": 0.060000000000000005,
  "Isiah Kiner-Falefa": 0.07620374166428896,
  "Addison Barger": 0.11230661911543456,
  "Johnathan Rodriguez": 0.08322200051349199,
  "Daniel Schneemann": 0.06597005959909433,
  "Kevin Kiermaier": 0.07232682682682683,
  "Angel Martinez": 0.06385290212959299,
  "J.P. Crawford": 0.07674746356803991,
  "Mitch Haniger": 0.10615003952325838,
  "Dylan Moore": 0.09761904761904762,
  "Jesus Sanchez": 0.10225403598284953,
  "Ty France": 0.07812413125309942,
  "Julio Rodriguez": 0.10544454901393464,
  "Jazz Chisholm Jr.": 0.11237036791000986,
  "Bryan De La Cruz": 0.09458252102124497,
  "Nick Fortes": 0.060000000000000005,
  "Cal Raleigh": 0.12000000000000001,
  "Jake Burger": 0.0961905066390118,
  "Nick Gordon": 0.06625806751477649,
  "Josh Bell": 0.08867721315847124,
  "Mitch Garver": 0.10299557139503689,
  "Tim Anderson": 0.055142857142857146,
  "Emmanuel Rivera": 0.05007062146892655,
  "Otto Lopez": 0.06131030516824965,
  "Ryan Bliss": 0.07649632108700284,
  "Tyler Locklear": 0.15,
  "Victor Robles": 0.05007062146892655,
  "Dominic Canzone": 0.10266941627716052,
  "Luke Raley": 0.07969941231477481,
  "Ali Sanchez": 0.06551926861746597,
  "Josh Rojas": 0.06037833428873054,
  "Vidal Brujan": 0.051629761593485715,
  "Jose Altuve": 0.0983415437608986,
  "Anthony Santander": 0.11638888515843662,
  "Alex Bregman": 0.0932639651870856,
  "Cedric Mullins": 0.07361111111111111,
  "Chas McCormick": 0.08570961236859513,
  "Ryan Mountcastle": 0.09017114907598746,
  "Jeremy Pena": 0.06752852177899445,
  "Austin Hays": 0.07140844037895767,
  "Yordan Alvarez": 0.1621280977394785,
  "Jake Meyers": 0.08392857142857142,
  "Jorge Mateo": 0.07230202151837528,
  "Adley Rutschman": 0.07547646547196223,
  "Gunnar Henderson": 0.0837284835035079,
  "Yainer Diaz": 0.1112961986682669,
  "Mauricio Dubon": 0.0653626681425988,
  "James McCann": 0.07361111111111111,
  "Jordan Westburg": 0.08780677689587812,
  "Ryan O'Hearn": 0.08392857142857142,
  "Jon Singleton": 0.09761904761904762,
  "Colton Cowser": 0.06513949261796152,
  "Trey Cabbage": 0.060000000000000005,
  "Joey Loperfido": 0.07943348189208527,
  "Cesar Salazar": 0.06927885634262752,
  "Ramon Urias": 0.06699595356666696,
  "Matt Carpenter": 0.08418796071838307,
  "Austin Slater": 0.06209310822513773,
  "Wilmer Flores": 0.07361111111111111,
  "Paul Goldschmidt": 0.08872994280307886,
  "Dylan Carlson": 0.06093749245923159,
  "Nolan Arenado": 0.07361111111111111,
  "Thairo Estrada": 0.07310040875460455,
  "Brendan Donovan": 0.06087422483180155,
  "Alec Burleson": 0.07111483761957973,
  "Heliot Ramos": 0.08386049004961646,
  "Nolan Gorman": 0.11047315758338416,
  "Brett Wisely": 0.07694825563232437,
  "Michael Conforto": 0.09371190722957715,
  "Michael Siani": 0.055142857142857146,
  "Patrick Bailey": 0.07100620859137649,
  "Masyn Winn": 0.052913436383470736,