{
  "Byron Buxton": 0.16166550431473434,
  "Matt Wallner": 0.1235940592576094,
  "Royce Lewis": 0.11270278352887049,
  "Ryan Jeffers": 0.09682781895744857,
  "Danny Jansen": 0.0771177015435451,
  "Wilyer Abreu": 0.0851104577683525,
  "Trevor Larnach": 0.08397292447010415,
  "Triston Casas": 0.07311884212939081,
  "Carlos Santana": 0.08482889138486127,
  "Carlos Correa": 0.09426257245166848,
  "Kyle Farmer": 0.06842721693239313,
  "Romy Gonzalez": 0.05746221359405303,
  "Trevor Story": 0.0689487383680932,
  "Ceddanne Rafaela": 0.06080435538055294,
  "Willi Castro": 0.06584165634010836,
  "Vaughn Grissom": 0.05095946926236133,
  "Masataka Yoshida": 0.061708954228756205,
  "Jarren Duran": 0.07535369568702902,
  "Connor Wong": 0.060000000000000005,
  "Tyler O'Neill": 0.12000000000000001,
  "Christian Vazquez": 0.034482758620689655,
  "Jose Miranda": 0.009900990099009901,
  "Oneil Cruz": 0.15123922413177848,
  "Andrew McCutchen": 0.11151865387890232,
  "Rowdy Tellez": 0.09906737061169585,
  "Bryan De La Cruz": 0.09939985401755634,
  "Nick Gonzales": 0.09067093534379542,
  "Elly De La Cruz": 0.0849752008028727,
  "Spencer Steer": 0.08093101919046658,
  "Joey Bart": 0.09745662987470599,
  "Tyler Stephenson": 0.08167460617794199,
  "Billy Cook": 0.08221073070853772,
  "Will Benson": 0.08227274476555059,
  "TJ Friedl": 0.06550796315140378,
  "Jonathan India": 0.06890810098474982,
  "Ty France": 0.07430347505060148,
  "Jared Triolo": 0.07856089031057352,
  "Jake Fraley": 0.05353499837946171,
  "Santiago Espinal": 0.05657318893779611,
  "Nick Yorke": 0.050442950847179244,
  "Bryan Reynolds": 0.14666666666666667,
  "Noelvi Marte": 0.07703703703703703,
  "Yasmani Grandal": 0.08392857142857142,
  "Isiah Kiner-Falefa": 0.0792156862745098,
  "Anthony Santander": 0.11138535638922557,
  "Gunnar Henderson": 0.08771919380275411,
  "Spencer Torkelson": 0.08520388712712762,
  "Kerry Carpenter": 0.07816893009965706,
  "Riley Greene": 0.07744285188136477,
  "Heston Kjerstad": 0.07391227120761498,
  "Trey Sweeney": 0.06928308915051397,
  "Jake Rogers": 0.06801687724367247,
  "Colton Cowser": 0.07422135446024392,
  "Matt Vierling": 0.06089808836872778,
  "Jordan Westburg": 0.07415592730001126,
  "Colt Keith": 0.05720761019111056,
  "Jace Jung": 0.07518266831925033,
  "Parker Meadows": 0.0648586033929628,
  "Adley Rutschman": 0.05978967801711561,
  "Ryan O'Hearn": 0.05760757697942664,
  "Ramon Urias": 0.06396694688349398,
  "Cedric Mullins": 0.054442917059142316,
  "Andy Ibanez": 0.060000000000000005,
  "Emmanuel Rivera": 0.060000000000000005,
  "Jackson Holliday": 0.060000000000000005,
  "Matt Olson": 0.15204469881319166,
  "Marcell Ozuna": 0.16047269478021167,
  "Jake Burger": 0.11933813654609547,
  "Jorge Soler": 0.11794115403446974,
  "Michael Harris II": 0.10259686721091046,
  "Connor Norby": 0.09976148285385979,
  "Sean Murphy": 0.09561240473091975,
  "Ozzie Albies": 0.09361555380213096,
  "Jesus Sanchez": 0.08888891876409238,
  "Ram\u00f3n Laureano": 0.09737670006717501,
  "Griffin Conine": 0.07352475185808519,
  "Orlando Arcia": 0.07279094111629997,
  "Kyle Stowers": 0.06960466204690628,
  "Gio Urshela": 0.05681374889497208,
  "Jonah Bride": 0.056067465299898485,
  "Nick Fortes": 0.039905697940637426,
  "Xavier Edwards": 0.042881709117040825,
  "Vidal Brujan": 0.044433440600320395,
  "Travis d'Arnaud": 0.10757575757575757,
  "Otto Lopez": 0.08166666666666667,
  "Vladimir Guerrero Jr.": 0.10421261112710062,
  "Brandon Lowe": 0.09806893327121181,
  "Junior Caminero": 0.10019674256514036,
  "Addison Barger": 0.08284650032647638,
  "Dylan Carlson": 0.07347984705499572,
  "Josh Lowe": 0.07489668890947229,
  "Jonathan Aranda": 0.0800199378094115,
  "Jonatan Clase": 0.0967730361101189,
  "Jose Caballero": 0.061055672743652284,
  "Nathan Lukes": 0.07178938478350791,
  "Spencer Horwitz": 0.07900370728060668,
  "Joey Loperfido": 0.07502282510007467,
  "Jonny Deluca": 0.06105655544653379,
  "Ernie Clement": 0.05764746921195379,
  "Taylor Walls": 0.05283549529609051,
  "Ben Rortvedt": 0.049355789430512706,
  "Leo Jimenez": 0.04778206828618075,
  "Tyler Heineman": 0.053705455692210656,
  "Christopher Morel": 0.15246376811594203,
  "Yandy Diaz": 0.12255062944718116,
  "George Springer": 0.12063492063492064,
  "Alejandro Kirk": 0.08828976034858388,
  "Rhys Hoskins": 0.13257018350584227,
  "Joc Pederson": 0.10314957079297193,
  "William Contreras": 0.10251410683403245,
  "Willy Adames": 0.1153243206601189,
  "Ketel Marte": 0.10358323535707127,
  "Gary Sanchez": 0.12816994404646842,
  "Jackson Chourio": 0.08873956347320368,
  "Pavin Smith": 0.08907462389031112,
  "Eugenio Suarez": 0.09697983804148197,
  "Lourdes Gurriel Jr.": 0.0771047786531419,
  "Josh Bell": 0.0869746124243768,
  "Joey Ortiz": 0.06390797083986689,
  "Gabriel Moreno": 0.055565066624977885,
  "Geraldo Perdomo": 0.05174507233949099,
  "Blake Perkins": 0.06077516303321943,
  "Jake McCarthy": 0.051202531258638016,
  "Brice Turang": 0.0423368718285715,
  "Sal Frelick": 0.04132580219630445,
  "Christian Walker": 0.15833333333333333,
  "Garrett Mitchell": 0.060000000000000005,
  "Corbin Carroll": 0.12255062944718116,
  "Yordan Alvarez": 0.15771766015566904,
  "Taylor Ward": 0.09764834610905006,
  "Jason Heyward": 0.09311851293158008,
  "Zach Neto": 0.08985828293656359,
  "Kyle Tucker": 0.11448254064980389,
  "Victor Caratini": 0.08271514891820056,
  "Mickey Moniak": 0.08530353743147508,
  "Logan O'Hoppe": 0.08512641360048567,
  "Alex Bregman": 0.09863517520880025,
  "Yainer Diaz": 0.08916723954230164,
  "Brandon Drury": 0.0699349475615645,
  "Jose Altuve": 0.07814360400810133,
  "Matt Thaiss": 0.06017918092175518,
  "Eric Wagaman": 0.0730969751402768,
  "Jeremy Pena": 0.07991988157040578,
  "Gustavo Campero": 0.05611150524441948,
  "Jake Meyers": 0.06526671282045261,
  "Jack L\u00f3pez": 0.05141152469758862,
  "Nolan Schanuel": 0.07333333333333333,
  "Mauricio Dubon": 0.060000000000000005,
  "Niko Kavadas": 0.15384615384615385,
  "Jon Singleton": 0.14285714285714285,
  "Matt Chapman": 0.10975389978546954,
  "Bobby Witt Jr.": 0.07896431689905688,
  "Salvador Perez": 0.0845219272070812,
  "Heliot Ramos": 0.07304443346227074,
  "Mike Yastrzemski": 0.07407777131545266,
  "Jerar Encarnaci\u00f3n": 0.07409835191248475,
  "LaMonte Wade Jr.": 0.059913230025306026,
  "Tyler Fitzgerald": 0.05755104373301603,
  "Tommy Pham": 0.050665638667328865,
  "Yuli Gurriel": 0.049552128662921566,
  "Grant McCray": 0.052115471491060925,
  "Hunter Renfroe": 0.05750546195847465,
  "Patrick Bailey": 0.05116405456300069,
  "Robbie Grossman": 0.04880242961698522,
  "Brett Wisely": 0.04427530204602027,
  "Garrett Hampson": 0.04035083569851782,
  "Maikel Garcia": 0.03971687346287521,
  "Kyle Isbel": 0.04270608243297319,
  "Dairon Blanco": 0.09761904761904762,
  "MJ Melendez": 0.060000000000000005,
  "Freddy Fermin": 0.049999999999999996,
  "Michael Massey": 0.10757575757575757,
  "Michael Conforto": 0.10723443223443224,
  "Paul DeJong": 0.0750877192982456,
  "Donnie Walton": 0.04793028322440087,
  "Jose Ramirez": 0.09130748071763053,
  "Paul Goldschmidt": 0.09596100088839209,
  "Jhonkensy Noel": 0.09458627904492446,
  "Nolan Arenado": 0.07190954948530706,
  "Lars Nootbaar": 0.06957044742935832,
  "Alec Burleson": 0.07953242653151785,
  "Jordan Walker": 0.07722869616926072,
  "Josh Naylor": 0.06982932068587383,
  "Daniel Schneemann": 0.06117640653010637,
  "Masyn Winn": 0.05846826336650573,
  "Pedro Pages": 0.05282537580870536,
  "Matt Carpenter": 0.0707079015529002,
  "Brendan Donovan": 0.059550817899197035,
  "Austin Hedges": 0.04502632838365823,
  "Angel Martinez": 0.05269355822956456,
  "Myles Straw": 0.047228007144886945,
  "Brayan Rocchio": 0.04587557460979621,
  "Will Brennan": 0.0479866161930365,
  "Lane Thomas": 0.10035612535612536,
  "Kyle Manzardo": 0.15384615384615385,
  "Bo Naylor": 0.07261413641364137,
  "Andres Gimenez": 0.06272727272727273,
  "Michael Siani": 0.06222222222222223,
  "Ivan Herrera": 0.060000000000000005,