{
  "Austin Martin": 0.0645767137253138,
  "Byron Buxton": 0.15183652705939538,
  "Carlos Correa": 0.12428512406066586,
  "Carlos Santana": 0.08046877251885988,
  "Colt Keith": 0.07547862947344727,
  "Edouard Julien": 0.06022846248657968,
  "Gio Urshela": 0.07389393349331716,
  "Jake Rogers": 0.0921736633249791,
  "Javier Baez": 0.07411162447850378,
  "Jose Miranda": 0.11354334927434342,
  "Kerry Carpenter": 0.10087211745346866,
  "Kyle Farmer": 0.08001416541859833,
  "Manuel Margot": 0.09067625361690601,
  "Mark Canha": 0.09523989313305367,
  "Parker Meadows": 0.06869871185794069,
  "Riley Greene": 0.09701651528966612,
  "Ryan Jeffers": 0.11923261725824259,
  "Spencer Torkelson": 0.14361083000801367,
  "Alex Kirilloff": 0.08392857142857142,
  "Matt Wallner": 0.09761904761904762,
  "Christian Vazquez": 0.07361111111111111,
  "Carson Kelly": 0.060000000000000005,
  "Willi Castro": 0.060000000000000005,
  "Alec Bohm": 0.13539794513478726,
  "Andrew McCutchen": 0.13623093283492074,
  "Brandon Marsh": 0.12635558648703066,
  "Bryan Reynolds": 0.11615515614980375,
  "Bryce Harper": 0.20019905528610712,
  "Bryson Stott": 0.08941112924647966,
  "Connor Joe": 0.11209213888026302,
  "Edward Olivares": 0.11701004648373069,
  "Henry Davis": 0.10500816516970764,
  "J.T. Realmuto": 0.17657748611023344,
  "Jared Triolo": 0.0803196312586736,
  "Ke'Bryan Hayes": 0.11140836109794988,
  "Kyle Schwarber": 0.2603121680318904,
  "Michael A. Taylor": 0.12385424397963583,
  "Nick Castellanos": 0.16659905719278567,
  "Oneil Cruz": 0.10598471253866402,
  "Trea Turner": 0.21150347884887852,
  "Whit Merrifield": 0.09420429035572965,
  "Jack Suwinski": 0.10757575757575757,
  "Johan Rojas": 0.060000000000000005,
  "Rowdy Tellez": 0.08392857142857142,
  "Amed Rosario": 0.06832193030468893,
  "Ben Rortvedt": 0.09044480205258865,
  "Harold Ramirez": 0.09853924318637237,
  "Isaac Paredes": 0.1138068091221043,
  "Jorge Soler": 0.19823240056202132,
  "Jose Caballero": 0.08472455467434976,
  "Jose Siri": 0.09771202097860421,
  "Jung Hoo Lee": 0.08280408963822576,
  "LaMonte Wade Jr.": 0.11152428039726787,
  "Matt Chapman": 0.1694865621372992,
  "Michael Conforto": 0.12341915169850393,
  "Mike Yastrzemski": 0.12203944357801363,
  "Nick Ahmed": 0.07654972566334564,
  "Patrick Bailey": 0.09103862265626972,
  "Randy Arozarena": 0.10953381103469642,
  "Richie Palacios": 0.08457162557346391,
  "Thairo Estrada": 0.09975635077540558,
  "Yandy Diaz": 0.10380529632033794,
  "Rene Pinto": 0.07361111111111111,
  "Curtis Mead": 0.060000000000000005,
  "Andruw Monasterio": 0.08316584266214251,
  "Anthony Santander": 0.13797992163900075,
  "Austin Hays": 0.07780469123197387,
  "Cedric Mullins": 0.10104127566807732,
  "Christian Yelich": 0.12303346379062179,
  "Colton Cowser": 0.11494287529826745,
  "Gary Sanchez": 0.1613656374537071,
  "Gunnar Henderson": 0.1439807223067099,
  "Jackson Chourio": 0.10770201909555976,
  "Jackson Holliday": 0.08050631551997409,
  "James McCann": 0.08029791469017988,
  "Joey Ortiz": 0.0915782446351382,
  "Jordan Westburg": 0.08783778374252947,
  "Rhys Hoskins": 0.1568870742831949,
  "Ryan O'Hearn": 0.0992774352987459,
  "Sal Frelick": 0.07832510151850482,
  "William Contreras": 0.1532153305259852,
  "Willy Adames": 0.1553513475243301,
  "Jake Bauers": 0.09761904761904762,
  "Brice Turang": 0.060000000000000005,
  "Ryan Mountcastle": 0.07361111111111111,
  "Blake Perkins": 0.07361111111111111,
  "Oliver Dunn": 0.09761904761904762,
  "Adley Rutschman": 0.09761904761904762,
  "Alejandro Kirk": 0.09142429376386596,
  "Bo Bichette": 0.105944569646929,
  "Brendan Rodgers": 0.09138031314652202,
  "Brenton Doyle": 0.08193961992064651,
  "Cavan Biggio": 0.09429829950548907,
  "Daulton Varsho": 0.14920430192631443,
  "Elehuris Montero": 0.11825498728713736,
  "Elias Diaz": 0.1106800217326533,
  "Ezequiel Tovar": 0.11079708736238253,
  "George Springer": 0.13373430394417582,
  "Isiah Kiner-Falefa": 0.07584932641904157,
  "Justin Turner": 0.12567609664397889,
  "Kevin Kiermaier": 0.0882060842721859,
  "Kris Bryant": 0.1347983281200759,
  "Michael Toglia": 0.1430832932917352,
  "Nolan Jones": 0.1352280926303625,
  "Ryan McMahon": 0.14251159793395116,
  "Vladimir Guerrero Jr.": 0.16388455513986733,
  "Adam Duvall": 0.16030199958771385,
  "Austin Riley": 0.13875076789947086,
  "Avisail Garcia": 0.0808359366626738,
  "Bryan De La Cruz": 0.07748773746375573,
  "Emmanuel Rivera": 0.07027892686240644,
  "Jake Burger": 0.12439675708906478,
  "Jazz Chisholm Jr.": 0.0814968015437547,
  "Josh Bell": 0.08848234559209002,
  "Marcell Ozuna": 0.1624756488439623,
  "Matt Olson": 0.13426761284035124,
  "Michael Harris II": 0.08318815960313203,
  "Nick Fortes": 0.07423462871738734,
  "Orlando Arcia": 0.07797657602671457,
  "Ozzie Albies": 0.11441604664135557,
  "Ronald Acuna Jr.": 0.16285287981812313,
  "Travis d'Arnaud": 0.08618120427266512,
  "Vidal Brujan": 0.07773809523809525,
  "Jarred Kelenic": 0.060000000000000005,
  "Luis Arraez": 0.06184899184899185,
  "Jesus Sanchez": 0.060000000000000005,
  "Nick Gordon": 0.07361111111111111,
  "Christian Bethancourt": 0.08392857142857142,
  "Tim Anderson": 0.060000000000000005,
  "Aaron Hicks": 0.10015641584269036,
  "Anthony Rendon": 0.09865843936052664,
  "Brandon Drury": 0.12131146631146632,
  "Jarren Duran": 0.09509415774306286,
  "Logan O'Hoppe": 0.12113097072419106,
  "Luis Rengifo": 0.11713818860877685,
  "Mike Trout": 0.1821529407171756,
  "Nolan Schanuel": 0.08288068087168537,
  "Taylor Ward": 0.12219330052663385,
  "Zach Neto": 0.1040518642515943,
  "Tyler O'Neill": 0.181020689027452,
  "Ceddanne Rafaela": 0.11415343915343915,
  "Connor Wong": 0.11048736210026533,
  "Bobby Dalbec": 0.14285714285714285,
  "Triston Casas": 0.11294001787152472,
  "Pablo Reyes": 0.09398251389331351,
  "David Hamilton": 0.08188701223063483,
  "Masataka Yoshida": 0.08938782991202346,
  "Mickey Moniak": 0.12000000000000001,
  "Miguel San\u00f3": 0.13358585858585859,
  "Enmanuel Valdez": 0.08392857142857142,
  "Reese McGuire": 0.060000000000000005,
  "Rafael Devers": 0.09761904761904762,
  "Wilyer Abreu": 0.11764705882352941,
  "Adam Frazier": 0.07603336954595537,
  "Bobby Witt Jr.": 0.13963653993065758,
  "Brandon Nimmo": 0.13262718389587635,
  "Brett Baty": 0.09411580225503416,
  "DJ Stewart": 0.12821457318715526,
  "Francisco Alvarez": 0.15448983989469817,
  "Francisco Lindor": 0.15821411849409242,
  "Harrison Bader": 0.08845029460929286,
  "Hunter Renfroe": 0.10182035426833469,
  "Jeff McNeil": 0.09024054876855327,
  "Kyle Isbel": 0.08490443501545955,
  "Maikel Garcia": 0.0831141445761499,
  "MJ Melendez": 0.16843700011750715,
  "Nelson Velazquez": 0.12356719864793697,
  "Pete Alonso": 0.19347405522150812,
  "Salvador Perez": 0.1440156297603106,
  "Starling Marte": 0.1208435256864686,
  "Vinnie Pasquantino": 0.12178388210842571,
  "Omar Narvaez": 0.05007062146892655,
  "Tyrone Taylor": 0.13358585858585859,
  "Andrew Benintendi": 0.09337456445386604,
  "Andrew Vaughn": 0.15826803816123616,
  "Christian Encarnacion-Strand": 0.22437272039811604,
  "Elly De La Cruz": 0.15394201929615223,
  "Jake Fraley": 0.12114710832770072,
  "Jonathan India": 0.15503998962947968,
  "Kevin Pillar": 0.17156745925654904,
  "Korey Lee": 0.1248640217945927,
  "Lenyn Sosa": 0.14438318363339075,
  "Martin Maldonado": 0.11283994729785075,
  "Nick Martini": 0.1210849309420738,
  "Paul DeJong": 0.1417976755574792,
  "Robbie Grossman": 0.12726724804394965,
  "Santiago Espinal": 0.09595327492699207,
  "Spencer Steer": 0.16525576068537445,
  "Tyler Stephenson": 0.13446546207415772,
  "Will Benson": 0.16694259619964916,
  "Gavin Sheets": 0.09761904761904762,
  "Braden Shewmake": 0.08392857142857142,
  "Dominic Fletcher": 0.060000000000000005,
  "Jeimer Candelario": 0.13358585858585859,
  "Nicky Lopez": 0.060000000000000005,
  "Adolis Garcia": 0.23633689147745082,
  "Corey Seager": 0.1722663087874898,
  "Evan Carter": 0.099728262859549,
  "Grae Kessinger": 0.0895784073022746,