{
  "Byron Buxton": 0.13518897669757124,
  "Christian Walker": 0.12480236627691293,
  "Royce Lewis": 0.11404542802935604,
  "Joc Pederson": 0.12300470739745818,
  "Carlos Correa": 0.10183880349726415,
  "Ryan Jeffers": 0.10919787850197984,
  "Ketel Marte": 0.0953000926225129,
  "Lourdes Gurriel Jr.": 0.09283635170920215,
  "Jose Miranda": 0.10897029179798015,
  "Carlos Santana": 0.08778095360383174,
  "Jose Herrera": 0.04619692668260613,
  "Corbin Carroll": 0.07939501694813325,
  "Willi Castro": 0.06895348737654435,
  "Manuel Margot": 0.0714793844855944,
  "Kyle Farmer": 0.06842127447555921,
  "Kevin Newman": 0.05481931719669375,
  "Jake McCarthy": 0.0570767915136954,
  "Geraldo Perdomo": 0.05868869556369557,
  "Max Kepler": 0.09761904761904762,
  "Trevor Larnach": 0.09761904761904762,
  "Blaze Alexander": 0.060000000000000005,
  "Eugenio Suarez": 0.08392857142857142,
  "Christian Vazquez": 0.060000000000000005,
  "Ian Happ": 0.07256810820816353,
  "Miguel Amaya": 0.06133333333333334,
  "Nico Hoerner": 0.047127789567087436,
  "Thairo Estrada": 0.06850937098580578,
  "Wilmer Flores": 0.08066172119957267,
  "Austin Slater": 0.06832739958727181,
  "Christopher Morel": 0.08008279757965903,
  "Dansby Swanson": 0.06518700072788233,
  "Seiya Suzuki": 0.0721927510798916,
  "Heliot Ramos": 0.09675703320656527,
  "Michael Conforto": 0.09761904761904762,
  "Cody Bellinger": 0.07406708486541733,
  "Brett Wisely": 0.060000000000000005,
  "Patrick Bailey": 0.07361111111111111,
  "Pete Crow-Armstrong": 0.05488476259752856,
  "Michael Busch": 0.06573183044453375,
  "Jorge Soler": 0.13618883476928204,
  "Matt Chapman": 0.13502656020411002,
  "Curt Casali": 0.0687555010972208,
  "Luis Matos": 0.06269165838582208,
  "Nick Ahmed": 0.05744584535301546,
  "Tomas Nido": 0.03757998970641119,
  "Ozzie Albies": 0.1267710703990488,
  "Austin Riley": 0.14516318799530536,
  "Gavin Sheets": 0.07361111111111111,
  "Travis d'Arnaud": 0.10757575757575757,
  "Eloy Jimenez": 0.08551262937642864,
  "Luis Robert Jr.": 0.08775593166047796,
  "Orlando Arcia": 0.08718996677860652,
  "Marcell Ozuna": 0.18197771792657977,
  "Andrew Vaughn": 0.07695392030045496,
  "Adam Duvall": 0.14196691041510653,
  "Matt Olson": 0.18010773240837583,
  "Korey Lee": 0.060000000000000005,
  "Sean Murphy": 0.12015656805510831,
  "Lenyn Sosa": 0.06384100316545274,
  "Andrew Benintendi": 0.08392857142857142,
  "Nicky Lopez": 0.05007062146892655,
  "Jarred Kelenic": 0.12100710440496969,
  "Paul DeJong": 0.07687598382316692,
  "Tommy Pham": 0.07394807439327496,
  "Ram\u00f3n Laureano": 0.09761904761904762,
  "Corey Julks": 0.06057915575314444,
  "Danny Mendick": 0.053316026337414626,
  "Forrest Wall": 0.0755138015680863,
  "Martin Maldonado": 0.0716949716949717,
  "Jesus Sanchez": 0.10980425734346763,
  "Bryce Harper": 0.12267414267062413,
  "Alec Bohm": 0.12279241653356734,
  "Bryan De La Cruz": 0.10614826782301345,
  "Jazz Chisholm Jr.": 0.1158509605612609,
  "Garrett Stubbs": 0.05007062146892655,
  "Kyle Schwarber": 0.1451409969671573,
  "Nick Fortes": 0.060000000000000005,
  "Edmundo Sosa": 0.11923983830009519,
  "Nick Castellanos": 0.1316012708290474,
  "Bryson Stott": 0.05007062146892655,
  "Nick Gordon": 0.08655039029941779,
  "Josh Bell": 0.10678883156394739,
  "Jake Burger": 0.10963363280190905,
  "Brandon Marsh": 0.07361111111111111,
  "Trea Turner": 0.14389960410641772,
  "Whit Merrifield": 0.07840816239214408,
  "Tim Anderson": 0.054782646251293934,
  "Emmanuel Rivera": 0.05007062146892655,
  "David Dahl": 0.060000000000000005,
  "Otto Lopez": 0.0658535733399028,
  "Ali Sanchez": 0.07784960137901314,
  "Cristian Pache": 0.07410206052349183,
  "Rafael Marchan": 0.05932257582537068,
  "Gunnar Henderson": 0.13316415790746244,
  "Corey Seager": 0.11004646147064105,
  "Adolis Garcia": 0.11228188329733536,
  "Ryan O'Hearn": 0.10589905026196716,
  "Ryan Mountcastle": 0.09447977832860076,
  "Adley Rutschman": 0.10197597176182133,
  "Marcus Semien": 0.08456891960061078,
  "Jordan Westburg": 0.0886987119984196,
  "Colton Cowser": 0.08945304083606548,
  "Heston Kjerstad": 0.12014835088689613,
  "Wyatt Langford": 0.07080619226120075,
  "Jonah Heim": 0.0674998509451732,
  "Cedric Mullins": 0.07790291196851218,
  "Jorge Mateo": 0.07290406063274063,
  "Leody Taveras": 0.0592728673150559,
  "Josh Smith": 0.0634388071863209,
  "Nathaniel Lowe": 0.06670936207142535,
  "Derek Hill": 0.07916666666666666,
  "Austin Hays": 0.09761904761904762,
  "Ramon Urias": 0.060000000000000005,
  "Anthony Santander": 0.12000000000000001,
  "Travis Jankowski": 0.060000000000000005,
  "Aaron Judge": 0.21175665353104745,
  "Vladimir Guerrero Jr.": 0.11991988543623143,
  "Bo Bichette": 0.09311357873871696,
  "DJ LeMahieu": 0.060000000000000005,
  "Gleyber Torres": 0.07361111111111111,
  "Danny Jansen": 0.10757575757575757,
  "George Springer": 0.08751839743738163,
  "Spencer Horwitz": 0.060000000000000005,
  "Jose Trevino": 0.12000000000000001,
  "Alejandro Kirk": 0.07229690786141722,
  "Daulton Varsho": 0.07860349702454966,
  "Anthony Volpe": 0.06533161064481906,
  "Trent Grisham": 0.07720971312590723,
  "Alex Verdugo": 0.06897289389668004,
  "Isiah Kiner-Falefa": 0.058481963120089894,
  "Justin Turner": 0.09470736830704898,
  "Davis Schneider": 0.11007243290012124,
  "Juan Soto": 0.13063954137416878,
  "J.D. Davis": 0.09761904761904762,
  "Austin Wells": 0.07883162938042175,
  "Ben Rice": 0.09894835766179397,
  "Ernie Clement": 0.07455485127898921,
  "Jahmai Jones": 0.07116669418166696,
  "Oswaldo Cabrera": 0.06245056134955516,
  "Kevin Kiermaier": 0.03571428571428571,
  "Paul Goldschmidt": 0.11906531729951533,
  "Tyler Stephenson": 0.09405212340112544,
  "Dylan Carlson": 0.07630971056358053,
  "Matt Carpenter": 0.07361111111111111,
  "Nolan Arenado": 0.12210915333955295,
  "Jonathan India": 0.07570219075284434,
  "Jake Fraley": 0.060000000000000005,
  "Brendan Donovan": 0.06195474971010673,
  "Elly De La Cruz": 0.10553050923903899,
  "Spencer Steer": 0.09927795653623588,
  "Stuart Fairchild": 0.07494121558806223,
  "Alec Burleson": 0.10080913238807976,
  "Willson Contreras": 0.14898946666872653,
  "Jeimer Candelario": 0.15,
  "Santiago Espinal": 0.06376332575470507,
  "Will Benson": 0.11213858311089588,
  "Masyn Winn": 0.07421301748787905,
  "Michael Siani": 0.060000000000000005,
  "Brandon Crawford": 0.060000000000000005,
  "Nick Martini": 0.09853785168220153,
  "Noelvi Marte": 0.07927715443384,
  "Jose Fermin": 0.06326485032296109,
  "Pedro Pages": 0.08914969344045678,
  "Jose Ramirez": 0.11690312102696583,
  "Josh Naylor": 0.12173165466984467,
  "Andres Gimenez": 0.06180372229461845,
  "Salvador Perez": 0.15091378744281406,
  "Tyler Freeman": 0.07201467546254965,
  "Brayan Rocchio": 0.060000000000000005,
  "Kyle Isbel": 0.06634104271855833,
  "Steven Kwan": 0.05615053386329982,
  "Maikel Garcia": 0.08342265817517253,
  "MJ Melendez": 0.10845587696876882,
  "Bobby Witt Jr.": 0.12532952750683912,
  "Michael Massey": 0.08020590153694654,
  "Vinnie Pasquantino": 0.10385791085404326,
  "Freddy Fermin": 0.07361111111111111,
  "David Fry": 0.12831647530912654,
  "Bo Naylor": 0.0820599733063271,
  "Hunter Renfroe": 0.1200032414793398,
  "Garrett Hampson": 0.05007062146892655,
  "Daniel Schneemann": 0.08394446679156736,
  "Gabriel Arias": 0.0922234843556038,
  "Nick Loftin": 0.07514703612684166,
  "Miguel San\u00f3": 0.144953922205119,
  "Riley Greene": 0.14002021889163888,
  "Akil Baddoo": 0.13393850127797477,
  "Logan O'Hoppe": 0.1207668125632882,
  "Colt Keith": 0.11722365762217228,
  "Taylor Ward": 0.10434916648073805,
  "Zach Neto": 0.10818836300773384,
  "Matt Vierling": 0.11342323112916528,
  "Mickey Moniak": 0.10800176267565328,
  "Carson Kelly": 0.09277425847690059,
  "Justyn-Henry Malloy": 0.09063924578655026,
  "Jo Adell": 0.09359484706143463,
  "Zach McKinstry": 0.09809185937935992,
  "Wenceel Perez": 0.07786249609454145,
  "Luis Rengifo": 0.06890522847542312,
  "Nolan Schanuel": 0.06267275813925076,