{
  "Max Kepler": 0.13315161141643622,
  "Alex Kirilloff": 0.10485465712738438,
  "Cavan Biggio": 0.07973330762804448,
  "Danny Jansen": 0.17856710225131275,
  "Vladimir Guerrero Jr.": 0.16222709845526762,
  "Alejandro Kirk": 0.060000000000000005,
  "Ryan Jeffers": 0.11846253695079555,
  "Bo Bichette": 0.10366442493599018,
  "George Springer": 0.10757575757575757,
  "Carlos Correa": 0.11932172504807699,
  "Jose Miranda": 0.09378615210039358,
  "Edouard Julien": 0.10444265347709225,
  "Trevor Larnach": 0.1319340529976578,
  "Kevin Kiermaier": 0.060000000000000005,
  "Willi Castro": 0.09589068175480539,
  "Daulton Varsho": 0.134237513187093,
  "Kyle Farmer": 0.060000000000000005,
  "Isiah Kiner-Falefa": 0.07516217894190359,
  "Justin Turner": 0.13555265922343968,
  "Christian Vazquez": 0.07361111111111111,
  "Carlos Santana": 0.09650710834597172,
  "Manuel Margot": 0.05007062146892655,
  "Davis Schneider": 0.16363670637659303,
  "Ernie Clement": 0.07379982386848702,
  "Anthony Santander": 0.1350023673432791,
  "Ketel Marte": 0.160208020637467,
  "Christian Walker": 0.14430251787392465,
  "Cedric Mullins": 0.08392857142857142,
  "Adley Rutschman": 0.11079537385746456,
  "Jake McCarthy": 0.05007062146892655,
  "Gunnar Henderson": 0.17091933672693882,
  "Ryan Mountcastle": 0.11144942917641379,
  "Jorge Mateo": 0.0862484676164869,
  "Blaze Alexander": 0.0793756713224949,
  "Corbin Carroll": 0.07664173495389466,
  "Gabriel Moreno": 0.09096199642932855,
  "James McCann": 0.060000000000000005,
  "Lourdes Gurriel Jr.": 0.10681648777494149,
  "Colton Cowser": 0.09237757943064454,
  "Jordan Westburg": 0.1164938429428147,
  "Ryan O'Hearn": 0.12322584259634803,
  "Eugenio Suarez": 0.1345471885991847,
  "Joc Pederson": 0.09761904761904762,
  "Kevin Newman": 0.07147274616710354,
  "Randal Grichuk": 0.12631113903142097,
  "Heston Kjerstad": 0.11698592509951536,
  "Andrew McCutchen": 0.12446116190961747,
  "Bryan Reynolds": 0.09594935471898844,
  "Christopher Morel": 0.13795996521381637,
  "Cody Bellinger": 0.12907224338774767,
  "Connor Joe": 0.09684851406785423,
  "Edward Olivares": 0.0965178924240936,
  "Ian Happ": 0.09780602603595687,
  "Jared Triolo": 0.07509885113465677,
  "Michael A. Taylor": 0.0934976076954735,
  "Michael Busch": 0.09416460941595514,
  "Mike Tauchman": 0.08452060652289485,
  "Miles Mastrobuoni": 0.067374353321505,
  "Nick Gonzales": 0.0874537037037037,
  "Nico Hoerner": 0.07165337078380557,
  "Oneil Cruz": 0.0896829442939201,
  "Seiya Suzuki": 0.11243974003739225,
  "Yan Gomes": 0.07467074315488856,
  "Yasmani Grandal": 0.09085785199248526,
  "Ke'Bryan Hayes": 0.08392857142857142,
  "Miguel Amaya": 0.060000000000000005,
  "Jack Suwinski": 0.07361111111111111,
  "Patrick Wisdom": 0.15,
  "Nick Madrigal": 0.060000000000000005,
  "Rowdy Tellez": 0.060000000000000005,
  "Pete Crow-Armstrong": 0.060000000000000005,
  "Joey Bart": 0.07361111111111111,
  "Brandon Nimmo": 0.08229397115535729,
  "Ronald Acuna Jr.": 0.1438098245299635,
  "Ozzie Albies": 0.12547925223078896,
  "Austin Riley": 0.14176997909858127,
  "Travis d'Arnaud": 0.09160672431624374,
  "Jeff McNeil": 0.062258728590250334,
  "Pete Alonso": 0.11788089119184207,
  "Orlando Arcia": 0.08000464886467192,
  "Matt Olson": 0.15400515675912696,
  "Francisco Lindor": 0.10828353142126469,
  "Starling Marte": 0.07125630511769127,
  "Marcell Ozuna": 0.1537204863213953,
  "Michael Harris II": 0.1017630266747576,
  "Harrison Bader": 0.07357623794173847,
  "Tyrone Taylor": 0.07361111111111111,
  "DJ Stewart": 0.12000000000000001,
  "Joey Wendle": 0.05007062146892655,
  "Brett Baty": 0.0649181931180131,
  "J. D. Martinez": 0.10916390324686555,
  "Jarred Kelenic": 0.07929484526470965,
  "Tomas Nido": 0.06812322641126989,
  "Rafael Devers": 0.16170687990655577,
  "Luis Garcia Jr.": 0.07894383434115948,
  "Riley Adams": 0.07361111111111111,
  "Jarren Duran": 0.09801825047103054,
  "Connor Wong": 0.08392857142857142,
  "CJ Abrams": 0.10449192898341944,
  "Keibert Ruiz": 0.07761686994091359,
  "Ildemaro Vargas": 0.05007062146892655,
  "Rob Refsnyder": 0.08392857142857142,
  "Joey Meneses": 0.07738465705406565,
  "Reese McGuire": 0.07151101771791427,
  "Wilyer Abreu": 0.11527754595372461,
  "Ceddanne Rafaela": 0.07256500605337815,
  "Jacob Young": 0.05726390556222489,
  "Nick Senzel": 0.07361111111111111,
  "Tyler O'Neill": 0.12293246224823062,
  "Jesse Winker": 0.07412022814883627,
  "Garrett Cooper": 0.08392857142857142,
  "Eddie Rosario": 0.08113754497677517,
  "Vaughn Grissom": 0.07383709746727282,
  "Dominic Smith": 0.093364403970023,
  "David Hamilton": 0.08314509254613454,
  "Victor Robles": 0.06443530795380127,
  "Trey Lipscomb": 0.07231225564558898,
  "Alec Bohm": 0.10747596834505281,
  "Bryan De La Cruz": 0.12424905362281537,
  "Bryce Harper": 0.1221996986775312,
  "Bryson Stott": 0.07207282075098168,
  "Cristian Pache": 0.0835300416885125,
  "Edmundo Sosa": 0.09238338479150858,
  "J.T. Realmuto": 0.12829356887175666,
  "Jake Burger": 0.13713904324099346,
  "Jazz Chisholm Jr.": 0.14089611188280948,
  "Jesus Sanchez": 0.09501309066578671,
  "Johan Rojas": 0.06795849999298276,
  "Josh Bell": 0.11401875107862487,
  "Nick Castellanos": 0.13090332547621394,
  "Nick Fortes": 0.07438509562806238,
  "Nick Gordon": 0.09332712036145466,
  "Vidal Brujan": 0.06473131428254839,
  "Whit Merrifield": 0.08926147742946774,
  "Otto Lopez": 0.05636851707392972,
  "Kyle Schwarber": 0.13358585858585859,
  "Brandon Marsh": 0.07361111111111111,
  "Tim Anderson": 0.060000000000000005,
  "Christian Bethancourt": 0.07361111111111111,
  "Emmanuel Rivera": 0.05007062146892655,
  "Aaron Judge": 0.23166970943249354,
  "Giancarlo Stanton": 0.13358585858585859,
  "Gleyber Torres": 0.07361111111111111,
  "Josh Lowe": 0.09761904761904762,
  "Randy Arozarena": 0.15981227020282684,
  "Yandy Diaz": 0.13090019190622335,
  "Oswaldo Cabrera": 0.08648464108990424,
  "Harold Ramirez": 0.08238181245511392,
  "Anthony Volpe": 0.09808193341834012,
  "Anthony Rizzo": 0.117050984946467,
  "Austin Wells": 0.10151519633316552,
  "Jose Trevino": 0.060000000000000005,
  "Isaac Paredes": 0.1234422227217222,
  "Alex Verdugo": 0.09082160379893531,
  "Trent Grisham": 0.11059727633154207,
  "Jose Caballero": 0.08926882790777928,
  "Richie Palacios": 0.07361111111111111,
  "Amed Rosario": 0.09213908620794208,
  "Juan Soto": 0.17080698929759602,
  "Alex Jackson": 0.12161306830424477,
  "Jonny Deluca": 0.12011488401651264,
  "Jon Berti": 0.07213850315182713,
  "Jose Siri": 0.09314807449498086,
  "Jose Altuve": 0.10900825019388141,
  "Alex Bregman": 0.08947700272628499,
  "Jake Rogers": 0.09736626846261398,
  "Yordan Alvarez": 0.13195461393007143,
  "Kyle Tucker": 0.09761904761904762,
  "Jake Meyers": 0.09329573934837093,
  "Javier Baez": 0.09761904761904762,
  "Spencer Torkelson": 0.13753799971331238,
  "Kerry Carpenter": 0.10586425749829784,
  "Riley Greene": 0.12106214777780921,
  "Jeremy Pena": 0.09057519847533528,
  "Mauricio Dubon": 0.07488955488955489,
  "Yainer Diaz": 0.10360695017121957,
  "Mark Canha": 0.11047157999365646,
  "Matt Vierling": 0.09566107774337912,
  "Colt Keith": 0.09265220116903626,
  "Joey Loperfido": 0.07069262201451113,
  "Jon Singleton": 0.07395787454042402,
  "Wenceel Perez": 0.09076731422335593,
  "Zach McKinstry": 0.07537751793890288,
  "Eloy Jimenez": 0.13549161853684608,
  "Jose Ramirez": 0.15554591760839845,
  "Gavin Sheets": 0.12433766438179646,
  "Gabriel Arias": 0.10578814278526921,
  "Josh Naylor": 0.1533667748527284,
  "Andres Gimenez": 0.09272151631975493,
  "Andrew Vaughn": 0.12800700250402092,
  "Will Brennan": 0.08794124438869515,
  "Tyler Freeman": 0.07361111111111111,
  "Brayan Rocchio": 0.07361111111111111,
  "Bo Naylor": 0.12928605512743363,
  "David Fry": 0.12000000000000001,
  "Andrew Benintendi": 0.08048942634399649,
  "Ramon Laureano": 0.13240087542594195,
  "Nicky Lopez": 0.06482395119799213,
  "Estevan Florial": 0.12881090042854748,
  "Paul DeJong": 0.11792358736987256,