{
  "Christian Walker": 0.14165666248930106,
  "Ketel Marte": 0.148318534441549,
  "Jake McCarthy": 0.06562196841254433,
  "Keibert Ruiz": 0.09066981572226199,
  "Lane Thomas": 0.12853844448581767,
  "Luis Garcia Jr.": 0.08593582114075302,
  "Geraldo Perdomo": 0.060000000000000005,
  "CJ Abrams": 0.10757575757575757,
  "Lourdes Gurriel Jr.": 0.10642396882238837,
  "Blaze Alexander": 0.09055544953292569,
  "Joey Meneses": 0.09806131029770908,
  "Corbin Carroll": 0.08392857142857142,
  "Gabriel Moreno": 0.08392857142857142,
  "Eugenio Suarez": 0.1156286915551653,
  "Jacob Young": 0.05693570758212726,
  "Nick Senzel": 0.08015636235910616,
  "Joc Pederson": 0.10757575757575757,
  "Eddie Rosario": 0.12516887153122663,
  "Jesse Winker": 0.10020287172139415,
  "Kevin Newman": 0.05901981308133082,
  "Randal Grichuk": 0.10925853902474514,
  "Ildemaro Vargas": 0.05344872735359458,
  "Tucker Barnhart": 0.052642450362628955,
  "Nasim Nunez": 0.03333333333333333,
  "Jose Ramirez": 0.11414760638140459,
  "Mitch Haniger": 0.10609000193896065,
  "Dylan Moore": 0.12939162741521232,
  "Gabriel Arias": 0.060000000000000005,
  "Ty France": 0.08841589065367753,
  "Cal Raleigh": 0.13358585858585859,
  "J.P. Crawford": 0.07736751086506807,
  "Josh Naylor": 0.11215187946870915,
  "Andres Gimenez": 0.06960654064550169,
  "Julio Rodriguez": 0.11000151585706798,
  "Tyler Freeman": 0.07192726675781584,
  "Brayan Rocchio": 0.054591611383500424,
  "Will Brennan": 0.06673344939288943,
  "Steven Kwan": 0.05295489803469521,
  "Bo Naylor": 0.08392857142857142,
  "David Fry": 0.08137821166023018,
  "Victor Robles": 0.05679502571886678,
  "Tyler Locklear": 0.08818319407762144,
  "Mitch Garver": 0.1310718413722109,
  "Ryan Bliss": 0.0697742838187297,
  "Daniel Schneemann": 0.07174816863705318,
  "Byron Buxton": 0.11681408068733745,
  "Max Kepler": 0.11914908577081271,
  "Yandy Diaz": 0.08182777295913425,
  "Josh Lowe": 0.08462746804814339,
  "Taylor Walls": 0.060000000000000005,
  "Brandon Lowe": 0.12133290745078362,
  "Ryan Jeffers": 0.10044852297177506,
  "Jose Miranda": 0.0941417408943078,
  "Isaac Paredes": 0.09558277795990278,
  "Carlos Correa": 0.08392857142857142,
  "Trevor Larnach": 0.11135044180060075,
  "Randy Arozarena": 0.09657344936519521,
  "Royce Lewis": 0.14481853649377535,
  "Jose Siri": 0.09292403590483098,
  "Willi Castro": 0.08392857142857142,
  "Richie Palacios": 0.060000000000000005,
  "Christian Vazquez": 0.060000000000000005,
  "Manuel Margot": 0.05007062146892655,
  "Jose Caballero": 0.07053900868545407,
  "Amed Rosario": 0.05007062146892655,
  "Alex Jackson": 0.07914104252404137,
  "Ben Rortvedt": 0.060000000000000005,
  "Carlos Santana": 0.08974158118040086,
  "Jonny Deluca": 0.08130653708054253,
  "Kyle Farmer": 0.06605086331890456,
  "Austin Martin": 0.05500285228258282,
  "Yordan Alvarez": 0.19274248053883597,
  "Luis Robert Jr.": 0.13710497240924083,
  "Yainer Diaz": 0.1299195578293081,
  "Jose Altuve": 0.11440317377001571,
  "Alex Bregman": 0.11413969691228171,
  "Andrew Vaughn": 0.10779374681796226,
  "Gavin Sheets": 0.09905953390427397,
  "Jake Meyers": 0.09982269908681567,
  "Tommy Pham": 0.09417527936428123,
  "Jon Singleton": 0.10138128843442853,
  "Chas McCormick": 0.08895395335984789,
  "Jeremy Pena": 0.09494280218336575,
  "Martin Maldonado": 0.08391178391178392,
  "Mauricio Dubon": 0.076768970827495,
  "Lenyn Sosa": 0.07153877548757685,
  "Danny Mendick": 0.06394636981455733,
  "Andrew Benintendi": 0.07068402689431154,
  "Nicky Lopez": 0.05794830455585604,
  "Paul DeJong": 0.12000000000000001,
  "Korey Lee": 0.060000000000000005,
  "Victor Caratini": 0.07361111111111111,
  "Trey Cabbage": 0.09761904761904762,
  "Enrique Hernandez": 0.09396884010805219,
  "Charlie Blackmon": 0.060000000000000005,
  "Gavin Lux": 0.05007062146892655,
  "Will Smith": 0.14208936342806847,
  "Ryan McMahon": 0.12815933583324887,
  "Freddie Freeman": 0.13458803702330932,
  "Ezequiel Tovar": 0.08548356807511737,
  "Elehuris Montero": 0.13280340226573756,
  "Andy Pages": 0.1494460241893287,
  "Brenton Doyle": 0.09687709133802754,
  "Miguel Rojas": 0.07478035559894462,
  "Michael Toglia": 0.13008665384981155,
  "Jason Heyward": 0.08392857142857142,
  "Hunter Goodman": 0.11728089496019535,
  "Adael Amador": 0.100404274079507,
  "Jacob Stallings": 0.08392857142857142,
  "Shohei Ohtani": 0.19437634179074054,
  "Jake Cave": 0.09101135184428795,
  "Teoscar Hernandez": 0.1781002766006551,
  "Cavan Biggio": 0.060000000000000005,
  "Chris Taylor": 0.09796852830011026,
  "Sean Bouchard": 0.10185438647105664,
  "Miguel Vargas": 0.11223768150986319,
  "Alan Trejo": 0.08273047306398394,
  "Salvador Perez": 0.13505420920474168,
  "MJ Melendez": 0.1190249340414972,
  "Kyle Isbel": 0.06307604552946038,
  "Bobby Witt Jr.": 0.11040944110079405,
  "Dairon Blanco": 0.06710758662263402,
  "Vinnie Pasquantino": 0.11096248812120656,
  "Freddy Fermin": 0.06919253241838291,
  "Shea Langeliers": 0.09761904761904762,
  "JJ Bleday": 0.08917061788476847,
  "Tyler Soderstrom": 0.07646695089415675,
  "Zack Gelof": 0.0760852263034187,
  "Brent Rooker": 0.13906253447184014,
  "Nelson Velazquez": 0.08392857142857142,
  "Abraham Toro": 0.07361111111111111,
  "Miguel Andujar": 0.0702332097210382,
  "Max Schuemann": 0.06946066693340784,
  "Garrett Hampson": 0.06423248556717118,
  "Daz Cameron": 0.060000000000000005,
  "Lawrence Butler": 0.07055252068219268,
  "Nick Loftin": 0.06301081766463135,
  "Kyle McCann": 0.075665150707043,
  "Aledmys Diaz": 0.06628419645837408,
  "Aaron Judge": 0.25276826885989767,
  "Anthony Santander": 0.12368744031062871,
  "Cedric Mullins": 0.07722877644621247,
  "Gleyber Torres": 0.11671238593210934,
  "DJ LeMahieu": 0.06544111888284011,
  "Austin Hays": 0.10414523307980827,
  "Giancarlo Stanton": 0.19576618804868967,
  "Ryan Mountcastle": 0.10679158363170926,
  "Jorge Mateo": 0.060000000000000005,
  "Adley Rutschman": 0.09919461791811682,
  "James McCann": 0.07361111111111111,
  "Jose Trevino": 0.08978737396091448,
  "Gunnar Henderson": 0.1371025215878581,
  "Ryan O'Hearn": 0.0985552886390714,
  "Anthony Volpe": 0.08797470759263477,
  "Colton Cowser": 0.09761904761904762,
  "Jordan Westburg": 0.12652060014289115,
  "Austin Wells": 0.060000000000000005,
  "Juan Soto": 0.1178875312224972,
  "Alex Verdugo": 0.06586929648834411,
  "Oswaldo Cabrera": 0.07417581114105178,
  "Ramon Urias": 0.07781461756196906,
  "Matt Carpenter": 0.08413978028140782,
  "Mike Yastrzemski": 0.09057772815611839,
  "Paul Goldschmidt": 0.0977061025737148,
  "Austin Slater": 0.05007062146892655,
  "Wilmer Flores": 0.06865711882927479,
  "Dylan Carlson": 0.051666666666666666,
  "Brendan Donovan": 0.06617852500733766,
  "Thairo Estrada": 0.060000000000000005,
  "Nolan Arenado": 0.060000000000000005,
  "Nolan Gorman": 0.10659487190930442,
  "Ivan Herrera": 0.060000000000000005,
  "Heliot Ramos": 0.0820664831486985,
  "Alec Burleson": 0.08075329101294561,
  "Michael Conforto": 0.08192725445433093,
  "Patrick Bailey": 0.07094645698217127,
  "Brett Wisely": 0.0700739843165571,
  "Masyn Winn": 0.06618211248675415,
  "Pedro Pages": 0.07583336355613583,
  "Michael Siani": 0.049763736090952575,
  "Jorge Soler": 0.10503501165849514,
  "Matt Chapman": 0.10580114720887845,
  "Brandon Crawford": 0.0767667016825758,
  "Nick Ahmed": 0.05433871308734297,
  "Jose Fermin": 0.037037037037037035,
  "Fernando Tatis Jr.": 0.11698181036544207,
  "Jurickson Profar": 0.07320408333403608,
  "Jake Cronenworth": 0.10020538493891867,
  "Manny Machado": 0.10361007102030517,
  "Christian Yelich": 0.1105814088737627,
  "Ha-Seong Kim": 0.0704329754291414,
  "Brice Turang": 0.052781910614306045,
  "Luis Campusano": 0.0640135215709325,
  "Blake Perkins": 0.06688052527182961,
  "William Contreras": 0.12768098989888738,
  "Willy Adames": 0.12112037100235858,
  "Sal Frelick": 0.055536127485263896,
  "Rhys Hoskins": 0.12809111842663798,
  "Jake Bauers": 0.09761904761904762,
  "Joey Ortiz": 0.0810658558040757,