{
  "Nolan Arenado": 0.11582276465613098,
  "Paul Goldschmidt": 0.10414662768784315,
  "Cody Bellinger": 0.09815450128881364,
  "Christopher Morel": 0.09282489442458657,
  "Nolan Gorman": 0.09239558033441818,
  "Pedro Pages": 0.0775998981863744,
  "Seiya Suzuki": 0.08116881287903523,
  "Ivan Herrera": 0.07419330834469852,
  "Alec Burleson": 0.07089259511250125,
  "Ian Happ": 0.07606974319038458,
  "Dansby Swanson": 0.06847768570606343,
  "Mike Tauchman": 0.0680074561476718,
  "Michael Busch": 0.060048401000451945,
  "Masyn Winn": 0.07748432304703301,
  "Brendan Donovan": 0.058674989613489936,
  "Dylan Carlson": 0.07152556595486084,
  "Miguel Amaya": 0.05813007414122163,
  "Nico Hoerner": 0.05321819848861792,
  "Matt Carpenter": 0.08392857142857142,
  "Michael Siani": 0.060000000000000005,
  "Pete Crow-Armstrong": 0.060000000000000005,
  "Giancarlo Stanton": 0.14101384143457718,
  "Aaron Judge": 0.20111895426367488,
  "Rafael Devers": 0.12990904424914063,
  "Gleyber Torres": 0.07472408929182749,
  "Jarren Duran": 0.08714849344866445,
  "DJ LeMahieu": 0.060000000000000005,
  "Anthony Rizzo": 0.07949525748722676,
  "Jose Trevino": 0.061306629241367136,
  "Connor Wong": 0.07300205084139924,
  "Rob Refsnyder": 0.05007062146892655,
  "Austin Wells": 0.07361111111111111,
  "David Hamilton": 0.0711238991182211,
  "Anthony Volpe": 0.06903952942760413,
  "Enmanuel Valdez": 0.09859318672423141,
  "Ceddanne Rafaela": 0.07051854763251628,
  "Masataka Yoshida": 0.06568090235581828,
  "Tyler O'Neill": 0.11796913825642476,
  "Juan Soto": 0.13644134864112148,
  "Alex Verdugo": 0.06978995418252518,
  "Dominic Smith": 0.07164728899226033,
  "Oswaldo Cabrera": 0.06837286032627192,
  "Bryan De La Cruz": 0.10873427533540173,
  "CJ Abrams": 0.10792650289383497,
  "Dane Myers": 0.08554312285869949,
  "Eddie Rosario": 0.10872392072564263,
  "Emmanuel Rivera": 0.0742284093722707,
  "Jake Burger": 0.14908844021519,
  "Jazz Chisholm Jr.": 0.10343305902632813,
  "Jesse Winker": 0.08656181801783351,
  "Joey Meneses": 0.09295765490621301,
  "Josh Bell": 0.11045208480319145,
  "Keibert Ruiz": 0.07643051687587434,
  "Lane Thomas": 0.10533190269776686,
  "Luis Garcia Jr.": 0.08438811647015981,
  "Nick Fortes": 0.06747609846146631,
  "Nick Senzel": 0.07245300285002723,
  "Otto Lopez": 0.061237269789545745,
  "Tim Anderson": 0.08175624657408982,
  "Jacob Young": 0.05804255319148936,
  "Nick Gordon": 0.07361111111111111,
  "Jesus Sanchez": 0.07361111111111111,
  "Anthony Santander": 0.11127903470037696,
  "Austin Hays": 0.07438148174397219,
  "Bryce Harper": 0.11780076411962648,
  "Cedric Mullins": 0.0643127808952277,
  "Ryan Mountcastle": 0.09085758398655872,
  "Jorge Mateo": 0.070643386258469,
  "Nick Castellanos": 0.08032942479393915,
  "Kyle Schwarber": 0.14405625528077923,
  "Garrett Stubbs": 0.060000000000000005,
  "Alec Bohm": 0.07113102153973047,
  "Bryson Stott": 0.05988543429609078,
  "Edmundo Sosa": 0.0689787683059373,
  "Gunnar Henderson": 0.08880542625774761,
  "Adley Rutschman": 0.07827320516419671,
  "Johan Rojas": 0.060000000000000005,
  "Jordan Westburg": 0.08392091909893766,
  "Whit Merrifield": 0.060000000000000005,
  "Ryan O'Hearn": 0.09761904761904762,
  "Colton Cowser": 0.055142857142857146,
  "David Dahl": 0.07506695986374654,
  "James McCann": 0.07345426932109432,
  "Rafael Marchan": 0.05374191411425454,
  "Cristian Pache": 0.053296074154852775,
  "Jose Ramirez": 0.1252017755950145,
  "Vladimir Guerrero Jr.": 0.11232555571858945,
  "Bo Bichette": 0.09119260683744392,
  "Danny Jansen": 0.14116189589302228,
  "Josh Naylor": 0.10957824605607858,
  "Andres Gimenez": 0.07004100879902361,
  "Gabriel Arias": 0.060000000000000005,
  "Alejandro Kirk": 0.09761904761904762,
  "George Springer": 0.08992869530896418,
  "Steven Kwan": 0.056470134387741414,
  "Tyler Freeman": 0.060000000000000005,
  "Brayan Rocchio": 0.05844018130164273,
  "Will Brennan": 0.07193003525784983,
  "Bo Naylor": 0.083723791575176,
  "David Fry": 0.10036552410957422,
  "Justin Turner": 0.10185690352943874,
  "Isiah Kiner-Falefa": 0.05868867065490662,
  "Davis Schneider": 0.13173959862011514,
  "Daulton Varsho": 0.07374005687212368,
  "Ernie Clement": 0.05821249183684987,
  "Daniel Schneemann": 0.07289084261614086,
  "Brandon Nimmo": 0.10472613759650486,
  "Fernando Tatis Jr.": 0.13675860237831158,
  "Jeff McNeil": 0.06902244854126639,
  "Jurickson Profar": 0.08285283004754951,
  "Jake Cronenworth": 0.0790702163615762,
  "Manny Machado": 0.13831193380912724,
  "Luis Campusano": 0.060000000000000005,
  "Pete Alonso": 0.13409304807972508,
  "Francisco Lindor": 0.12900454724973376,
  "Starling Marte": 0.08110598490840426,
  "Ha-Seong Kim": 0.08010830317794117,
  "Mark Vientos": 0.11553638077265402,
  "Francisco Alvarez": 0.10533262740231943,
  "Harrison Bader": 0.060000000000000005,
  "J. D. Martinez": 0.1400676584142394,
  "Luis Arraez": 0.05490559663638431,
  "Jackson Merrill": 0.0687894424826604,
  "Jose Iglesias": 0.05007062146892655,
  "David Peralta": 0.060000000000000005,
  "Donovan Solano": 0.08919231601020915,
  "Kyle Higashioka": 0.1193824576125013,
  "Tyrone Taylor": 0.11465462832258241,
  "Austin Riley": 0.1572328231258208,
  "Ozzie Albies": 0.12375395859840263,
  "Brandon Lowe": 0.08392857142857142,
  "Adam Duvall": 0.1530572643617609,
  "Taylor Walls": 0.06795897980385128,
  "Yandy Diaz": 0.09995076907347268,
  "Josh Lowe": 0.08392857142857142,
  "Travis d'Arnaud": 0.08392857142857142,
  "Marcell Ozuna": 0.18962814931692554,
  "Matt Olson": 0.17462142460087457,
  "Isaac Paredes": 0.09842253903865487,
  "Randy Arozarena": 0.1254865522485056,
  "Orlando Arcia": 0.08661812935636326,
  "Michael Harris II": 0.0992146512348144,
  "Sean Murphy": 0.12596375752926273,
  "Jose Siri": 0.09529495952531064,
  "Jarred Kelenic": 0.089026689170669,
  "Jonny Deluca": 0.09234958073283726,
  "Richie Palacios": 0.060000000000000005,
  "Amed Rosario": 0.07440576970420318,
  "Jose Caballero": 0.07265028210406362,
  "Ben Rortvedt": 0.05007062146892655,
  "Alex Jackson": 0.0862987531340973,
  "Christian Yelich": 0.10863482409940321,
  "Tyler Stephenson": 0.0814844933452623,
  "TJ Friedl": 0.07187467877207762,
  "Jonathan India": 0.06823647256832525,
  "Willy Adames": 0.12312079056860777,
  "Jake Fraley": 0.07084022150631744,
  "Spencer Steer": 0.09745750840314973,
  "Brice Turang": 0.05942147363870879,
  "Elly De La Cruz": 0.09189986203140246,
  "Will Benson": 0.07424442633548092,
  "William Contreras": 0.13140520672790104,
  "Jacob Hurtubise": 0.05138509568273784,
  "Blake Perkins": 0.059309203426788866,
  "Sal Frelick": 0.059762853330518236,
  "Jeimer Candelario": 0.09631417533757382,
  "Joey Ortiz": 0.08175726453856334,
  "Jackson Chourio": 0.0746861670954556,
  "Rhys Hoskins": 0.12573128140525863,
  "Santiago Espinal": 0.05007062146892655,
  "Jake Bauers": 0.08392857142857142,
  "Oliver Dunn": 0.07361111111111111,
  "Jake Rogers": 0.0871277518634032,
  "Chas McCormick": 0.07627267566217433,
  "Yordan Alvarez": 0.13527189840678625,
  "Jake Meyers": 0.07660245108452114,
  "Alex Bregman": 0.09463092784535222,
  "Jose Altuve": 0.10691720151815384,
  "Jeremy Pena": 0.07752269653530157,
  "Mauricio Dubon": 0.06728833766837557,
  "Ryan Kreidler": 0.07567324237618055,
  "Wenceel Perez": 0.07459995656479099,
  "Yainer Diaz": 0.08929022733335155,
  "Andy Ibanez": 0.07361111111111111,
  "Riley Greene": 0.09875560980994405,
  "Jon Singleton": 0.07361111111111111,
  "Matt Vierling": 0.09341461586918871,
  "Justyn-Henry Malloy": 0.08685160624762285,
  "Mark Canha": 0.07584752566424448,
  "Colt Keith": 0.08185159976156889,
  "Gio Urshela": 0.06982282762825749,
  "Carson Kelly": 0.07361111111111111,
  "Victor Caratini": 0.07902011032842876,
  "Byron Buxton": 0.13476625879711807,
  "Max Kepler": 0.11871759735346486,
  "Royce Lewis": 0.13358585858585859,
  "Ryan Jeffers": 0.09761904761904762,
  "Carlos Correa": 0.10376608687270136,
  "Trevor Larnach": 0.10723452605291928,
  "Seth Brown": 0.09533537211551589,