{
  "Paul Goldschmidt": 0.11725398206523567,
  "Jake Rogers": 0.07361111111111111,
  "Nolan Arenado": 0.12419907653050152,
  "Brendan Donovan": 0.08344552839009119,
  "Lars Nootbaar": 0.08825371238824657,
  "Spencer Torkelson": 0.13957954865536576,
  "Javier Baez": 0.07361111111111111,
  "Ivan Herrera": 0.09742860696753539,
  "Nolan Gorman": 0.12580186750025454,
  "Kerry Carpenter": 0.10223802356434439,
  "Riley Greene": 0.10023413453399309,
  "Willson Contreras": 0.14175503341598986,
  "Alec Burleson": 0.08251217001256608,
  "Masyn Winn": 0.07626142618807738,
  "Matt Vierling": 0.08848667964103611,
  "Carson Kelly": 0.09799145467594667,
  "Parker Meadows": 0.07919202089958988,
  "Mark Canha": 0.060000000000000005,
  "Colt Keith": 0.0882908330655477,
  "Wenceel Perez": 0.08855326030014087,
  "Zach McKinstry": 0.07918235111217567,
  "Aaron Judge": 0.28636965857441465,
  "Adley Rutschman": 0.13850052779256566,
  "Anthony Rizzo": 0.12769959548648074,
  "Anthony Santander": 0.21235224299444277,
  "Anthony Volpe": 0.12770262861414652,
  "Austin Wells": 0.10654137529137529,
  "Cedric Mullins": 0.09441191884666883,
  "Colton Cowser": 0.08664899315852785,
  "Giancarlo Stanton": 0.18650564414640597,
  "Gleyber Torres": 0.10630478350548773,
  "Gunnar Henderson": 0.147479336114409,
  "James McCann": 0.13148895202342528,
  "Jordan Westburg": 0.16731780301457763,
  "Jorge Mateo": 0.11698773031806085,
  "Juan Soto": 0.1672887152803663,
  "Oswaldo Cabrera": 0.08555180251985768,
  "Ryan Mountcastle": 0.161442482024839,
  "Trent Grisham": 0.09848727291768532,
  "Jose Trevino": 0.07361111111111111,
  "Ryan O'Hearn": 0.12000000000000001,
  "Bryan De La Cruz": 0.13201788707708667,
  "Brenton Doyle": 0.0870755303486812,
  "Brendan Rodgers": 0.08008851058386662,
  "Christian Bethancourt": 0.08736304558299793,
  "Charlie Blackmon": 0.08538236982076114,
  "Elias Diaz": 0.08735261822008586,
  "Elehuris Montero": 0.09923124832575879,
  "Emmanuel Rivera": 0.08129092945510609,
  "Ezequiel Tovar": 0.0892808964154334,
  "Josh Bell": 0.11604101463697007,
  "Jazz Chisholm Jr.": 0.1457266259273043,
  "Jesus Sanchez": 0.10305215061231104,
  "Luis Arraez": 0.065103158430973,
  "Nick Gordon": 0.10107139724075208,
  "Ryan McMahon": 0.10956015055690028,
  "Sean Bouchard": 0.1048770909257948,
  "Vidal Brujan": 0.07450041093658115,
  "Jordan Beck": 0.09813167707904549,
  "Nick Fortes": 0.060000000000000005,
  "Tim Anderson": 0.05007062146892655,
  "Michael Siani": 0.07323232323232323,
  "Buddy Kennedy": 0.07692307692307693,
  "Alejandro Kirk": 0.08590950994337082,
  "Bo Bichette": 0.10119336734155739,
  "Bobby Witt Jr.": 0.143360790348368,
  "Cavan Biggio": 0.06752136752136752,
  "Davis Schneider": 0.11374071291053957,
  "Ernie Clement": 0.06478044539927252,
  "Freddy Fermin": 0.09537322121992353,
  "George Springer": 0.11516963428728134,
  "Hunter Renfroe": 0.11129137263776845,
  "Justin Turner": 0.11755029153667314,
  "Kyle Isbel": 0.07962097734202776,
  "Maikel Garcia": 0.08805682592897328,
  "Michael Massey": 0.10671136435232581,
  "MJ Melendez": 0.13690292163976375,
  "Salvador Perez": 0.16479669910768865,
  "Vinnie Pasquantino": 0.12770444570872225,
  "Vladimir Guerrero Jr.": 0.13164194563096446,
  "Danny Jansen": 0.15,
  "Daulton Varsho": 0.060000000000000005,
  "Nelson Velazquez": 0.09761904761904762,
  "Adam Frazier": 0.05007062146892655,
  "Isiah Kiner-Falefa": 0.053160516589738444,
  "Ceddanne Rafaela": 0.06097449040757813,
  "Enmanuel Valdez": 0.07361956691863633,
  "Garrett Cooper": 0.08586191363597781,
  "Jarren Duran": 0.06985566164092302,
  "Jorge Soler": 0.15656841185160747,
  "Jung Hoo Lee": 0.07836571034431997,
  "LaMonte Wade Jr.": 0.09824385105837342,
  "Matt Chapman": 0.15628209893436493,
  "Michael Conforto": 0.10161640841703189,
  "Mike Yastrzemski": 0.10584748679019386,
  "Nick Ahmed": 0.0617533806924538,
  "Patrick Bailey": 0.09430763782817096,
  "Rafael Devers": 0.10898683547493071,
  "Rob Refsnyder": 0.06276118038033184,
  "Thairo Estrada": 0.08038848134254718,
  "Tyler O'Neill": 0.10208741154119305,
  "Wilyer Abreu": 0.0751672043273387,
  "Austin Slater": 0.05007062146892655,
  "Tom Murphy": 0.09761904761904762,
  "Wilmer Flores": 0.09761904761904762,
  "Connor Wong": 0.060000000000000005,
  "Bobby Dalbec": 0.060000000000000005,
  "Reese McGuire": 0.0559596553074814,
  "Masataka Yoshida": 0.060000000000000005,
  "Tyler Fitzgerald": 0.10757575757575757,
  "Alexander Canario": 0.11233234380839464,
  "Brandon Nimmo": 0.12816882780780298,
  "Brett Baty": 0.08841805060148193,
  "Christopher Morel": 0.1682484773608293,
  "Dansby Swanson": 0.11711487637669729,
  "DJ Stewart": 0.13482799302702836,
  "Francisco Lindor": 0.15484632193815867,
  "Ian Happ": 0.11107501151616418,
  "J. D. Martinez": 0.16581805877800873,
  "Jeff McNeil": 0.08413389522012141,
  "Miguel Amaya": 0.08100557452906545,
  "Mike Tauchman": 0.06533965821917936,
  "Nico Hoerner": 0.07475702200808793,
  "Omar Narvaez": 0.08487539504163545,
  "Patrick Wisdom": 0.18967543602644732,
  "Pete Alonso": 0.13994933228668024,
  "Tyrone Taylor": 0.12732739898922774,
  "Yan Gomes": 0.060000000000000005,
  "Matt Mervis": 0.10757575757575757,
  "Pete Crow-Armstrong": 0.08392857142857142,
  "Harrison Bader": 0.060000000000000005,
  "Michael Busch": 0.09761904761904762,
  "Nick Madrigal": 0.056424845898530106,
  "Alex Kirilloff": 0.1382391449445036,
  "Andrew Benintendi": 0.08383939813313791,
  "Andrew Vaughn": 0.1378619768752495,
  "Carlos Correa": 0.1559185329320511,
  "Carlos Santana": 0.13975798600176775,
  "Danny Mendick": 0.1036682615629984,
  "Edouard Julien": 0.13575650874577538,
  "Eloy Jimenez": 0.14990912342761314,
  "Gavin Sheets": 0.13667872579704046,
  "Kyle Farmer": 0.1036748616783392,
  "Martin Maldonado": 0.10516010131133757,
  "Max Kepler": 0.17776908157618027,
  "Nicky Lopez": 0.06831506600227945,
  "Paul DeJong": 0.1254315535636157,
  "Ryan Jeffers": 0.15318914882292595,
  "Tommy Pham": 0.13948018657909467,
  "Trevor Larnach": 0.1491750165381325,
  "Willi Castro": 0.11994053745053387,
  "Byron Buxton": 0.15,
  "Jose Miranda": 0.07361111111111111,
  "Christian Vazquez": 0.060000000000000005,
  "Manuel Margot": 0.060000000000000005,
  "Robbie Grossman": 0.05007062146892655,
  "Amed Rosario": 0.07462538589854158,
  "Ben Rortvedt": 0.09041774290006216,
  "Blake Perkins": 0.0896080379346458,
  "Brice Turang": 0.08688393434698853,
  "Gary Sanchez": 0.20064688799352304,
  "Harold Ramirez": 0.07929426717020702,
  "Isaac Paredes": 0.11607101666292337,
  "Jackson Chourio": 0.11643686797810585,
  "Joey Ortiz": 0.09914330754960564,
  "Joey Wiemer": 0.128779939402026,
  "Jose Caballero": 0.08190673112245915,
  "Jose Siri": 0.09071095762649951,
  "Owen Miller": 0.09270446917505741,
  "Randy Arozarena": 0.1149739138629202,
  "Rhys Hoskins": 0.24455124807165624,
  "Richie Palacios": 0.09751500185486271,
  "William Contreras": 0.1675297833474307,
  "Willy Adames": 0.16949987487071885,
  "Yandy Diaz": 0.1109994101093621,
  "Rene Pinto": 0.09761904761904762,
  "Curtis Mead": 0.05007062146892655,
  "Sal Frelick": 0.05007062146892655,
  "Jesse Winker": 0.10164594827464286,
  "Trey Lipscomb": 0.08259630405250286,
  "Nathaniel Lowe": 0.103326562106324,
  "Luis Garcia Jr.": 0.10221129769931414,
  "CJ Abrams": 0.14125468388490187,
  "Wyatt Langford": 0.12742910321243794,
  "Adolis Garcia": 0.2257945082867443,
  "Jonah Heim": 0.14331523856499492,
  "Nick Senzel": 0.08704831794976943,
  "Keibert Ruiz": 0.11540978323813368,
  "Marcus Semien": 0.14964309121819092,
  "Corey Seager": 0.16159401629037995,
  "Joey Meneses": 0.0972069690114803,
  "Davis Wendzel": 0.12976422384645175,
  "Eddie Rosario": 0.11198369652842101,
  "Josh Smith": 0.09299471561674316,
  "Jacob Young": 0.05658887478436351,
  "Leody Taveras": 0.08026289084736087,
  "Riley Adams": 0.07361111111111111,
  "Ezequiel Duran": 0.05007062146892655,
  "Ildemaro Vargas": 0.05007062146892655,
  "Evan Carter": 0.060000000000000005,
  "Alex Bregman": 0.129004840908601,