{
  "Kyle Schwarber": 0.1582296997919853,
  "Bryce Harper": 0.11832552523925484,
  "Trea Turner": 0.12407929684195153,
  "Nick Castellanos": 0.0947249475866732,
  "Jose Ramirez": 0.10214320415143567,
  "J.T. Realmuto": 0.11328886858265635,
  "Jhonkensy Noel": 0.09550979903721629,
  "Alec Bohm": 0.0889133215648002,
  "Brandon Marsh": 0.07025753145937184,
  "Bo Naylor": 0.0601191088163685,
  "Bryson Stott": 0.055447811292252985,
  "David Fry": 0.0750807415700832,
  "Andres Gimenez": 0.05083507130722118,
  "Tyler Freeman": 0.05483744695999246,
  "Angel Martinez": 0.05424210278170675,
  "Johan Rojas": 0.057484012852351406,
  "Brayan Rocchio": 0.0628735632183908,
  "Steven Kwan": 0.0448258304425523,
  "Josh Naylor": 0.07361111111111111,
  "Garrett Stubbs": 0.049999999999999996,
  "Will Brennan": 0.07361111111111111,
  "Daniel Schneemann": 0.08392857142857142,
  "Royce Lewis": 0.14410783587753842,
  "Byron Buxton": 0.1399346855722211,
  "Matt Wallner": 0.10534724336264367,
  "Carlos Santana": 0.07574818827495557,
  "Max Kepler": 0.08271180980088773,
  "Trevor Larnach": 0.07935411362760755,
  "Willi Castro": 0.07186940688808154,
  "Christian Vazquez": 0.05857209743248347,
  "Matt Vierling": 0.07308146406271622,
  "Bligh Madris": 0.06331026812732414,
  "Carson Kelly": 0.07242878310921363,
  "Justyn-Henry Malloy": 0.06353872660347386,
  "Brooks Lee": 0.053100240483920584,
  "Mark Canha": 0.05932965386880202,
  "Colt Keith": 0.05569007214929633,
  "Javier Baez": 0.05409220109951268,
  "Wenceel Perez": 0.056175449874873946,
  "Gio Urshela": 0.054832495715179376,
  "Ryan Jeffers": 0.09761904761904762,
  "Edouard Julien": 0.060000000000000005,
  "Zach McKinstry": 0.060000000000000005,
  "Elly De La Cruz": 0.10203165192295627,
  "Jeimer Candelario": 0.09705015862504283,
  "Isaac Paredes": 0.08306148837128373,
  "Jose Siri": 0.08092573237793826,
  "Spencer Steer": 0.095052072439036,
  "Tyler Stephenson": 0.07892431139572598,
  "TJ Friedl": 0.07126438570711018,
  "Jonathan India": 0.07005300063947685,
  "Jonny Deluca": 0.07171884378535995,
  "Will Benson": 0.08324699465090163,
  "Yandy Diaz": 0.07833214502876812,
  "Alex Jackson": 0.07872209148826263,
  "Curtis Mead": 0.06222828988618462,
  "Amed Rosario": 0.05972974703984698,
  "Noelvi Marte": 0.06595044279208885,
  "Jake Fraley": 0.06560619634335062,
  "Jose Caballero": 0.05907837026030275,
  "Taylor Walls": 0.06341918552651538,
  "Brandon Lowe": 0.09761904761904762,
  "Josh Lowe": 0.060000000000000005,
  "Stuart Fairchild": 0.07361111111111111,
  "Richie Palacios": 0.060000000000000005,
  "Ben Rortvedt": 0.060000000000000005,
  "Gunnar Henderson": 0.11926858825302243,
  "Anthony Santander": 0.12551863180702988,
  "Manny Machado": 0.08537948703418052,
  "Ryan O'Hearn": 0.0880887359015835,
  "Ryan Mountcastle": 0.08116803611987651,
  "Colton Cowser": 0.08548068633053653,
  "Xander Bogaerts": 0.06559157355381164,
  "Jurickson Profar": 0.06553563827029608,
  "Jake Cronenworth": 0.06738293127972189,
  "Heston Kjerstad": 0.08641686546493144,
  "Jordan Westburg": 0.08514677993103242,
  "Luis Campusano": 0.06517090092847669,
  "Adley Rutschman": 0.08231804555941331,
  "Connor Norby": 0.08547767776798183,
  "Jackson Merrill": 0.06292331888882295,
  "Ha-Seong Kim": 0.052901057879680746,
  "David Peralta": 0.06233796111086354,
  "Luis Arraez": 0.048882514749753775,
  "Cedric Mullins": 0.07361111111111111,
  "Ramon Urias": 0.07361111111111111,
  "Kyle Higashioka": 0.07361111111111111,
  "Danny Jansen": 0.12280627780125464,
  "Adolis Garcia": 0.11895663498636694,
  "Vladimir Guerrero Jr.": 0.1091620586361635,
  "Marcus Semien": 0.09931559946478957,
  "Corey Seager": 0.10945428776664475,
  "Davis Schneider": 0.09829548640212882,
  "George Springer": 0.10230665051201372,
  "Justin Turner": 0.09291515412859974,
  "Wyatt Langford": 0.08819838109804624,
  "Jonah Heim": 0.08989529938217579,
  "Robbie Grossman": 0.07493316083864487,
  "Jonathan Ornelas": 0.07143074747035143,
  "Justin Foscue": 0.07393187579733602,
  "Nathaniel Lowe": 0.06016752961899003,
  "Ernie Clement": 0.058008540843695576,
  "Spencer Horwitz": 0.06335921195425327,
  "Leo Jimenez": 0.060130148026387914,
  "Kevin Kiermaier": 0.06166693870155233,
  "Alejandro Kirk": 0.07361111111111111,
  "Leody Taveras": 0.060000000000000005,
  "Josh Smith": 0.07361111111111111,
  "Daulton Varsho": 0.07361111111111111,
  "Travis Jankowski": 0.060000000000000005,
  "Marcell Ozuna": 0.14352869376900437,
  "Francisco Lindor": 0.11321454451827968,
  "Austin Riley": 0.11214492723625376,
  "Matt Olson": 0.11202903800660337,
  "Pete Alonso": 0.10782483755904321,
  "Travis d'Arnaud": 0.09810143608154812,
  "Adam Duvall": 0.10201895022403577,
  "Mark Vientos": 0.09496037459272753,
  "Brandon Nimmo": 0.09165298299859981,
  "J. D. Martinez": 0.10031914914576918,
  "Jarred Kelenic": 0.09158424145063236,
  "Tyrone Taylor": 0.10562716608049556,
  "Eddie Rosario": 0.0711858233794228,
  "Francisco Alvarez": 0.07592762296452292,
  "Jeff McNeil": 0.06897257936847996,
  "Orlando Arcia": 0.07584104820605189,
  "Nacho Alvarez Jr.": 0.06475086714068708,
  "Jose Iglesias": 0.05485039349932967,
  "Sean Murphy": 0.09761904761904762,
  "Harrison Bader": 0.08392857142857142
}