{
  "Aaron Judge": 0.24843178372583494,
  "Rafael Devers": 0.17487396462651425,
  "Juan Soto": 0.147366211376282,
  "Wilyer Abreu": 0.11739645190822658,
  "Jarren Duran": 0.11373188909194547,
  "Trent Grisham": 0.10425353099642563,
  "Ben Rice": 0.11423003775744368,
  "Enmanuel Valdez": 0.12448150418258863,
  "Dominic Smith": 0.10142911234996471,
  "David Hamilton": 0.08580277728796876,
  "Masataka Yoshida": 0.08013523879008512,
  "Alex Verdugo": 0.0792354993163074,
  "Oswaldo Cabrera": 0.07833538038005629,
  "Ceddanne Rafaela": 0.08479517839745021,
  "Jose Trevino": 0.07997058139874343,
  "Anthony Volpe": 0.07429720293138953,
  "Reese McGuire": 0.07722666414190056,
  "DJ LeMahieu": 0.07314910536146452,
  "Gleyber Torres": 0.09761904761904762,
  "Connor Wong": 0.08392857142857142,
  "Rob Refsnyder": 0.060000000000000005,
  "Tyler O'Neill": 0.13358585858585859,
  "Yordan Alvarez": 0.15374915431429934,
  "Byron Buxton": 0.11508875513862188,
  "Alex Bregman": 0.09627151796459629,
  "Max Kepler": 0.10811024733917522,
  "Ryan Jeffers": 0.08935294371047492,
  "Chas McCormick": 0.09357732198877439,
  "Yainer Diaz": 0.09915314270628281,
  "Carlos Correa": 0.09481658421828354,
  "Jeremy Pena": 0.07633549396995432,
  "Trevor Larnach": 0.0910740080316538,
  "Jake Meyers": 0.07816118314080216,
  "Jose Miranda": 0.08959198410613431,
  "Carlos Santana": 0.10049003891164422,
  "Jon Singleton": 0.08079747822694697,
  "Willi Castro": 0.0750565703503934,
  "Joey Loperfido": 0.07282161102857353,
  "Brooks Lee": 0.07113176051756634,
  "Mauricio Dubon": 0.06668287330569696,
  "Jose Altuve": 0.10757575757575757,
  "Christian Vazquez": 0.060000000000000005,
  "Trey Cabbage": 0.060000000000000005,
  "Patrick Wisdom": 0.15602907591716367,
  "Logan O'Hoppe": 0.11499525364143713,
  "Taylor Ward": 0.09364988976688557,
  "Seiya Suzuki": 0.10881587355014047,
  "Zach Neto": 0.1080701105313881,
  "Jo Adell": 0.09780957553286233,
  "Dansby Swanson": 0.10022449976524637,
  "Michael Busch": 0.10080295885796832,
  "Ian Happ": 0.10043573134760088,
  "David Bote": 0.10537170962817514,
  "Cody Bellinger": 0.08366256528961637,
  "Tomas Nido": 0.07973057931848118,
  "Mickey Moniak": 0.09694672676698819,
  "Nico Hoerner": 0.05555208571911268,
  "Nolan Schanuel": 0.055506828710405375,
  "Willie Calhoun": 0.06805866227968561,
  "Luis Guillorme": 0.059731299927378356,
  "Miguel Amaya": 0.060000000000000005,
  "Christopher Morel": 0.12000000000000001,
  "Pete Crow-Armstrong": 0.05007062146892655,
  "Brandon Drury": 0.07361111111111111,
  "Miguel San\u00f3": 0.13358585858585859,
  "Pete Alonso": 0.14256306226371063,
  "J. D. Martinez": 0.14297884921009807,
  "Mark Vientos": 0.13824624977373634,
  "Francisco Lindor": 0.1388799911186923,
  "Luis Torrens": 0.08600770914978564,
  "Tyrone Taylor": 0.11055043231063338,
  "Brandon Nimmo": 0.09910829651351152,
  "Andrew McCutchen": 0.09551687693217747,
  "Bryan Reynolds": 0.08717882879205877,
  "Oneil Cruz": 0.08479872017331869,
  "Ke'Bryan Hayes": 0.07373013655298274,
  "Joey Bart": 0.07728474484023741,
  "Nick Gonzales": 0.07473447295657189,
  "Michael A. Taylor": 0.08104781297611469,
  "Connor Joe": 0.08304631539225375,
  "Harrison Bader": 0.055549849188880736,
  "Jose Iglesias": 0.06015944313946244,
  "Jeff McNeil": 0.07361111111111111,
  "Francisco Alvarez": 0.08392857142857142,
  "Jack Suwinski": 0.10757575757575757,
  "Rowdy Tellez": 0.10757575757575757,
  "Edward Olivares": 0.08392857142857142,
  "Yasmani Grandal": 0.060000000000000005,
  "Joshua Palacios": 0.0782220953649525,
  "Willson Contreras": 0.14747823790347678,
  "Paul Goldschmidt": 0.12715822668697732,
  "James Wood": 0.13203040700196658,
  "Lane Thomas": 0.11878825054733537,
  "Nolan Arenado": 0.12521781237747623,
  "CJ Abrams": 0.1465449428755455,
  "Juan Yepez": 0.11336383818374225,
  "Nolan Gorman": 0.15535287844799017,
  "Keibert Ruiz": 0.09827266820249277,
  "Jesse Winker": 0.11112407432602703,
  "Alec Burleson": 0.10839176351608455,
  "Luis Garcia Jr.": 0.0983282151103348,
  "Brendan Donovan": 0.08268680850927514,
  "Masyn Winn": 0.07963235750909806,
  "Dylan Carlson": 0.07674760777212389,
  "Trey Lipscomb": 0.08199466327427225,
  "Jacob Young": 0.061003976617533304,
  "Michael Siani": 0.06927869831318108,
  "Matt Carpenter": 0.060000000000000005,
  "Ildemaro Vargas": 0.05007062146892655,
  "Brandon Crawford": 0.060000000000000005,
  "Nick Senzel": 0.08392857142857142,
  "Corey Seager": 0.1361239407257714,
  "Adolis Garcia": 0.15870458091215683,
  "Randy Arozarena": 0.1440598834561514,
  "Marcus Semien": 0.11077800581721611,
  "Jose Siri": 0.10857386989608896,
  "Isaac Paredes": 0.10742598657972728,
  "Yandy Diaz": 0.10765679931144827,
  "Wyatt Langford": 0.10987660063834971,
  "Jonny Deluca": 0.09646873713924822,
  "Jose Caballero": 0.07597894700108908,
  "Jonah Heim": 0.08733949906386236,
  "Alex Jackson": 0.10416178293653541,
  "Nathaniel Lowe": 0.07831462377451683,
  "Andrew Knizner": 0.09125969400046782,
  "Leody Taveras": 0.07077773672661056,
  "Jonathan Ornelas": 0.07128274046371429,
  "Taylor Walls": 0.07571728913368904,
  "Amed Rosario": 0.07237079658487879,
  "Josh Lowe": 0.08392857142857142,
  "Brandon Lowe": 0.15,
  "Josh Smith": 0.07361111111111111,
  "Richie Palacios": 0.060000000000000005,
  "Robbie Grossman": 0.060000000000000005,
  "Travis Jankowski": 0.05007062146892655,
  "Ben Rortvedt": 0.060000000000000005,
  "Brent Rooker": 0.14190043735658314,
  "Gunnar Henderson": 0.1282406501710781,
  "Anthony Santander": 0.126145276583162,
  "Shea Langeliers": 0.11523100301920647,
  "Daz Cameron": 0.10459687082017094,
  "Ryan Mountcastle": 0.0943648685685654,
  "Austin Hays": 0.08838618045742117,
  "Ryan O'Hearn": 0.09214733462503415,
  "Jordan Westburg": 0.09372114034951348,
  "Brett Harris": 0.08342288080594387,
  "Adley Rutschman": 0.09248910731049506,
  "Armando Alvarez": 0.09588317389757811,
  "Ramon Urias": 0.07963445260095979,
  "Zack Gelof": 0.08155785487125893,
  "Tyler Nevin": 0.07789404990204235,
  "Miguel Andujar": 0.08236348853937474,
  "Cedric Mullins": 0.07774902740316583,
  "Max Schuemann": 0.0760000713094325,
  "Jorge Mateo": 0.060000000000000005,
  "JJ Bleday": 0.12000000000000001,
  "Lawrence Butler": 0.08392857142857142,
  "Colton Cowser": 0.08392857142857142,
  "Tyler Soderstrom": 0.10757575757575757,
  "Jorge Soler": 0.15345155963937715,
  "Matt Chapman": 0.1483413801552566,
  "Heliot Ramos": 0.11293101501917793,
  "Jose Ramirez": 0.12573286879741438,
  "Jhonkensy Noel": 0.10677288499195713,
  "David Fry": 0.09695066094121997,
  "Josh Naylor": 0.09739094161094054,
  "Luis Matos": 0.08772296516706075,
  "Tyler Freeman": 0.07331903514301473,
  "Tyler Fitzgerald": 0.07614540254210327,
  "Austin Slater": 0.07062237912820464,
  "Bo Naylor": 0.07335291522385125,
  "Curt Casali": 0.07982542575697785,
  "Angel Martinez": 0.05787412583796446,
  "Nick Ahmed": 0.06538425457008286,
  "Brett Wisely": 0.07847428814279643,
  "Brayan Rocchio": 0.06330087707263722,
  "Steven Kwan": 0.05492617438770882,
  "Andres Gimenez": 0.060000000000000005,
  "Michael Conforto": 0.08392857142857142,
  "Patrick Bailey": 0.07361111111111111,
  "Daniel Schneemann": 0.10757575757575757,
  "David Villar": 0.09761904761904762,
  "Luis Robert Jr.": 0.1253341195856155,
  "Jake Burger": 0.10925547645257226,
  "Paul DeJong": 0.08615933998438144,
  "Bryan De La Cruz": 0.09383829167377435,
  "Andrew Vaughn": 0.08853412258333102,
  "Jazz Chisholm Jr.": 0.06876241879344543,
  "Gavin Sheets": 0.07904024884513519,
  "Tommy Pham": 0.07652305550282779,
  "Andrew Benintendi": 0.06721420557883943,
  "Korey Lee": 0.06358770021137289,
  "Lenyn Sosa": 0.06381007678583718,
  "Emmanuel Rivera": 0.05880441353202625,
  "Dane Myers": 0.07294851641579217,
  "Jonah Bride": 0.05891797699049607,
  "Vidal Brujan": 0.06011945273977359,
  "Ali Sanchez": 0.0638278565406225,
  "Xavier Edwards": 0.044871185296448256,
  "Nicky Lopez": 0.045066901318695875,
  "Eloy Jimenez": 0.07361111111111111,