{
  "Mark Vientos": 0.15107501838220266,
  "Pete Alonso": 0.14390676340854205,
  "Francisco Lindor": 0.12903919123840274,
  "Jake Burger": 0.11282566837883512,
  "Brandon Nimmo": 0.10316490363000354,
  "Tyrone Taylor": 0.10523705461205461,
  "Jesus Sanchez": 0.08694753251385144,
  "Luis Torrens": 0.07001330614888968,
  "Kyle Stowers": 0.07051124489720981,
  "Starling Marte": 0.08268273183385123,
  "Jesse Winker": 0.06020677321388262,
  "Jonah Bride": 0.05662323778665841,
  "Jose Iglesias": 0.06046024132751911,
  "Derek Hill": 0.055277410515747014,
  "Emmanuel Rivera": 0.06910789706221282,
  "Otto Lopez": 0.0610500806611052,
  "Nick Fortes": 0.047691393666934444,
  "Xavier Edwards": 0.04363049567653148,
  "Jeff McNeil": 0.08392857142857142,
  "Francisco Alvarez": 0.060000000000000005,
  "Harrison Bader": 0.07361111111111111,
  "Vidal Brujan": 0.060000000000000005,
  "J. D. Martinez": 0.15,
  "Rafael Devers": 0.13105488962675643,
  "Gunnar Henderson": 0.10951116923536114,
  "Tyler O'Neill": 0.12646526925854568,
  "Colton Cowser": 0.10591520713984397,
  "Triston Casas": 0.0954876396562402,
  "Wilyer Abreu": 0.10587844007013328,
  "Eloy Jimenez": 0.1039194820295185,
  "Ryan Mountcastle": 0.08745794616959358,
  "Ryan O'Hearn": 0.09240542619578114,
  "Jarren Duran": 0.09138388406346651,
  "Jackson Holliday": 0.07751975273666584,
  "Adley Rutschman": 0.07809190717150916,
  "Connor Wong": 0.0684258000943261,
  "Ceddanne Rafaela": 0.0682836023331891,
  "Masataka Yoshida": 0.06392810403032238,
  "Ramon Urias": 0.0660768140179905,
  "Cedric Mullins": 0.062378537840449,
  "David Hamilton": 0.05378014996979867,
  "Anthony Santander": 0.15,
  "Rob Refsnyder": 0.09761904761904762,
  "Kyle Schwarber": 0.21655882026279458,
  "CJ Abrams": 0.131641655811775,
  "Trea Turner": 0.12255779763650548,
  "James Wood": 0.11356495614020166,
  "Nick Castellanos": 0.09994793273109778,
  "Alex Call": 0.0948185092664169,
  "Brandon Marsh": 0.09494829281178077,
  "Travis Blankenhorn": 0.10526478936197446,
  "Bryson Stott": 0.08352230844304108,
  "Andr\u00e9s Chaparro": 0.09245953631535947,
  "Luis Garcia Jr.": 0.09208685820501876,
  "Alec Bohm": 0.08168276412500836,
  "Jose Tena": 0.09005134099540643,
  "Keibert Ruiz": 0.09051235501959502,
  "Edmundo Sosa": 0.07823886084388368,
  "Garrett Stubbs": 0.054040689881405535,
  "Cal Stevenson": 0.05300978493242751,
  "Jacob Young": 0.04571654402204596,
  "Bryce Harper": 0.15,
  "J.T. Realmuto": 0.10757575757575757,
  "Ildemaro Vargas": 0.049999999999999996,
  "Johan Rojas": 0.060000000000000005,
  "Weston Wilson": 0.15,
  "Juan Yepez": 0.08392857142857142,
  "Cal Raleigh": 0.14196984160247458,
  "Oneil Cruz": 0.11509792798899543,
  "Julio Rodriguez": 0.10946084844812311,
  "Luke Raley": 0.09714349650323886,
  "Bryan Reynolds": 0.08905834653643017,
  "Jorge Polanco": 0.10517410312584716,
  "Dominic Canzone": 0.09950631857125775,
  "Joey Bart": 0.07944244757841248,
  "Rowdy Tellez": 0.07698352230797248,
  "Bryan De La Cruz": 0.07265240931907599,
  "Michael A. Taylor": 0.06111885283189992,
  "Victor Robles": 0.060340970898271555,
  "Justin Turner": 0.06528159195395297,
  "Josh Rojas": 0.07094212663139964,
  "Jared Triolo": 0.052470568871287024,
  "Ji Hwan Bae": 0.04658526208204391,
  "Isiah Kiner-Falefa": 0.053160896917432296,
  "Leo Rivas": 0.056702723131294555,
  "Dylan Moore": 0.09761904761904762,
  "Ke'Bryan Hayes": 0.060000000000000005,
  "Randy Arozarena": 0.12000000000000001,
  "Brandon Lowe": 0.10697819380384897,
  "Josh Lowe": 0.08199229690523223,
  "Randal Grichuk": 0.09124391093980647,
  "Eugenio Suarez": 0.08831216585377917,
  "Lourdes Gurriel Jr.": 0.08306029015983142,
  "Josh Bell": 0.08524596694846073,
  "Yandy Diaz": 0.07406822992797568,
  "Jose Caballero": 0.06965079452353769,
  "Corbin Carroll": 0.062426605536068186,
  "Junior Caminero": 0.07170818192929355,
  "Adrian Del Castillo": 0.06471747066103524,
  "Ben Rortvedt": 0.054441798941798944,
  "Kameron Misner": 0.05731064501129531,
  "Jonny Deluca": 0.05112867596712266,
  "Taylor Walls": 0.05950171458345708,
  "Jake McCarthy": 0.052489791138727315,
  "Geraldo Perdomo": 0.04716370567235033,
  "Kevin Newman": 0.05105077870778354,
  "Ketel Marte": 0.12000000000000001,
  "Jose Siri": 0.09761904761904762,
  "Joc Pederson": 0.08392857142857142,
  "Dylan Carlson": 0.060000000000000005,
  "Christopher Morel": 0.12000000000000001,
  "Salvador Perez": 0.17143566089319406,
  "Bobby Witt Jr.": 0.15809700001611324,
  "Hunter Renfroe": 0.14178775363402993,
  "Elly De La Cruz": 0.10070691989421947,
  "Vinnie Pasquantino": 0.10284596666949608,
  "Spencer Steer": 0.09782119186577166,
  "Freddy Fermin": 0.10190096372605478,
  "Jeimer Candelario": 0.09812226955135009,
  "Will Benson": 0.09229490161579713,
  "Jonathan India": 0.0852259408151753,
  "Maikel Garcia": 0.08781024310432974,
  "Michael Massey": 0.09407933850076303,
  "Dairon Blanco": 0.07146812412542211,
  "TJ Friedl": 0.07451207783035751,
  "Jake Fraley": 0.06447388505338418,
  "Garrett Hampson": 0.06003765955292607,
  "Luke Maile": 0.06337638178525802,
  "Santiago Espinal": 0.05497740484153528,
  "Kyle Isbel": 0.049999999999999996,
  "Tyler Stephenson": 0.09761904761904762,
  "MJ Melendez": 0.10757575757575757,
  "Noelvi Marte": 0.07361111111111111,
  "Ty France": 0.09761904761904762,
  "Jose Altuve": 0.09847173221986932,
  "Jake Meyers": 0.08831343267503061,
  "Zach Dezenzo": 0.08908739408739409,
  "Chas McCormick": 0.07666699790047014,
  "Yainer Diaz": 0.08612369020329219,
  "Jeremy Pena": 0.07504110163346707,
  "Shay Whitcomb": 0.09403434930608844,
  "Andrew Vaughn": 0.0726677359433135,
  "Luis Robert Jr.": 0.0745222448701074,
  "Miguel Vargas": 0.06729090392835296,
  "Mauricio Dubon": 0.057143509614149025,
  "Pedro Le\u00f3n": 0.0676803243409661,
  "Lenyn Sosa": 0.04840093580560619,
  "Korey Lee": 0.05406383630945231,
  "Corey Julks": 0.050444277009509646,
  "Andrew Benintendi": 0.05322367623894342,
  "Dominic Fletcher": 0.04550215113669777,
  "Nicky Lopez": 0.06234265734265734,
  "Alex Bregman": 0.15,
  "Gavin Sheets": 0.060000000000000005,
  "Yordan Alvarez": 0.17142857142857143,
  "Victor Caratini": 0.09761904761904762,
  "Nick Senzel": 0.05234567901234568,
  "Rhys Hoskins": 0.13639191286857055,
  "Jose Ramirez": 0.11266154009601971,
  "William Contreras": 0.12108847916943834,
  "Willy Adames": 0.1188540852701938,
  "Josh Naylor": 0.10753808051262982,
  "Jhonkensy Noel": 0.10428314768235718,
  "Jackson Chourio": 0.09150630643711533,
  "Bo Naylor": 0.08433473420656469,
  "Lane Thomas": 0.0846227109357179,
  "Eric Haase": 0.06771269723475606,
  "Garrett Mitchell": 0.06022328074345575,
  "Daniel Schneemann": 0.06293779668925026,
  "Will Brennan": 0.05935902558331292,
  "Joey Ortiz": 0.058828916770313405,
  "Andres Gimenez": 0.05486594198848749,
  "Steven Kwan": 0.05162010729690371,
  "Brice Turang": 0.049074433148167555,
  "Sal Frelick": 0.047104693612413276,
  "Brayan Rocchio": 0.060000000000000005,
  "Jake Bauers": 0.13333333333333333,
  "David Fry": 0.09761904761904762,
  "Shohei Ohtani": 0.1640685831158671,
  "Willson Contreras": 0.10393665405697491,
  "Paul Goldschmidt": 0.0969527261366295,
  "Teoscar Hernandez": 0.0878214064049667,
  "Nolan Arenado": 0.09331208697128472,
  "Mookie Betts": 0.08524492936568805,
  "Jordan Walker": 0.07360974448472517,
  "Tommy Pham": 0.07033365276792251,
  "Masyn Winn": 0.0653499993944284,
  "Gavin Lux": 0.06251753142962549,
  "Enrique Hernandez": 0.0645755152964667,
  "Pedro Pages": 0.06205361487355497,
  "Nick Ahmed": 0.042890235050402896,
  "Brendan Donovan": 0.05290360839698588,
  "Kevin Kiermaier": 0.05780318060296059,
  "Austin Barnes": 0.04549940915245636,
  "Victor Scott II": 0.06628001628001627,
  "Miguel Rojas": 0.047158554612421785,
  "Will Smith": 0.09761904761904762,
  "Freddie Freeman": 0.10757575757575757,
  "Jason Heyward": 0.060000000000000005,
  "Ian Happ": 0.11765450180246755,
  "Seiya Suzuki": 0.11230913348627712,
  "Vladimir Guerrero Jr.": 0.10612337635239287,