{
  "Corey Seager": 0.13224512970688332,
  "Adolis Garcia": 0.12037482199918009,
  "Vladimir Guerrero Jr.": 0.10759340495091317,
  "George Springer": 0.09417367692180835,
  "Daulton Varsho": 0.09438250578121833,
  "Wyatt Langford": 0.0931026825005658,
  "Marcus Semien": 0.08291532110240545,
  "Davis Schneider": 0.09951683749658677,
  "Jonah Heim": 0.07940023438543713,
  "Josh Smith": 0.0705842088639544,
  "Nathaniel Lowe": 0.06853195895030652,
  "Leody Taveras": 0.06499652147854236,
  "Justin Turner": 0.06481289482387771,
  "Ernie Clement": 0.05270066430269577,
  "Spencer Horwitz": 0.0625615731548773,
  "Alejandro Kirk": 0.06565544605712247,
  "Andrew Knizner": 0.0862820688083846,
  "Steward Berroa": 0.08254245754245754,
  "Danny Jansen": 0.08392857142857142,
  "Leo Jimenez": 0.060000000000000005,
  "Kevin Kiermaier": 0.060000000000000005,
  "Travis Jankowski": 0.060000000000000005,
  "Justin Foscue": 0.060000000000000005,
  "Gunnar Henderson": 0.10778112981588589,
  "Anthony Santander": 0.11029685787358422,
  "Manny Machado": 0.09811381785056217,
  "Ryan O'Hearn": 0.07594773644764508,
  "Jake Cronenworth": 0.0800119751872907,
  "Cedric Mullins": 0.06953873444453576,
  "Adley Rutschman": 0.07961043855049703,
  "Jurickson Profar": 0.06942954923347079,
  "Heston Kjerstad": 0.0761623850696153,
  "Jackson Merrill": 0.07603970182852905,
  "Connor Norby": 0.05919283637684171,
  "Xander Bogaerts": 0.05857533923674944,
  "Colton Cowser": 0.0639480424105462,
  "David Peralta": 0.06203651894183995,
  "Ha-Seong Kim": 0.057053049799669166,
  "Kyle Higashioka": 0.0715829404027612,
  "Ramon Urias": 0.05638871905655725,
  "Luis Arraez": 0.05021885903807466,
  "Ryan Mountcastle": 0.07361111111111111,
  "Jordan Westburg": 0.07361111111111111,
  "Marcell Ozuna": 0.1355106874878693,
  "Austin Riley": 0.10665318229666447,
  "Pete Alonso": 0.10678460076948472,
  "Matt Olson": 0.10022667412058488,
  "Francisco Lindor": 0.105860753643077,
  "DJ Stewart": 0.10346892407355236,
  "Adam Duvall": 0.10099589469464067,
  "Sean Murphy": 0.08541410740653806,
  "Mark Vientos": 0.09134809554777679,
  "Jarred Kelenic": 0.0847297680513241,
  "Luis Torrens": 0.05771311708145564,
  "J. D. Martinez": 0.09489367960116042,
  "Brandon Nimmo": 0.0862911825057875,
  "Eddie Rosario": 0.062176207569662086,
  "Orlando Arcia": 0.058952213997451285,
  "Jeff McNeil": 0.06044525174729457,
  "Jose Iglesias": 0.050003807120167526,
  "Nacho Alvarez Jr.": 0.05264429321915953,
  "Travis d'Arnaud": 0.07361111111111111,
  "Francisco Alvarez": 0.09761904761904762,
  "Harrison Bader": 0.060000000000000005,
  "Brandon Lowe": 0.11490555514735937,
  "Spencer Steer": 0.09527624057229321,
  "Isaac Paredes": 0.09223197821679018,
  "Jeimer Candelario": 0.10212242624398633,
  "Elly De La Cruz": 0.107066956046876,
  "Jose Siri": 0.08967940259683838,
  "Will Benson": 0.0999276152965658,
  "Alex Jackson": 0.09597982409846226,
  "TJ Friedl": 0.07401364166208582,
  "Yandy Diaz": 0.09051006376664271,
  "Jonny Deluca": 0.08683418853791824,
  "Tyler Stephenson": 0.08375801619403579,
  "Jake Fraley": 0.07680448849246803,
  "Jonathan India": 0.07434411509141002,
  "Curtis Mead": 0.07031508101992653,
  "Noelvi Marte": 0.06399561360650245,
  "Amed Rosario": 0.06863480457732783,
  "Jose Caballero": 0.06459682661502968,
  "Josh Lowe": 0.08392857142857142,
  "Taylor Walls": 0.060000000000000005,
  "Stuart Fairchild": 0.08392857142857142,
  "Richie Palacios": 0.060000000000000005,
  "Ben Rortvedt": 0.060000000000000005,
  "Kyle Schwarber": 0.17252024107847216,
  "Bryce Harper": 0.1292812202471967,
  "Jhonkensy Noel": 0.15587301986452037,
  "Trea Turner": 0.12143741379141319,
  "Jose Ramirez": 0.11627782096877688,
  "Daniel Schneemann": 0.08502508018031829,
  "J.T. Realmuto": 0.10789363993450474,
  "David Fry": 0.10213528111485383,
  "Nick Castellanos": 0.09533883044827098,
  "Austin Hays": 0.09202854379505686,
  "Alec Bohm": 0.0869933905363922,
  "Austin Hedges": 0.06810741466340647,
  "Brandon Marsh": 0.08243504513015522,
  "Angel Martinez": 0.06122814824921275,
  "Steven Kwan": 0.05183781270994295,
  "Will Brennan": 0.07003591065524531,
  "Bryson Stott": 0.06070331527339104,
  "Andres Gimenez": 0.06477680406988151,
  "Garrett Stubbs": 0.049999999999999996,
  "Josh Naylor": 0.12000000000000001,
  "Brayan Rocchio": 0.049999999999999996,
  "Tyler Freeman": 0.07361111111111111,
  "Bo Naylor": 0.07361111111111111,
  "Johan Rojas": 0.049999999999999996,
  "Byron Buxton": 0.0987371514040044,
  "Justyn-Henry Malloy": 0.06999008273072009,
  "Jose Miranda": 0.09427582639216303,
  "Ryan Jeffers": 0.06910772422824656,
  "Matt Vierling": 0.07849261903691397,
  "Royce Lewis": 0.07572744112061976,
  "Colt Keith": 0.06340739228465579,
  "Jake Rogers": 0.07283896177425499,
  "Mark Canha": 0.06310004177816404,
  "Bligh Madris": 0.0663828495723134,
  "Carlos Santana": 0.0652681137210474,
  "Wenceel Perez": 0.051866257382253256,
  "Javier Baez": 0.06413068905421097,
  "Manuel Margot": 0.05759794513837316,
  "Austin Martin": 0.0413828691565414,
  "Brooks Lee": 0.06123865373037558,
  "Willi Castro": 0.05471331937752272,
  "Gio Urshela": 0.0529034689419359,
  "Max Kepler": 0.060000000000000005,
  "Matt Wallner": 0.13333333333333333,
  "Trevor Larnach": 0.13333333333333333,
  "Zach McKinstry": 0.060000000000000005,
  "Carson Kelly": 0.08392857142857142,
  "Ryan McMahon": 0.060000000000000005,
  "Mike Yastrzemski": 0.09099482206390101,
  "Charlie Blackmon": 0.060000000000000005,
  "LaMonte Wade Jr.": 0.06599602023480773,
  "Elias Diaz": 0.05668111007471965,
  "Brendan Rodgers": 0.057406641632947245,
  "Heliot Ramos": 0.06766456092731014,
  "Kris Bryant": 0.060147807240515876,
  "Michael Conforto": 0.0737307441312327,
  "Ezequiel Tovar": 0.05976529133786377,
  "Michael Toglia": 0.06753243384795511,
  "Brenton Doyle": 0.055206707668007816,
  "Patrick Bailey": 0.05735361050515251,
  "Jorge Soler": 0.07895501263286404,
  "Tyler Fitzgerald": 0.06545320517586364,
  "Matt Chapman": 0.08819889838423779,
  "Jake Cave": 0.060000000000000005,
  "Derek Hill": 0.07361111111111111,
  "Brett Wisely": 0.06018348819726935,
  "Aaron Schunk": 0.05302046209544608,
  "Hunter Goodman": 0.05738709382067999,
  "Jacob Stallings": 0.05355345028853354,
  "Bobby Witt Jr.": 0.12547658202693457,
  "Salvador Perez": 0.1383399553188723,
  "Hunter Renfroe": 0.10803580649853943,
  "Christopher Morel": 0.10006022082578309,
  "Seiya Suzuki": 0.09329525766684237,
  "Dansby Swanson": 0.07583342709537423,
  "Ian Happ": 0.0726108131646498,
  "Vinnie Pasquantino": 0.07309371408243795,
  "Michael Busch": 0.06602430706435207,
  "Freddy Fermin": 0.0753604259697432,
  "Nick Loftin": 0.06693020122063909,
  "Dairon Blanco": 0.06793283206326685,
  "Mike Tauchman": 0.05085449040392915,
  "Maikel Garcia": 0.06762710285636296,
  "Miguel Amaya": 0.06379844189626799,
  "Garrett Hampson": 0.05285959246952155,
  "Pete Crow-Armstrong": 0.05647822252067983,
  "Nico Hoerner": 0.04689621419066201,
  "Kyle Isbel": 0.060000000000000005,
  "Michael Massey": 0.12000000000000001,
  "Miles Mastrobuoni": 0.049999999999999996,
  "Drew Waters": 0.060000000000000005,
  "Adam Frazier": 0.060000000000000005,
  "Shohei Ohtani": 0.19333917540701925,
  "Yordan Alvarez": 0.14984419143244468,
  "Teoscar Hernandez": 0.11139384163807647,
  "Will Smith": 0.10381060107126204,
  "Yainer Diaz": 0.09986668925641196,
  "Jose Altuve": 0.11991113988454415,
  "Alex Bregman": 0.0927344262083641,
  "Jason Heyward": 0.08763708584857773,
  "James Outman": 0.08754207747059559,
  "Jake Meyers": 0.09454126924155697,
  "Chas McCormick": 0.08510135653908889,
  "Jeremy Pena": 0.07689129631139273,
  "Jon Singleton": 0.07850063378407389,
  "Gavin Lux": 0.07236864125967798,
  "Mauricio Dubon": 0.07607612719377425,
  "Cavan Biggio": 0.0645000576405535,
  "Enrique Hernandez": 0.07290543979428425,
  "Nick Ahmed": 0.052827248082186834,
  "Andy Pages": 0.10757575757575757,
  "Joey Loperfido": 0.07361111111111111,
  "Bryan De La Cruz": 0.10809023838186085,