{
  "Kyle Tucker": 0.08594605980804927,
  "Alex Bregman": 0.08306013667238336,
  "Jose Altuve": 0.08389845070049005,
  "Jake Meyers": 0.057126611561280204,
  "Jake Rogers": 0.07347634347634348,
  "Jeremy Pena": 0.05848533092709281,
  "Spencer Torkelson": 0.09387029651563998,
  "Kerry Carpenter": 0.15,
  "Riley Greene": 0.06504146641064762,
  "Yainer Diaz": 0.06740967267002286,
  "Andy Ibanez": 0.07101473634326722,
  "Parker Meadows": 0.05245346594684343,
  "Wenceel Perez": 0.052878003111315915,
  "Victor Caratini": 0.055376970231809985,
  "Justyn-Henry Malloy": 0.06768059601392934,
  "Jason Heyward": 0.08392857142857142,
  "Matt Vierling": 0.06122714992530909,
  "Trey Sweeney": 0.05348783216462858,
  "Yordan Alvarez": 0.10154559575884449,
  "Mauricio Dubon": 0.050149933114948954,
  "Colt Keith": 0.1,
  "Salvador Perez": 0.07671525882782725,
  "Cedric Mullins": 0.053161322165190636,
  "Ramon Urias": 0.060626013934696285,
  "Kyle Isbel": 0.04737139067428274,
  "Anthony Santander": 0.09783851731136305,
  "Ryan Mountcastle": 0.061740750942328775,
  "MJ Melendez": 0.06212922702821453,
  "Adley Rutschman": 0.06184582938900502,
  "Bobby Witt Jr.": 0.07782056315016514,
  "Ryan O'Hearn": 0.07361111111111111,
  "Gunnar Henderson": 0.06860100814928403,
  "Michael Massey": 0.06253427425573883,
  "Jordan Westburg": 0.06514832945102993,
  "Garrett Hampson": 0.049999999999999996,
  "Colton Cowser": 0.058563618216334434,
  "Adam Frazier": 0.06777777777777778,
  "Hunter Renfroe": 0.07703703703703703,
  "Yuli Gurriel": 0.05149620098957848,
  "Tommy Pham": 0.05637755384148213,
  "Paul DeJong": 0.07703703703703703,
  "Heston Kjerstad": 0.05333333333333334,
  "Vinnie Pasquantino": 0.07239533680513742,
  "Maikel Garcia": 0.05387315451723849,
  "James McCann": 0.05971889566475309,
  "Pete Alonso": 0.10682603819327245,
  "Francisco Lindor": 0.10958618503392689,
  "Willy Adames": 0.1034354239774906,
  "Rhys Hoskins": 0.09740016505168896,
  "William Contreras": 0.08888526595389074,
  "Mark Vientos": 0.10506403346324295,
  "Francisco Alvarez": 0.07042683730985226,
  "Brandon Nimmo": 0.08535164394332492,
  "Jake Bauers": 0.08318747610414277,
  "Jackson Chourio": 0.07447983428011948,
  "Tyrone Taylor": 0.06987882578685578,
  "Garrett Mitchell": 0.06646519367334823,
  "Jesse Winker": 0.05457516789675587,
  "Joey Ortiz": 0.05551825344457721,
  "Brice Turang": 0.051913582278358746,
  "Starling Marte": 0.05640974549111449,
  "Jose Iglesias": 0.0483592805071535,
  "Sal Frelick": 0.05080765009980866,
  "Blake Perkins": 0.049999999999999996,
  "Gary Sanchez": 0.10757575757575757,
  "J. D. Martinez": 0.11655844155844157,
  "Harrison Bader": 0.1111111111111111,
  "Manny Machado": 0.11308711124170336,
  "Fernando Tatis Jr.": 0.12487924683567374,
  "Marcell Ozuna": 0.11777887594695441,
  "Matt Olson": 0.09981697210364962,
  "Jackson Merrill": 0.10094997459618905,
  "Jorge Soler": 0.08640932099699263,
  "Ram\u00f3n Laureano": 0.07239408983633405,
  "Jurickson Profar": 0.08254573201356609,
  "Michael Harris II": 0.07029539774864282,
  "Xander Bogaerts": 0.06393996350972529,
  "Ozzie Albies": 0.06467901946268499,
  "Kyle Higashioka": 0.06776222350711704,
  "Jake Cronenworth": 0.06630953151399399,
  "Orlando Arcia": 0.05635999653017742,
  "Travis d'Arnaud": 0.06267731091584995,
  "Donovan Solano": 0.06104370810221311,
  "Gio Urshela": 0.05148023838078645,
  "Luis Arraez": 0.04618708956523602
}