{
  "Andres Gimenez": 0.08113431679819923,
  "Bo Naylor": 0.10551278445550015,
  "Bobby Dalbec": 0.10051751230895427,
  "Brayan Rocchio": 0.06257676764128009,
  "Ceddanne Rafaela": 0.10429807667073294,
  "Connor Wong": 0.08459277120031497,
  "Enmanuel Valdez": 0.1310906918799489,
  "Estevan Florial": 0.07652356258381325,
  "Jarren Duran": 0.1209378239999147,
  "Jose Ramirez": 0.10439233627622845,
  "Josh Naylor": 0.11566740242002341,
  "Pablo Reyes": 0.07938173063648188,
  "Rob Refsnyder": 0.08434333318208781,
  "Tyler Freeman": 0.06330520586971831,
  "Tyler O'Neill": 0.1457585445245292,
  "Will Brennan": 0.06694757457560412,
  "Wilyer Abreu": 0.12584678537765706,
  "Gabriel Arias": 0.07361111111111111,
  "Reese McGuire": 0.060000000000000005,
  "Steven Kwan": 0.05952129748146499,
  "Masataka Yoshida": 0.060000000000000005,
  "Ramon Laureano": 0.07361111111111111,
  "Alec Bohm": 0.15101262035914845,
  "Christian Encarnacion-Strand": 0.12861983875179284,
  "Cristian Pache": 0.11682369686401943,
  "Edmundo Sosa": 0.14341445289803803,
  "Elly De La Cruz": 0.10763388411237873,
  "J.T. Realmuto": 0.1786261391418996,
  "Jeimer Candelario": 0.12345007920282146,
  "Johan Rojas": 0.07529679495184019,
  "Kyle Schwarber": 0.24016531994971052,
  "Nick Castellanos": 0.17796182413832456,
  "Nick Martini": 0.09029494195608985,
  "Santiago Espinal": 0.0774563830289021,
  "Spencer Steer": 0.1351603662264491,
  "Stuart Fairchild": 0.09558545548765894,
  "Trea Turner": 0.20586101349149333,
  "Tyler Stephenson": 0.12142756907411671,
  "Whit Merrifield": 0.12641306725794435,
  "Will Benson": 0.09317028001238527,
  "Jonathan India": 0.07361111111111111,
  "Bryson Stott": 0.060000000000000005,
  "Brandon Marsh": 0.09761904761904762,
  "Andrew McCutchen": 0.1458545805498293,
  "Blake Perkins": 0.08688618085479294,
  "Brice Turang": 0.06813057903364948,
  "Bryan Reynolds": 0.12135815102338753,
  "Gary Sanchez": 0.18325881945382166,
  "Jack Suwinski": 0.1368144321072062,
  "Jackson Chourio": 0.11333248126406593,
  "Jared Triolo": 0.08002452051273506,
  "Joey Bart": 0.11069922096474079,
  "Joey Ortiz": 0.09242978038360831,
  "Joey Wiemer": 0.1270704464592929,
  "Ke'Bryan Hayes": 0.10949240725985279,
  "Michael A. Taylor": 0.09542229041242228,
  "Oneil Cruz": 0.12838637650688192,
  "Rhys Hoskins": 0.22701827147231254,
  "Rowdy Tellez": 0.11646923839555202,
  "William Contreras": 0.1529379118526462,
  "Willy Adames": 0.15913113394078018,
  "Connor Joe": 0.07361111111111111,
  "Sal Frelick": 0.060000000000000005,
  "Henry Davis": 0.060000000000000005,
  "Edward Olivares": 0.09761904761904762,
  "Oliver Dunn": 0.060000000000000005,
  "Andy Pages": 0.15249231892287263,
  "CJ Abrams": 0.11559489892823226,
  "Freddie Freeman": 0.16170493438746106,
  "Ildemaro Vargas": 0.10797385144656538,
  "Jacob Young": 0.06510435038212815,
  "Jesse Winker": 0.10275335967226584,
  "Joey Meneses": 0.12673974867461876,
  "Enrique Hernandez": 0.10965288406602959,
  "Lane Thomas": 0.14944325293194471,
  "Luis Garcia Jr.": 0.08805033925485387,
  "Max Muncy": 0.2274900667491645,
  "Miguel Rojas": 0.08577673964401741,
  "Mookie Betts": 0.22758728925005414,
  "Nick Senzel": 0.11272388983947292,
  "Riley Adams": 0.13156230762959012,
  "Shohei Ohtani": 0.23188699683923103,
  "Teoscar Hernandez": 0.21994614497590442,
  "Will Smith": 0.15895244360551233,
  "Gavin Lux": 0.05007062146892655,
  "James Outman": 0.10757575757575757,
  "Joey Gallo": 0.15,
  "Eddie Rosario": 0.07361111111111111,
  "Amed Rosario": 0.08509828823707365,
  "Ben Rortvedt": 0.09975421233065652,
  "Carson Kelly": 0.09854291948105115,
  "Colt Keith": 0.10425168912023064,
  "Curtis Mead": 0.08720385874007654,
  "Harold Ramirez": 0.09813135533668368,
  "Isaac Paredes": 0.13797833245806565,
  "Javier Baez": 0.09758543159843396,
  "Jose Caballero": 0.09717053876123434,
  "Kerry Carpenter": 0.13332604805695267,
  "Mark Canha": 0.10092334322860388,
  "Matt Vierling": 0.09147009530776899,
  "Parker Meadows": 0.10746102032834201,
  "Randy Arozarena": 0.13031116897918166,
  "Richie Palacios": 0.11049367868793314,
  "Riley Greene": 0.13611693980646827,
  "Wenceel Perez": 0.10298795090555306,
  "Yandy Diaz": 0.1333836675593025,
  "Jake Rogers": 0.08392857142857142,
  "Rene Pinto": 0.10757575757575757,
  "Jose Siri": 0.0606906906906907,
  "Spencer Torkelson": 0.13358585858585859,
  "Buddy Kennedy": 0.060000000000000005,
  "Aaron Judge": 0.240274477479725,
  "Alex Verdugo": 0.08367533669691403,
  "Anthony Rizzo": 0.11714063946140398,
  "Anthony Volpe": 0.12408068122353835,
  "Austin Wells": 0.09394673810942168,
  "Brent Rooker": 0.14969521202593708,
  "Esteury Ruiz": 0.06999358053253815,
  "Giancarlo Stanton": 0.18346281388216173,
  "Gleyber Torres": 0.11396667582239431,
  "Juan Soto": 0.14045049822398661,
  "Lawrence Butler": 0.09055276806464335,
  "Oswaldo Cabrera": 0.07214100086066401,
  "Ryan Noda": 0.09954130300768957,
  "Seth Brown": 0.130831314849172,
  "Shea Langeliers": 0.14438651765533464,
  "Tyler Nevin": 0.076834945934362,
  "Zack Gelof": 0.10154160983073568,
  "Nick Allen": 0.0514669389475033,
  "Jose Trevino": 0.060000000000000005,
  "JJ Bleday": 0.08392857142857142,
  "Abraham Toro": 0.07361111111111111,
  "Max Schuemann": 0.15,
  "Adam Duvall": 0.1696421833105841,
  "Austin Riley": 0.16310273157057856,
  "Avisail Garcia": 0.08885311820019799,
  "Bryan De La Cruz": 0.10190411432142167,
  "Emmanuel Rivera": 0.07494812630892289,
  "Jazz Chisholm Jr.": 0.09862627630848782,
  "Josh Bell": 0.09575463797140571,
  "Marcell Ozuna": 0.17356015423314802,
  "Matt Olson": 0.1460601547225327,
  "Michael Harris II": 0.0813246716160907,
  "Nick Fortes": 0.06266671134188899,
  "Orlando Arcia": 0.10816388253363042,
  "Ronald Acuna Jr.": 0.14494168000240246,
  "Tim Anderson": 0.07009021393127354,
  "Travis d'Arnaud": 0.11705345618068706,
  "Otto Lopez": 0.061309523809523814,
  "David Fletcher": 0.06133333333333334,
  "Luis Arraez": 0.058065640143454715,
  "Jesus Sanchez": 0.07361111111111111,
  "Jarred Kelenic": 0.05007062146892655,
  "Nick Gordon": 0.07361111111111111,
  "Alex Bregman": 0.14022571874599643,
  "Chas McCormick": 0.13040186944669518,
  "Christopher Morel": 0.2382698442985416,
  "Cody Bellinger": 0.17587773019338226,
  "Dansby Swanson": 0.18919245051271746,
  "Ian Happ": 0.1523806268919051,
  "Jake Meyers": 0.12039079717094094,
  "Jeremy Pena": 0.12570406378115048,
  "Jose Abreu": 0.13255066614958744,
  "Jose Altuve": 0.17105402038771267,
  "Kyle Tucker": 0.2064872733732383,
  "Matt Mervis": 0.18133612031540117,
  "Michael Busch": 0.1614929817560387,
  "Miguel Amaya": 0.1373637670334953,
  "Mike Tauchman": 0.09087722808421614,
  "Nico Hoerner": 0.12016352159209301,
  "Yainer Diaz": 0.17773148340535086,
  "Yordan Alvarez": 0.2473303097433571,
  "Nick Madrigal": 0.05007062146892655,
  "Yan Gomes": 0.12000000000000001,
  "Alex Kirilloff": 0.1448683717656844,
  "Andrew Benintendi": 0.07376984126984128,
  "Andrew Vaughn": 0.10147698089198319,
  "Byron Buxton": 0.16336657960969458,
  "Carlos Santana": 0.13316156176275223,
  "Christian Vazquez": 0.07035192220157184,
  "Danny Mendick": 0.053878504435299755,
  "Dominic Fletcher": 0.06969126839816496,
  "Edouard Julien": 0.1245210567742346,
  "Eloy Jimenez": 0.10108399949126937,
  "Gavin Sheets": 0.10732183211088896,
  "Kyle Farmer": 0.07718469608425847,
  "Martin Maldonado": 0.07256643356643357,
  "Max Kepler": 0.17965993192691637,
  "Paul DeJong": 0.0754383399946031,
  "Trevor Larnach": 0.1514023604016212,
  "Willi Castro": 0.11723948568527902,
  "Ryan Jeffers": 0.11227409227409227,
  "Jose Miranda": 0.08392857142857142,
  "Nicky Lopez": 0.05242593190428204,
  "Austin Martin": 0.05895538395538396,
  "Robbie Grossman": 0.060000000000000005,
  "Manuel Margot": 0.060000000000000005,
  "Adam Frazier": 0.06277028527028528,
  "Alejandro Kirk": 0.0839123930247631,
  "Bo Bichette": 0.09830428576331121,
  "Bobby Witt Jr.": 0.1387616129129389,
  "Dairon Blanco": 0.07410976898503122,