{
  "Andres Gimenez": 0.1143892576070794,
  "Bo Naylor": 0.14847231979152226,
  "Brayan Rocchio": 0.07807278187394351,
  "Ceddanne Rafaela": 0.11675573750903147,
  "Enmanuel Valdez": 0.12227182958056045,
  "Estevan Florial": 0.11599308786808786,
  "Gabriel Arias": 0.12228203730112128,
  "Jarren Duran": 0.13615796683405942,
  "Jose Ramirez": 0.1509322190201178,
  "Josh Naylor": 0.15494247285691135,
  "Masataka Yoshida": 0.09093309559509172,
  "Rafael Devers": 0.20492545745579713,
  "Reese McGuire": 0.06213564926169186,
  "Steven Kwan": 0.0801422265890032,
  "Triston Casas": 0.1391982198862716,
  "Tyler Freeman": 0.08227682177384422,
  "Tyler O'Neill": 0.20495751318147945,
  "Wilyer Abreu": 0.1252947573260073,
  "Connor Wong": 0.060000000000000005,
  "Will Brennan": 0.3791070773744041,
  "Ramon Laureano": 0.09761904761904762,
  "Adley Rutschman": 0.1346154912974135,
  "Austin Hays": 0.1065184020286565,
  "Austin Martin": 0.08030567370773557,
  "Byron Buxton": 0.18713837761903065,
  "Carlos Santana": 0.10357251659231856,
  "Cedric Mullins": 0.119698848241701,
  "Christian Vazquez": 0.09059116437959586,
  "Colton Cowser": 0.11390422010264471,
  "Edouard Julien": 0.07362156362156363,
  "Gunnar Henderson": 0.17402744297735542,
  "Jackson Holliday": 0.08423980252276239,
  "Jordan Westburg": 0.11549308546632535,
  "Jose Miranda": 0.13537176044656613,
  "Kyle Farmer": 0.09626292230883572,
  "Manuel Margot": 0.10376233180610744,
  "Ryan Jeffers": 0.14954016964313574,
  "Ryan Mountcastle": 0.12025974177063105,
  "Ryan O'Hearn": 0.12902737978395873,
  "Anthony Santander": 0.15,
  "Alex Kirilloff": 0.08392857142857142,
  "Matt Wallner": 0.10757575757575757,
  "Willi Castro": 0.07361111111111111,
  "Brandon Marsh": 0.13504757461190536,
  "Brendan Rodgers": 0.0920790110308949,
  "Brenton Doyle": 0.08157085365219216,
  "Bryce Harper": 0.20898871922143678,
  "Bryson Stott": 0.0866849236794267,
  "Charlie Blackmon": 0.10999788656318173,
  "Elehuris Montero": 0.11073226016407835,
  "Elias Diaz": 0.11108097614472164,
  "Ezequiel Tovar": 0.09036727328899871,
  "J.T. Realmuto": 0.20117209181424586,
  "Johan Rojas": 0.08330382079428608,
  "Kyle Schwarber": 0.2642037714406136,
  "Michael Toglia": 0.11666744416064465,
  "Nick Castellanos": 0.17050552789621834,
  "Nolan Jones": 0.13208035699738005,
  "Ryan McMahon": 0.1258868081562652,
  "Trea Turner": 0.21478467894806144,
  "Whit Merrifield": 0.08634657152908426,
  "Alec Bohm": 0.09761904761904762,
  "Kris Bryant": 0.08392857142857142,
  "Adolis Garcia": 0.19984594019886895,
  "Carson Kelly": 0.08882824041038652,
  "Colt Keith": 0.10226946041574525,
  "Evan Carter": 0.10777347902857512,
  "Ezequiel Duran": 0.09830972261312819,
  "Gio Urshela": 0.07639854768887028,
  "Jared Walsh": 0.08570047552043729,
  "Javier Baez": 0.0916231561236619,
  "Jonah Heim": 0.10930870544797526,
  "Josh Smith": 0.09561161857812576,
  "Kerry Carpenter": 0.12679313024140612,
  "Leody Taveras": 0.06955987705793991,
  "Marcus Semien": 0.12388039588132571,
  "Mark Canha": 0.10056728933250099,
  "Matt Vierling": 0.09293377430023393,
  "Riley Greene": 0.13492935635792777,
  "Spencer Torkelson": 0.14821938611260863,
  "Travis Jankowski": 0.07314319667260843,
  "Jake Rogers": 0.07361111111111111,
  "Corey Seager": 0.12000000000000001,
  "Parker Meadows": 0.07361111111111111,
  "Wyatt Langford": 0.07361111111111111,
  "Avisail Garcia": 0.09907518386578941,
  "Bryan De La Cruz": 0.10304233774470999,
  "Emmanuel Rivera": 0.08545977632964288,
  "Jazz Chisholm Jr.": 0.10407847044992793,
  "Jorge Soler": 0.1562115406650525,
  "Josh Bell": 0.11115617623021537,
  "Jung Hoo Lee": 0.08134213625875329,
  "LaMonte Wade Jr.": 0.10304090804969862,
  "Luis Arraez": 0.06566613494032848,
  "Matt Chapman": 0.13513358338166523,
  "Michael Conforto": 0.1021308371815116,
  "Mike Yastrzemski": 0.10742355203040686,
  "Nick Ahmed": 0.07750461659552568,
  "Nick Fortes": 0.08254407774527414,
  "Patrick Bailey": 0.07822270927921357,
  "Thairo Estrada": 0.08698564875035464,
  "Tim Anderson": 0.08925619834710743,
  "Austin Slater": 0.060000000000000005,
  "Tom Murphy": 0.07361111111111111,
  "Wilmer Flores": 0.09761904761904762,
  "Jesus Sanchez": 0.060000000000000005,
  "Nick Gordon": 0.08392857142857142,
  "Tyler Fitzgerald": 0.10757575757575757,
  "Christian Bethancourt": 0.08392857142857142,
  "Otto Lopez": 0.05316792485941543,
  "Amed Rosario": 0.08392857142857142,
  "Anthony Rendon": 0.0956623367964502,
  "Brandon Drury": 0.11661541033134072,
  "Curtis Mead": 0.09023294768215444,
  "Harold Ramirez": 0.09409646706297424,
  "Isaac Paredes": 0.11179571259699464,
  "Jo Adell": 0.09395133904609555,
  "Jose Caballero": 0.09088766195376359,
  "Jose Siri": 0.09043775996415179,
  "Matt Thaiss": 0.1117928666315763,
  "Miguel San\u00f3": 0.15898116705586324,
  "Mike Trout": 0.17351926079357258,
  "Nolan Schanuel": 0.08695184412058227,
  "Randy Arozarena": 0.13276583292156607,
  "Rene Pinto": 0.0878562973240929,
  "Taylor Ward": 0.11926173154053256,
  "Yandy Diaz": 0.11470813430378618,
  "Zach Neto": 0.08956675964684419,
  "Luis Rengifo": 0.07361111111111111,
  "Logan O'Hoppe": 0.09761904761904762,
  "Mickey Moniak": 0.08392857142857142,
  "Aaron Hicks": 0.07361111111111111,
  "Richie Palacios": 0.07361111111111111,
  "Aaron Judge": 0.2409663249081921,
  "Alejandro Kirk": 0.07943717668334443,
  "Alex Verdugo": 0.09535126270102093,
  "Anthony Rizzo": 0.11990340208341468,
  "Anthony Volpe": 0.10143211082430938,
  "Austin Wells": 0.10666551771814929,
  "Bo Bichette": 0.10023053496890706,
  "Cavan Biggio": 0.08822771960643815,
  "Daulton Varsho": 0.12104445286348375,
  "George Springer": 0.11211619204687183,
  "Gleyber Torres": 0.11223679892302924,
  "Isiah Kiner-Falefa": 0.072009842009842,
  "Juan Soto": 0.15645318634638433,
  "Justin Turner": 0.11086789892923264,
  "Kevin Kiermaier": 0.07894212693238581,
  "Oswaldo Cabrera": 0.08011248621216036,
  "Trent Grisham": 0.1192918192918193,
  "Vladimir Guerrero Jr.": 0.1389485644074109,
  "Giancarlo Stanton": 0.12000000000000001,
  "Jose Trevino": 0.060000000000000005,
  "Andrew McCutchen": 0.11060618393951728,
  "Brandon Nimmo": 0.10065983576238426,
  "Brett Baty": 0.0868333355231751,
  "Bryan Reynolds": 0.14103320421489068,
  "Connor Joe": 0.09613597471177991,
  "Francisco Alvarez": 0.1359111804860989,
  "Francisco Lindor": 0.15703084022988645,
  "Harrison Bader": 0.10204107309370468,
  "Henry Davis": 0.09901773159306716,
  "Jack Suwinski": 0.16076598731460098,
  "Jared Triolo": 0.08051269717936385,
  "Jeff McNeil": 0.06998001998001999,
  "Ke'Bryan Hayes": 0.10505884826897281,
  "Oneil Cruz": 0.1634708238403331,
  "Pete Alonso": 0.16113147904342642,
  "Rowdy Tellez": 0.13339327859788216,
  "Starling Marte": 0.09975860326887724,
  "Tyrone Taylor": 0.11767444505916179,
  "DJ Stewart": 0.12000000000000001,
  "Omar Narvaez": 0.05007062146892655,
  "Edward Olivares": 0.10757575757575757,
  "Michael A. Taylor": 0.08392857142857142,
  "Adam Frazier": 0.08849379122581212,
  "Andrew Benintendi": 0.08025312229857684,
  "Andrew Vaughn": 0.12403622025779613,
  "Bobby Witt Jr.": 0.18216927487484516,
  "Braden Shewmake": 0.1123507537222112,
  "Dominic Fletcher": 0.08359482341314736,
  "Freddy Fermin": 0.1359625276986388,
  "Gavin Sheets": 0.12494057883596772,
  "Kyle Isbel": 0.0993015052199982,
  "Lenyn Sosa": 0.08657495121088445,
  "Maikel Garcia": 0.11017920799297318,
  "Martin Maldonado": 0.09789021094621417,
  "MJ Melendez": 0.20227625841570035,
  "Nelson Velazquez": 0.16780761149508877,
  "Nick Loftin": 0.11232878904249871,
  "Robbie Grossman": 0.11015067459905517,
  "Vinnie Pasquantino": 0.1506114871252548,
  "Salvador Perez": 0.15,
  "Nicky Lopez": 0.06027565571683219,
  "Hunter Renfroe": 0.09761904761904762,
  "Blake Perkins": 0.07593065152873765,
  "Brice Turang": 0.07454878454878455,
  "Fernando Tatis Jr.": 0.14820799629754006,
  "Gary Sanchez": 0.15142255113577963,
  "Ha-Seong Kim": 0.0651796464012564,
  "Jackson Chourio": 0.10906500994562686,