{
  "Adley Rutschman": 0.10156055823390206,
  "Daulton Varsho": 0.07988581494635232,
  "Davis Schneider": 0.13813030516177643,
  "Jordan Westburg": 0.12717763498517956,
  "Justin Turner": 0.1150746149382369,
  "Bo Bichette": 0.08831171113999568,
  "Austin Hays": 0.09916022142501633,
  "Gunnar Henderson": 0.12158648373565302,
  "Ryan Mountcastle": 0.12486517600782022,
  "Anthony Santander": 0.15820534236031372,
  "Danny Jansen": 0.14730858721673032,
  "George Springer": 0.09531128694915889,
  "Vladimir Guerrero Jr.": 0.11962473868607056,
  "Connor Norby": 0.09307199323032445,
  "James McCann": 0.10113034060849813,
  "Colton Cowser": 0.07959272855152963,
  "Isiah Kiner-Falefa": 0.059400298516535104,
  "Ernie Clement": 0.06156066445760766,
  "Ramon Urias": 0.060000000000000005,
  "Cedric Mullins": 0.07361111111111111,
  "Kevin Kiermaier": 0.05007062146892655,
  "Ryan O'Hearn": 0.09761904761904762,
  "Jose Ramirez": 0.12078210993468685,
  "Salvador Perez": 0.15989428267738529,
  "Josh Naylor": 0.11625003821952495,
  "Austin Hedges": 0.05489655172413793,
  "Andres Gimenez": 0.0709066135047914,
  "Tyler Freeman": 0.060000000000000005,
  "Kyle Isbel": 0.07602496401375151,
  "Steven Kwan": 0.06029097871756013,
  "MJ Melendez": 0.1334255619276103,
  "Brayan Rocchio": 0.058916053793430345,
  "Bobby Witt Jr.": 0.14099218796291552,
  "Bo Naylor": 0.09775010784678041,
  "Maikel Garcia": 0.07730777377785557,
  "Vinnie Pasquantino": 0.12511455141676425,
  "David Fry": 0.09761904761904762,
  "Will Brennan": 0.0741723715841863,
  "Nelson Velazquez": 0.09761904761904762,
  "Adam Frazier": 0.060000000000000005,
  "Hunter Renfroe": 0.11668250260180933,
  "Nick Loftin": 0.060000000000000005,
  "Kyle Manzardo": 0.1048340104785314,
  "Freddy Fermin": 0.0922729421399347,
  "Daniel Schneemann": 0.08944558365610998,
  "Garrett Hampson": 0.06783784167151308,
  "Seth Brown": 0.10322558285516167,
  "Dylan Moore": 0.16249292135630158,
  "Mitch Haniger": 0.11152932520496182,
  "J.P. Crawford": 0.07414920897765782,
  "Ty France": 0.09817059688066836,
  "Shea Langeliers": 0.09761904761904762,
  "Julio Rodriguez": 0.12424504826678305,
  "Cal Raleigh": 0.16482701656587104,
  "Brent Rooker": 0.11569030915048654,
  "Josh Rojas": 0.05007062146892655,
  "JJ Bleday": 0.1085161601358399,
  "Abraham Toro": 0.08502836691225908,
  "Luke Raley": 0.12000000000000001,
  "Dominic Canzone": 0.10757575757575757,
  "Zack Gelof": 0.06948547017185432,
  "Miguel Andujar": 0.06862014636890641,
  "Mitch Garver": 0.13623119092732244,
  "J.D. Davis": 0.08392857142857142,
  "Max Schuemann": 0.05327127521421932,
  "Ryan Bliss": 0.09054378716143421,
  "Tyler Soderstrom": 0.08970525937937886,
  "Kyle McCann": 0.11062553793029586,
  "Victor Robles": 0.06630270539458177,
  "Enrique Hernandez": 0.08567332333018463,
  "Andrew McCutchen": 0.11676890954438542,
  "Will Smith": 0.10757575757575757,
  "Connor Joe": 0.09761904761904762,
  "Gavin Lux": 0.05007062146892655,
  "Bryan Reynolds": 0.10575223979839514,
  "Mookie Betts": 0.1491810189384015,
  "Oneil Cruz": 0.1184914405392256,
  "Ke'Bryan Hayes": 0.09153084837211482,
  "Miguel Rojas": 0.06613472369008626,
  "Freddie Freeman": 0.11327500076036376,
  "Andy Pages": 0.12432122913144726,
  "Jason Heyward": 0.060000000000000005,
  "Nick Gonzales": 0.08469761157824873,
  "Shohei Ohtani": 0.1675951595846725,
  "Rowdy Tellez": 0.08740054483104663,
  "Edward Olivares": 0.09414324995900136,
  "Teoscar Hernandez": 0.15448341311054428,
  "Yasmani Grandal": 0.08392857142857142,
  "Jack Suwinski": 0.09565989915955009,
  "Miguel Vargas": 0.0935673824281322,
  "Henry Davis": 0.0981262070697616,
  "Austin Barnes": 0.06656757260574406,
  "Adam Duvall": 0.16068579488519005,
  "Austin Riley": 0.15990154594300596,
  "Ozzie Albies": 0.12066023703287243,
  "Travis d'Arnaud": 0.12000000000000001,
  "Marcell Ozuna": 0.17298255316884376,
  "Luis Garcia Jr.": 0.09028862348054666,
  "Orlando Arcia": 0.09494159002953771,
  "Matt Olson": 0.1761804196358251,
  "Lane Thomas": 0.09827471836502766,
  "Keibert Ruiz": 0.08460612514802598,
  "CJ Abrams": 0.11814916045783393,
  "Michael Harris II": 0.10304041942255424,
  "Sean Murphy": 0.14175716716212675,
  "Joey Meneses": 0.08759272508693422,
  "Jarred Kelenic": 0.060000000000000005,
  "Jacob Young": 0.049233711973705435,
  "Joey Gallo": 0.15434892394065228,
  "Nick Senzel": 0.07312933161739528,
  "Eddie Rosario": 0.09761904761904762,
  "Jesse Winker": 0.0952596698756453,
  "Aaron Judge": 0.2105390276514014,
  "Byron Buxton": 0.10757575757575757,
  "Max Kepler": 0.13620106630078632,
  "Alex Kirilloff": 0.11678861867534909,
  "DJ LeMahieu": 0.060000000000000005,
  "Gleyber Torres": 0.08254037704331683,
  "Anthony Rizzo": 0.09505517034971969,
  "Ryan Jeffers": 0.09761904761904762,
  "Trevor Larnach": 0.1332308609184188,
  "Giancarlo Stanton": 0.16322480292732439,
  "Carlos Correa": 0.10827535262765287,
  "Jose Miranda": 0.08667319283536998,
  "Christian Vazquez": 0.06354287834726766,
  "Anthony Volpe": 0.0933626689701559,
  "Austin Wells": 0.10156268198804329,
  "Willi Castro": 0.08662376257816451,
  "Juan Soto": 0.16494456177640407,
  "Alex Verdugo": 0.07361111111111111,
  "Manuel Margot": 0.05007062146892655,
  "Jose Trevino": 0.08392857142857142,
  "Carlos Santana": 0.11568343972720853,
  "Trent Grisham": 0.09569711546468099,
  "Oswaldo Cabrera": 0.07495537635152677,
  "Kyle Farmer": 0.0689136744467954,
  "Christopher Morel": 0.15969242407023515,
  "Mike Tauchman": 0.11479405350430345,
  "Elly De La Cruz": 0.12376526873375614,
  "Ian Happ": 0.13478487707327955,
  "Seiya Suzuki": 0.1514127305083111,
  "Jeimer Candelario": 0.1211579715785188,
  "Spencer Steer": 0.12014456267434692,
  "Dansby Swanson": 0.12471237103301967,
  "Tyler Stephenson": 0.10131061271412148,
  "Cody Bellinger": 0.17101550005445373,
  "Jake Fraley": 0.09515371508807771,
  "TJ Friedl": 0.09683147824913128,
  "Nico Hoerner": 0.08130987662721409,
  "Jonathan India": 0.09213806123016556,
  "Will Benson": 0.11512263268323479,
  "Miguel Amaya": 0.08392920371024104,
  "Pete Crow-Armstrong": 0.10564376205552901,
  "Jacob Hurtubise": 0.06604706731356896,
  "Michael Busch": 0.017857142857142856,
  "Yan Gomes": 0.060000000000000005,
  "Santiago Espinal": 0.060000000000000005,
  "Charlie Blackmon": 0.07575067915719237,
  "Matt Carpenter": 0.08742641311046295,
  "Ryan McMahon": 0.08077263094890448,
  "Brendan Rodgers": 0.0763279234006364,
  "Paul Goldschmidt": 0.11714222277171636,
  "Dylan Carlson": 0.051666666666666666,
  "Nolan Arenado": 0.10572372166195555,
  "Brendan Donovan": 0.07214210008327655,
  "Elias Diaz": 0.07935956214374582,
  "Ivan Herrera": 0.08549264400856336,
  "Elehuris Montero": 0.09399520230982127,
  "Ezequiel Tovar": 0.08170887159552385,
  "Nolan Gorman": 0.12097675795604292,
  "Alec Burleson": 0.08250877282768973,
  "Masyn Winn": 0.06711527302111053,
  "Brenton Doyle": 0.0725434863909997,
  "Hunter Goodman": 0.10757575757575757,
  "Michael Siani": 0.0556659141300677,
  "Jake Cave": 0.06269794076132976,
  "Michael Toglia": 0.08189239517530854,
  "Sean Bouchard": 0.10182083997873471,
  "Gavin Sheets": 0.0953977740876353,
  "Danny Mendick": 0.05007062146892655,
  "Connor Wong": 0.11778486401164695,
  "Jarren Duran": 0.12543402623382902,
  "Rafael Devers": 0.19562496075432553,
  "Rob Refsnyder": 0.09930407226330791,
  "David Hamilton": 0.0864777713334669,
  "Korey Lee": 0.07451837136338445,
  "Enmanuel Valdez": 0.1522695959913226,
  "Garrett Cooper": 0.07361111111111111,
  "Paul DeJong": 0.09478648488459675,
  "Ceddanne Rafaela": 0.10227686816826162,
  "Nicky Lopez": 0.04939508245856897,
  "Corey Julks": 0.09761904761904762,
  "Dominic Smith": 0.11792325377835525,
  "Luis Robert Jr.": 0.1384193413793254,
  "Andrew Vaughn": 0.08524122724416704,
  "Tyler O'Neill": 0.15096927354730755,
  "Lenyn Sosa": 0.07178599982369448,
  "Oscar Col\u00e1s": 0.07361111111111111,
  "Zach DeLoach": 0.10828714420289486,
  "Christian Walker": 0.12840077899114558,