{
  "Marcell Ozuna": 0.21658945678973418,
  "Adam Duvall": 0.16702339374249034,
  "Matt Olson": 0.1669675646708725,
  "Ronald Acuna Jr.": 0.1445499074498254,
  "Bryan Reynolds": 0.12439680047595954,
  "Oneil Cruz": 0.12455866652436873,
  "Andrew McCutchen": 0.154228562254736,
  "Connor Joe": 0.1218460724250793,
  "Ozzie Albies": 0.124623457017121,
  "Michael A. Taylor": 0.10462894729139322,
  "Orlando Arcia": 0.11234450485864912,
  "Michael Harris II": 0.09370818128071433,
  "Edward Olivares": 0.12634298632146243,
  "Travis d'Arnaud": 0.12358175342683951,
  "Nick Gonzales": 0.10745050316478888,
  "Yasmani Grandal": 0.09688605666866536,
  "Zack Short": 0.08251080971825653,
  "Jared Triolo": 0.08119861841435523,
  "Joey Bart": 0.10757575757575757,
  "Jarred Kelenic": 0.060000000000000005,
  "Rowdy Tellez": 0.060000000000000005,
  "Ji Hwan Bae": 0.060000000000000005,
  "Vladimir Guerrero Jr.": 0.13268752969876307,
  "Jake Rogers": 0.0980952380952381,
  "Bo Bichette": 0.0912939399781505,
  "Alejandro Kirk": 0.060000000000000005,
  "Danny Jansen": 0.15433878024271194,
  "George Springer": 0.0918290281552978,
  "Javier Baez": 0.08876447876447877,
  "Riley Greene": 0.108892661571233,
  "Kevin Kiermaier": 0.06947119547119547,
  "Spencer Torkelson": 0.11158022444940814,
  "Matt Vierling": 0.08900625526012522,
  "Kerry Carpenter": 0.11015833672463267,
  "Wenceel Perez": 0.09177194624083906,
  "Daulton Varsho": 0.11858485605924131,
  "Zach McKinstry": 0.08313532513761347,
  "Carson Kelly": 0.08256613039894774,
  "Mark Canha": 0.08990173780600073,
  "Isiah Kiner-Falefa": 0.06519047619047619,
  "Colt Keith": 0.09004791452727907,
  "Justin Turner": 0.09997381806627101,
  "Davis Schneider": 0.09500891265597147,
  "Gio Urshela": 0.060000000000000005,
  "Cavan Biggio": 0.06750504855768014,
  "Mitch Haniger": 0.14325981944153537,
  "Luis Garcia Jr.": 0.08167190626106825,
  "Riley Adams": 0.060000000000000005,
  "Dylan Moore": 0.18299276073084933,
  "Keibert Ruiz": 0.09148332221779451,
  "Ildemaro Vargas": 0.07361111111111111,
  "Ty France": 0.11421073205096328,
  "Cal Raleigh": 0.20945991268256708,
  "J.P. Crawford": 0.09640180081356552,
  "Julio Rodriguez": 0.1335763327887546,
  "Dominic Canzone": 0.09761904761904762,
  "Nick Senzel": 0.08429486156221305,
  "Luke Raley": 0.09761904761904762,
  "Josh Rojas": 0.060000000000000005,
  "CJ Abrams": 0.11584711476833401,
  "Mitch Garver": 0.16812938277997988,
  "Joey Meneses": 0.10342131416905247,
  "Joey Gallo": 0.16465131587833534,
  "Eddie Rosario": 0.12556975986855032,
  "Jorge Polanco": 0.12903245039274452,
  "Jacob Young": 0.05770996117745344,
  "Jesse Winker": 0.0999836118413831,
  "Jonatan Clase": 0.09581872004027799,
  "Luis Urias": 0.15357482024148691,
  "Salvador Perez": 0.16619119575172747,
  "Josh Lowe": 0.09761904761904762,
  "Brandon Lowe": 0.11980812106002905,
  "Randy Arozarena": 0.10367068507704072,
  "Yandy Diaz": 0.09758779239599107,
  "Kyle Isbel": 0.060000000000000005,
  "Jonathan Aranda": 0.08580667644083707,
  "Vinnie Pasquantino": 0.12980663464803183,
  "Maikel Garcia": 0.08535877903929061,
  "MJ Melendez": 0.07361111111111111,
  "Isaac Paredes": 0.10230757625630897,
  "Bobby Witt Jr.": 0.14279133354801524,
  "Michael Massey": 0.10365824758131,
  "Harold Ramirez": 0.05007062146892655,
  "Nelson Velazquez": 0.1308077383596009,
  "Jonny Deluca": 0.08530515433352388,
  "Hunter Renfroe": 0.12314250544245325,
  "Jose Caballero": 0.07632626205746956,
  "Amed Rosario": 0.05007062146892655,
  "Adam Frazier": 0.060000000000000005,
  "Richie Palacios": 0.09761904761904762,
  "Ben Rortvedt": 0.05489655172413793,
  "Dairon Blanco": 0.07361111111111111,
  "Freddy Fermin": 0.09896044801594565,
  "Jose Siri": 0.09486503018119595,
  "Alex Jackson": 0.08977643979953133,
  "Garrett Hampson": 0.06152673743265134,
  "Rafael Devers": 0.17787311515107668,
  "Willy Adames": 0.14546573382867076,
  "Connor Wong": 0.1077662316026569,
  "Christian Yelich": 0.13187295498670334,
  "Jarren Duran": 0.12099366875225355,
  "Brice Turang": 0.07185236219718978,
  "Wilyer Abreu": 0.1279860390250995,
  "Blake Perkins": 0.07202338326635002,
  "William Contreras": 0.14863207775091714,
  "David Hamilton": 0.08902174350830072,
  "Ceddanne Rafaela": 0.07653355211184655,
  "Sal Frelick": 0.07013130547613307,
  "Tyler O'Neill": 0.14949790740111585,
  "Vaughn Grissom": 0.0782061173150282,
  "Jake Bauers": 0.1309263626399176,
  "Jackson Chourio": 0.0834531847894538,
  "Dominic Smith": 0.09581078386819235,
  "Gary Sanchez": 0.15,
  "Joey Ortiz": 0.09416289758786807,
  "Garrett Cooper": 0.07361111111111111,
  "Enrique Hernandez": 0.08392857142857142,
  "Gavin Lux": 0.07921381893747362,
  "Tyler Stephenson": 0.1606850939546743,
  "Freddie Freeman": 0.12058936836252607,
  "Will Smith": 0.13815955554235956,
  "Mookie Betts": 0.15795446789682835,
  "Jonathan India": 0.10625930919740245,
  "Jake Fraley": 0.060000000000000005,
  "Andy Pages": 0.1482764404326864,
  "Spencer Steer": 0.16790997567393723,
  "Luke Maile": 0.060000000000000005,
  "Jason Heyward": 0.09761904761904762,
  "Will Benson": 0.09761904761904762,
  "Elly De La Cruz": 0.13155200912492673,
  "Jeimer Candelario": 0.16640925948909677,
  "Shohei Ohtani": 0.21186885532816188,
  "Nick Martini": 0.12543707754234068,
  "Santiago Espinal": 0.07728804104550055,
  "Teoscar Hernandez": 0.16367125780313704,
  "Mike Ford": 0.10757575757575757,
  "Stuart Fairchild": 0.1255402982797156,
  "Jacob Hurtubise": 0.06571267595867139,
  "Chris Taylor": 0.12464788715072013,
  "Miguel Rojas": 0.07870437827741385,
  "Max Kepler": 0.14450652573422493,
  "Byron Buxton": 0.15225159740653119,
  "Adolis Garcia": 0.20257979576657228,
  "Ryan Jeffers": 0.10757575757575757,
  "Alex Kirilloff": 0.11619877696800773,
  "Leody Taveras": 0.09395069081976488,
  "Trevor Larnach": 0.14479784550149763,
  "Nathaniel Lowe": 0.10553719416007502,
  "Jonah Heim": 0.12165448666544756,
  "Ezequiel Duran": 0.08392857142857142,
  "Marcus Semien": 0.12510120122939591,
  "Corey Seager": 0.18094747007347664,
  "Carlos Correa": 0.1283379125314868,
  "Jose Miranda": 0.08908456523161996,
  "Robbie Grossman": 0.05007062146892655,
  "Edouard Julien": 0.13317624775937853,
  "Josh Smith": 0.09323582603798874,
  "Willi Castro": 0.09477569523328515,
  "Carlos Santana": 0.09761904761904762,
  "Evan Carter": 0.09034302640414694,
  "Travis Jankowski": 0.057025141764146026,
  "Christian Vazquez": 0.07805412977826771,
  "Tomas Nido": 0.07138235762532438,
  "Brandon Nimmo": 0.10486258802292943,
  "Mike Yastrzemski": 0.15843778193402253,
  "Wilmer Flores": 0.08392857142857142,
  "Francisco Lindor": 0.17006562474606923,
  "Jeff McNeil": 0.06734238785901604,
  "Pete Alonso": 0.15937069187631878,
  "Heliot Ramos": 0.09149823393958968,
  "LaMonte Wade Jr.": 0.1305541681682427,
  "Thairo Estrada": 0.10049041972664416,
  "Mark Vientos": 0.16341834043065445,
  "Starling Marte": 0.09184952355790418,
  "Curt Casali": 0.05007062146892655,
  "Marco Luciano": 0.09034257322816536,
  "Brett Baty": 0.060000000000000005,
  "DJ Stewart": 0.12000000000000001,
  "Luis Matos": 0.0914495880118347,
  "Harrison Bader": 0.10216501605390493,
  "Patrick Bailey": 0.10795828602846147,
  "J. D. Martinez": 0.1620124602886674,
  "Jorge Soler": 0.1649520079129027,
  "Matt Chapman": 0.1652871699578706,
  "Cedric Mullins": 0.12544007629683634,
  "Gavin Sheets": 0.08608828049768187,
  "Anthony Santander": 0.18487741611283223,
  "Ryan Mountcastle": 0.14723076643964422,
  "Danny Mendick": 0.07087449467368331,
  "Andrew Vaughn": 0.10384060002286602,
  "Jorge Mateo": 0.10013633964627881,
  "Andrew Benintendi": 0.06977910977910978,
  "Adley Rutschman": 0.15,
  "Ryan O'Hearn": 0.1356230674087817,
  "Kyle Stowers": 0.060000000000000005,
  "Gunnar Henderson": 0.20480290490415937,
  "Jordan Westburg": 0.16122648239585985,
  "Zach Remillard": 0.05007062146892655,
  "Paul DeJong": 0.10677153534296391,
  "Colton Cowser": 0.10757575757575757,
  "Korey Lee": 0.08153721275875835,