{
  "Andruw Monasterio": 0.07956380173771477,
  "Blake Perkins": 0.0863876044615071,
  "Brandon Nimmo": 0.11787628355968179,
  "Brett Baty": 0.08163269824631823,
  "Christian Yelich": 0.09274792221415315,
  "DJ Stewart": 0.12776373236899552,
  "Francisco Alvarez": 0.13164189577982682,
  "Francisco Lindor": 0.14726881348487214,
  "Gary Sanchez": 0.15329819436360043,
  "Harrison Bader": 0.09346085924381911,
  "Jackson Chourio": 0.11897649954919723,
  "Jeff McNeil": 0.07887653736991485,
  "Joey Ortiz": 0.08142343491681239,
  "Pete Alonso": 0.1815492974655061,
  "Rhys Hoskins": 0.20794714898175606,
  "Starling Marte": 0.11122819424799621,
  "William Contreras": 0.14064774015041134,
  "Willy Adames": 0.13059579001245666,
  "Alec Bohm": 0.10659041394335511,
  "Austin Riley": 0.16136393424529016,
  "Brandon Marsh": 0.09611465532518164,
  "Bryce Harper": 0.16852480852480853,
  "Bryson Stott": 0.08372147980843632,
  "J.T. Realmuto": 0.1470786561109142,
  "Jarred Kelenic": 0.11022748130591269,
  "Kyle Schwarber": 0.20530775024770376,
  "Marcell Ozuna": 0.18101284958427816,
  "Matt Olson": 0.1960394527965166,
  "Michael Harris II": 0.11648699883994001,
  "Nick Castellanos": 0.1274663714318887,
  "Orlando Arcia": 0.10333008447043535,
  "Ozzie Albies": 0.16420956749459165,
  "Ronald Acuna Jr.": 0.17728324585467442,
  "Sean Murphy": 0.14372450161923844,
  "Trea Turner": 0.16166107823112655,
  "Johan Rojas": 0.06588042113397083,
  "Alejandro Kirk": 0.09267157182758205,
  "Ben Rortvedt": 0.11785247432306256,
  "Bo Bichette": 0.10859042837959017,
  "Brandon Lowe": 0.15644716316985224,
  "Cavan Biggio": 0.0876318870831066,
  "Daulton Varsho": 0.14755057491843512,
  "George Springer": 0.12673030637926272,
  "Harold Ramirez": 0.08944677121923596,
  "Isaac Paredes": 0.12898391372058937,
  "Isiah Kiner-Falefa": 0.06657044737793401,
  "Jose Caballero": 0.06372886198073932,
  "Jose Siri": 0.12104875240121142,
  "Justin Turner": 0.13169589927383976,
  "Kevin Kiermaier": 0.0887288189922707,
  "Randy Arozarena": 0.12241988273574295,
  "Richie Palacios": 0.0961757297283613,
  "Vladimir Guerrero Jr.": 0.15980578429527573,
  "Yandy Diaz": 0.10792923297610159,
  "Rene Pinto": 0.05990196078431373,
  "Andrew McCutchen": 0.12073898161046048,
  "Avisail Garcia": 0.09863470994209876,
  "Bryan De La Cruz": 0.1047740318294374,
  "Bryan Reynolds": 0.11200184671036334,
  "Christian Bethancourt": 0.11464229704608178,
  "Connor Joe": 0.10116038284957012,
  "Edward Olivares": 0.13064806567788406,
  "Henry Davis": 0.1052163336383269,
  "Jake Burger": 0.16858138842356254,
  "Jared Triolo": 0.06700130138210281,
  "Jazz Chisholm Jr.": 0.11822850969108978,
  "Jonah Bride": 0.08147047943845974,
  "Josh Bell": 0.11807568149240223,
  "Ke'Bryan Hayes": 0.10045060550799433,
  "Michael A. Taylor": 0.09714167949462066,
  "Oneil Cruz": 0.11225514193374725,
  "Tim Anderson": 0.0711824349339994,
  "Jesus Sanchez": 0.05990196078431373,
  "Nick Fortes": 0.05990196078431373,
  "Luis Arraez": 0.06053354675203415,
  "Rowdy Tellez": 0.07349033816425121,
  "Nick Gordon": 0.05990196078431373,
  "Aaron Judge": 0.2873048349515827,
  "Alex Bregman": 0.15254560254560254,
  "Alex Verdugo": 0.10987755681242271,
  "Anthony Rizzo": 0.1469306748035031,
  "Anthony Volpe": 0.1330887257467673,
  "Austin Wells": 0.17389824411212912,
  "Chas McCormick": 0.1534804567413263,
  "Giancarlo Stanton": 0.20643072755618905,
  "Gleyber Torres": 0.1826002846522682,
  "Jake Meyers": 0.09783516051218646,
  "Jeremy Pena": 0.10821204660841295,
  "Jose Abreu": 0.1714623603067539,
  "Jose Altuve": 0.1733597169120978,
  "Juan Soto": 0.17846328697901884,
  "Kyle Tucker": 0.15803089920892047,
  "Oswaldo Cabrera": 0.08192762310958532,
  "Yainer Diaz": 0.14520498512831123,
  "Yordan Alvarez": 0.2044827934035052,
  "Jose Trevino": 0.06897420020639836,
  "Alek Thomas": 0.10581030284402519,
  "Brendan Rodgers": 0.10316284424964482,
  "Brenton Doyle": 0.08277480684550051,
  "Charlie Blackmon": 0.11094838507417427,
  "Christian Walker": 0.17320420172250836,
  "Corbin Carroll": 0.1485919903772827,
  "Elehuris Montero": 0.10598970853749103,
  "Elias Diaz": 0.1013398049674552,
  "Eugenio Suarez": 0.16399780814042272,
  "Ezequiel Tovar": 0.09166841467117413,
  "Gabriel Moreno": 0.09099947132394398,
  "Geraldo Perdomo": 0.06474118728430175,
  "Joc Pederson": 0.23815222766868688,
  "Ketel Marte": 0.1680947400340993,
  "Kris Bryant": 0.11859575609575611,
  "Lourdes Gurriel Jr.": 0.13990446974440424,
  "Nolan Jones": 0.15246526988605538,
  "Ryan McMahon": 0.13211268064750656,
  "Jace Peterson": 0.04993169398907103,
  "Bobby Dalbec": 0.14462081128747795,
  "Cal Raleigh": 0.17978194309643658,
  "Ceddanne Rafaela": 0.10140848628613652,
  "Dominic Canzone": 0.17135061187009237,
  "Enmanuel Valdez": 0.12358965108965109,
  "J.P. Crawford": 0.10671040345921688,
  "Jarren Duran": 0.12041017801263702,
  "Jorge Polanco": 0.1773014817106653,
  "Julio Rodriguez": 0.22050436482451985,
  "Luis Urias": 0.16034722222222222,
  "Luke Raley": 0.16233409460273554,
  "Masataka Yoshida": 0.08895177258128978,
  "Mitch Haniger": 0.14318061005017527,
  "Reese McGuire": 0.08133030990173848,
  "Trevor Story": 0.11973452093315107,
  "Triston Casas": 0.13219709413549438,
  "Ty France": 0.10907772226232343,
  "Tyler O'Neill": 0.12931772906099268,
  "Rafael Devers": 0.14761904761904762,
  "Connor Wong": 0.07349033816425121,
  "Josh Rojas": 0.05990196078431373,
  "Mitch Garver": 0.12645161290322582,
  "Abraham Toro": 0.10734386347131444,
  "Andres Gimenez": 0.10381415749047292,
  "Bo Naylor": 0.13948375327421467,
  "Brayan Rocchio": 0.0826381265229589,
  "Esteury Ruiz": 0.07747182226622518,
  "Estevan Florial": 0.09455803441247973,
  "J.D. Davis": 0.1206710500694861,
  "JJ Bleday": 0.12740777740777742,
  "Jose Ramirez": 0.1362694266792526,
  "Josh Naylor": 0.14607176194315552,
  "Lawrence Butler": 0.10878784205990089,
  "Shea Langeliers": 0.14402549016002572,
  "Steven Kwan": 0.06187238512426248,
  "Tyler Freeman": 0.08214781933993756,
  "Will Brennan": 0.0655441300460074,
  "Zack Gelof": 0.12367831672258607,
  "Seth Brown": 0.08377613240418118,
  "Ryan Noda": 0.10730694037145651,
  "Brent Rooker": 0.13412698412698412,
  "Nick Allen": 0.06131847610839208,
  "Ramon Laureano": 0.09742063492063492,
  "Darell Hernaiz": 0.10818713450292397,
  "Eguy Rosario": 0.11313448456305598,
  "Fernando Tatis Jr.": 0.1633034529771052,
  "Ha-Seong Kim": 0.08775973896347594,
  "Jake Cronenworth": 0.08609700153223755,
  "Jorge Soler": 0.15835036817615214,
  "Jose Azocar": 0.0855024768528101,
  "Jung Hoo Lee": 0.09077544581395766,
  "Jurickson Profar": 0.08064045440037455,
  "LaMonte Wade Jr.": 0.11681808961807082,
  "Luis Campusano": 0.09314910090255113,
  "Manny Machado": 0.13960170806485617,
  "Matt Chapman": 0.15171241311810124,
  "Michael Conforto": 0.11287988947434446,
  "Nick Ahmed": 0.08469165507723896,
  "Patrick Bailey": 0.08243799656964855,
  "Thairo Estrada": 0.08734495497189075,
  "Wilmer Flores": 0.11972239466098383,
  "Xander Bogaerts": 0.10270663306079277,
  "Mike Yastrzemski": 0.09742063492063492,
  "Tyler Wade": 0.05990196078431373,
  "Jackson Merrill": 0.05990196078431373,
  "Alec Burleson": 0.11039449585396399,
  "Brendan Donovan": 0.10197954356821212,
  "Chris Taylor": 0.11470002989953858,
  "Freddie Freeman": 0.14718102555227336,
  "Jordan Walker": 0.09923310635776768,
  "Enrique Hernandez": 0.10931768580498527,
  "Masyn Winn": 0.07024656750918984,
  "Max Muncy": 0.17309165771571786,
  "Miguel Rojas": 0.09642674274010679,
  "Mookie Betts": 0.204460927509708,
  "Nolan Arenado": 0.13209803372098455,
  "Nolan Gorman": 0.18138754236984678,
  "Paul Goldschmidt": 0.11620224029207868,
  "Shohei Ohtani": 0.19208614900760762,
  "Teoscar Hernandez": 0.180292569313692,
  "Victor Scott II": 0.08769859521709661,
  "Will Smith": 0.14376798398415513,
  "Willson Contreras": 0.11668819759036415,
  "Gavin Lux": 0.08362369337979093,
  "James Outman": 0.08362369337979093,
  "Jason Heyward": 0.0733695652173913
}