{
  "Aaron Judge": 0.21982472596491995,
  "Alex Verdugo": 0.07911626586807115,
  "Anthony Rizzo": 0.10704785910527538,
  "Anthony Volpe": 0.1002033687077981,
  "Carson Kelly": 0.07985558765892228,
  "Colt Keith": 0.08791280910566333,
  "Giancarlo Stanton": 0.1531709598986487,
  "Gleyber Torres": 0.08734413063192552,
  "Jose Trevino": 0.06934833231809302,
  "Juan Soto": 0.14503072845637696,
  "Kerry Carpenter": 0.09842399724378947,
  "Mark Canha": 0.08704368159255686,
  "Matt Vierling": 0.08109432913585037,
  "Oswaldo Cabrera": 0.06707328351005758,
  "Riley Greene": 0.10490374867133595,
  "Spencer Torkelson": 0.11840585821700374,
  "Wenceel Perez": 0.0907857252930287,
  "Zach McKinstry": 0.08010921428498737,
  "Jake Rogers": 0.12000000000000001,
  "Javier Baez": 0.060000000000000005,
  "Parker Meadows": 0.060000000000000005,
  "Austin Wells": 0.09761904761904762,
  "Trent Grisham": 0.060000000000000005,
  "Austin Martin": 0.08415823936475479,
  "Carlos Correa": 0.11925439562898078,
  "Carlos Santana": 0.10228617860089814,
  "Ceddanne Rafaela": 0.0703522153630057,
  "Christian Vazquez": 0.0762912491563787,
  "Connor Wong": 0.08228416026022344,
  "David Hamilton": 0.07941983941983942,
  "Dominic Smith": 0.08528729232578634,
  "Edouard Julien": 0.08203332473736268,
  "Garrett Cooper": 0.0849699316904897,
  "Jarren Duran": 0.09268298394153388,
  "Jose Miranda": 0.11629114219420765,
  "Max Kepler": 0.1380549124564931,
  "Rafael Devers": 0.14724062096038712,
  "Ryan Jeffers": 0.13292284027816262,
  "Tyler O'Neill": 0.1165054667886209,
  "Willi Castro": 0.08937479105907845,
  "Wilyer Abreu": 0.09291002583431517,
  "Alex Kirilloff": 0.07361111111111111,
  "Trevor Larnach": 0.10757575757575757,
  "Reese McGuire": 0.060000000000000005,
  "Manuel Margot": 0.08392857142857142,
  "Rob Refsnyder": 0.060000000000000005,
  "Kyle Farmer": 0.060000000000000005,
  "Vaughn Grissom": 0.07361111111111111,
  "Alec Burleson": 0.12122420468870773,
  "Andrew Benintendi": 0.0879604137417895,
  "Braden Shewmake": 0.10961303775153178,
  "Brendan Donovan": 0.11062569732622823,
  "Eloy Jimenez": 0.12063897749424066,
  "Gavin Sheets": 0.14002787415263643,
  "Korey Lee": 0.105009098502476,
  "Lars Nootbaar": 0.11139940192220504,
  "Masyn Winn": 0.08490249292799144,
  "Michael Siani": 0.074801920590782,
  "Nicky Lopez": 0.06947311530202777,
  "Nolan Arenado": 0.12748037182707347,
  "Nolan Gorman": 0.16548223031556383,
  "Paul DeJong": 0.09705231815751722,
  "Paul Goldschmidt": 0.13131153975579515,
  "Robbie Grossman": 0.11669516826929073,
  "Tommy Pham": 0.12264868521899963,
  "Willson Contreras": 0.14795648160808286,
  "Ivan Herrera": 0.08392857142857142,
  "Andrew Vaughn": 0.09761904761904762,
  "Martin Maldonado": 0.07361111111111111,
  "Blake Perkins": 0.06846282461747905,
  "Brice Turang": 0.06792259420679506,
  "Christopher Morel": 0.17403457693205515,
  "Dansby Swanson": 0.1240550584897544,
  "Ian Happ": 0.11296194546194546,
  "Jackson Chourio": 0.08757116640092798,
  "Michael Busch": 0.11634711340043295,
  "Miguel Amaya": 0.09297478484158368,
  "Mike Tauchman": 0.07938601726336825,
  "Nico Hoerner": 0.08313012692246669,
  "Oliver Dunn": 0.11271423092174146,
  "Patrick Wisdom": 0.18011666259174564,
  "Pete Crow-Armstrong": 0.09669135760973976,
  "Rhys Hoskins": 0.15720826173713712,
  "Sal Frelick": 0.0690510536464787,
  "Tyler Black": 0.10814591720266785,
  "William Contreras": 0.15529395314316685,
  "Willy Adames": 0.14238544040502885,
  "Yan Gomes": 0.08392857142857142,
  "Nick Madrigal": 0.060000000000000005,
  "Matt Mervis": 0.09761904761904762,
  "Jake Bauers": 0.09761904761904762,
  "Joey Ortiz": 0.05007062146892655,
  "Gary Sanchez": 0.15,
  "Andrew McCutchen": 0.1325563855229102,
  "Brendan Rodgers": 0.07447937139552871,
  "Brenton Doyle": 0.07465195203871677,
  "Bryan Reynolds": 0.10814780605366989,
  "Charlie Blackmon": 0.07135541085344764,
  "Connor Joe": 0.09689134657545528,
  "Edward Olivares": 0.10451142862876124,
  "Elehuris Montero": 0.09187288225066807,
  "Elias Diaz": 0.07594931195809827,
  "Ezequiel Tovar": 0.07803669624841256,
  "Jake Cave": 0.07810614672683638,
  "Jared Triolo": 0.0815702186488222,
  "Jordan Beck": 0.0769555285009588,
  "Ke'Bryan Hayes": 0.09593002854736116,
  "Michael A. Taylor": 0.10602227707490865,
  "Oneil Cruz": 0.09983426070711116,
  "Ryan McMahon": 0.0881947228077259,
  "Yasmani Grandal": 0.10600483330841844,
  "Jack Suwinski": 0.08392857142857142,
  "Rowdy Tellez": 0.060000000000000005,
  "Joey Bart": 0.08392857142857142,
  "Alex Call": 0.08661454532284252,
  "Bo Bichette": 0.084919198615506,
  "Cavan Biggio": 0.08442529789669001,
  "CJ Abrams": 0.11921543863417466,
  "Daniel Vogelbach": 0.14355910299745916,
  "Danny Jansen": 0.13940128160964912,
  "Daulton Varsho": 0.15231016833237002,
  "Eddie Rosario": 0.09745004140875284,
  "George Springer": 0.09779098103190367,
  "Jesse Winker": 0.08161706090496273,
  "Joey Meneses": 0.09145781912085718,
  "Justin Turner": 0.10936573291375505,
  "Keibert Ruiz": 0.0955367463281629,
  "Kevin Kiermaier": 0.10000373532365275,
  "Luis Garcia Jr.": 0.09627391469237148,
  "Nick Senzel": 0.09435206697161956,
  "Trey Lipscomb": 0.07991906088251603,
  "Vladimir Guerrero Jr.": 0.13447971766634606,
  "Ildemaro Vargas": 0.060000000000000005,
  "Alejandro Kirk": 0.060000000000000005,
  "Riley Adams": 0.07361111111111111,
  "Davis Schneider": 0.09761904761904762,
  "Isiah Kiner-Falefa": 0.060000000000000005,
  "Jacob Young": 0.058823529411764705,
  "Abraham Toro": 0.08859213787767536,
  "Brent Rooker": 0.13000990139052687,
  "Brett Harris": 0.06591920256277353,
  "Bryan De La Cruz": 0.11603983285400012,
  "Darell Hernaiz": 0.07529375386518243,
  "Emmanuel Rivera": 0.08144156851193782,
  "Esteury Ruiz": 0.07945875509470998,
  "J.D. Davis": 0.10357872030525807,
  "Jazz Chisholm Jr.": 0.14195331133980266,
  "Jesus Sanchez": 0.09357764571436797,
  "JJ Bleday": 0.08794403363781354,
  "Josh Bell": 0.11832353694548453,
  "Nick Fortes": 0.07299471503377572,
  "Nick Gordon": 0.08920183875955658,
  "Shea Langeliers": 0.11497363541807987,
  "Tim Anderson": 0.131657196080273,
  "Tyler Nevin": 0.09530481330760174,
  "Vidal Brujan": 0.08052109732782001,
  "Lawrence Butler": 0.07361111111111111,
  "Christian Bethancourt": 0.05032558139534884,
  "Max Schuemann": 0.060000000000000005,
  "Alec Bohm": 0.08022108752059826,
  "Austin Slater": 0.06816815957981938,
  "Brandon Marsh": 0.08494018292639177,
  "Bryce Harper": 0.144843180058392,
  "Bryson Stott": 0.06586103308422589,
  "Edmundo Sosa": 0.06781193752604564,
  "J.T. Realmuto": 0.11833401645485878,
  "Jorge Soler": 0.13761101134658696,
  "Jung Hoo Lee": 0.07812843259529742,
  "Kyle Schwarber": 0.16348126127547608,
  "Matt Chapman": 0.13182360768538706,
  "Nick Castellanos": 0.10324863994242316,
  "Thairo Estrada": 0.07782489889628305,
  "Tom Murphy": 0.09273205739785793,
  "Tyler Fitzgerald": 0.07591553099467345,
  "Wilmer Flores": 0.07858301121432974,
  "Johan Rojas": 0.059823633156966496,
  "Nick Ahmed": 0.062344750243925655,
  "LaMonte Wade Jr.": 0.07361111111111111,
  "Mike Yastrzemski": 0.10757575757575757,
  "Michael Conforto": 0.060000000000000005,
  "Whit Merrifield": 0.060000000000000005,
  "Patrick Bailey": 0.08392857142857142,
  "Andres Gimenez": 0.07681972812298626,
  "Austin Hedges": 0.0762446677278345,
  "Bo Naylor": 0.10064103929791231,
  "Brandon Drury": 0.13169318919477538,
  "Brayan Rocchio": 0.0878524224867113,
  "David Fry": 0.11835102908787118,
  "Ehire Adrianza": 0.11019453044109889,
  "Jo Adell": 0.09399146631169161,
  "Jose Ramirez": 0.15223476251194867,
  "Logan O'Hoppe": 0.13951401343593595,
  "Mickey Moniak": 0.15067714485990752,
  "Nolan Schanuel": 0.082347589925145,
  "Ramon Laureano": 0.11714549624059067,
  "Steven Kwan": 0.06752314352314352,
  "Taylor Ward": 0.12274613274057168,
  "Tyler Freeman": 0.07976028964872713,
  "Willie Calhoun": 0.11631686663118529,
  "Zach Neto": 0.11770223398001176,
  "Gabriel Arias": 0.060000000000000005,