{
  "Ian Happ": 0.09044066136924878,
  "Miguel Amaya": 0.07361111111111111,
  "Nico Hoerner": 0.07534528661721644,
  "Patrick Wisdom": 0.15,
  "Tyler Stephenson": 0.09867220256123548,
  "Jonathan India": 0.07435351501870423,
  "Yan Gomes": 0.0813782965956879,
  "Christopher Morel": 0.1526425813360593,
  "Nick Madrigal": 0.05007062146892655,
  "Jake Fraley": 0.08405269275431555,
  "Elly De La Cruz": 0.1058276283397581,
  "Stuart Fairchild": 0.08392857142857142,
  "Seiya Suzuki": 0.12988001390672607,
  "Spencer Steer": 0.11043150775213607,
  "Luke Maile": 0.060000000000000005,
  "Dansby Swanson": 0.10384266178839822,
  "Will Benson": 0.08922853605578562,
  "Mike Tauchman": 0.08534496499582482,
  "Jeimer Candelario": 0.1101036451934188,
  "Cody Bellinger": 0.11144733189664066,
  "Michael Busch": 0.07361111111111111,
  "Nick Martini": 0.09329932025037606,
  "Santiago Espinal": 0.05007062146892655,
  "TJ Friedl": 0.08546115087440567,
  "Pete Crow-Armstrong": 0.08129780265354804,
  "Bryce Harper": 0.17017858791637588,
  "Matt Carpenter": 0.11910085756239602,
  "J.T. Realmuto": 0.13863740783674403,
  "Paul Goldschmidt": 0.10702594249392279,
  "Alec Bohm": 0.10569443783729497,
  "Brendan Donovan": 0.09221216730460413,
  "Nolan Arenado": 0.10083339529397227,
  "Dylan Carlson": 0.05007062146892655,
  "Ivan Herrera": 0.08241294863128137,
  "Nick Castellanos": 0.11975071760685865,
  "Kyle Schwarber": 0.22309795420010706,
  "Bryson Stott": 0.08087969156822299,
  "Edmundo Sosa": 0.08626644397033326,
  "Alec Burleson": 0.10006667947844418,
  "Brandon Marsh": 0.10658586730649548,
  "Kody Clemens": 0.09761904761904762,
  "Johan Rojas": 0.07011065323565323,
  "Nolan Gorman": 0.12393956293199541,
  "Michael Siani": 0.06125706733569285,
  "Masyn Winn": 0.060000000000000005,
  "Whit Merrifield": 0.060000000000000005,
  "Brandon Crawford": 0.1027004111571051,
  "Lars Nootbaar": 0.11968954248366012,
  "Anthony Santander": 0.12424371243985537,
  "Brandon Lowe": 0.12321543496909156,
  "Cedric Mullins": 0.08365815199185925,
  "Ryan Mountcastle": 0.09357718805971792,
  "Yandy Diaz": 0.08118117787599442,
  "Isaac Paredes": 0.09765354229602566,
  "Harold Ramirez": 0.05007062146892655,
  "Kyle Stowers": 0.060000000000000005,
  "Randy Arozarena": 0.08392857142857142,
  "Jorge Mateo": 0.07641697745278307,
  "Gunnar Henderson": 0.14529391785381138,
  "Adley Rutschman": 0.11365164683604552,
  "Jonathan Aranda": 0.09085871716658227,
  "Ryan O'Hearn": 0.11008969178034259,
  "Jordan Westburg": 0.08392857142857142,
  "Colton Cowser": 0.08332396491228636,
  "Jose Caballero": 0.06677777777777778,
  "Jonny Deluca": 0.08483156270174412,
  "Richie Palacios": 0.08715554151717529,
  "Amed Rosario": 0.05007062146892655,
  "Ben Rortvedt": 0.07214072843991708,
  "Jose Siri": 0.11112262472556589,
  "Ramon Urias": 0.08036764174871593,
  "Andrew McCutchen": 0.10748264431340657,
  "Vladimir Guerrero Jr.": 0.12322704790721702,
  "Bo Bichette": 0.09627471110420492,
  "Connor Joe": 0.09291632489885475,
  "Danny Jansen": 0.1508647082247613,
  "Bryan Reynolds": 0.11668514466133514,
  "George Springer": 0.09881213432188526,
  "Ke'Bryan Hayes": 0.08614045867266419,
  "Ji Hwan Bae": 0.06595889564923438,
  "Oneil Cruz": 0.12843190472511762,
  "Alejandro Kirk": 0.060000000000000005,
  "Kevin Kiermaier": 0.06382009152292346,
  "Daulton Varsho": 0.08392857142857142,
  "Jared Triolo": 0.060000000000000005,
  "Nick Gonzales": 0.07830958223631643,
  "Edward Olivares": 0.07361111111111111,
  "Davis Schneider": 0.14206280167551633,
  "Isiah Kiner-Falefa": 0.06728208357078419,
  "Justin Turner": 0.1156465729387275,
  "Yasmani Grandal": 0.08603757272781032,
  "Michael A. Taylor": 0.060000000000000005,
  "Ernie Clement": 0.06774728128452369,
  "Rowdy Tellez": 0.11758790698188847,
  "Brandon Nimmo": 0.07619904550967674,
  "Christian Walker": 0.11065712998486107,
  "Ketel Marte": 0.12388233522093195,
  "Tomas Nido": 0.07582680206976881,
  "Jeff McNeil": 0.05466666666666666,
  "Francisco Lindor": 0.14556818736881602,
  "Pete Alonso": 0.13867564151930728,
  "Corbin Carroll": 0.1027002090620361,
  "Mark Vientos": 0.14846608315671656,
  "Jake McCarthy": 0.06846877925324232,
  "Starling Marte": 0.08554888258188734,
  "DJ Stewart": 0.09761904761904762,
  "Gabriel Moreno": 0.07767336291632967,
  "Eugenio Suarez": 0.09445498293817271,
  "Tyrone Taylor": 0.07361111111111111,
  "Lourdes Gurriel Jr.": 0.09461204560179316,
  "Joc Pederson": 0.14801950555561239,
  "Harrison Bader": 0.09778173441052551,
  "J. D. Martinez": 0.15703668661665815,
  "Randal Grichuk": 0.08392857142857142,
  "Kevin Newman": 0.05839007885763001,
  "Rafael Devers": 0.16756261534775815,
  "Jake Rogers": 0.08392857142857142,
  "Connor Wong": 0.10200686741686774,
  "Jarren Duran": 0.10444956264962497,
  "Javier Baez": 0.07361111111111111,
  "Spencer Torkelson": 0.10757575757575757,
  "Rob Refsnyder": 0.08534083576740817,
  "Wenceel Perez": 0.08589000911272657,
  "Riley Greene": 0.1003584576209883,
  "Ceddanne Rafaela": 0.09811524131183573,
  "Matt Vierling": 0.09800348790056515,
  "David Hamilton": 0.08462921136834181,
  "Wilyer Abreu": 0.13002667771617887,
  "Mark Canha": 0.08112906760856207,
  "Zach McKinstry": 0.06504523160455364,
  "Colt Keith": 0.08615086463923674,
  "Carson Kelly": 0.07383854730278293,
  "Romy Gonzalez": 0.060000000000000005,
  "Gio Urshela": 0.061285013329212226,
  "Vaughn Grissom": 0.08789002813996895,
  "Garrett Cooper": 0.07361111111111111,
  "Dominic Smith": 0.101402375657594,
  "Akil Baddoo": 0.08426472138023744,
  "Jose Ramirez": 0.13500062114269834,
  "Luis Garcia Jr.": 0.089142259117033,
  "Josh Naylor": 0.10670061018790344,
  "Austin Hedges": 0.060000000000000005,
  "Andres Gimenez": 0.07383648918131677,
  "Gabriel Arias": 0.07186320977635521,
  "Brayan Rocchio": 0.07301704405284969,
  "Keibert Ruiz": 0.07578741510597502,
  "Tyler Freeman": 0.07798518659559874,
  "Riley Adams": 0.07361111111111111,
  "CJ Abrams": 0.10253585304633302,
  "Joey Meneses": 0.060000000000000005,
  "Bo Naylor": 0.08392857142857142,
  "Ildemaro Vargas": 0.05007062146892655,
  "David Fry": 0.10985243262028976,
  "Jacob Young": 0.056326155462184876,
  "Will Brennan": 0.060000000000000005,
  "Nick Senzel": 0.08158309555368379,
  "Johnathan Rodriguez": 0.08209339309570976,
  "Eddie Rosario": 0.10410925781522651,
  "Jesse Winker": 0.09186323912978335,
  "Kyle Manzardo": 0.09761904761904762,
  "Joey Gallo": 0.1389732718213687,
  "Lane Thomas": 0.0901021251089946,
  "Steven Kwan": 0.07210382912470199,
  "Adolis Garcia": 0.18819512037592692,
  "Jazz Chisholm Jr.": 0.1354545667313695,
  "Jesus Sanchez": 0.10154182069404179,
  "Leody Taveras": 0.08119360078781225,
  "Jonah Heim": 0.0837979470701818,
  "Nathaniel Lowe": 0.08214780799339362,
  "Bryan De La Cruz": 0.12000000000000001,
  "Nick Fortes": 0.060000000000000005,
  "Ezequiel Duran": 0.07242042601577071,
  "Marcus Semien": 0.10543931641173351,
  "Josh Smith": 0.0856564274125504,
  "Corey Seager": 0.15286537125987004,
  "Robbie Grossman": 0.05007062146892655,
  "Jake Burger": 0.13145376970767692,
  "Vidal Brujan": 0.05007062146892655,
  "Nick Gordon": 0.08331783999669594,
  "Josh Bell": 0.09532957390062868,
  "Otto Lopez": 0.06338184582354026,
  "Tim Anderson": 0.07754208754208754,
  "Wyatt Langford": 0.08806235201262826,
  "Christian Bethancourt": 0.08596702343982333,
  "Emmanuel Rivera": 0.08952847486682072,
  "Austin Riley": 0.19267653858782824,
  "Seth Brown": 0.10396044093214762,
  "Ozzie Albies": 0.1173550707237644,
  "Adam Duvall": 0.2126707405091845,
  "Orlando Arcia": 0.10475530720393733,
  "Travis d'Arnaud": 0.12000000000000001,
  "Marcell Ozuna": 0.21872172044312072,
  "Jarred Kelenic": 0.0769997009307891,
  "Brent Rooker": 0.1453589259993529,
  "Michael Harris II": 0.08703172515162694,
  "Daz Cameron": 0.07361111111111111,
  "Zack Gelof": 0.08988821326563431,
  "JJ Bleday": 0.11017627668370333,
  "Matt Olson": 0.15146741289475843,
  "J.D. Davis": 0.07361111111111111,