{
  "Willson Contreras": 0.16208923025484145,
  "Nolan Gorman": 0.1400630566189417,
  "Nolan Arenado": 0.13614772975280223,
  "Spencer Torkelson": 0.1515882345623725,
  "Paul Goldschmidt": 0.1191962004212032,
  "Kerry Carpenter": 0.11361182786919603,
  "Wenceel Perez": 0.11178315412186379,
  "Lars Nootbaar": 0.09462513617628947,
  "Riley Greene": 0.12067275518498842,
  "Brendan Donovan": 0.086842717790592,
  "Mark Canha": 0.09700237173538034,
  "Colt Keith": 0.0920134423250259,
  "Carson Kelly": 0.10098998131522792,
  "Alec Burleson": 0.09601091684471792,
  "Matt Vierling": 0.08549551365083465,
  "Michael Siani": 0.07634355216591164,
  "Javier Baez": 0.09506216400141482,
  "Masyn Winn": 0.08488783943329398,
  "Ivan Herrera": 0.07361111111111111,
  "Jake Rogers": 0.09761904761904762,
  "Parker Meadows": 0.08392857142857142,
  "Yandy Diaz": 0.12816879406192266,
  "Rhys Hoskins": 0.16407160838135604,
  "William Contreras": 0.1486215212672213,
  "Willy Adames": 0.13916811256782027,
  "Jake Bauers": 0.12568750401849982,
  "Ben Rortvedt": 0.10357137125264804,
  "Niko Goodrum": 0.11495013075472846,
  "Tyler Black": 0.0999088377619451,
  "Randy Arozarena": 0.13618575913261902,
  "Curtis Mead": 0.0937123745997638,
  "Austin Shenton": 0.1333604783294031,
  "Richie Palacios": 0.10243781414689494,
  "Brice Turang": 0.06443854094190483,
  "Blake Perkins": 0.0668451770587938,
  "Amed Rosario": 0.0712233278395482,
  "Jose Caballero": 0.0921808949395062,
  "Sal Frelick": 0.06547896910192216,
  "Oliver Dunn": 0.11956867057673509,
  "Isaac Paredes": 0.145359477124183,
  "Jose Siri": 0.09761904761904762,
  "Harold Ramirez": 0.07361111111111111,
  "Rene Pinto": 0.09761904761904762,
  "Jackson Chourio": 0.07361111111111111,
  "Joey Ortiz": 0.060000000000000005,
  "Gary Sanchez": 0.15,
  "Willi Castro": 0.14225266027411515,
  "Byron Buxton": 0.23828636768412223,
  "Max Kepler": 0.19874816204451573,
  "Carlos Correa": 0.19481472623030588,
  "Trevor Larnach": 0.17585832643303909,
  "Andrew Vaughn": 0.1518435516392365,
  "Edouard Julien": 0.1543751682996435,
  "Carlos Santana": 0.16640831234869774,
  "Gavin Sheets": 0.14624519516175138,
  "Alex Kirilloff": 0.15607793799484662,
  "Tommy Pham": 0.1554853216719777,
  "Paul DeJong": 0.12160365131379623,
  "Robbie Grossman": 0.1384666947831199,
  "Christian Vazquez": 0.09802744843280288,
  "Korey Lee": 0.12244403120383487,
  "Danny Mendick": 0.08196160988538087,
  "Braden Shewmake": 0.13016987588023965,
  "Andrew Benintendi": 0.08812208065611396,
  "Ryan Jeffers": 0.18977443609022554,
  "Eloy Jimenez": 0.12000000000000001,
  "Jose Miranda": 0.07361111111111111,
  "Kyle Farmer": 0.09761904761904762,
  "Nicky Lopez": 0.060000000000000005,
  "Manuel Margot": 0.060000000000000005,
  "Martin Maldonado": 0.07361111111111111,
  "Vladimir Guerrero Jr.": 0.14573548491519456,
  "Salvador Perez": 0.1402847222682466,
  "Daulton Varsho": 0.1319881194737884,
  "Bobby Witt Jr.": 0.14182904052469272,
  "MJ Melendez": 0.13286575317265853,
  "Vinnie Pasquantino": 0.12812377656855656,
  "Danny Jansen": 0.1557403469453899,
  "Nelson Velazquez": 0.12352166352166351,
  "George Springer": 0.11365630244461546,
  "Michael Massey": 0.1113406708141913,
  "Bo Bichette": 0.09763839607409361,
  "Daniel Vogelbach": 0.13321574162868463,
  "Davis Schneider": 0.1186396365895358,
  "Kyle Isbel": 0.07541653965901704,
  "Addison Barger": 0.09670158768414364,
  "Maikel Garcia": 0.08070613863342499,
  "Isiah Kiner-Falefa": 0.06451851090086384,
  "Adam Frazier": 0.06751820196264641,
  "Cavan Biggio": 0.060000000000000005,
  "Alejandro Kirk": 0.07361111111111111,
  "Hunter Renfroe": 0.08392857142857142,
  "Justin Turner": 0.09761904761904762,
  "Tyler Nevin": 0.07303365356066052,
  "Shea Langeliers": 0.1464933462280661,
  "Jack Suwinski": 0.12789264458679753,
  "JJ Bleday": 0.12675051737743104,
  "Oneil Cruz": 0.13540345571199594,
  "Seth Brown": 0.12854549820606265,
  "Edward Olivares": 0.09541769095486091,
  "Bryan Reynolds": 0.11508899652084681,
  "Rowdy Tellez": 0.1113021077638013,
  "Lawrence Butler": 0.132486203478378,
  "Kyle McCann": 0.1279948787929094,
  "Ryan Noda": 0.108369506137932,
  "Abraham Toro": 0.09113860501676092,
  "Ke'Bryan Hayes": 0.09452186390493013,
  "Connor Joe": 0.10159478464432024,
  "Henry Davis": 0.09548578190343894,
  "Jared Triolo": 0.0695798199587615,
  "Darell Hernaiz": 0.07141562479539186,
  "Andrew McCutchen": 0.09761904761904762,
  "Nick Allen": 0.05007062146892655,
  "Brent Rooker": 0.12000000000000001,
  "Esteury Ruiz": 0.060000000000000005,
  "Michael A. Taylor": 0.07361111111111111,
  "Max Schuemann": 0.08392857142857142,
  "Ty France": 0.09997265178260653,
  "Adam Duvall": 0.20457567008111008,
  "Austin Riley": 0.17176541568756132,
  "Marcell Ozuna": 0.18738896270752026,
  "Matt Olson": 0.16929620810471724,
  "Ronald Acuna Jr.": 0.1680294813070701,
  "Mitch Haniger": 0.12151633816171893,
  "Cal Raleigh": 0.1350460774100022,
  "Julio Rodriguez": 0.11848646630023148,
  "Ozzie Albies": 0.13361770598187586,
  "Jorge Polanco": 0.10186625547123135,
  "Dylan Moore": 0.12517946381743553,
  "Michael Harris II": 0.10886136216580419,
  "Orlando Arcia": 0.09524330078942415,
  "Luis Urias": 0.08908100927496064,
  "Seby Zavala": 0.1079950161882935,
  "Sam Haggerty": 0.08243004802309878,
  "Chadwick Tromp": 0.10913969581586377,
  "Travis d'Arnaud": 0.13358585858585859,
  "Josh Rojas": 0.07361111111111111,
  "Mitch Garver": 0.12000000000000001,
  "Zach Neto": 0.09631011461656622,
  "Taylor Ward": 0.12214011826205536,
  "J.T. Realmuto": 0.1527490517020564,
  "Luis Rengifo": 0.10605246179958824,
  "Bryce Harper": 0.18967965062881295,
  "Alec Bohm": 0.13696627933470037,
  "Nick Castellanos": 0.1466074832614398,
  "Jo Adell": 0.11301216875929519,
  "Kyle Schwarber": 0.2337472932828664,
  "Logan O'Hoppe": 0.10918367346938775,
  "Brandon Marsh": 0.12000000000000001,
  "Trea Turner": 0.17573165952389982,
  "Johan Rojas": 0.060000000000000005,
  "Brandon Drury": 0.12253915098985523,
  "Bryson Stott": 0.060000000000000005,
  "Nolan Schanuel": 0.07612586563860926,
  "Whit Merrifield": 0.08883557130621071,
  "Miguel San\u00f3": 0.16800159509030774,
  "Mickey Moniak": 0.13813646363846313,
  "Edmundo Sosa": 0.13968210204769343,
  "Cristian Pache": 0.0910894660894661,
  "Cole Tucker": 0.07692307692307693,
  "Matt Thaiss": 0.09664885866925692,
  "Luis Campusano": 0.08908639577088776,
  "Luke Maile": 0.11705882352941177,
  "Jeimer Candelario": 0.09727020623465785,
  "Jake Cronenworth": 0.08963893723955643,
  "Jonathan India": 0.0911962030078587,
  "Tyler Wade": 0.06247184684684685,
  "Elly De La Cruz": 0.12775034359165688,
  "Ha-Seong Kim": 0.0689835105181844,
  "Santiago Espinal": 0.06513276594412104,
  "Manny Machado": 0.1385850371854708,
  "Spencer Steer": 0.10619914413277912,
  "Jurickson Profar": 0.08842048227470323,
  "Jackson Merrill": 0.09170219005625087,
  "Stuart Fairchild": 0.08622031094589495,
  "Nick Martini": 0.10543400282157915,
  "Graham Pauley": 0.09341337793701171,
  "Will Benson": 0.11557789293201769,
  "Fernando Tatis Jr.": 0.15909904366539265,
  "Tyler Stephenson": 0.07361111111111111,
  "Jake Fraley": 0.07361111111111111,
  "Eguy Rosario": 0.10757575757575757,
  "Xander Bogaerts": 0.060000000000000005,
  "Christian Encarnacion-Strand": 0.09761904761904762,
  "Trent Grisham": 0.09573612184551297,
  "Aaron Judge": 0.2112577068639761,
  "Giancarlo Stanton": 0.15120977892040405,
  "Gunnar Henderson": 0.17447749281416236,
  "Juan Soto": 0.11874810238519005,
  "Anthony Volpe": 0.09747533350731964,
  "Adley Rutschman": 0.11508836903377848,
  "Ryan O'Hearn": 0.11603511459590864,
  "Jordan Westburg": 0.12319232135624308,
  "Anthony Rizzo": 0.0941157227639128,
  "Ryan Mountcastle": 0.11070391503083811,
  "Gleyber Torres": 0.09636739719493967,
  "Heston Kjerstad": 0.12045906382320438,
  "Cedric Mullins": 0.10463011525149694,
  "Colton Cowser": 0.09614730352275966,
  "Jose Trevino": 0.06732629788449945,
  "Ramon Urias": 0.09019613427508164,