{
  "Aaron Judge": 0.20264221349281958,
  "Brendan Rodgers": 0.06914949349089512,
  "Gleyber Torres": 0.07791291186565243,
  "Giancarlo Stanton": 0.17142857142857143,
  "DJ LeMahieu": 0.060000000000000005,
  "Ryan McMahon": 0.09385128191013661,
  "Charlie Blackmon": 0.07956858517464578,
  "Oswaldo Cabrera": 0.07361111111111111,
  "Brenton Doyle": 0.08262532346045959,
  "Ezequiel Tovar": 0.0889766221189146,
  "Anthony Volpe": 0.06397767603236174,
  "Michael Toglia": 0.10881953818811989,
  "Nolan Jones": 0.08231258822039934,
  "Alex Verdugo": 0.07173360120344406,
  "Austin Wells": 0.11869873017783998,
  "Jake Cave": 0.07503035843967217,
  "Jacob Stallings": 0.08392857142857142,
  "Jazz Chisholm Jr.": 0.12538571795399656,
  "Juan Soto": 0.15394299080260224,
  "Jordan Beck": 0.0861111111111111,
  "Ben Rice": 0.10650035276903168,
  "Trent Grisham": 0.11593411428257164,
  "Drew Romo": 0.06387845840226793,
  "Vladimir Guerrero Jr.": 0.11904074787175817,
  "Daulton Varsho": 0.08607987719769372,
  "Jo Adell": 0.09512369910119656,
  "Taylor Ward": 0.09197895361147602,
  "Logan O'Hoppe": 0.08469328886753476,
  "Kevin Pillar": 0.07855493775557633,
  "Davis Schneider": 0.10057625243802303,
  "Matt Thaiss": 0.08276467516790097,
  "Zach Neto": 0.08615319951933793,
  "Joey Loperfido": 0.07154329538088844,
  "Ernie Clement": 0.06512485711372357,
  "Spencer Horwitz": 0.06783033916439954,
  "Leo Jimenez": 0.059620907028591213,
  "Addison Barger": 0.07771117583600065,
  "Brandon Drury": 0.07143107136463747,
  "Niko Kavadas": 0.06602689847553343,
  "Anthony Rendon": 0.0634668781648763,
  "Brian Serven": 0.07970158574997284,
  "Alejandro Kirk": 0.07361111111111111,
  "George Springer": 0.12000000000000001,
  "Mickey Moniak": 0.07361111111111111,
  "Nolan Schanuel": 0.07361111111111111,
  "Anthony Santander": 0.09339593637570735,
  "Alex Bregman": 0.07653203398798888,
  "Jon Singleton": 0.07045537742513393,
  "Gunnar Henderson": 0.06803221769727387,
  "Eloy Jimenez": 0.061401406171584016,
  "Colton Cowser": 0.058452592351528686,
  "Yainer Diaz": 0.06760614346269661,
  "Jose Altuve": 0.06606740233402793,
  "Jake Meyers": 0.06145558460827347,
  "Adley Rutschman": 0.054096563465548184,
  "Victor Caratini": 0.05888299448886964,
  "Mauricio Dubon": 0.04875474293398429,
  "Jeremy Pena": 0.06007615225745566,
  "Ben Gamel": 0.05804780326056922,
  "Ramon Urias": 0.053570341863757046,
  "Austin Slater": 0.04658657235095686,
  "Ryan O'Hearn": 0.05766339869281046,
  "Yordan Alvarez": 0.12000000000000001,
  "Ryan Mountcastle": 0.060000000000000005,
  "Cedric Mullins": 0.09761904761904762,
  "Chas McCormick": 0.049999999999999996,
  "Jackson Holliday": 0.053888888888888896,
  "Shea Langeliers": 0.11616411863744015,
  "Brent Rooker": 0.11976939720462886,
  "Willy Adames": 0.0872108802771992,
  "Lawrence Butler": 0.08837648394675339,
  "Rhys Hoskins": 0.09104441894045139,
  "Seth Brown": 0.0818300048754541,
  "JJ Bleday": 0.08107339855592514,
  "William Contreras": 0.0820475970892104,
  "Tyler Nevin": 0.05828100842564581,
  "Jackson Chourio": 0.06332087140071221,
  "Zack Gelof": 0.07032290600726153,
  "Jake Bauers": 0.08694477928439735,
  "Garrett Mitchell": 0.04923621610374768,
  "Miguel Andujar": 0.059186965290210634,
  "Brice Turang": 0.047404505513620646,
  "Joey Ortiz": 0.05699175623186743,
  "Blake Perkins": 0.07394636015325672,
  "Max Schuemann": 0.051680377200179185,
  "Sal Frelick": 0.060000000000000005,
  "Darell Hernaiz": 0.05149425287356322,
  "Daz Cameron": 0.09761904761904762,
  "Miguel Amaya": 0.060344125235766106,
  "Ian Happ": 0.10901661631112157,
  "Seiya Suzuki": 0.1338668251714019,
  "Nick Fortes": 0.060000000000000005,
  "Nico Hoerner": 0.05324978480406954,
  "Jesus Sanchez": 0.06670506912442396,
  "Xavier Edwards": 0.049999999999999996,
  "Cody Bellinger": 0.08685744055650012,
  "Jake Burger": 0.1379986944383962,
  "Pete Crow-Armstrong": 0.08889770504699934,
  "Dansby Swanson": 0.0883984387609077,
  "Michael Busch": 0.09029364549796448,
  "Vidal Brujan": 0.06655174655174655,
  "Otto Lopez": 0.056456636719192876,
  "Isaac Paredes": 0.1055451408488711,
  "Derek Hill": 0.05881004392528893,
  "Jonah Bride": 0.055346947492138504,
  "Kyle Stowers": 0.08392857142857142,
  "Connor Norby": 0.08399452361947027,
  "David Hensley": 0.06455361392534167,
  "Cristian Pache": 0.059183022055574075,
  "Ali Sanchez": 0.05523244950891815,
  "Mike Yastrzemski": 0.11512678783567404,
  "Thairo Estrada": 0.05745469963600305,
  "Curt Casali": 0.052358872926902916,
  "LaMonte Wade Jr.": 0.08449783184388492,
  "Cal Raleigh": 0.12000000000000001,
  "Heliot Ramos": 0.07197122211476278,
  "Michael Conforto": 0.09465504560755264,
  "Julio Rodriguez": 0.07606874760624018,
  "Josh Rojas": 0.060000000000000005,
  "Dominic Canzone": 0.09761904761904762,
  "Tyler Fitzgerald": 0.08074562878355449,
  "Luke Raley": 0.13333333333333333,
  "Jorge Polanco": 0.06413895794243057,
  "Victor Robles": 0.060451764090647,
  "Matt Chapman": 0.11628206141555225,
  "Randy Arozarena": 0.0928637327079776,
  "Justin Turner": 0.05892608765022602,
  "Jerar Encarnaci\u00f3n": 0.08392857142857142,
  "Grant McCray": 0.07283846711472065,
  "Mitch Haniger": 0.06786577377829481,
  "Mitch Garver": 0.09096578638555912,
  "Dylan Moore": 0.07119474610231591,
  "Leo Rivas": 0.06374889478337754,
  "Joc Pederson": 0.1413616821647765,
  "Rafael Devers": 0.11446184444406639,
  "Wilyer Abreu": 0.10082006925880443,
  "Eugenio Suarez": 0.11097013558698644,
  "Josh Bell": 0.09807830301589403,
  "Triston Casas": 0.07748246083874842,
  "Corbin Carroll": 0.08981571428644913,
  "Jarren Duran": 0.08234968899793185,
  "Lourdes Gurriel Jr.": 0.08841400852110144,
  "Jose Herrera": 0.06351812621469,
  "Rob Refsnyder": 0.05911947798546623,
  "Ceddanne Rafaela": 0.06263822061251681,
  "Masataka Yoshida": 0.05832625124455641,
  "Connor Wong": 0.06202443166915041,
  "Geraldo Perdomo": 0.06464361107910174,
  "Jake McCarthy": 0.054456075349535955,
  "Luis Guillorme": 0.050983167970745605,
  "David Hamilton": 0.060000000000000005,
  "Tyler O'Neill": 0.13333333333333333,
  "Kevin Newman": 0.049999999999999996,
  "Adrian Del Castillo": 0.09761904761904762,
  "Bryan Reynolds": 0.10531116403122914,
  "Jonathan India": 0.07426570118938562,
  "Tyler Stephenson": 0.07917130229681789,
  "TJ Friedl": 0.07048736468522565,
  "Oneil Cruz": 0.1278878560579907,
  "Ji Hwan Bae": 0.05106664460171376,
  "Spencer Steer": 0.0814436516983539,
  "Jared Triolo": 0.05827995658964175,
  "Elly De La Cruz": 0.10113395903609237,
  "Noelvi Marte": 0.060000000000000005,
  "Rowdy Tellez": 0.08609856641288506,
  "Yasmani Grandal": 0.07361111111111111,
  "Joey Bart": 0.08954098592643013,
  "Santiago Espinal": 0.05126259987719071,
  "Ty France": 0.08353990244746547,
  "Isiah Kiner-Falefa": 0.05710487612878806,
  "Amed Rosario": 0.049999999999999996,
  "Bryan De La Cruz": 0.07774131347479611,
  "Will Benson": 0.09132777430391394,
  "Dominic Smith": 0.0690859011945895,
  "Billy McKinney": 0.06469356604558557,
  "Spencer Torkelson": 0.1302255843048682,
  "Riley Greene": 0.10983413531002731,
  "Jake Rogers": 0.10047226159874381,
  "Andrew Vaughn": 0.08340515773542691,
  "Luis Robert Jr.": 0.0849342640036492,
  "Andy Ibanez": 0.08372141821174858,
  "Miguel Vargas": 0.06869522334130418,
  "Parker Meadows": 0.08651690714173195,
  "Corey Julks": 0.06204839497247894,
  "Korey Lee": 0.060894513646350304,
  "Colt Keith": 0.07366881286194031,
  "Matt Vierling": 0.07593800336642492,
  "Gavin Sheets": 0.06018964996155681,
  "Ryan Kreidler": 0.07037382032299655,
  "Brooks Baldwin": 0.05723715228665724,
  "Lenyn Sosa": 0.06317738721227092,
  "Zach McKinstry": 0.06411686467343775,
  "Dominic Fletcher": 0.04341203351104341,
  "Kerry Carpenter": 0.09761904761904762,
  "Andrew Benintendi": 0.060000000000000005,
  "Nick Senzel": 0.060000000000000005,
  "Jace Jung": 0.09761904761904762,
  "Corey Seager": 0.12470700904004851,
  "Jose Ramirez": 0.10254878952972418,
  "Adolis Garcia": 0.11856450254564523,