{
  "Brandon Nimmo": 0.11368533794285432,
  "Brice Turang": 0.07743589743589743,
  "Christian Yelich": 0.11771315386547404,
  "Francisco Alvarez": 0.15160454243458196,
  "Francisco Lindor": 0.18352623499284618,
  "Harrison Bader": 0.11767935370085907,
  "Jackson Chourio": 0.10590641143579237,
  "Jake Bauers": 0.12096911766878764,
  "Jeff McNeil": 0.06932648082974881,
  "Oliver Dunn": 0.12448009506833035,
  "Pete Alonso": 0.19242375207411594,
  "Rhys Hoskins": 0.16520672908871667,
  "Sal Frelick": 0.08810447255825407,
  "Starling Marte": 0.1154807555774755,
  "Tyrone Taylor": 0.1697462191947486,
  "William Contreras": 0.13380481471390562,
  "Willy Adames": 0.1487110833040258,
  "Zack Short": 0.115827861430168,
  "Brett Baty": 0.05990196078431373,
  "DJ Stewart": 0.09761904761904762,
  "Andruw Monasterio": 0.04993169398907103,
  "Joey Ortiz": 0.05990196078431373,
  "Gary Sanchez": 0.09742063492063492,
  "Andrew Benintendi": 0.08954904503843551,
  "Andrew Vaughn": 0.15446390357934586,
  "Braden Shewmake": 0.14227018927479756,
  "Carson Kelly": 0.15642769928484215,
  "Colt Keith": 0.13197113545640896,
  "Dominic Fletcher": 0.10950919672862397,
  "Eloy Jimenez": 0.15706069221321342,
  "Javier Baez": 0.1409975712693104,
  "Kerry Carpenter": 0.16184805738532235,
  "Luis Robert Jr.": 0.21534329174246958,
  "Mark Canha": 0.1275593502475223,
  "Martin Maldonado": 0.09254659573335462,
  "Parker Meadows": 0.14211916046774933,
  "Riley Greene": 0.1595024483223241,
  "Spencer Torkelson": 0.2140490101487544,
  "Yoan Moncada": 0.12611929913842482,
  "Zach McKinstry": 0.10745909279204639,
  "Nicky Lopez": 0.053355887567793074,
  "Jake Rogers": 0.09742063492063492,
  "Gavin Sheets": 0.05990196078431373,
  "Andy Ibanez": 0.05990196078431373,
  "Matt Vierling": 0.05990196078431373,
  "Paul DeJong": 0.09742063492063492,
  "Kevin Pillar": 0.10730694037145651,
  "Alec Bohm": 0.1297600674313003,
  "Austin Riley": 0.18105623082739786,
  "Bryce Harper": 0.16544479942176585,
  "Bryson Stott": 0.07293719788181598,
  "J.T. Realmuto": 0.16078727181366478,
  "Jarred Kelenic": 0.12863504195792597,
  "Johan Rojas": 0.07474438381885648,
  "Kyle Schwarber": 0.18267445387419234,
  "Marcell Ozuna": 0.20198060847225924,
  "Matt Olson": 0.2123668538119596,
  "Michael Harris II": 0.13749748252292063,
  "Nick Castellanos": 0.15206726042254876,
  "Orlando Arcia": 0.11225197348328741,
  "Ozzie Albies": 0.18237151319858083,
  "Ronald Acuna Jr.": 0.20340483990291658,
  "Travis d'Arnaud": 0.15708708004274508,
  "Trea Turner": 0.17821175547939266,
  "Whit Merrifield": 0.10603871532664103,
  "Brandon Marsh": 0.05990196078431373,
  "Aaron Hicks": 0.09263096011901369,
  "Adley Rutschman": 0.12644790394790395,
  "Anthony Rendon": 0.10811553934139058,
  "Anthony Santander": 0.19031264172650844,
  "Austin Hays": 0.11885087739739174,
  "Brandon Drury": 0.1306316551839765,
  "Cedric Mullins": 0.11158196472598096,
  "Gunnar Henderson": 0.1615607168607536,
  "Jordan Westburg": 0.12520538711853266,
  "Logan O'Hoppe": 0.1343554225696478,
  "Miguel San\u00f3": 0.17670555671127752,
  "Mike Trout": 0.19397340183424075,
  "Nolan Schanuel": 0.07199681106966399,
  "Ramon Urias": 0.09989461191633651,
  "Ryan Mountcastle": 0.12369271350265502,
  "Ryan O'Hearn": 0.13280515536237367,
  "Taylor Ward": 0.12331420636976193,
  "Zach Neto": 0.1014658534278912,
  "Luis Rengifo": 0.13412698412698412,
  "Jorge Mateo": 0.04993169398907103,
  "Mickey Moniak": 0.09742063492063492,
  "Andres Gimenez": 0.0913511228156537,
  "Austin Hedges": 0.10785689714482283,
  "Brayan Rocchio": 0.09309122241997908,
  "Brent Rooker": 0.1640823628946342,
  "David Fry": 0.17639377939197015,
  "Gabriel Arias": 0.1293358633776091,
  "J.D. Davis": 0.11101960370253053,
  "JJ Bleday": 0.1442790681438806,
  "Jose Ramirez": 0.1762710575476533,
  "Kyle McCann": 0.14479638009049775,
  "Lawrence Butler": 0.1303476207404398,
  "Ramon Laureano": 0.1474810857891312,
  "Ryan Noda": 0.14067361482727556,
  "Seth Brown": 0.17180158444980578,
  "Steven Kwan": 0.07006508197684669,
  "Tyler Freeman": 0.08844413051261693,
  "Zack Gelof": 0.13639013764013763,
  "Nick Allen": 0.058399068019811054,
  "Josh Naylor": 0.09742063492063492,
  "Bo Naylor": 0.13412698412698412,
  "Shea Langeliers": 0.11961538461538462,
  "Will Brennan": 0.04993169398907103,
  "Esteury Ruiz": 0.05990196078431373,
  "Estevan Florial": 0.04993169398907103,
  "Christian Encarnacion-Strand": 0.20215135738106002,
  "CJ Abrams": 0.17098205457282498,
  "Eddie Rosario": 0.1511466389747013,
  "Elly De La Cruz": 0.14316545347235884,
  "Jeimer Candelario": 0.171306739069897,
  "Jesse Winker": 0.1548957824052797,
  "Joey Gallo": 0.23401712776319125,
  "Joey Meneses": 0.15507512624094041,
  "Jonathan India": 0.1779132791327913,
  "Keibert Ruiz": 0.15360848685436393,
  "Lane Thomas": 0.18415499950309688,
  "Luis Garcia Jr.": 0.10595381207169825,
  "Luke Maile": 0.16760564496319363,
  "Santiago Espinal": 0.10558025825206956,
  "Spencer Steer": 0.18163828530892553,
  "Stuart Fairchild": 0.1363979574362088,
  "Trey Lipscomb": 0.12762739218363867,
  "Will Benson": 0.12585228234794613,
  "Victor Robles": 0.04993169398907103,
  "Tyler Stephenson": 0.11961538461538462,
  "Jake Fraley": 0.09742063492063492,
  "Nick Martini": 0.11961538461538462,
  "Adam Frazier": 0.06566257076612579,
  "Alex Kirilloff": 0.08762169499313756,
  "Bobby Witt Jr.": 0.135153243334058,
  "Byron Buxton": 0.16847267111585362,
  "Carlos Correa": 0.1262586525386478,
  "Carlos Santana": 0.1067489998105743,
  "Christian Vazquez": 0.0740384136935861,
  "Edouard Julien": 0.09011393827611468,
  "Hunter Renfroe": 0.11639513437346809,
  "Kyle Isbel": 0.070282343402548,
  "Maikel Garcia": 0.0908197199757302,
  "Matt Wallner": 0.13845504164221922,
  "MJ Melendez": 0.12817532952778854,
  "Nick Loftin": 0.09473293428473732,
  "Royce Lewis": 0.17918313570487485,
  "Ryan Jeffers": 0.10987232080237407,
  "Salvador Perez": 0.14860412992612596,
  "Vinnie Pasquantino": 0.11421154926979299,
  "Willi Castro": 0.08298791145024376,
  "Max Kepler": 0.09742063492063492,
  "Kyle Farmer": 0.10730694037145651,
  "Nelson Velazquez": 0.09742063492063492,
  "Freddy Fermin": 0.09742063492063492,
  "Manuel Margot": 0.04993169398907103,
  "Bryan De La Cruz": 0.14618400222227837,
  "Bryan Reynolds": 0.11009580716755986,
  "Christian Bethancourt": 0.12555555555555556,
  "Connor Joe": 0.10684622174142783,
  "Edward Olivares": 0.11377693401135842,
  "Henry Davis": 0.11016765939230506,
  "Jack Suwinski": 0.08847980661125295,
  "Jake Burger": 0.15576654867591141,
  "Jared Triolo": 0.07238510199873542,
  "Jazz Chisholm Jr.": 0.14364655040946422,
  "Jesus Sanchez": 0.0989360342060031,
  "Josh Bell": 0.13101059237630067,
  "Ke'Bryan Hayes": 0.10213312153043015,
  "Luis Arraez": 0.06326574888595349,
  "Michael A. Taylor": 0.09203067365560084,
  "Nick Gordon": 0.08455478392280115,
  "Oneil Cruz": 0.1079069747581392,
  "Tim Anderson": 0.07019065091784629,
  "Andrew McCutchen": 0.09742063492063492,
  "Nick Fortes": 0.07349033816425121,
  "Avisail Garcia": 0.05990196078431373,
  "Rowdy Tellez": 0.08377613240418118,
  "Amed Rosario": 0.09468374965269376,
  "Bo Bichette": 0.11009862925214432,
  "Brian Serven": 0.10600989653621232,
  "Cavan Biggio": 0.09008103887081924,
  "Curtis Mead": 0.1054970760233918,
  "Daniel Vogelbach": 0.17417654808959157,
  "Daulton Varsho": 0.16353243904046044,
  "Ernie Clement": 0.07497947454844006,
  "George Springer": 0.13434454510274182,
  "Harold Ramirez": 0.10534553862268346,
  "Isaac Paredes": 0.13847078847078848,
  "Jose Caballero": 0.08985183337845586,
  "Jose Siri": 0.11406862071692912,
  "Kevin Kiermaier": 0.09574118655421658,
  "Randy Arozarena": 0.15572868671555398,
  "Rene Pinto": 0.1057490541589059,
  "Vladimir Guerrero Jr.": 0.1723411514035132,
  "Yandy Diaz": 0.1461509946553935,
  "Brandon Lowe": 0.15,
  "Alejandro Kirk": 0.07349033816425121,
  "Isiah Kiner-Falefa": 0.05990196078431373,
  "Richie Palacios": 0.07349033816425121,