{
  "Alex Kirilloff": 0.10198967899715429,
  "Austin Barnes": 0.08372760872760872,
  "Austin Martin": 0.08510011799485484,
  "Byron Buxton": 0.14370360976104288,
  "Carlos Correa": 0.11358078942044272,
  "Carlos Santana": 0.10957291470111982,
  "Christian Vazquez": 0.07361587535271746,
  "Edouard Julien": 0.09564780294899321,
  "Freddie Freeman": 0.13533787501204902,
  "James Outman": 0.13470060042223536,
  "Enrique Hernandez": 0.121045724093361,
  "Kyle Farmer": 0.07514092461736441,
  "Manuel Margot": 0.09061273428574661,
  "Max Muncy": 0.2025446993354567,
  "Miguel Rojas": 0.0891156462585034,
  "Mookie Betts": 0.1454614119034604,
  "Shohei Ohtani": 0.24228833728975183,
  "Teoscar Hernandez": 0.15487519091638086,
  "Gavin Lux": 0.060000000000000005,
  "Will Smith": 0.09761904761904762,
  "Ryan Jeffers": 0.08392857142857142,
  "Matt Wallner": 0.12000000000000001,
  "Willi Castro": 0.07361111111111111,
  "Alec Bohm": 0.10161680360887626,
  "Alec Burleson": 0.0757232791915832,
  "Brandon Crawford": 0.08762830563626385,
  "Brandon Marsh": 0.08654328221581387,
  "Brendan Donovan": 0.07664996500891849,
  "Bryce Harper": 0.13535520969608344,
  "Bryson Stott": 0.06547356430013168,
  "Ivan Herrera": 0.10298785310457637,
  "J.T. Realmuto": 0.1687127411435572,
  "Johan Rojas": 0.067209489405622,
  "Jordan Walker": 0.10549363592470086,
  "Kyle Schwarber": 0.1866254927490008,
  "Nick Castellanos": 0.14037968885645963,
  "Nolan Arenado": 0.13335395930713656,
  "Nolan Gorman": 0.12185355954586724,
  "Trea Turner": 0.18172617174964886,
  "Victor Scott II": 0.06204222346206534,
  "Willson Contreras": 0.1327934073885443,
  "Whit Merrifield": 0.060000000000000005,
  "Masyn Winn": 0.060000000000000005,
  "Paul Goldschmidt": 0.08963203463203463,
  "Alejandro Kirk": 0.0813251106244062,
  "Bo Bichette": 0.09305034387788634,
  "Cal Raleigh": 0.1699247353541362,
  "Cavan Biggio": 0.08905815273589082,
  "Daulton Varsho": 0.11525945564407102,
  "Dylan Moore": 0.11908825978042735,
  "Ernie Clement": 0.06683791789684976,
  "George Springer": 0.11351058400509431,
  "J.P. Crawford": 0.08519960780022699,
  "Jorge Polanco": 0.127780628982002,
  "Julio Rodriguez": 0.13386390568856713,
  "Justin Turner": 0.11258500456028009,
  "Kevin Kiermaier": 0.08660841673694095,
  "Luis Urias": 0.08585094347126433,
  "Mitch Garver": 0.13794151775758073,
  "Mitch Haniger": 0.13960563304078735,
  "Ty France": 0.10355938645184433,
  "Vladimir Guerrero Jr.": 0.14678415279583404,
  "Dominic Canzone": 0.12000000000000001,
  "Josh Rojas": 0.05007062146892655,
  "Isiah Kiner-Falefa": 0.060000000000000005,
  "Blaze Alexander": 0.10919929490232419,
  "Brendan Rodgers": 0.09335456883943562,
  "Brenton Doyle": 0.1266499753323633,
  "Christian Walker": 0.17874941842698952,
  "Corbin Carroll": 0.10776820945429895,
  "Elehuris Montero": 0.14221907392466437,
  "Eugenio Suarez": 0.17342829314858116,
  "Ezequiel Tovar": 0.12691602723699502,
  "Jacob Stallings": 0.09461906514538095,
  "Ketel Marte": 0.1913936478807628,
  "Kevin Newman": 0.07627525791589455,
  "Kris Bryant": 0.1525347135874761,
  "Lourdes Gurriel Jr.": 0.12490496000453864,
  "Michael Toglia": 0.18754782177995336,
  "Nolan Jones": 0.11856574484100217,
  "Randal Grichuk": 0.1532387351559465,
  "Ryan McMahon": 0.12485601284849547,
  "Tucker Barnhart": 0.07467494945516046,
  "Charlie Blackmon": 0.08392857142857142,
  "Elias Diaz": 0.12000000000000001,
  "Jake McCarthy": 0.05007062146892655,
  "Jace Peterson": 0.05007062146892655,
  "Gabriel Moreno": 0.07361111111111111,
  "Joc Pederson": 0.08392857142857142,
  "Austin Slater": 0.0918179968982108,
  "CJ Abrams": 0.07510712358040603,
  "Drew Millas": 0.07959559597490633,
  "Eddie Rosario": 0.0686861211560564,
  "Jesse Winker": 0.06889368030506496,
  "Joey Gallo": 0.13064393111387995,
  "Jorge Soler": 0.21177545030399633,
  "Lane Thomas": 0.07873384801869203,
  "Luis Garcia Jr.": 0.061827367564209666,
  "Matt Chapman": 0.183208045067534,
  "Michael Conforto": 0.0968399571638438,
  "Nick Ahmed": 0.08808739937205184,
  "Thairo Estrada": 0.07915362622519616,
  "Tom Murphy": 0.13557657064522052,
  "Trey Lipscomb": 0.06371703996489671,
  "Tyler Fitzgerald": 0.1005034070365735,
  "Wilmer Flores": 0.12275006361829344,
  "Riley Adams": 0.07361111111111111,
  "Jung Hoo Lee": 0.060000000000000005,
  "Patrick Bailey": 0.060000000000000005,
  "Mike Yastrzemski": 0.08392857142857142,
  "Ildemaro Vargas": 0.05007062146892655,
  "Joey Meneses": 0.060000000000000005,
  "LaMonte Wade Jr.": 0.08392857142857142,
  "Keibert Ruiz": 0.060000000000000005,
  "Jacob Young": 0.05769565217391305,
  "Austin Shenton": 0.1473105610322716,
  "Ben Rortvedt": 0.0910357213936661,
  "Brandon Drury": 0.1415584233378032,
  "Curtis Mead": 0.10005569580620159,
  "Isaac Paredes": 0.1373959242446398,
  "Jo Adell": 0.12449584359605911,
  "Jose Caballero": 0.08380280188217572,
  "Jose Siri": 0.11127813806626222,
  "Luis Rengifo": 0.15794681508967223,
  "Matt Thaiss": 0.14357972528887072,
  "Mickey Moniak": 0.18511322508631017,
  "Miguel San\u00f3": 0.20706190958485887,
  "Mike Trout": 0.23124380647005083,
  "Randy Arozarena": 0.12849880136434227,
  "Richie Palacios": 0.10137696292086998,
  "Taylor Ward": 0.1458135524677146,
  "Yandy Diaz": 0.11865399851842665,
  "Zach Neto": 0.11399834140218755,
  "Brandon Lowe": 0.13358585858585859,
  "Aaron Hicks": 0.07361111111111111,
  "Logan O'Hoppe": 0.13358585858585859,
  "Nolan Schanuel": 0.07361111111111111,
  "Amed Rosario": 0.05007062146892655,
  "Anthony Rendon": 0.09761904761904762,
  "Rene Pinto": 0.08392857142857142,
  "Andres Gimenez": 0.0945982455637041,
  "Andrew Benintendi": 0.059812759215593224,
  "Andrew Vaughn": 0.11461409223554972,
  "Bo Naylor": 0.1309234893042989,
  "Braden Shewmake": 0.09577911653164528,
  "Brayan Rocchio": 0.08199704722906813,
  "Dominic Fletcher": 0.07910509925939158,
  "Estevan Florial": 0.09623703535468241,
  "Gavin Sheets": 0.11748248040230705,
  "Jose Ramirez": 0.12459300221180908,
  "Josh Naylor": 0.13071948180643833,
  "Korey Lee": 0.10761744738132153,
  "Lenyn Sosa": 0.1050976003348998,
  "Ramon Laureano": 0.09868379170150539,
  "Robbie Grossman": 0.1065399076423874,
  "Steven Kwan": 0.06292093749330592,
  "Will Brennan": 0.07685549224852421,
  "Tyler Freeman": 0.060000000000000005,
  "Nicky Lopez": 0.057067026540710754,
  "Paul DeJong": 0.07361111111111111,
  "Martin Maldonado": 0.060000000000000005,
  "Kevin Pillar": 0.10757575757575757,
  "Christopher Morel": 0.14016236046477365,
  "Cody Bellinger": 0.13541852233269785,
  "Dansby Swanson": 0.11260133946347381,
  "Fernando Tatis Jr.": 0.1562593031537131,
  "Ha-Seong Kim": 0.06650868730444327,
  "Ian Happ": 0.11670825462808126,
  "Jackson Merrill": 0.09509524249343254,
  "Jake Cronenworth": 0.10074567908535752,
  "Jurickson Profar": 0.09413535706852538,
  "Luis Campusano": 0.08525656092745754,
  "Manny Machado": 0.1270652949333346,
  "Michael Busch": 0.11428091673374463,
  "Miguel Amaya": 0.09470305818175802,
  "Mike Tauchman": 0.07968254886193818,
  "Miles Mastrobuoni": 0.09009740259740259,
  "Seiya Suzuki": 0.1140667089048762,
  "Xander Bogaerts": 0.0912306522256588,
  "Nico Hoerner": 0.060000000000000005,
  "Tyler Wade": 0.06248625824980505,
  "Yan Gomes": 0.060000000000000005,
  "Nick Madrigal": 0.05007062146892655,
  "Blake Perkins": 0.10253538621188453,
  "Brice Turang": 0.07680805231075448,
  "Christian Encarnacion-Strand": 0.1475386581705594,
  "Christian Yelich": 0.15259128489266266,
  "Elly De La Cruz": 0.12014077060821807,
  "Jackson Chourio": 0.12110275912184135,
  "Jake Bauers": 0.1475342372512184,
  "Jeimer Candelario": 0.12348005003374386,
  "Joey Ortiz": 0.08048617730447467,
  "Jonathan India": 0.1058834553730319,
  "Luke Maile": 0.10055879124506575,
  "Sal Frelick": 0.07755055093791034,
  "Santiago Espinal": 0.07076465039795451,
  "Spencer Steer": 0.13814637137807131,
  "Stuart Fairchild": 0.09507655144910047,
  "Will Benson": 0.12612265024352937,
  "William Contreras": 0.16287107572689838,