{
  "Brent Rooker": 0.16290112479777746,
  "Carson Kelly": 0.08007975584542162,
  "Colt Keith": 0.09130408017876049,
  "Gio Urshela": 0.07729130137596957,
  "J.D. Davis": 0.09905587281260651,
  "Javier Baez": 0.08937863220039195,
  "JJ Bleday": 0.12113518456135412,
  "Kerry Carpenter": 0.106667426436019,
  "Lawrence Butler": 0.09974916867331729,
  "Mark Canha": 0.09794538406130424,
  "Parker Meadows": 0.10320071375058587,
  "Riley Greene": 0.10110878041935757,
  "Ryan Noda": 0.11552287619437682,
  "Seth Brown": 0.12093032331789964,
  "Shea Langeliers": 0.15633345447258704,
  "Spencer Torkelson": 0.1607672597728102,
  "Zack Gelof": 0.12154804246011074,
  "Nick Allen": 0.05881677896383779,
  "Jake Rogers": 0.07349033816425121,
  "Alex Kirilloff": 0.12104561809497395,
  "Andres Gimenez": 0.10117179428591834,
  "Bo Naylor": 0.11543306111088696,
  "Brayan Rocchio": 0.08726352185543643,
  "Byron Buxton": 0.15376421109735453,
  "Carlos Correa": 0.11624758992984147,
  "Carlos Santana": 0.1321911774707662,
  "David Fry": 0.10667500447667651,
  "Edouard Julien": 0.11832349749016415,
  "Jose Ramirez": 0.12668603599784828,
  "Josh Naylor": 0.13453731788573417,
  "Matt Wallner": 0.17107740908058597,
  "Max Kepler": 0.16824202028680235,
  "Ryan Jeffers": 0.10345011369467891,
  "Steven Kwan": 0.06647165356143685,
  "Tyler Freeman": 0.07256527550689909,
  "Will Brennan": 0.07913240776513088,
  "Willi Castro": 0.09777941542041829,
  "Christian Vazquez": 0.05990196078431373,
  "Ramon Laureano": 0.08377613240418118,
  "Estevan Florial": 0.04993169398907103,
  "Avisail Garcia": 0.08584987493795254,
  "Brendan Donovan": 0.05920970116499424,
  "Bryan De La Cruz": 0.091010129097926,
  "Emmanuel Rivera": 0.07724505833251653,
  "Ivan Herrera": 0.10058576106594398,
  "Jake Burger": 0.1419499721211309,
  "Jazz Chisholm Jr.": 0.08760398030168356,
  "Jordan Walker": 0.08646716089147705,
  "Josh Bell": 0.1012282282601214,
  "Masyn Winn": 0.07376114081996435,
  "Nick Fortes": 0.07741572591248817,
  "Nolan Arenado": 0.14277003476728514,
  "Nolan Gorman": 0.11026699317481811,
  "Paul Goldschmidt": 0.12196926417057158,
  "Tim Anderson": 0.0790835130407323,
  "Victor Scott II": 0.06614808481981158,
  "Willson Contreras": 0.13026810006277087,
  "Jesus Sanchez": 0.07349033816425121,
  "Christian Bethancourt": 0.08377613240418118,
  "Alec Burleson": 0.05990196078431373,
  "Nick Gordon": 0.05990196078431373,
  "Luis Arraez": 0.058195857290284536,
  "Adley Rutschman": 0.1054071235310624,
  "Alika Williams": 0.09551728464771943,
  "Anthony Santander": 0.15722000970826494,
  "Austin Hays": 0.10692709548911834,
  "Bryan Reynolds": 0.10920435504534115,
  "Cedric Mullins": 0.10112558381789151,
  "Connor Joe": 0.10123976205241975,
  "Edward Olivares": 0.10920750690843554,
  "Gunnar Henderson": 0.12574275718088426,
  "Jack Suwinski": 0.1243387046530085,
  "James McCann": 0.11710319146342285,
  "Jared Triolo": 0.08006707182908555,
  "Joey Bart": 0.11360454299549357,
  "Jordan Westburg": 0.11194756978534182,
  "Jorge Mateo": 0.07620108438229911,
  "Oneil Cruz": 0.12780180780358574,
  "Rowdy Tellez": 0.105921316337983,
  "Ryan Mountcastle": 0.12260796331935324,
  "Andrew McCutchen": 0.09742063492063492,
  "Ke'Bryan Hayes": 0.11050009018759019,
  "Ramon Urias": 0.04993169398907103,
  "Henry Davis": 0.07349033816425121,
  "Michael A. Taylor": 0.10039682539682539,
  "Austin Barnes": 0.07666857892116781,
  "Chris Taylor": 0.10143844377743774,
  "Christopher Morel": 0.12278621247200482,
  "Cody Bellinger": 0.10802061873378004,
  "Dansby Swanson": 0.1055099639342258,
  "Freddie Freeman": 0.10887875183497718,
  "Ian Happ": 0.09510668355646944,
  "Enrique Hernandez": 0.09607582219964587,
  "Max Muncy": 0.12982620313641363,
  "Michael Busch": 0.1027544757209829,
  "Miguel Rojas": 0.07999881328442612,
  "Mookie Betts": 0.1668451201795432,
  "Nico Hoerner": 0.06795907251789605,
  "Seiya Suzuki": 0.10425019560851821,
  "Shohei Ohtani": 0.14357273031887338,
  "Teoscar Hernandez": 0.15257994273928951,
  "Yan Gomes": 0.07869353850056013,
  "Gavin Lux": 0.04993169398907103,
  "Will Smith": 0.06965248487071336,
  "James Outman": 0.09742063492063492,
  "Nick Madrigal": 0.058298014858117156,
  "Alec Bohm": 0.08074462542873916,
  "Brandon Marsh": 0.1085486438012715,
  "Bryce Harper": 0.17671669101050838,
  "Bryson Stott": 0.08274158642132225,
  "Ildemaro Vargas": 0.08195327746243078,
  "J.T. Realmuto": 0.1252873837808994,
  "Jesse Winker": 0.07441344825207988,
  "Joey Gallo": 0.13051422529011078,
  "Joey Meneses": 0.09346049856926227,
  "Johan Rojas": 0.0691583437874998,
  "Keibert Ruiz": 0.07365183147479462,
  "Kyle Schwarber": 0.24680952478675477,
  "Lane Thomas": 0.10354972251523975,
  "Nick Castellanos": 0.11543105837409458,
  "Trea Turner": 0.14363515282716807,
  "Trey Lipscomb": 0.0823741327989204,
  "Luis Garcia Jr.": 0.05990196078431373,
  "Riley Adams": 0.07349033816425121,
  "CJ Abrams": 0.05990196078431373,
  "Whit Merrifield": 0.05990196078431373,
  "Eddie Rosario": 0.09742063492063492,
  "Jacob Young": 0.05909793943022502,
  "Nasim Nunez": 0.05645852464034282,
  "Brandon Nimmo": 0.15748722979908938,
  "Brett Baty": 0.12412080408522533,
  "Christian Encarnacion-Strand": 0.15530957330832634,
  "Elly De La Cruz": 0.14265209487102012,
  "Francisco Lindor": 0.18215006745460308,
  "Harrison Bader": 0.07866975932859352,
  "Jake Fraley": 0.13071254428847953,
  "Jeff McNeil": 0.10029687390962938,
  "Jeimer Candelario": 0.15593389477870398,
  "Jonathan India": 0.12566920444272195,
  "Nick Martini": 0.10415219156375176,
  "Omar Narvaez": 0.09787467423496835,
  "Pete Alonso": 0.1781369932336728,
  "Spencer Steer": 0.1058095157211587,
  "Starling Marte": 0.10089951407002107,
  "Tyler Stephenson": 0.08915572917701284,
  "Tyrone Taylor": 0.1721165797773185,
  "Will Benson": 0.15460828899044,
  "Francisco Alvarez": 0.11961538461538462,
  "DJ Stewart": 0.10057035647279551,
  "Alex Bregman": 0.1222512511931914,
  "Chas McCormick": 0.11373179510478258,
  "Corey Seager": 0.1905990647598423,
  "Evan Carter": 0.10341359690571994,
  "Jake Meyers": 0.09421011698049761,
  "Jared Walsh": 0.11484533984533983,
  "Jeremy Pena": 0.09090363523240344,
  "Jonah Heim": 0.11450960364421903,
  "Jose Abreu": 0.11612908246418414,
  "Jose Altuve": 0.13699084227681094,
  "Josh Smith": 0.08932811616580931,
  "Kyle Tucker": 0.16458765624782676,
  "Leody Taveras": 0.0816888338720364,
  "Marcus Semien": 0.17531301696794854,
  "Wyatt Langford": 0.13971165938586075,
  "Yainer Diaz": 0.15447461258596812,
  "Yordan Alvarez": 0.24464095324995336,
  "Adolis Garcia": 0.2451757804067182,
  "Ezequiel Duran": 0.05990196078431373,
  "Aaron Judge": 0.20435159749200038,
  "Alex Verdugo": 0.09980922742677666,
  "Anthony Rizzo": 0.1095515845203784,
  "Anthony Volpe": 0.0953572965042575,
  "Austin Wells": 0.11344157680035542,
  "Bo Bichette": 0.08172680207368684,
  "Brian Serven": 0.08172231508865173,
  "Daniel Vogelbach": 0.12989018883415435,
  "Daulton Varsho": 0.11402883028193202,
  "Ernie Clement": 0.07248820954641431,
  "George Springer": 0.09441782661693923,
  "Giancarlo Stanton": 0.13800725368932415,
  "Gleyber Torres": 0.12368464562426514,
  "Juan Soto": 0.14102004160953577,
  "Justin Turner": 0.09473055217771123,
  "Kevin Kiermaier": 0.06805740752396869,
  "Oswaldo Cabrera": 0.08431907670671523,
  "Vladimir Guerrero Jr.": 0.13033802438322908,
  "Cavan Biggio": 0.05990196078431373,
  "Jose Trevino": 0.05990196078431373,
  "Alejandro Kirk": 0.05990196078431373,
  "Isiah Kiner-Falefa": 0.05990196078431373,
  "Davis Schneider": 0.1,
  "Andrew Benintendi": 0.07466521683560223,
  "Andrew Vaughn": 0.16278243065641937,
  "Bobby Witt Jr.": 0.2054855902142666,
  "Dominic Fletcher": 0.08355787288600806,
  "Garrett Hampson": 0.09039852332020028,
  "Gavin Sheets": 0.11029366546607926,
  "Kevin Pillar": 0.15356270162261063,
  "Kyle Isbel": 0.07558699119339851,
  "Lenyn Sosa": 0.1311193016783079,
  "Maikel Garcia": 0.13425488472065164,