{
  "Adam Frazier": 0.06379196528109572,
  "Bobby Witt Jr.": 0.12125493063041852,
  "Colt Keith": 0.08172555295233314,
  "Javier Baez": 0.08101672517306856,
  "Kerry Carpenter": 0.11775860888765058,
  "Kyle Isbel": 0.07164942174296304,
  "Maikel Garcia": 0.07889613259684365,
  "Mark Canha": 0.08469422494641242,
  "Matt Vierling": 0.0824017579620768,
  "Michael Massey": 0.09533669989210934,
  "MJ Melendez": 0.12885017045263383,
  "Nelson Velazquez": 0.10546059641311603,
  "Parker Meadows": 0.0826685324067523,
  "Riley Greene": 0.11403364578947303,
  "Salvador Perez": 0.13671114233099443,
  "Spencer Torkelson": 0.1412175148670971,
  "Vinnie Pasquantino": 0.10995840475485329,
  "Jake Rogers": 0.07888888888888888,
  "Hunter Renfroe": 0.07361111111111111,
  "Buddy Kennedy": 0.060000000000000005,
  "Garrett Hampson": 0.05007062146892655,
  "Freddy Fermin": 0.07361111111111111,
  "Carson Kelly": 0.08051954229180257,
  "Abraham Toro": 0.0656665147261189,
  "Adley Rutschman": 0.10004925933972161,
  "Anthony Santander": 0.12593528599869136,
  "Brent Rooker": 0.10245030397705328,
  "Cedric Mullins": 0.09081149912136421,
  "Colton Cowser": 0.0821971254313354,
  "Darell Hernaiz": 0.07633699633699634,
  "Gunnar Henderson": 0.14536923954333933,
  "JJ Bleday": 0.07153901872276848,
  "Jordan Westburg": 0.09991302204910643,
  "Lawrence Butler": 0.06678465223317721,
  "Ramon Urias": 0.08832164004577797,
  "Ryan Mountcastle": 0.10144363965681967,
  "Ryan O'Hearn": 0.10458208641936677,
  "Shea Langeliers": 0.127109641752616,
  "Tyler Nevin": 0.07187729891494213,
  "Seth Brown": 0.060000000000000005,
  "Jorge Mateo": 0.060000000000000005,
  "Nick Allen": 0.060000000000000005,
  "Ryan Noda": 0.060000000000000005,
  "James McCann": 0.07361111111111111,
  "Esteury Ruiz": 0.06015753132648633,
  "Max Schuemann": 0.06508677034032004,
  "Addison Barger": 0.11088450652162886,
  "Andy Pages": 0.0985104725699598,
  "Bo Bichette": 0.08200384022379259,
  "Cavan Biggio": 0.06651851090086384,
  "Danny Jansen": 0.1349344289815383,
  "Daulton Varsho": 0.13349892990098125,
  "Freddie Freeman": 0.13342496618841002,
  "Gavin Lux": 0.07502822341057636,
  "George Springer": 0.09785961587732957,
  "Isiah Kiner-Falefa": 0.059503521496898984,
  "James Outman": 0.12164854820224202,
  "Justin Turner": 0.1104057001492899,
  "Max Muncy": 0.1760091868295506,
  "Mookie Betts": 0.1397813987254981,
  "Shohei Ohtani": 0.22404129256377706,
  "Teoscar Hernandez": 0.13673260293397593,
  "Vladimir Guerrero Jr.": 0.1212822946859923,
  "Will Smith": 0.10830078608911285,
  "Enrique Hernandez": 0.07361111111111111,
  "Davis Schneider": 0.09761904761904762,
  "Bobby Dalbec": 0.12086037546494817,
  "Ceddanne Rafaela": 0.09097715428184094,
  "Christopher Morel": 0.13531335048662346,
  "Connor Wong": 0.11548961260564213,
  "Dansby Swanson": 0.10168437953920409,
  "Enmanuel Valdez": 0.07870452469734766,
  "Ian Happ": 0.10289191862111353,
  "Jarren Duran": 0.083071134046361,
  "Matt Mervis": 0.11000675643532787,
  "Michael Busch": 0.11139637953159612,
  "Miguel Amaya": 0.08236801512663582,
  "Mike Tauchman": 0.0784396836254369,
  "Nico Hoerner": 0.07305753430778023,
  "Pablo Reyes": 0.11266339869281046,
  "Pete Crow-Armstrong": 0.08561722759451355,
  "Rafael Devers": 0.12485636182140102,
  "Rob Refsnyder": 0.08608405984590502,
  "Tyler O'Neill": 0.17080202426269223,
  "Nick Madrigal": 0.05007062146892655,
  "Reese McGuire": 0.060000000000000005,
  "Masataka Yoshida": 0.07361111111111111,
  "Wilyer Abreu": 0.0606906906906907,
  "Yan Gomes": 0.060000000000000005,
  "Bryan De La Cruz": 0.14480844916854704,
  "CJ Abrams": 0.11631900468337865,
  "Eddie Rosario": 0.10510745318437625,
  "Jazz Chisholm Jr.": 0.16960320169283377,
  "Jesse Winker": 0.09298769871288956,
  "Jesus Sanchez": 0.11577311453359493,
  "Joey Gallo": 0.17522684443320205,
  "Joey Meneses": 0.09239531545522217,
  "Josh Bell": 0.1279217258581839,
  "Keibert Ruiz": 0.09113973324763919,
  "Luis Arraez": 0.07048867586819701,
  "Luis Garcia Jr.": 0.08361313961988937,
  "Nick Fortes": 0.075975987020501,
  "Nick Gordon": 0.10388496616101518,
  "Tim Anderson": 0.06667995266292208,
  "Trey Lipscomb": 0.07787741793269563,
  "Vidal Brujan": 0.08245920745920747,
  "Riley Adams": 0.07361111111111111,
  "Ildemaro Vargas": 0.07361111111111111,
  "Avisail Garcia": 0.07361111111111111,
  "Jacob Young": 0.055531691258131045,
  "Emmanuel Rivera": 0.07361111111111111,
  "Alec Burleson": 0.08050822918482542,
  "Brandon Crawford": 0.08060498629287349,
  "Brandon Nimmo": 0.11500389417372082,
  "Brendan Donovan": 0.08211548352429038,
  "Brett Baty": 0.07871274591102645,
  "Francisco Lindor": 0.1384098421417243,
  "Harrison Bader": 0.07751817401170205,
  "J. D. Martinez": 0.16724105596654615,
  "Jeff McNeil": 0.06596530880126367,
  "Lars Nootbaar": 0.09393708090323723,
  "Michael Siani": 0.05409298976427528,
  "Nolan Arenado": 0.11721741483887232,
  "Nolan Gorman": 0.1030396840556277,
  "Paul Goldschmidt": 0.10443067716693347,
  "Pete Alonso": 0.14984542799668849,
  "Starling Marte": 0.0950310780769562,
  "Tomas Nido": 0.06062736333837535,
  "Willson Contreras": 0.13013050937536064,
  "Ivan Herrera": 0.08392857142857142,
  "Masyn Winn": 0.060000000000000005,
  "DJ Stewart": 0.13358585858585859,
  "Omar Narvaez": 0.060000000000000005,
  "Tyrone Taylor": 0.12000000000000001,
  "Adam Duvall": 0.1685186369740363,
  "Austin Hedges": 0.07848132665450898,
  "Austin Riley": 0.16376448605982125,
  "Brayan Rocchio": 0.07009824808004178,
  "David Fry": 0.10671099900994799,
  "Gabriel Arias": 0.08332045971349349,
  "Jose Ramirez": 0.13673382614716664,
  "Josh Naylor": 0.10004998632449613,
  "Marcell Ozuna": 0.18204309376221373,
  "Matt Olson": 0.1800774333675162,
  "Michael Harris II": 0.11280339229366744,
  "Orlando Arcia": 0.10100441621840257,
  "Ozzie Albies": 0.15020986286912646,
  "Ramon Laureano": 0.09311776987946331,
  "Ronald Acuna Jr.": 0.15064142463340044,
  "Travis d'Arnaud": 0.12939075553121895,
  "Tyler Freeman": 0.08809255350219561,
  "Andres Gimenez": 0.060000000000000005,
  "Jarred Kelenic": 0.05007062146892655,
  "Steven Kwan": 0.05563157124512793,
  "Will Brennan": 0.060000000000000005,
  "Estevan Florial": 0.05007062146892655,
  "Bo Naylor": 0.12000000000000001,
  "Amed Rosario": 0.1074108955144755,
  "Andrew Benintendi": 0.07929387217193315,
  "Andrew Vaughn": 0.11734779196076206,
  "Curtis Mead": 0.11749350787812327,
  "Danny Mendick": 0.07377891854698831,
  "Eloy Jimenez": 0.11267310157178596,
  "Harold Ramirez": 0.11848896161788457,
  "Isaac Paredes": 0.18150288474102563,
  "Jose Caballero": 0.12239128291437514,
  "Jose Siri": 0.14838011468292003,
  "Martin Maldonado": 0.07902176040047894,
  "Nicky Lopez": 0.06504544775889809,
  "Paul DeJong": 0.09713447732064753,
  "Randy Arozarena": 0.17296382117052217,
  "Rene Pinto": 0.14218099947036913,
  "Robbie Grossman": 0.11509561668281373,
  "Yandy Diaz": 0.15574524068372947,
  "Gavin Sheets": 0.12000000000000001,
  "Richie Palacios": 0.13358585858585859,
  "Kevin Pillar": 0.1271157521157521,
  "Adolis Garcia": 0.2504336849441842,
  "Christian Encarnacion-Strand": 0.15738609062977907,
  "Corey Seager": 0.18542338593620672,
  "Elly De La Cruz": 0.13786175338623183,
  "Evan Carter": 0.10759383471165862,
  "Jeimer Candelario": 0.10432712639429183,
  "Jonah Heim": 0.11619544924339445,
  "Jonathan India": 0.0969515043297248,
  "Josh Smith": 0.09929995240108237,
  "Leody Taveras": 0.07920045406324606,
  "Marcus Semien": 0.15609318485969145,
  "Nathaniel Lowe": 0.12362471692280162,
  "Santiago Espinal": 0.08252525252525252,
  "Spencer Steer": 0.12206200022257659,
  "Stuart Fairchild": 0.08215071087526958,
  "Tyler Stephenson": 0.11257224449115066,
  "Will Benson": 0.12750718721891968,
  "Wyatt Langford": 0.10076206980968885,
  "Ezequiel Duran": 0.05007062146892655,
  "Nick Martini": 0.08392857142857142,
  "Aaron Judge": 0.2497150132121529,
  "Alex Verdugo": 0.09946390293632004,
  "Anthony Rizzo": 0.14691758521590456,