{
  "Jose Ramirez": 0.11770081642003312,
  "Josh Naylor": 0.08735730394987655,
  "Jake Rogers": 0.08520726594495037,
  "Matt Vierling": 0.08997713989167815,
  "Justyn-Henry Malloy": 0.07776409444848181,
  "Daniel Schneemann": 0.057194673545683646,
  "Tyler Freeman": 0.06618257141409652,
  "Andy Ibanez": 0.06474013829954424,
  "Austin Hedges": 0.04884576488305043,
  "Colt Keith": 0.06393544054156129,
  "Angel Martinez": 0.05677864539058463,
  "Wenceel Perez": 0.059850324640137224,
  "Bligh Madris": 0.07696744435036446,
  "Andres Gimenez": 0.05725606441771428,
  "Gio Urshela": 0.05513877470353627,
  "Zach McKinstry": 0.065354678903234,
  "Steven Kwan": 0.04913331414291932,
  "Dillon Dingler": 0.09761904761904762,
  "Mark Canha": 0.060000000000000005,
  "Anthony Santander": 0.13215133853489647,
  "Gunnar Henderson": 0.11454662403445623,
  "Vladimir Guerrero Jr.": 0.1056150857895552,
  "Adley Rutschman": 0.09304554888075384,
  "George Springer": 0.09591352768711592,
  "Davis Schneider": 0.09694494311205835,
  "Colton Cowser": 0.09529721763456088,
  "Ryan O'Hearn": 0.08862705175611502,
  "Ramon Urias": 0.07717186922666375,
  "Cedric Mullins": 0.08973240600715848,
  "Daulton Varsho": 0.07784218300372547,
  "Ryan Mountcastle": 0.0733782089196968,
  "Jordan Westburg": 0.07374797629925268,
  "Alejandro Kirk": 0.06182655817562594,
  "Ernie Clement": 0.05591304536861108,
  "Spencer Horwitz": 0.05626157344535065,
  "Kevin Kiermaier": 0.05170087998973858,
  "Leo Jimenez": 0.05668130098753897,
  "Heston Kjerstad": 0.12000000000000001,
  "Aaron Judge": 0.21287455120393803,
  "Kyle Schwarber": 0.19064321140181642,
  "Juan Soto": 0.1732408574859783,
  "Bryce Harper": 0.14397107149682475,
  "Trea Turner": 0.13647637038369276,
  "Jazz Chisholm Jr.": 0.11112022488849806,
  "J.T. Realmuto": 0.11085977167496092,
  "Nick Castellanos": 0.10268931304090195,
  "Ben Rice": 0.11226039656341784,
  "Austin Wells": 0.11943931034110655,
  "Austin Hays": 0.09068334121894756,
  "Alec Bohm": 0.09704100569682185,
  "Gleyber Torres": 0.08391389084875674,
  "Trent Grisham": 0.09666977072264177,
  "Alex Verdugo": 0.09208356328740402,
  "Brandon Marsh": 0.08692300937276516,
  "Anthony Volpe": 0.060261736287588276,
  "Bryson Stott": 0.06548796271493022,
  "Giancarlo Stanton": 0.15,
  "DJ LeMahieu": 0.060000000000000005,
  "Oswaldo Cabrera": 0.07361111111111111,
  "Jake Burger": 0.1278307679584689,
  "Brandon Lowe": 0.103489789327448,
  "Christopher Morel": 0.10200052337801245,
  "Jose Siri": 0.0779866635661627,
  "Jesus Sanchez": 0.07641824290780647,
  "Yandy Diaz": 0.07529523734532471,
  "Josh Lowe": 0.07320058243208148,
  "Jonny Deluca": 0.07333333333333333,
  "Vidal Brujan": 0.05718502609218277,
  "Emmanuel Rivera": 0.063668312632507,
  "Xavier Edwards": 0.0483492540629359,
  "Nick Fortes": 0.06403046421663443,
  "Jonah Bride": 0.06062034727597642,
  "Otto Lopez": 0.053814217930454517,
  "Richie Palacios": 0.06002426606577322,
  "Taylor Walls": 0.061705289391459604,
  "Ben Rortvedt": 0.06230661801144299,
  "Jose Caballero": 0.05560529374775797,
  "Nick Gordon": 0.0672027972027972,
  "Bryan De La Cruz": 0.01098901098901099,
  "Cal Raleigh": 0.16757416190528143,
  "Randy Arozarena": 0.13970069729625398,
  "Rafael Devers": 0.13792173055561938,
  "Dylan Moore": 0.12054471250645028,
  "Mitch Haniger": 0.1080137354936455,
  "Mitch Garver": 0.11499615788786734,
  "Tyler O'Neill": 0.10186994185178683,
  "Jorge Polanco": 0.09898755592939962,
  "Justin Turner": 0.09382180965761086,
  "Wilyer Abreu": 0.10883519190574255,
  "Jarren Duran": 0.09779939880159504,
  "Ceddanne Rafaela": 0.06374086072486486,
  "Dominic Smith": 0.07806310499066095,
  "Masataka Yoshida": 0.06566368987391409,
  "Victor Robles": 0.059701774294746185,
  "Connor Wong": 0.0612828296742328,
  "Leo Rivas": 0.07506347836931924,
  "David Hamilton": 0.06491619667058263,
  "Rob Refsnyder": 0.07361111111111111,
  "Josh Rojas": 0.060000000000000005,
  "Romy Gonzalez": 0.060000000000000005,
  "Luke Raley": 0.10757575757575757,
  "Seiya Suzuki": 0.13363183695665884,
  "Ian Happ": 0.13069576360223364,
  "Isaac Paredes": 0.11563396402617732,
  "Spencer Steer": 0.13209585452503803,
  "Michael Busch": 0.10595507617231154,
  "Cody Bellinger": 0.11853670124715454,
  "Jeimer Candelario": 0.11966241962958725,
  "Tyler Stephenson": 0.11921221120170263,
  "Elly De La Cruz": 0.09928138328273807,
  "TJ Friedl": 0.07559163366509271,
  "Dansby Swanson": 0.100380974055737,
  "Jonathan India": 0.09443474065161427,
  "Stuart Fairchild": 0.0912963807442485,
  "Noelvi Marte": 0.09920585699007689,
  "Pete Crow-Armstrong": 0.0909233333042808,
  "Santiago Espinal": 0.06528763142845138,
  "Miguel Amaya": 0.06273006490423798,
  "Nico Hoerner": 0.05416485954889388,
  "Jake Fraley": 0.049999999999999996,
  "Mike Tauchman": 0.08392857142857142,
  "Will Benson": 0.07361111111111111,
  "Patrick Wisdom": 0.13333333333333333,
  "Byron Buxton": 0.15968142981137776,
  "Jose Miranda": 0.13243955281426006,
  "Royce Lewis": 0.11657779332468772,
  "Pete Alonso": 0.11742474371802375,
  "Francisco Lindor": 0.11590803318363536,
  "J. D. Martinez": 0.10809421057412057,
  "Mark Vientos": 0.10858604610431927,
  "Brandon Nimmo": 0.09667079229744487,
  "Carlos Santana": 0.08828808165785289,
  "Manuel Margot": 0.07949436890930658,
  "Christian Vazquez": 0.07951426393292875,
  "Luis Torrens": 0.07986599394782055,
  "Jesse Winker": 0.06435375669850475,
  "Jeff McNeil": 0.06435568308246327,
  "Brooks Lee": 0.06735378308072686,
  "Willi Castro": 0.06868773234644503,
  "Harrison Bader": 0.07044772560044675,
  "Austin Martin": 0.05336056593698606,
  "Max Kepler": 0.08392857142857142,
  "Ryan Jeffers": 0.10757575757575757,
  "Trevor Larnach": 0.13333333333333333,
  "Matt Wallner": 0.13333333333333333,
  "Francisco Alvarez": 0.08392857142857142,
  "Jose Iglesias": 0.060000000000000005,
  "Corey Seager": 0.13799749600178776,
  "Adolis Garcia": 0.12418880598429859,
  "Willson Contreras": 0.11519721545251321,
  "Paul Goldschmidt": 0.11072176030995579,
  "Alec Burleson": 0.09151874295376315,
  "Nolan Gorman": 0.11951070663955818,
  "Josh Jung": 0.10694508142710513,
  "Wyatt Langford": 0.09717408484296898,
  "Josh Smith": 0.07398566182062914,
  "Lars Nootbaar": 0.08093327056968043,
  "Nathaniel Lowe": 0.07272334371206758,
  "Marcus Semien": 0.09143423910221937,
  "Jonah Heim": 0.08752780696443241,
  "Brandon Crawford": 0.0918185869389078,
  "Matt Carpenter": 0.10047294014645446,
  "Leody Taveras": 0.07192525454539989,
  "Masyn Winn": 0.059248008486734165,
  "Michael Siani": 0.05018338476589862,
  "Dylan Carlson": 0.049999999999999996,
  "Nolan Arenado": 0.07361111111111111,
  "Brendan Donovan": 0.07361111111111111,
  "Travis Jankowski": 0.049999999999999996,
  "Marcell Ozuna": 0.14922945044256047,
  "Matt Olson": 0.13675774004923727,
  "Austin Riley": 0.11586852861421752,
  "Sean Murphy": 0.11993063673914738,
  "Jake Bauers": 0.10810014115214456,
  "Jarred Kelenic": 0.10818418640580774,
  "Willy Adames": 0.10463271473517376,
  "Rhys Hoskins": 0.11706868421839194,
  "William Contreras": 0.10033535064675957,
  "Ram\u00f3n Laureano": 0.09834414986651936,
  "Eddie Rosario": 0.09053889994161252,
  "Orlando Arcia": 0.07030404915024803,
  "Garrett Mitchell": 0.06245966436791092,
  "Jackson Chourio": 0.0759313834767985,
  "Joey Ortiz": 0.0676136957757511,
  "Sal Frelick": 0.05083201023614815,
  "Nacho Alvarez Jr.": 0.061508427060493746,
  "Brice Turang": 0.054422981679714134,
  "Adam Duvall": 0.09761904761904762,
  "Travis d'Arnaud": 0.09761904761904762,
  "Salvador Perez": 0.17523230279562832,
  "Bobby Witt Jr.": 0.1527854608410659,
  "MJ Melendez": 0.16236199589769934,
  "Vinnie Pasquantino": 0.13597220993529124,
  "Michael Massey": 0.1395224021809317,
  "Hunter Renfroe": 0.1341980217735068,
  "Andrew Vaughn": 0.09307124469448665,
  "Gavin Sheets": 0.07880075801494056,
  "Kyle Isbel": 0.08255675397856528,
  "Korey Lee": 0.08337374744261757,
  "Brooks Baldwin": 0.06199637396004603,