{
  "Adley Rutschman": 0.13140616452381623,
  "Anthony Santander": 0.18595309371458607,
  "Blake Perkins": 0.055484319957753485,
  "Cedric Mullins": 0.1219778981002184,
  "Colton Cowser": 0.11403734043059909,
  "Gary Sanchez": 0.11996146345067775,
  "Gunnar Henderson": 0.18293273694032888,
  "Jackson Holliday": 0.08182387898232547,
  "Joey Ortiz": 0.08500694707591258,
  "Joey Wiemer": 0.08182377970328795,
  "Jordan Westburg": 0.09233147099333518,
  "Rhys Hoskins": 0.13009240753550946,
  "Ryan Mountcastle": 0.1063172669679293,
  "Ryan O'Hearn": 0.13426634210367344,
  "William Contreras": 0.10981189036618386,
  "Willy Adames": 0.11313118653488415,
  "Austin Hays": 0.07361111111111111,
  "Brice Turang": 0.06313186813186814,
  "Sal Frelick": 0.05270221372998519,
  "Jackson Chourio": 0.060000000000000005,
  "Oliver Dunn": 0.07361111111111111,
  "Jake Bauers": 0.07361111111111111,
  "Aaron Hicks": 0.08892005333445291,
  "Anthony Rendon": 0.09253765798955005,
  "Bobby Dalbec": 0.1751344833939555,
  "Brandon Drury": 0.10935327950831827,
  "Ceddanne Rafaela": 0.10880335684863965,
  "Connor Wong": 0.11802394718165861,
  "David Hamilton": 0.08359376808574669,
  "Jarren Duran": 0.08158262357338682,
  "Jo Adell": 0.09961061617196314,
  "Logan O'Hoppe": 0.11857051258881288,
  "Luis Rengifo": 0.10428895744589761,
  "Masataka Yoshida": 0.08413412576755039,
  "Mike Trout": 0.16615508057548298,
  "Pablo Reyes": 0.11426869420962651,
  "Taylor Ward": 0.10821584733640334,
  "Triston Casas": 0.13240104874224817,
  "Tyler O'Neill": 0.20096755253388282,
  "Zach Neto": 0.08246864464061507,
  "Rafael Devers": 0.13358585858585859,
  "Mickey Moniak": 0.12000000000000001,
  "Reese McGuire": 0.060000000000000005,
  "Enmanuel Valdez": 0.08392857142857142,
  "Nolan Schanuel": 0.060000000000000005,
  "Miguel San\u00f3": 0.08392857142857142,
  "Alec Bohm": 0.09911024815716898,
  "Andrew McCutchen": 0.12364963470903458,
  "Brandon Marsh": 0.1101896225125471,
  "Bryan Reynolds": 0.12555349413419228,
  "Bryce Harper": 0.17370721052866517,
  "Bryson Stott": 0.07512026980112087,
  "J.T. Realmuto": 0.16609992540035037,
  "Jack Suwinski": 0.139216538010807,
  "Jared Triolo": 0.07344597463059942,
  "Joey Bart": 0.10397476353358708,
  "Johan Rojas": 0.06182166188690868,
  "Ke'Bryan Hayes": 0.11793753877295975,
  "Kyle Schwarber": 0.23586470527297873,
  "Michael A. Taylor": 0.09601645492734602,
  "Nick Castellanos": 0.13504682728869094,
  "Oneil Cruz": 0.1413813775707979,
  "Rowdy Tellez": 0.11643007017820729,
  "Trea Turner": 0.1731475083398116,
  "Connor Joe": 0.08392857142857142,
  "Henry Davis": 0.07361111111111111,
  "Edward Olivares": 0.08392857142857142,
  "Whit Merrifield": 0.060000000000000005,
  "Alejandro Kirk": 0.1014095168129306,
  "Bo Bichette": 0.12220043489274258,
  "Brendan Rodgers": 0.0834792788945666,
  "Brenton Doyle": 0.07880161332173717,
  "Charlie Blackmon": 0.11352595232681303,
  "Davis Schneider": 0.15746302604289608,
  "Elehuris Montero": 0.10531464709868464,
  "Elias Diaz": 0.09861418459601887,
  "Ernie Clement": 0.06881893564198308,
  "Ezequiel Tovar": 0.09205058173951033,
  "George Springer": 0.1389140733916001,
  "Isiah Kiner-Falefa": 0.06272344039328227,
  "Jacob Stallings": 0.07598412642843182,
  "Justin Turner": 0.1658148525832367,
  "Kevin Kiermaier": 0.06089480613544463,
  "Nolan Jones": 0.1266549278260693,
  "Ryan McMahon": 0.13493195210586514,
  "Vladimir Guerrero Jr.": 0.1668291981295044,
  "Cavan Biggio": 0.060000000000000005,
  "Kris Bryant": 0.08392857142857142,
  "Daulton Varsho": 0.09761904761904762,
  "Adam Duvall": 0.17182379246482732,
  "Austin Riley": 0.15313436653126375,
  "Bryan De La Cruz": 0.1040005515710447,
  "Chadwick Tromp": 0.08380649557120146,
  "Jake Burger": 0.14626910659681266,
  "Jazz Chisholm Jr.": 0.12303393476406509,
  "Jesus Sanchez": 0.0850071166049652,
  "Josh Bell": 0.10457998791332125,
  "Luis Arraez": 0.05986763320731272,
  "Marcell Ozuna": 0.16488340224491937,
  "Matt Olson": 0.12647876375430556,
  "Michael Harris II": 0.08491873680446718,
  "Nick Fortes": 0.0635477592492204,
  "Nick Gordon": 0.07248582880857544,
  "Orlando Arcia": 0.0838248725267553,
  "Ozzie Albies": 0.12255240643021223,
  "Ronald Acuna Jr.": 0.15255759443738984,
  "Vidal Brujan": 0.057529827704400884,
  "Travis d'Arnaud": 0.07361111111111111,
  "Avisail Garcia": 0.07361111111111111,
  "Tim Anderson": 0.060000000000000005,
  "Jarred Kelenic": 0.060000000000000005,
  "Christian Bethancourt": 0.060000000000000005,
  "Emmanuel Rivera": 0.05007062146892655,
  "Aaron Judge": 0.24612448795053496,
  "Alex Verdugo": 0.08957699449745857,
  "Andres Gimenez": 0.08529204069941794,
  "Anthony Rizzo": 0.1369866997599791,
  "Anthony Volpe": 0.11233828121126868,
  "Austin Hedges": 0.0782293571767256,
  "David Fry": 0.1339845653763565,
  "Gabriel Arias": 0.10194519442569493,
  "Giancarlo Stanton": 0.17409448286960966,
  "Gleyber Torres": 0.12321815036274833,
  "Jose Ramirez": 0.15054116789998512,
  "Jose Trevino": 0.07803244240408282,
  "Josh Naylor": 0.11846509259970797,
  "Juan Soto": 0.1770774738113651,
  "Oswaldo Cabrera": 0.0745900933780253,
  "Ramon Laureano": 0.12238381089884479,
  "Steven Kwan": 0.06221274259810171,
  "Tyler Freeman": 0.09106652213739218,
  "Brayan Rocchio": 0.060000000000000005,
  "Bo Naylor": 0.13358585858585859,
  "Will Brennan": 0.05007062146892655,
  "Estevan Florial": 0.05007062146892655,
  "Alex Kirilloff": 0.10062376759230275,
  "Austin Martin": 0.07347475491016162,
  "Carlos Santana": 0.11107867357867358,
  "Carson Kelly": 0.09134206667285716,
  "Christian Vazquez": 0.07892265699283244,
  "Colt Keith": 0.08801521633081917,
  "Edouard Julien": 0.08713987516556393,
  "Gio Urshela": 0.08745912737915428,
  "Javier Baez": 0.10412147662147661,
  "Kerry Carpenter": 0.12275504425152313,
  "Kyle Farmer": 0.07324928234019143,
  "Manuel Margot": 0.10050521218090783,
  "Mark Canha": 0.12118572616659586,
  "Parker Meadows": 0.0811372112899275,
  "Riley Greene": 0.12613291107570282,
  "Ryan Jeffers": 0.12083910670550627,
  "Spencer Torkelson": 0.18366364555309556,
  "Willi Castro": 0.08454621619515237,
  "Byron Buxton": 0.15,
  "Jake Rogers": 0.13358585858585859,
  "Matt Wallner": 0.12000000000000001,
  "Adam Frazier": 0.06713346228239844,
  "Bobby Witt Jr.": 0.2000024073194805,
  "Brandon Nimmo": 0.10884350550767154,
  "Francisco Alvarez": 0.1509995491615956,
  "Francisco Lindor": 0.1503209951301571,
  "Harrison Bader": 0.10111521516480194,
  "Hunter Renfroe": 0.13122666672199174,
  "Jeff McNeil": 0.06541851056744674,
  "Kyle Isbel": 0.08231740699265895,
  "Maikel Garcia": 0.10942893909985642,
  "MJ Melendez": 0.1484151048707639,
  "Nelson Velazquez": 0.16911591022757458,
  "Pete Alonso": 0.17523583447696053,
  "Salvador Perez": 0.203844025407194,
  "Starling Marte": 0.1098891712155923,
  "Tyrone Taylor": 0.13301038060337486,
  "Vinnie Pasquantino": 0.11755756675944469,
  "Zack Short": 0.11743476355972088,
  "Brett Baty": 0.060541781450872356,
  "Omar Narvaez": 0.05007062146892655,
  "DJ Stewart": 0.12000000000000001,
  "Amed Rosario": 0.07342677925459383,
  "Curtis Mead": 0.07187357677527002,
  "Harold Ramirez": 0.07610596898295277,
  "Isaac Paredes": 0.09827246564412576,
  "Jorge Soler": 0.19423893857316446,
  "Jose Siri": 0.08633558620893268,
  "Jung Hoo Lee": 0.07298095475516239,
  "LaMonte Wade Jr.": 0.09499585888853336,
  "Matt Chapman": 0.1665389600915682,
  "Michael Conforto": 0.0993032897067035,
  "Randy Arozarena": 0.10681006196108447,
  "Rene Pinto": 0.0756845447576221,
  "Thairo Estrada": 0.08407066712012015,
  "Tom Murphy": 0.12910241974139705,
  "Tyler Fitzgerald": 0.10110897636536784,
  "Wilmer Flores": 0.13281820385645524,
  "Yandy Diaz": 0.09960215159422425,
  "Mike Yastrzemski": 0.07361111111111111,
  "Jose Caballero": 0.060000000000000005,
  "Patrick Bailey": 0.0606906906906907,
  "Richie Palacios": 0.07361111111111111,
  "Nick Ahmed": 0.060000000000000005,
  "Andrew Benintendi": 0.08297209871717438,