{
  "Andrew McCutchen": 0.11797840204610911,
  "Bobby Dalbec": 0.13165619706380577,
  "Bryan Reynolds": 0.11243187904950229,
  "Ceddanne Rafaela": 0.10357126849557677,
  "Connor Joe": 0.09693546508917296,
  "Connor Wong": 0.10931015050656079,
  "Enmanuel Valdez": 0.08073715085012428,
  "Jack Suwinski": 0.12283043324988796,
  "Jared Triolo": 0.0660567269597974,
  "Jarren Duran": 0.07690136850128858,
  "Joey Bart": 0.10294170473469917,
  "Ke'Bryan Hayes": 0.10153502760413788,
  "Oneil Cruz": 0.12381385283805255,
  "Pablo Reyes": 0.08488132443137553,
  "Rob Refsnyder": 0.08370310343955491,
  "Rowdy Tellez": 0.0882698270350387,
  "Triston Casas": 0.1083892235831891,
  "Tyler Heineman": 0.0654276697416367,
  "Wilyer Abreu": 0.08869754860466934,
  "Edward Olivares": 0.09761904761904762,
  "Masataka Yoshida": 0.060000000000000005,
  "Henry Davis": 0.07361111111111111,
  "Reese McGuire": 0.060000000000000005,
  "Michael A. Taylor": 0.08392857142857142,
  "Alec Bohm": 0.12761664202587808,
  "Andrew Benintendi": 0.07812429766605085,
  "Braden Shewmake": 0.09776741798360918,
  "Brandon Marsh": 0.13297895053488457,
  "Bryce Harper": 0.20950984181551408,
  "Bryson Stott": 0.08213011906621316,
  "Eloy Jimenez": 0.133634322037079,
  "Gavin Sheets": 0.1341105253709666,
  "J.T. Realmuto": 0.19654795073981354,
  "Johan Rojas": 0.07727100506873924,
  "Kevin Pillar": 0.10729382307592539,
  "Kyle Schwarber": 0.2697569917632943,
  "Lenyn Sosa": 0.08642993104913456,
  "Martin Maldonado": 0.07740755162537241,
  "Nick Castellanos": 0.16632388640061274,
  "Nicky Lopez": 0.06902645502645502,
  "Robbie Grossman": 0.11779800690691779,
  "Trea Turner": 0.20543984493564324,
  "Andrew Vaughn": 0.1171626984126984,
  "Dominic Fletcher": 0.09351851851851851,
  "Alex Bregman": 0.13544383558667164,
  "Chas McCormick": 0.13553914676151305,
  "CJ Abrams": 0.12518688625253707,
  "Jake Meyers": 0.10672700605205282,
  "Jeremy Pena": 0.1146095527047908,
  "Jesse Winker": 0.09753160811320917,
  "Joey Meneses": 0.09802025857291273,
  "Jon Singleton": 0.13339363074910823,
  "Jose Altuve": 0.14861493082081317,
  "Kyle Tucker": 0.18699774278474476,
  "Lane Thomas": 0.1059748170550718,
  "Nick Senzel": 0.08943218565036752,
  "Riley Adams": 0.11475400415244018,
  "Victor Caratini": 0.118365490720562,
  "Yordan Alvarez": 0.2176150909261245,
  "Luis Garcia Jr.": 0.060000000000000005,
  "Ildemaro Vargas": 0.060591983373841606,
  "Joey Gallo": 0.17142857142857143,
  "Jose Abreu": 0.09761904761904762,
  "Yainer Diaz": 0.09761904761904762,
  "Eddie Rosario": 0.09761904761904762,
  "Jacob Young": 0.05814266673590556,
  "Aaron Judge": 0.2540103885347804,
  "Alex Verdugo": 0.11279521860507775,
  "Amed Rosario": 0.07168123356592311,
  "Anthony Rizzo": 0.1429987008772313,
  "Anthony Volpe": 0.13638311300359976,
  "Austin Shenton": 0.13827850835399041,
  "Ben Rortvedt": 0.10551328309247829,
  "Curtis Mead": 0.07744054846261282,
  "Giancarlo Stanton": 0.18715152315730274,
  "Gleyber Torres": 0.12238342021416926,
  "Isaac Paredes": 0.136556784849804,
  "Jose Caballero": 0.08512568158283715,
  "Jose Trevino": 0.07553198112007088,
  "Juan Soto": 0.20294315745443564,
  "Oswaldo Cabrera": 0.08144827887426583,
  "Randy Arozarena": 0.12143010010941283,
  "Richie Palacios": 0.11836031434441567,
  "Yandy Diaz": 0.11855282526785227,
  "Rene Pinto": 0.10757575757575757,
  "Harold Ramirez": 0.09669312169312168,
  "Austin Wells": 0.09761904761904762,
  "Jose Siri": 0.08392857142857142,
  "Aaron Hicks": 0.12718840382679586,
  "Brandon Drury": 0.1600892833117106,
  "Christian Encarnacion-Strand": 0.15831112469450545,
  "Elly De La Cruz": 0.142662627838894,
  "Jeimer Candelario": 0.1240339554625269,
  "Luis Rengifo": 0.11631800542691631,
  "Luke Maile": 0.08957068163634511,
  "Matt Thaiss": 0.1178747833489738,
  "Miguel San\u00f3": 0.20549069065168818,
  "Mike Trout": 0.21394401032817784,
  "Nick Martini": 0.1459644522144522,
  "Nolan Schanuel": 0.07636848614536242,
  "Santiago Espinal": 0.0749743433566963,
  "Spencer Steer": 0.10691433594738428,
  "Taylor Ward": 0.14328903476224933,
  "Tyler Stephenson": 0.0937634305281364,
  "Will Benson": 0.14081140888241186,
  "Zach Neto": 0.11283626129362316,
  "Jonathan India": 0.10462962962962963,
  "Jo Adell": 0.10757575757575757,
  "Anthony Rendon": 0.05007062146892655,
  "Jake Fraley": 0.1115079365079365,
  "Mickey Moniak": 0.12000000000000001,
  "Logan O'Hoppe": 0.13358585858585859,
  "Abraham Toro": 0.09687342389774066,
  "Andres Gimenez": 0.07897741979618748,
  "Bo Naylor": 0.1038780616245405,
  "Brayan Rocchio": 0.06382135638586883,
  "Brent Rooker": 0.16041472414986133,
  "David Fry": 0.1422332946556549,
  "Gabriel Arias": 0.10022972850229235,
  "JJ Bleday": 0.11159337656654893,
  "Josh Naylor": 0.12061350651576216,
  "Kyle McCann": 0.09765572619566923,
  "Lawrence Butler": 0.09833073211005404,
  "Ramon Laureano": 0.10408040949396634,
  "Ryan Noda": 0.09782772620112122,
  "Seth Brown": 0.12364084465856387,
  "Will Brennan": 0.07543045949538192,
  "Zack Gelof": 0.09574323189752491,
  "Jose Ramirez": 0.10039682539682539,
  "Steven Kwan": 0.06326832047685835,
  "Nick Allen": 0.05856058698450003,
  "Shea Langeliers": 0.09761904761904762,
  "Tyler Freeman": 0.06898550724637681,
  "Estevan Florial": 0.060000000000000005,
  "Adley Rutschman": 0.09675654180349495,
  "Anthony Santander": 0.1305497675518801,
  "Bobby Witt Jr.": 0.11300598111605051,
  "Cedric Mullins": 0.08740098095873898,
  "Colton Cowser": 0.07349761440151985,
  "Freddy Fermin": 0.09025275799469347,
  "Gunnar Henderson": 0.12773539880873538,
  "Hunter Renfroe": 0.09566080468162257,
  "Jackson Holliday": 0.06148928537530151,
  "Jordan Westburg": 0.08459965025497125,
  "Maikel Garcia": 0.07811218157389384,
  "MJ Melendez": 0.08855742925951654,
  "Ryan Mountcastle": 0.08740104128605512,
  "Ryan O'Hearn": 0.09842656647117291,
  "Salvador Perez": 0.12843088761907714,
  "Vinnie Pasquantino": 0.07405556332372806,
  "Garrett Hampson": 0.06249723695844386,
  "Adam Frazier": 0.05834821428571429,
  "Austin Hays": 0.07361111111111111,
  "Kyle Isbel": 0.05007062146892655,
  "Nelson Velazquez": 0.08091213950368879,
  "Dairon Blanco": 0.006622516556291391,
  "Alex Kirilloff": 0.11860661472855183,
  "Austin Martin": 0.08091479948622805,
  "Buddy Kennedy": 0.09275446775446776,
  "Byron Buxton": 0.18462289568764198,
  "Carlos Santana": 0.12896765813153774,
  "Christian Vazquez": 0.07843915343915345,
  "Edouard Julien": 0.11620811541495996,
  "Jake Rogers": 0.10450547155555891,
  "Javier Baez": 0.09666848026421174,
  "Kerry Carpenter": 0.14399716225803183,
  "Kyle Farmer": 0.07088946565425897,
  "Mark Canha": 0.11103452010014858,
  "Matt Vierling": 0.09055632399181889,
  "Parker Meadows": 0.1051031454284951,
  "Riley Greene": 0.14447873160401764,
  "Spencer Torkelson": 0.1571633307482364,
  "Trevor Larnach": 0.1666671191127713,
  "Willi Castro": 0.10741266677701314,
  "Ryan Jeffers": 0.08392857142857142,
  "Carson Kelly": 0.07361111111111111,
  "Manuel Margot": 0.060000000000000005,
  "Colt Keith": 0.08392857142857142,
  "Jose Miranda": 0.07361111111111111,
  "Alec Burleson": 0.08384478417357162,
  "Blake Perkins": 0.05949025357148508,
  "Brendan Donovan": 0.09056734057462071,
  "Jackson Chourio": 0.08521674545971222,
  "Joey Ortiz": 0.07452045655493932,
  "Lars Nootbaar": 0.0878523960554579,
  "Masyn Winn": 0.0684672998083594,
  "Michael Siani": 0.07319251917848102,
  "Nolan Arenado": 0.12269112394396607,
  "Nolan Gorman": 0.13116431138502446,
  "Owen Miller": 0.0755281583758405,
  "Paul Goldschmidt": 0.10095927914367782,
  "Rhys Hoskins": 0.1379709773845689,
  "William Contreras": 0.1125585581706925,
  "Willson Contreras": 0.11835465840673877,
  "Willy Adames": 0.10375994366122902,
  "Brice Turang": 0.07144563441318556,
  "Sal Frelick": 0.09044227262977263,
  "Ivan Herrera": 0.08392857142857142,
  "Oliver Dunn": 0.060000000000000005,
  "Victor Scott II": 0.060000000000000005,
  "Jordan Walker": 0.060000000000000005,