{
  "Ian Happ": 0.09747058773146959,
  "Nico Hoerner": 0.043361830908261664,
  "Miguel Amaya": 0.05901226048063225,
  "Oneil Cruz": 0.1394249860994509,
  "Seiya Suzuki": 0.0931244792992862,
  "Bryan Reynolds": 0.11451981316668487,
  "Jared Triolo": 0.06565518332711513,
  "Dansby Swanson": 0.06741647255353074,
  "Nick Gonzales": 0.08392857142857142,
  "Rowdy Tellez": 0.10566160173587102,
  "Pete Crow-Armstrong": 0.08164188752424047,
  "Cody Bellinger": 0.08064123713537827,
  "Michael Busch": 0.08230233451905278,
  "Isaac Paredes": 0.07600562991862075,
  "Yasmani Grandal": 0.08000994655633228,
  "Bryan De La Cruz": 0.09761904761904762,
  "Isiah Kiner-Falefa": 0.057790227958966114,
  "Billy McKinney": 0.07953485335435376,
  "Connor Joe": 0.0893284783471457,
  "Alika Williams": 0.047715366331769454,
  "Salvador Perez": 0.11165652022851899,
  "Jose Ramirez": 0.09881611142480708,
  "Josh Naylor": 0.09320001547274276,
  "Andres Gimenez": 0.05468664333215063,
  "Steven Kwan": 0.05193579914061038,
  "MJ Melendez": 0.10571659685518683,
  "Kyle Isbel": 0.04733383657324675,
  "Jhonkensy Noel": 0.09212689506163504,
  "Brayan Rocchio": 0.051904761904761905,
  "Bobby Witt Jr.": 0.10656341250671474,
  "Maikel Garcia": 0.05282051282051282,
  "Dairon Blanco": 0.09761904761904762,
  "Vinnie Pasquantino": 0.08975598614279273,
  "Will Brennan": 0.05405348582961904,
  "Freddy Fermin": 0.06967495151113513,
  "Bo Naylor": 0.06990743051983986,
  "Michael Massey": 0.09318431983419906,
  "David Fry": 0.09305956241516918,
  "Paul DeJong": 0.08714437715060651,
  "Daniel Schneemann": 0.0515798789404558,
  "Adam Frazier": 0.04374259046610164,
  "Jose Altuve": 0.0893622815075478,
  "Yordan Alvarez": 0.2100036748510075,
  "Alex Bregman": 0.10219513980383545,
  "Chas McCormick": 0.08392857142857142,
  "J.T. Realmuto": 0.12000000000000001,
  "Bryce Harper": 0.14077179707761,
  "Alec Bohm": 0.093083671266305,
  "Jake Meyers": 0.08757329440370894,
  "Jeremy Pena": 0.08622226124864749,
  "Kyle Schwarber": 0.17170372067430892,
  "Nick Castellanos": 0.10341174553171938,
  "Bryson Stott": 0.0703282502264926,
  "Mauricio Dubon": 0.07083332194535776,
  "Trea Turner": 0.12916696364376948,
  "Yainer Diaz": 0.10757575757575757,
  "Victor Caratini": 0.09525155357488418,
  "Brandon Marsh": 0.08561783803077336,
  "Austin Hays": 0.09982014237819087,
  "Zach Dezenzo": 0.11526120937885645,
  "Garrett Stubbs": 0.05586096181051544,
  "Ben Gamel": 0.0761690354956528,
  "Cal Raleigh": 0.11772427861294708,
  "Brandon Lowe": 0.11369166683811992,
  "Randy Arozarena": 0.10227588986266914,
  "Christopher Morel": 0.08579915590702249,
  "Julio Rodriguez": 0.09007618248913972,
  "Dylan Moore": 0.07946818305793778,
  "Mitch Garver": 0.10320840451116638,
  "Jorge Polanco": 0.0777393128436705,
  "Junior Caminero": 0.07158341424846758,
  "Josh Lowe": 0.08060591915884174,
  "J.P. Crawford": 0.06778716975241039,
  "Luke Raley": 0.08777053748727608,
  "Yandy Diaz": 0.06047328495790656,
  "Jose Caballero": 0.061397486107461374,
  "Jose Siri": 0.057393154183831015,
  "Dylan Carlson": 0.05629218964297498,
  "Ben Rortvedt": 0.048650736828898956,
  "Victor Robles": 0.05148674924639215,
  "Josh Rojas": 0.060000000000000005,
  "Jonny Deluca": 0.060000000000000005,
  "Justin Turner": 0.08392857142857142,
  "Brent Rooker": 0.1583842802266671,
  "Shea Langeliers": 0.14250303517801347,
  "Lawrence Butler": 0.13502916198719406,
  "Elly De La Cruz": 0.12749753102985986,
  "Seth Brown": 0.12473619177453348,
  "Zack Gelof": 0.09199344010426437,
  "Will Benson": 0.1322208538587849,
  "JJ Bleday": 0.1154721893176332,
  "Tyler Stephenson": 0.09627979986336017,
  "Jonathan India": 0.09063763029485832,
  "Dominic Smith": 0.09909682715082435,
  "Spencer Steer": 0.09979487761614436,
  "TJ Friedl": 0.09886249280764652,
  "Jacob Wilson": 0.07136305006666356,
  "Daz Cameron": 0.07787234471979487,
  "Amed Rosario": 0.07026999470423241,
  "Max Schuemann": 0.05463400436230532,
  "Santiago Espinal": 0.05378778773571067,
  "Noelvi Marte": 0.08392857142857142,
  "Ty France": 0.09761904761904762,
  "Jake Rogers": 0.11231292517006804,
  "Spencer Torkelson": 0.10011393165071415,
  "Taylor Ward": 0.0994214876033058,
  "Logan O'Hoppe": 0.0962034592786233,
  "Jo Adell": 0.09772328818295294,
  "Kerry Carpenter": 0.09568004663547801,
  "Riley Greene": 0.08905221635479321,
  "Mickey Moniak": 0.09627492918399326,
  "Matt Vierling": 0.07884340053380519,
  "Zach Neto": 0.09038647212505832,
  "Brandon Drury": 0.08184262490117375,
  "Jace Jung": 0.08101788776872264,
  "Trey Sweeney": 0.07588972201019882,
  "Anthony Rendon": 0.07021335481437349,
  "Colt Keith": 0.05998388581649865,
  "Niko Kavadas": 0.08023437274350481,
  "Zach McKinstry": 0.0716852329490652,
  "Nolan Schanuel": 0.05757837686939501,
  "Matt Thaiss": 0.07361111111111111,
  "Parker Meadows": 0.09761904761904762,
  "Kevin Pillar": 0.07361111111111111,
  "Aaron Judge": 0.22707322831586987,
  "Gleyber Torres": 0.10199107202877376,
  "Giancarlo Stanton": 0.1668227428724005,
  "DJ LeMahieu": 0.0684191625368096,
  "Luis Garcia Jr.": 0.06251199619473598,
  "Keibert Ruiz": 0.06602558093138225,
  "Ildemaro Vargas": 0.060000000000000005,
  "Jacob Young": 0.05424800995283493,
  "CJ Abrams": 0.08392857142857142,
  "Anthony Volpe": 0.0673423450776392,
  "Austin Wells": 0.08254461325474403,
  "Alex Verdugo": 0.050058670610486494,
  "Juan Soto": 0.11739986595235802,
  "Juan Yepez": 0.08774642353693737,
  "James Wood": 0.06504124389475224,
  "Andr\u00e9s Chaparro": 0.09294145084150186,
  "Jazz Chisholm Jr.": 0.0823444978289476,
  "Dylan Crews": 0.08264997932140095,
  "Jose Tena": 0.06104365935482957,
  "Nasim Nunez": 0.07141624978437122,
  "Rafael Devers": 0.15,
  "Jarren Duran": 0.1049166059933627,
  "George Springer": 0.07592372785885856,
  "Alejandro Kirk": 0.05497037555211805,
  "Connor Wong": 0.06874857204951375,
  "Vladimir Guerrero Jr.": 0.08391326034134718,
  "Rob Refsnyder": 0.09761904761904762,
  "Wilyer Abreu": 0.11166789261769385,
  "Triston Casas": 0.08866572460944706,
  "David Hamilton": 0.06723391362186176,
  "Masataka Yoshida": 0.06883715097922159,
  "Ceddanne Rafaela": 0.059049000990094226,
  "Spencer Horwitz": 0.0641426309401999,
  "Addison Barger": 0.07094245760912427,
  "Daulton Varsho": 0.08312384752907528,
  "Tyler O'Neill": 0.10889133806594863,
  "Ernie Clement": 0.051539296067156314,
  "Will Wagner": 0.06475619339996921,
  "Joey Loperfido": 0.0731389277042125,
  "Romy Gonzalez": 0.058832568224833424,
  "Max Kepler": 0.07361111111111111,
  "Adam Duvall": 0.13333333333333333,
  "Travis d'Arnaud": 0.13333333333333333,
  "Royce Lewis": 0.08392857142857142,
  "Orlando Arcia": 0.057501884080831456,
  "Trevor Larnach": 0.13333333333333333,
  "Marcell Ozuna": 0.1309812983950915,
  "Jorge Soler": 0.08450920306363743,
  "Ryan Jeffers": 0.08257901843147744,
  "Matt Olson": 0.10745923019945267,
  "Michael Harris II": 0.0655316851569803,
  "Christian Vazquez": 0.05706484455147556,
  "Sean Murphy": 0.07249840465903845,
  "Matt Wallner": 0.0653612609211646,
  "Edouard Julien": 0.07361111111111111,
  "Jose Miranda": 0.07257289623476043,
  "Austin Martin": 0.04917075602170693,
  "Willi Castro": 0.054955804566829115,
  "Carlos Santana": 0.06210915057050206,
  "Ram\u00f3n Laureano": 0.07335205102156797,
  "Manuel Margot": 0.05537833600916253,
  "Jarred Kelenic": 0.08392857142857142,
  "Whit Merrifield": 0.06818710439765895,
  "Luke Williams": 0.06854549552318316,
  "Kyle Farmer": 0.05085918305485228,
  "Gio Urshela": 0.006622516556291391,
  "Matt Carpenter": 0.07361111111111111,
  "Jurickson Profar": 0.07508945529778863,
  "Tommy Pham": 0.07478092394105831,
  "Manny Machado": 0.09997115279157008,
  "Paul Goldschmidt": 0.09669663436509982,
  "Jake Cronenworth": 0.07242945825411347,
  "Luis Campusano": 0.07361111111111111,
  "Nolan Arenado": 0.08088661197017227,
  "Alec Burleson": 0.07849541116664403,
  "Lars Nootbaar": 0.07064588297976807,
  "Xander Bogaerts": 0.050595173912968854,