{
  "Anthony Santander": 0.11120956683068485,
  "Kerry Carpenter": 0.08220206627311498,
  "Spencer Torkelson": 0.08610884258425242,
  "Riley Greene": 0.07307020388193262,
  "Cedric Mullins": 0.06987396579853448,
  "Eloy Jimenez": 0.07096007077137775,
  "Gunnar Henderson": 0.07540091934700799,
  "Trey Sweeney": 0.06396639185108449,
  "Parker Meadows": 0.06462396076495722,
  "Adley Rutschman": 0.06325049488262559,
  "Colton Cowser": 0.06472479745859476,
  "Matt Vierling": 0.06532086744986385,
  "Dillon Dingler": 0.06503096287386295,
  "Jackson Holliday": 0.05736639941658794,
  "Wenceel Perez": 0.0570923090626919,
  "Ryan O'Hearn": 0.06069293096699834,
  "Emmanuel Rivera": 0.053755203112121425,
  "Colt Keith": 0.05639516660083246,
  "Jace Jung": 0.07703703703703703,
  "Jake Rogers": 0.09761904761904762,
  "Andy Ibanez": 0.060000000000000005,
  "Zach McKinstry": 0.049999999999999996,
  "Justyn-Henry Malloy": 0.08392857142857142,
  "Bobby Witt Jr.": 0.09724122720323115,
  "Michael Massey": 0.08474944386414988,
  "Salvador Perez": 0.0894158366524616,
  "Bryan Reynolds": 0.07810714072839976,
  "Rowdy Tellez": 0.0711806385202598,
  "Oneil Cruz": 0.09067987316239975,
  "Hunter Renfroe": 0.07296481772424428,
  "Andrew McCutchen": 0.07526338785886316,
  "Bryan De La Cruz": 0.07220734371288538,
  "Joey Bart": 0.07104278530574346,
  "Tommy Pham": 0.06068806848471054,
  "Yuli Gurriel": 0.053359683879094205,
  "Nick Gonzales": 0.058497749102940234,
  "Robbie Grossman": 0.06207010707010707,
  "Jared Triolo": 0.06356018817011726,
  "Kyle Isbel": 0.049303335248924336,
  "Isiah Kiner-Falefa": 0.05633216398916882,
  "Adam Frazier": 0.047761539062308865,
  "MJ Melendez": 0.10723443223443224,
  "Freddy Fermin": 0.07333333333333333,
  "Maikel Garcia": 0.051904761904761905,
  "Connor Joe": 0.060000000000000005,
  "Dairon Blanco": 0.09761904761904762,
  "Garrett Hampson": 0.049999999999999996,
  "Paul DeJong": 0.13333333333333333,
  "Yasmani Grandal": 0.09761904761904762,
  "Michael A. Taylor": 0.060000000000000005,
  "Kyle Schwarber": 0.1380091407150821,
  "Francisco Lindor": 0.12741714451167796,
  "Bryce Harper": 0.11591050031522697,
  "Mark Vientos": 0.10492014776863505,
  "Brandon Nimmo": 0.1002554340074258,
  "Pete Alonso": 0.1002907076278746,
  "Trea Turner": 0.0982475206474008,
  "Nick Castellanos": 0.08194458340608057,
  "Weston Wilson": 0.07466051221137293,
  "Tyrone Taylor": 0.08182857127362973,
  "J.T. Realmuto": 0.0769054855776893,
  "Harrison Bader": 0.06583372140952662,
  "Jesse Winker": 0.06160325903842827,
  "Francisco Alvarez": 0.06174844601567631,
  "Bryson Stott": 0.05987808602751131,
  "Jose Iglesias": 0.05293086236794846,
  "Johan Rojas": 0.04444572856767016,
  "Brandon Marsh": 0.08828976034858388,
  "Starling Marte": 0.0750877192982456,
  "Luis Torrens": 0.060000000000000005,
  "J. D. Martinez": 0.14285714285714285,
  "Jake Burger": 0.16624665107336456,
  "Joey Gallo": 0.11290832104579333,
  "Connor Norby": 0.09895291888084647,
  "Andr\u00e9s Chaparro": 0.08682472082304622,
  "James Wood": 0.07309886235131391,
  "Jose Tena": 0.07038975931708019,
  "Luis Garcia Jr.": 0.06089636092666614,
  "Nick Fortes": 0.0596141044947102,
  "Dylan Crews": 0.07824148598445314,
  "Cristian Pache": 0.06475039010839646,
  "Griffin Conine": 0.08729906340924355,
  "Drew Millas": 0.06635149700421322,
  "Javier Sanoja": 0.05877678739780665,
  "Jonah Bride": 0.06196684498499722,
  "Otto Lopez": 0.05898464799876459,
  "Nasim Nunez": 0.06547619047619047,
  "Xavier Edwards": 0.056451432728028474,
  "Jacob Young": 0.05583645183645184,
  "Jesus Sanchez": 0.09669312169312168,
  "Keibert Ruiz": 0.08444444444444445,
  "CJ Abrams": 0.13555555555555557,
  "Aaron Judge": 0.15312425053291293,
  "Rafael Devers": 0.11606886122218997,
  "Tyler O'Neill": 0.1106896569518233,
  "Giancarlo Stanton": 0.13627374722228827,
  "Juan Soto": 0.10396558984726281,
  "Austin Wells": 0.08613282111234227,
  "Wilyer Abreu": 0.08799942442647136,
  "Jarren Duran": 0.08623740178743523,
  "Jazz Chisholm Jr.": 0.07747648429998032,
  "Triston Casas": 0.06485346262774022,
  "Ceddanne Rafaela": 0.06255672133499028,
  "Connor Wong": 0.06321584617826542,
  "Trevor Story": 0.06624291578196113,
  "Anthony Rizzo": 0.061943208633381916,
  "Masataka Yoshida": 0.0604547533534262,
  "Gleyber Torres": 0.06414270991099218,
  "Alex Verdugo": 0.05902243672643126,
  "Anthony Volpe": 0.05346451475110679,
  "Oswaldo Cabrera": 0.07361111111111111,
  "Rob Refsnyder": 0.10757575757575757,
  "Jasson Dom\u00ednguez": 0.07703703703703703,
  "Trent Grisham": 0.07361111111111111,
  "Romy Gonzalez": 0.060000000000000005,
  "Danny Jansen": 0.09761904761904762,
  "Vladimir Guerrero Jr.": 0.09777970897196493,
  "Nolan Arenado": 0.07981598919098919,
  "Paul Goldschmidt": 0.11571120703487271,
  "Alejandro Kirk": 0.05740178641590302,
  "Lars Nootbaar": 0.07172286693931933,
  "George Springer": 0.08278439336869756,
  "Daulton Varsho": 0.09206513068308843,
  "Alec Burleson": 0.09377517643646675,
  "Addison Barger": 0.07655074174411192,
  "Spencer Horwitz": 0.06296478710749077,
  "Brendan Donovan": 0.07350189712277512,
  "Ernie Clement": 0.06031429178266356,
  "Masyn Winn": 0.07422558922558922,
  "Joey Loperfido": 0.05642826954256996,
  "Michael Siani": 0.060752136752136754,
  "Thomas Saggese": 0.08748508175199905,
  "Nathan Lukes": 0.07168525367200865,
  "Will Wagner": 0.05205270093689485,
  "Pedro Pages": 0.06538778489985946,
  "Jordan Walker": 0.13333333333333333,
  "Jhonkensy Noel": 0.10896697066657542,
  "Brandon Lowe": 0.11340611096757668,
  "Jose Ramirez": 0.10360873413186829,
  "Josh Naylor": 0.10492582752221802,
  "Kyle Manzardo": 0.09182876285310362,
  "Junior Caminero": 0.09242368559852202,
  "Christopher Morel": 0.09755691227030838,
  "Josh Lowe": 0.09578792983403926,
  "Bo Naylor": 0.0792952746310845,
  "Lane Thomas": 0.08634590634590635,
  "Jose Siri": 0.07095563485269368,
  "Jose Caballero": 0.06760812031081809,
  "Daniel Schneemann": 0.07443524208675724,
  "Andres Gimenez": 0.06314445287957667,
  "Jonathan Aranda": 0.06858474088205066,
  "Taylor Walls": 0.05410570202420208,
  "Brayan Rocchio": 0.05661198737134174,
  "Logan Driscoll": 0.07185917530745117,
  "Steven Kwan": 0.0703030303030303,
  "Yandy Diaz": 0.10357142857142858,
  "David Fry": 0.12000000000000001,
  "Dylan Carlson": 0.060000000000000005,
  "Jonny Deluca": 0.08416179337231967,
  "Shohei Ohtani": 0.16061600882749733,
  "Marcell Ozuna": 0.15130690471882066,
  "Matt Olson": 0.12704102551032745,
  "Max Muncy": 0.11605565306221265,
  "Jorge Soler": 0.10621395275944522,
  "Michael Harris II": 0.09917090379889727,
  "Teoscar Hernandez": 0.0912580115970578,
  "Mookie Betts": 0.08738678872866867,
  "Travis d'Arnaud": 0.08934515689472594,
  "Will Smith": 0.07925655853686156,
  "Freddie Freeman": 0.08403492469570674,
  "Ram\u00f3n Laureano": 0.09772617390818585,
  "Orlando Arcia": 0.07322264520986826,
  "Tommy Edman": 0.05755665008118558,
  "Gavin Lux": 0.05635466194251846,
  "Gio Urshela": 0.06242469531048646,
  "Whit Merrifield": 0.05812032317560088,
  "Miguel Rojas": 0.05058024655877232,
  "Enrique Hernandez": 0.08392857142857142,
  "Adam Duvall": 0.13333333333333333,
  "Sean Murphy": 0.09761904761904762,
  "Jarred Kelenic": 0.1406060606060606,
  "Cavan Biggio": 0.1111111111111111,
  "Brent Rooker": 0.12062192992957071,
  "Shea Langeliers": 0.10421061340316,
  "Luis Robert Jr.": 0.10570470398615112,
  "Andrew Vaughn": 0.10093304823299604,
  "Lawrence Butler": 0.08913810596862688,
  "Miguel Vargas": 0.07701479378043784,
  "JJ Bleday": 0.0873787775223182,
  "Bryan Ramos": 0.08869387995855993,
  "Korey Lee": 0.06993720393052665,
  "Lenyn Sosa": 0.06938727825227137,
  "Zack Gelof": 0.06833419740638992,
  "Andrew Benintendi": 0.06168490657873255,
  "Daz Cameron": 0.06759550080124085,
  "Jacob Wilson": 0.06331367530877935,
  "Tyler Nevin": 0.06325100219837063,
  "Max Schuemann": 0.05891247827574219,
  "Jacob Amaya": 0.05791174883880051,
  "Dominic Fletcher": 0.05946937446937447,