{
  "Brandon Nimmo": 0.06954998223329943,
  "J.T. Realmuto": 0.14294598778590745,
  "Tomas Nido": 0.060000000000000005,
  "Jeff McNeil": 0.060000000000000005,
  "Bryce Harper": 0.13643248858031354,
  "Pete Alonso": 0.12370995240041258,
  "Alec Bohm": 0.12519275737141994,
  "Francisco Lindor": 0.11839925480014461,
  "Kyle Schwarber": 0.16916403025151558,
  "Nick Castellanos": 0.13500094639326582,
  "Mark Vientos": 0.1139692742666575,
  "Bryson Stott": 0.07312746870953482,
  "Edmundo Sosa": 0.11424047427966277,
  "Starling Marte": 0.08136990460680193,
  "Johan Rojas": 0.060000000000000005,
  "Harrison Bader": 0.08503635112452552,
  "Jose Iglesias": 0.05654476147567136,
  "J. D. Martinez": 0.11827664655872185,
  "David Dahl": 0.060000000000000005,
  "Whit Merrifield": 0.07424011130848722,
  "Cristian Pache": 0.06896494423762914,
  "Luis Torres": 0.07592002025402796,
  "Austin Riley": 0.16114316795522235,
  "Adam Duvall": 0.1704307017177516,
  "Ozzie Albies": 0.133759171791593,
  "Travis d'Arnaud": 0.12000000000000001,
  "Luis Garcia Jr.": 0.08040201324950631,
  "Marcell Ozuna": 0.17847055086713537,
  "Lane Thomas": 0.10521691328402974,
  "Matt Olson": 0.1615899224082844,
  "CJ Abrams": 0.1110115305846012,
  "Michael Harris II": 0.09034977036292378,
  "Keibert Ruiz": 0.075428670009946,
  "Orlando Arcia": 0.11618868089816502,
  "Joey Meneses": 0.05007062146892655,
  "Jacob Young": 0.052711143814896576,
  "Jarred Kelenic": 0.08106059710367727,
  "Joey Gallo": 0.14048955502195107,
  "Eddie Rosario": 0.10618768216244248,
  "Sean Murphy": 0.14849641999081176,
  "Nick Senzel": 0.0905395189605716,
  "Jesse Winker": 0.08991163272474426,
  "Alex Kirilloff": 0.09291509879222491,
  "Andrew McCutchen": 0.11537349952288818,
  "Bryan Reynolds": 0.099401545398125,
  "Byron Buxton": 0.12625549563155453,
  "Carlos Correa": 0.1096765092168277,
  "Christian Vazquez": 0.06473583794923125,
  "Connor Joe": 0.10370279801554268,
  "Jose Miranda": 0.0833545982350201,
  "Ke'Bryan Hayes": 0.08260668508542425,
  "Max Kepler": 0.12706247884181696,
  "Michael A. Taylor": 0.09094410199054188,
  "Nick Gonzales": 0.0930392759211527,
  "Oneil Cruz": 0.12499388417926637,
  "Rowdy Tellez": 0.08538827821272534,
  "Royce Lewis": 0.13930440068576325,
  "Trevor Larnach": 0.12256312109074206,
  "Willi Castro": 0.08378521907905635,
  "Yasmani Grandal": 0.07676853723506402,
  "Ryan Jeffers": 0.09242157813889562,
  "Jack Suwinski": 0.08392857142857142,
  "Edward Olivares": 0.08392857142857142,
  "Manuel Margot": 0.049999999999999996,
  "Adolis Garcia": 0.1705722151944088,
  "Andrew Knizner": 0.10417430214674843,
  "Austin Slater": 0.08100842220471258,
  "Curt Casali": 0.0929879728183013,
  "Ezequiel Duran": 0.08600783265086906,
  "Heliot Ramos": 0.12669104022619343,
  "Jonah Heim": 0.11452365654511144,
  "Jorge Soler": 0.16735126423143837,
  "Josh Smith": 0.09248364362083762,
  "Leody Taveras": 0.08574471894993939,
  "Marcus Semien": 0.12183695722722429,
  "Matt Chapman": 0.16683734720969529,
  "Michael Conforto": 0.10869539100369596,
  "Nathaniel Lowe": 0.09835428220003124,
  "Thairo Estrada": 0.08914809742306228,
  "Travis Jankowski": 0.07015298427063132,
  "Tyler Fitzgerald": 0.08630399001391958,
  "Wilmer Flores": 0.10558729536207671,
  "Patrick Bailey": 0.09761904761904762,
  "Casey Schmitt": 0.08392857142857142,
  "Robbie Grossman": 0.08392857142857142,
  "Davis Wendzel": 0.09761904761904762,
  "Wyatt Langford": 0.09761904761904762,
  "Danny Jansen": 0.12083846520767885,
  "Bo Bichette": 0.0795956861653281,
  "Seth Brown": 0.08972665354211143,
  "Vladimir Guerrero Jr.": 0.1122639793767658,
  "Shea Langeliers": 0.13643796191819654,
  "George Springer": 0.07361111111111111,
  "Brent Rooker": 0.13933928262380466,
  "Kevin Kiermaier": 0.05991219083877226,
  "Ernie Clement": 0.05007062146892655,
  "Davis Schneider": 0.11360882500732572,
  "JJ Bleday": 0.09984305678051486,
  "Daulton Varsho": 0.08477371959878824,
  "Zack Gelof": 0.08566771890457747,
  "Abraham Toro": 0.07498211018311866,
  "Isiah Kiner-Falefa": 0.058524996221354514,
  "Miguel Andujar": 0.07361111111111111,
  "Max Schuemann": 0.0650297921596096,
  "J.D. Davis": 0.08392857142857142,
  "Justin Turner": 0.08392857142857142,
  "Spencer Horwitz": 0.08892400414956805,
  "Daz Cameron": 0.09101563729574035,
  "Daniel Vogelbach": 0.0887513508214879,
  "Tyler Soderstrom": 0.10436901076219962,
  "Gunnar Henderson": 0.1513191521426582,
  "Anthony Santander": 0.135641056392115,
  "Ryan Mountcastle": 0.12212051316294902,
  "Jordan Westburg": 0.11852048950930959,
  "Kyle Stowers": 0.1294121382923828,
  "Brandon Lowe": 0.10361908128301571,
  "Adley Rutschman": 0.10310391583721598,
  "Ryan O'Hearn": 0.10258689153977307,
  "Randy Arozarena": 0.08759575387539065,
  "Connor Norby": 0.09885838815633337,
  "Yandy Diaz": 0.08168553370985046,
  "Isaac Paredes": 0.0917870920751105,
  "Jose Siri": 0.08388940972275939,
  "Cedric Mullins": 0.07805344021018436,
  "Josh Lowe": 0.08173297811523812,
  "Taylor Walls": 0.06321862479447331,
  "Alex Jackson": 0.09235949235949237,
  "Richie Palacios": 0.06855440198242634,
  "Austin Hays": 0.12000000000000001,
  "Colton Cowser": 0.08392857142857142,
  "Jose Caballero": 0.060000000000000005,
  "James McCann": 0.060000000000000005,
  "Ben Rortvedt": 0.055142857142857146,
  "Amed Rosario": 0.05007062146892655,
  "Rafael Devers": 0.18355008409796145,
  "Luis Robert Jr.": 0.12000000000000001,
  "Gavin Sheets": 0.08651252450875113,
  "Jarren Duran": 0.13486788203647443,
  "Andrew Vaughn": 0.09504036964525471,
  "Lenyn Sosa": 0.07784586947872953,
  "Danny Mendick": 0.07065959470083182,
  "Connor Wong": 0.10923931746744533,
  "Enmanuel Valdez": 0.15674014050986534,
  "Rob Refsnyder": 0.09897093108054689,
  "David Hamilton": 0.08652137391258828,
  "Ceddanne Rafaela": 0.10384113759399793,
  "Oscar Col\u00e1s": 0.07825521135746888,
  "Nicky Lopez": 0.060000000000000005,
  "Korey Lee": 0.060000000000000005,
  "Paul DeJong": 0.10453231410724659,
  "Garrett Cooper": 0.09761904761904762,
  "Tyler O'Neill": 0.12000000000000001,
  "Dominic Smith": 0.11221155076023236,
  "Corey Julks": 0.08725546901092247,
  "Bobby Dalbec": 0.12130808853822524,
  "Zach DeLoach": 0.10406157049314362,
  "Martin Maldonado": 0.08987586487586487,
  "Nico Hoerner": 0.05007062146892655,
  "Miguel Amaya": 0.08392857142857142,
  "Ian Happ": 0.12466305511910711,
  "Patrick Wisdom": 0.2184943404393338,
  "Tyler Stephenson": 0.10278894116999428,
  "Jonathan India": 0.08616148033403889,
  "Christopher Morel": 0.2046623163408276,
  "Stuart Fairchild": 0.07361111111111111,
  "Yan Gomes": 0.11781634572361642,
  "Spencer Steer": 0.12207844138019754,
  "Seiya Suzuki": 0.12000000000000001,
  "TJ Friedl": 0.09679651042318019,
  "Jake Fraley": 0.08765376928428324,
  "Dansby Swanson": 0.13694773770025978,
  "Elly De La Cruz": 0.12202285662730203,
  "Cody Bellinger": 0.14129075666956406,
  "Pete Crow-Armstrong": 0.05007062146892655,
  "Mike Tauchman": 0.08130109812488014,
  "Will Benson": 0.1056590329887821,
  "Jacob Hurtubise": 0.0571240789595247,
  "Santiago Espinal": 0.05007062146892655,
  "Jeimer Candelario": 0.12166755707834524,
  "David Bote": 0.13560359300275338,
  "Michael Busch": 0.11140005794263119,
  "Christian Yelich": 0.10666336108436898,
  "Willy Adames": 0.1340880871412603,
  "Brice Turang": 0.05888229947613603,
  "Riley Greene": 0.10081564324139881,
  "Javier Baez": 0.0777659192267577,
  "Jake Rogers": 0.12000000000000001,
  "Wenceel Perez": 0.060000000000000005,
  "Blake Perkins": 0.06481602858778875,
  "Matt Vierling": 0.09691278702802071,
  "Jake Bauers": 0.10757575757575757,
  "Mark Canha": 0.07934339939035254,
  "Sal Frelick": 0.05943869779386398,
  "William Contreras": 0.13684538824403783,
  "Gary Sanchez": 0.13358585858585859,
  "Joey Ortiz": 0.0834968130246768,
  "Rhys Hoskins": 0.14464785017473808,
  "Colt Keith": 0.08159992401013197,
  "Justyn-Henry Malloy": 0.08245653384735936,
  "Gio Urshela": 0.07200451319034624,