{
  "Anthony Santander": 0.1275128895886425,
  "Vladimir Guerrero Jr.": 0.09218718826561964,
  "Danny Jansen": 0.1058066094847349,
  "Cavan Biggio": 0.06658119658119657,
  "Bo Bichette": 0.06846521367912077,
  "Ryan Mountcastle": 0.10452023308750157,
  "George Springer": 0.06854446253935781,
  "Adley Rutschman": 0.08637846681861491,
  "Gunnar Henderson": 0.09572033767024822,
  "Alejandro Kirk": 0.060000000000000005,
  "James McCann": 0.08174847132096325,
  "Jorge Mateo": 0.07638303305294068,
  "Kevin Kiermaier": 0.06426696832579186,
  "Daulton Varsho": 0.09766252503805511,
  "Davis Schneider": 0.0892431383416476,
  "Isiah Kiner-Falefa": 0.060000000000000005,
  "Justin Turner": 0.060000000000000005,
  "Jordan Westburg": 0.107928633254863,
  "Colton Cowser": 0.07636240221766537,
  "Austin Hays": 0.060000000000000005,
  "Cedric Mullins": 0.0743807707444071,
  "Daniel Vogelbach": 0.08902396684351571,
  "Ernie Clement": 0.060967112597547383,
  "Jake Rogers": 0.09761904761904762,
  "Jesus Sanchez": 0.10206518502208446,
  "Bryan De La Cruz": 0.13106671075343587,
  "Jazz Chisholm Jr.": 0.14457893959393028,
  "Nick Fortes": 0.07348429565875286,
  "Javier Baez": 0.09091729272400388,
  "Kerry Carpenter": 0.09098051763689464,
  "Spencer Torkelson": 0.153604833875688,
  "Matt Vierling": 0.08354372872757475,
  "Josh Bell": 0.11169943152086008,
  "Wenceel Perez": 0.0911143373458054,
  "Jake Burger": 0.14073890050857693,
  "Mark Canha": 0.09691530514962701,
  "Riley Greene": 0.07361111111111111,
  "Christian Bethancourt": 0.08392857142857142,
  "Emmanuel Rivera": 0.05007062146892655,
  "Nick Gordon": 0.08925847159331941,
  "Otto Lopez": 0.06453889358592203,
  "Andy Ibanez": 0.11572259414054849,
  "Gio Urshela": 0.08899355717104376,
  "Carson Kelly": 0.09380313918815321,
  "Vidal Brujan": 0.0681056755105597,
  "Andrew McCutchen": 0.13721176985676614,
  "Connor Joe": 0.107040727963036,
  "Christian Yelich": 0.06950537634408602,
  "Jack Suwinski": 0.08392857142857142,
  "Brice Turang": 0.05007062146892655,
  "Willy Adames": 0.15108160624545927,
  "Oneil Cruz": 0.11182301822919724,
  "Jared Triolo": 0.06605321537888259,
  "Bryan Reynolds": 0.11447689934151507,
  "Blake Perkins": 0.07907876437288201,
  "William Contreras": 0.13716928955649219,
  "Sal Frelick": 0.060814486809910154,
  "Edward Olivares": 0.10658945251176055,
  "Jackson Chourio": 0.09496676163342829,
  "Joey Bart": 0.09812817315397294,
  "Jake Bauers": 0.13358585858585859,
  "Michael A. Taylor": 0.09690611736822034,
  "Gary Sanchez": 0.1836972595063414,
  "Andruw Monasterio": 0.07884307670570002,
  "Owen Miller": 0.076320084627455,
  "Nick Gonzales": 0.09460342695636813,
  "Joey Ortiz": 0.09712290453031194,
  "Gavin Sheets": 0.08246475757030218,
  "Luis Garcia Jr.": 0.060000000000000005,
  "Eloy Jimenez": 0.13602736387102965,
  "Ildemaro Vargas": 0.09317923401404697,
  "Keibert Ruiz": 0.08016258660884933,
  "Riley Adams": 0.09976436110355955,
  "Andrew Vaughn": 0.1295144146546801,
  "CJ Abrams": 0.08392857142857142,
  "Andrew Benintendi": 0.07533034395475025,
  "Nicky Lopez": 0.060000000000000005,
  "Joey Meneses": 0.10156622345669215,
  "Jacob Young": 0.07256701631701631,
  "Paul DeJong": 0.1354439135218372,
  "Jesse Winker": 0.08392857142857142,
  "Nick Senzel": 0.0840638845055347,
  "Martin Maldonado": 0.060000000000000005,
  "Tommy Pham": 0.13224295820099582,
  "Eddie Rosario": 0.10757575757575757,
  "Korey Lee": 0.10796458508583509,
  "Nasim Nunez": 0.06008729499862223,
  "Zach Remillard": 0.07420213036754389,
  "Braden Shewmake": 0.08357153359462512,
  "Trey Lipscomb": 0.08354796409132877,
  "Victor Robles": 0.07197264270575654,
  "Christian Walker": 0.1482270782993818,
  "Ketel Marte": 0.1694893188409458,
  "Tyler Stephenson": 0.060000000000000005,
  "Jake Fraley": 0.0947359715507393,
  "Jonathan India": 0.08330287876789362,
  "Corbin Carroll": 0.060000000000000005,
  "Blaze Alexander": 0.09070460999597954,
  "Jake McCarthy": 0.07403519320185988,
  "Elly De La Cruz": 0.10034782608695654,
  "Stuart Fairchild": 0.060000000000000005,
  "Spencer Steer": 0.10750553808630034,
  "Will Benson": 0.12675683195820744,
  "Lourdes Gurriel Jr.": 0.12376301734682331,
  "Gabriel Moreno": 0.08985952155544379,
  "Jeimer Candelario": 0.1075592777372725,
  "Eugenio Suarez": 0.13630425005862137,
  "Randal Grichuk": 0.1464671601304343,
  "Kevin Newman": 0.07496234627693595,
  "Joc Pederson": 0.10757575757575757,
  "Mike Ford": 0.17592488559383346,
  "Conner Capel": 0.08633936549949987,
  "Luke Maile": 0.08592829650059211,
  "Santiago Espinal": 0.06621947631579161,
  "Charlie Blackmon": 0.0866804518594242,
  "Fernando Tatis Jr.": 0.15042589988728852,
  "Ryan McMahon": 0.10521224667351428,
  "Brendan Rodgers": 0.07741289299993753,
  "Jake Cronenworth": 0.09290414309211302,
  "Jurickson Profar": 0.0902610715110715,
  "Luis Campusano": 0.10177499710058088,
  "Ha-Seong Kim": 0.08566519119878803,
  "Manny Machado": 0.14711208689339234,
  "Elias Diaz": 0.060000000000000005,
  "Elehuris Montero": 0.08797370841896986,
  "Ezequiel Tovar": 0.08323653837237643,
  "Jordan Beck": 0.07292268909441003,
  "Xander Bogaerts": 0.09440278267121495,
  "Jackson Merrill": 0.07361111111111111,
  "Luis Arraez": 0.04705613371176285,
  "Brenton Doyle": 0.08442815631055568,
  "Jacob Stallings": 0.06767509908734586,
  "Donovan Solano": 0.10253285255041837,
  "Jake Cave": 0.09104136604136603,
  "Jose Azocar": 0.06012424863844742,
  "Salvador Perez": 0.14529182347162028,
  "Mitch Haniger": 0.14000526531590243,
  "Ty France": 0.09393029331678704,
  "Kyle Isbel": 0.08384241478650999,
  "MJ Melendez": 0.13745711526040585,
  "Cal Raleigh": 0.19629159884442146,
  "Julio Rodriguez": 0.14503846974486173,
  "Maikel Garcia": 0.07361111111111111,
  "Freddy Fermin": 0.08808288013296749,
  "Bobby Witt Jr.": 0.1252095966163486,
  "Michael Massey": 0.11485310517919213,
  "Vinnie Pasquantino": 0.1353039353779226,
  "Josh Rojas": 0.08882729029402914,
  "Nelson Velazquez": 0.08392857142857142,
  "Hunter Renfroe": 0.10027208969701289,
  "Luke Raley": 0.1257508719021074,
  "Mitch Garver": 0.12000000000000001,
  "Adam Frazier": 0.08270724535605488,
  "Jorge Polanco": 0.10757575757575757,
  "Dominic Canzone": 0.16372132896446784,
  "Dylan Moore": 0.10387854911439444,
  "Luis Urias": 0.08945521992315242,
  "Jeff McNeil": 0.05502902120166336,
  "Brandon Nimmo": 0.07302786556198447,
  "J.T. Realmuto": 0.13268335503293333,
  "Alec Bohm": 0.10807900358839174,
  "Pete Alonso": 0.11463565917513285,
  "Francisco Lindor": 0.11420854799124416,
  "Bryce Harper": 0.11776172600260336,
  "Starling Marte": 0.07969804830983708,
  "Nick Castellanos": 0.12560008332231185,
  "Bryson Stott": 0.0657975055899822,
  "Brandon Marsh": 0.08392857142857142,
  "Kyle Schwarber": 0.16382879753460292,
  "Johan Rojas": 0.061877572780643215,
  "Edmundo Sosa": 0.09586964189362508,
  "Brett Baty": 0.060000000000000005,
  "Omar Narvaez": 0.05007062146892655,
  "DJ Stewart": 0.12000000000000001,
  "Kody Clemens": 0.09761904761904762,
  "J. D. Martinez": 0.12646026681326358,
  "Harrison Bader": 0.08803338201515405,
  "Whit Merrifield": 0.060000000000000005,
  "Tyrone Taylor": 0.09761904761904762,
  "Mark Vientos": 0.11885025435968706,
  "Cristian Pache": 0.07445518903035243,
  "Tomas Nido": 0.050844883218218014,
  "Rafael Devers": 0.15146793575640083,
  "Josh Lowe": 0.0952795918971703,
  "Connor Wong": 0.10494060184683432,
  "Yandy Diaz": 0.09778105533811561,
  "Jarren Duran": 0.09582705393275061,
  "Harold Ramirez": 0.05007062146892655,
  "Rob Refsnyder": 0.05007062146892655,
  "Randy Arozarena": 0.11798662487856475,
  "Reese McGuire": 0.055142857142857146,
  "Wilyer Abreu": 0.1028712435261441,
  "Isaac Paredes": 0.10594086424708996,
  "Ceddanne Rafaela": 0.07830169512035066,
  "Tyler O'Neill": 0.1401787653130086,
  "Jonny Deluca": 0.07361111111111111,
  "Vaughn Grissom": 0.07361111111111111,
  "Jose Caballero": 0.06824185641210796,
  "Amed Rosario": 0.060000000000000005,