{
  "Cedric Mullins": 0.09139576418810001,
  "Anthony Santander": 0.12000000000000001,
  "Connor Wong": 0.11538039801737673,
  "Rafael Devers": 0.1162622972800165,
  "Jorge Mateo": 0.08062590431011483,
  "Jarren Duran": 0.07340399796282149,
  "Ryan Mountcastle": 0.10320343733967804,
  "Adley Rutschman": 0.12429497821741069,
  "Ceddanne Rafaela": 0.09053363396069196,
  "Wilyer Abreu": 0.04958730158730159,
  "Gunnar Henderson": 0.16287823766712345,
  "Kyle Stowers": 0.12734286043158757,
  "Ryan O'Hearn": 0.11305339447021925,
  "David Hamilton": 0.05489655172413793,
  "Jordan Westburg": 0.10709705231991076,
  "Colton Cowser": 0.10220218778650748,
  "Dominic Smith": 0.07230983384344729,
  "Garrett Cooper": 0.11833637463472524,
  "Tyler O'Neill": 0.13358585858585859,
  "Vaughn Grissom": 0.08083948692994819,
  "Romy Gonzalez": 0.11974380834756111,
  "Rob Refsnyder": 0.10267873619202322,
  "Gavin Sheets": 0.13312763937702757,
  "Danny Jansen": 0.21452467547150927,
  "Bo Bichette": 0.1282603932151107,
  "Andrew Vaughn": 0.10497208805911597,
  "Vladimir Guerrero Jr.": 0.17981835188684925,
  "Alejandro Kirk": 0.060000000000000005,
  "Danny Mendick": 0.07581749305887237,
  "George Springer": 0.13063027624251333,
  "Andrew Benintendi": 0.09106773724142489,
  "Kevin Kiermaier": 0.08392857142857142,
  "Zach Remillard": 0.05007062146892655,
  "Daulton Varsho": 0.17553332940457161,
  "Davis Schneider": 0.18405086028735007,
  "Paul DeJong": 0.10960603541248702,
  "Korey Lee": 0.07361111111111111,
  "Justin Turner": 0.12000000000000001,
  "Isiah Kiner-Falefa": 0.08029841543962203,
  "Dominic Fletcher": 0.05007062146892655,
  "Tommy Pham": 0.10859527237796855,
  "Daniel Vogelbach": 0.16878495500698557,
  "Corey Julks": 0.09485096377656285,
  "Martin Maldonado": 0.09089418753786893,
  "Cavan Biggio": 0.10227953573622967,
  "Nicky Lopez": 0.06532699638243995,
  "Max Kepler": 0.1276321654678821,
  "Salvador Perez": 0.18093717583712912,
  "Byron Buxton": 0.15583050787949682,
  "Ryan Jeffers": 0.12757586560697937,
  "Kyle Isbel": 0.07361111111111111,
  "Maikel Garcia": 0.09039029734518456,
  "Alex Kirilloff": 0.10247372072315215,
  "Trevor Larnach": 0.12343163802691089,
  "MJ Melendez": 0.11359954520956825,
  "Jose Miranda": 0.09872365281206484,
  "Carlos Correa": 0.13122675387395122,
  "Freddy Fermin": 0.060000000000000005,
  "Vinnie Pasquantino": 0.1166819941916611,
  "Bobby Witt Jr.": 0.16026921993274792,
  "Dairon Blanco": 0.09323325426266603,
  "Willi Castro": 0.08409889655025087,
  "Hunter Renfroe": 0.12410125255383639,
  "Nelson Velazquez": 0.12496481698128135,
  "Carlos Santana": 0.08392857142857142,
  "Adam Frazier": 0.06353920685669091,
  "Edouard Julien": 0.09232169090042543,
  "Austin Riley": 0.16982167976702325,
  "Ozzie Albies": 0.11156543358039686,
  "Adam Duvall": 0.17443225637549098,
  "Luis Garcia Jr.": 0.07565711327573953,
  "Travis d'Arnaud": 0.10757575757575757,
  "Orlando Arcia": 0.09797561772744068,
  "Keibert Ruiz": 0.07852106850739796,
  "Marcell Ozuna": 0.19567187103160058,
  "Riley Adams": 0.060000000000000005,
  "Michael Harris II": 0.09147944495320288,
  "Ildemaro Vargas": 0.05007062146892655,
  "Jacob Young": 0.04967605091046072,
  "Joey Meneses": 0.060541781450872356,
  "Matt Olson": 0.1655150756938657,
  "Jarred Kelenic": 0.08378857556853143,
  "CJ Abrams": 0.10262101006692693,
  "Nick Senzel": 0.07495026611070656,
  "Zack Short": 0.05007062146892655,
  "Joey Gallo": 0.13177019907709803,
  "Eddie Rosario": 0.10269356103444671,
  "Sean Murphy": 0.16203548989342553,
  "Lane Thomas": 0.11284882232462877,
  "Jesse Winker": 0.0803153032735151,
  "Ian Happ": 0.10767926036240591,
  "Christian Yelich": 0.11290235811362571,
  "Miguel Amaya": 0.07644840857278316,
  "Nico Hoerner": 0.0763111266125904,
  "Willy Adames": 0.13449684237969545,
  "Christopher Morel": 0.18193727009516483,
  "Patrick Wisdom": 0.17404911149893398,
  "Yan Gomes": 0.060000000000000005,
  "Seiya Suzuki": 0.12186632913911064,
  "Nick Madrigal": 0.052977698248117676,
  "William Contreras": 0.12775788915085137,
  "Blake Perkins": 0.07542783672369834,
  "Cody Bellinger": 0.1439102046849293,
  "Dansby Swanson": 0.12098551723710342,
  "Mike Tauchman": 0.07361111111111111,
  "Brice Turang": 0.06452674897119343,
  "Sal Frelick": 0.060000000000000005,
  "Jake Bauers": 0.11308301913140623,
  "Jackson Chourio": 0.10080475922806027,
  "Michael Busch": 0.08392857142857142,
  "Joey Ortiz": 0.0911123419779574,
  "Gary Sanchez": 0.15978588095335702,
  "Andruw Monasterio": 0.0531055900621118,
  "Owen Miller": 0.04807234650166588,
  "Paul Goldschmidt": 0.1526810988522332,
  "Matt Carpenter": 0.08392857142857142,
  "Ivan Herrera": 0.12228706233388753,
  "Tyler Stephenson": 0.15155883858506786,
  "Nolan Arenado": 0.16972726693223586,
  "Dylan Carlson": 0.09952411724998626,
  "Jonathan India": 0.11818463191697921,
  "Brendan Donovan": 0.07361111111111111,
  "Jake Fraley": 0.11022809002854188,
  "Lars Nootbaar": 0.07361111111111111,
  "Nolan Gorman": 0.14941700382285325,
  "Alec Burleson": 0.10632880434091241,
  "Stuart Fairchild": 0.08392857142857142,
  "Spencer Steer": 0.17543078712826923,
  "Masyn Winn": 0.08910298413344224,
  "Will Benson": 0.13312552934183744,
  "Michael Siani": 0.06330474009947475,
  "Luke Maile": 0.060000000000000005,
  "Nick Martini": 0.1404792356825428,
  "Elly De La Cruz": 0.15728430827272236,
  "Jacob Hurtubise": 0.06833399466785571,
  "Jeimer Candelario": 0.13499160553103068,
  "Santiago Espinal": 0.05009416195856873,
  "Mike Ford": 0.17142857142857143,
  "Pedro Pages": 0.12741664997386828,
  "Charlie Blackmon": 0.09528994677008427,
  "Jose Ramirez": 0.15595699412834962,
  "Ryan McMahon": 0.12533838524430413,
  "Brendan Rodgers": 0.10825653920364424,
  "Austin Hedges": 0.060000000000000005,
  "Elias Diaz": 0.11145777872726292,
  "Josh Naylor": 0.13742423794784525,
  "Gabriel Arias": 0.08392857142857142,
  "Andres Gimenez": 0.08608672984036991,
  "Tyler Freeman": 0.10042096855180441,
  "Brayan Rocchio": 0.07700897373151029,
  "Ezequiel Tovar": 0.12999797380995923,
  "Will Brennan": 0.09977285382576685,
  "Elehuris Montero": 0.12872555725788662,
  "Kris Bryant": 0.15103439739422875,
  "Brenton Doyle": 0.1170984035473753,
  "Bo Naylor": 0.13782382386952782,
  "Hunter Goodman": 0.07361111111111111,
  "David Fry": 0.13822686364005718,
  "Johnathan Rodriguez": 0.09761904761904762,
  "Jake Cave": 0.07361111111111111,
  "Kyle Manzardo": 0.14237289665651243,
  "Estevan Florial": 0.05007062146892655,
  "Sean Bouchard": 0.1351066474559991,
  "J.T. Realmuto": 0.09954875952719348,
  "Wilmer Flores": 0.09761904761904762,
  "Bryce Harper": 0.12067395669390497,
  "Alec Bohm": 0.08198056326966388,
  "Mike Yastrzemski": 0.10953461477307277,
  "Curt Casali": 0.05007062146892655,
  "Heliot Ramos": 0.08216894790250433,
  "Kyle Schwarber": 0.1333984646377849,
  "Nick Castellanos": 0.09018490387942728,
  "LaMonte Wade Jr.": 0.08425278103902413,
  "Thairo Estrada": 0.07815545505490507,
  "Bryson Stott": 0.06395672229005563,
  "Edmundo Sosa": 0.08226122536467365,
  "Kody Clemens": 0.09761904761904762,
  "Marco Luciano": 0.060000000000000005,
  "Brandon Marsh": 0.07361111111111111,
  "Luis Matos": 0.0755361526314997,
  "Johan Rojas": 0.06098347730700672,
  "Jorge Soler": 0.14303064082775968,
  "Patrick Bailey": 0.08324479090029328,
  "Whit Merrifield": 0.062130886442768325,
  "Matt Chapman": 0.13380822778924267,
  "Cristian Pache": 0.055077860006167136,
  "Brett Wisely": 0.08318399098769942,
  "Jesus Sanchez": 0.10440168157091513,
  "Manny Machado": 0.12973149556423924,
  "Jake Cronenworth": 0.08020306616057533,
  "Fernando Tatis Jr.": 0.13718242515190499,
  "Ha-Seong Kim": 0.07965629310291594,
  "Jurickson Profar": 0.08297122988593043,
  "Luis Campusano": 0.08037700744108567,
  "Jazz Chisholm Jr.": 0.12111054461986138,
  "Bryan De La Cruz": 0.10852919960062817,
  "Nick Fortes": 0.060000000000000005,
  "Josh Bell": 0.09736331805538799,
  "Vidal Brujan": 0.05007062146892655,