{
  "Byron Buxton": 0.13595498249210425,
  "Willy Adames": 0.10464246764491862,
  "William Contreras": 0.1110864023719667,
  "Rhys Hoskins": 0.10809314123884779,
  "Max Kepler": 0.10396189103761788,
  "Trevor Larnach": 0.08779513735607757,
  "Carlos Santana": 0.08683656724369483,
  "Edouard Julien": 0.07306535701051402,
  "Willi Castro": 0.08270445823678411,
  "Eric Haase": 0.08160015731510732,
  "Garrett Mitchell": 0.05786116422988441,
  "Brooks Lee": 0.06271298536189049,
  "Joey Ortiz": 0.08154798945323569,
  "Austin Martin": 0.081606529209622,
  "Jackson Chourio": 0.07843011795217678,
  "Christian Vazquez": 0.0776923076923077,
  "Brice Turang": 0.047193371322943774,
  "Sal Frelick": 0.043702939855689946,
  "Christian Yelich": 0.09761904761904762,
  "Ryan Jeffers": 0.09761904761904762,
  "Matt Wallner": 0.10757575757575757,
  "Marcell Ozuna": 0.16516470420873416,
  "Austin Riley": 0.12540089450194183,
  "Matt Olson": 0.12095823901190285,
  "Travis d'Arnaud": 0.08815115753699346,
  "Nolan Gorman": 0.10299668519526527,
  "Willson Contreras": 0.11116495645633888,
  "Ozzie Albies": 0.09088806831095897,
  "Paul Goldschmidt": 0.09950740789345808,
  "Alec Burleson": 0.08511587234503289,
  "Jarred Kelenic": 0.09338547315671498,
  "Ram\u00f3n Laureano": 0.08878897843086367,
  "Lars Nootbaar": 0.06540299557769687,
  "Nolan Arenado": 0.0766035305958714,
  "Eddie Rosario": 0.07000398863988402,
  "Orlando Arcia": 0.06837505311377699,
  "Masyn Winn": 0.06362903480870813,
  "Brendan Donovan": 0.065268475452642,
  "Michael Siani": 0.05165568857058219,
  "Matt Carpenter": 0.060000000000000005,
  "Adam Duvall": 0.10757575757575757,
  "Sean Murphy": 0.10757575757575757,
  "Elly De La Cruz": 0.12476430136160231,
  "Jeimer Candelario": 0.120746960721714,
  "Juan Yepez": 0.12290672154786995,
  "Lane Thomas": 0.11433429413090472,
  "Spencer Steer": 0.10275215783520691,
  "Will Benson": 0.12537299462264398,
  "CJ Abrams": 0.10405299799822286,
  "Jonathan India": 0.07902535425939222,
  "James Wood": 0.08435409249116073,
  "Jake Fraley": 0.08426346665880012,
  "Stuart Fairchild": 0.08628258171413573,
  "Keibert Ruiz": 0.08142939718078636,
  "Harold Ramirez": 0.06957456707786694,
  "Ildemaro Vargas": 0.07388392095129889,
  "Noelvi Marte": 0.06844932481108583,
  "Trey Lipscomb": 0.06924248076947093,
  "Austin Wynns": 0.0621495432659464,
  "Jacob Young": 0.05842040716212901,
  "Luis Garcia Jr.": 0.10757575757575757,
  "Tyler Stephenson": 0.08392857142857142,
  "Jesse Winker": 0.08392857142857142,
  "Rece Hinds": 0.09761904761904762,
  "Austin Slater": 0.049999999999999996,
  "Harold Ram\u00edrez": 0.05022633744855967,
  "Aaron Judge": 0.23361030485499393,
  "Ben Rice": 0.13995613865962186,
  "Juan Soto": 0.14969157329963265,
  "Randy Arozarena": 0.11300064641849578,
  "Brandon Lowe": 0.13860254229108623,
  "Isaac Paredes": 0.11201474599998669,
  "Austin Wells": 0.1049462097335722,
  "Trent Grisham": 0.09143942577130372,
  "Jose Siri": 0.08524220443815385,
  "Gleyber Torres": 0.08105143787357341,
  "Alex Verdugo": 0.08225322695626387,
  "Jose Caballero": 0.06951903836156652,
  "Josh Lowe": 0.0871743165593552,
  "Anthony Volpe": 0.06567277948293991,
  "Oswaldo Cabrera": 0.06620697188284007,
  "Ben Rortvedt": 0.06370319573346224,
  "Richie Palacios": 0.07869113529841984,
  "Taylor Walls": 0.06214349390977153,
  "DJ LeMahieu": 0.060000000000000005,
  "Kyle Schwarber": 0.144935502482384,
  "Oneil Cruz": 0.14080641624583382,
  "Trea Turner": 0.11114800393588496,
  "Rowdy Tellez": 0.08685770818229177,
  "Bryce Harper": 0.11357506785991038,
  "Bryan Reynolds": 0.11206830589853363,
  "Nick Castellanos": 0.09076372632984021,
  "Andrew McCutchen": 0.09811126386949538,
  "Weston Wilson": 0.0951158250058647,
  "Alec Bohm": 0.08354846499820218,
  "Connor Joe": 0.09374401108272075,
  "Joey Bart": 0.08548123995181307,
  "Nick Gonzales": 0.07293962742384884,
  "Edmundo Sosa": 0.0913470287692474,
  "Ke'Bryan Hayes": 0.06163508393806733,
  "Joshua Palacios": 0.07849098162851391,
  "Garrett Stubbs": 0.06704022988505746,
  "Cristian Pache": 0.07237557844454397,
  "Jack Suwinski": 0.08392857142857142,
  "Bryson Stott": 0.060000000000000005,
  "Brandon Marsh": 0.09761904761904762,
  "Johan Rojas": 0.051111111111111114,
  "Vladimir Guerrero Jr.": 0.12106887904963286,
  "Danny Jansen": 0.15212527772051582,
  "George Springer": 0.10819251912831147,
  "Spencer Horwitz": 0.07550934194266834,
  "Daulton Varsho": 0.08515344897967696,
  "Davis Schneider": 0.13482905982905982,
  "Justyn-Henry Malloy": 0.08579549663193115,
  "Justin Turner": 0.0820466348858744,
  "Riley Greene": 0.0884482928192349,
  "Javier Baez": 0.07588524771280547,
  "Colt Keith": 0.07427884411071546,
  "Carson Kelly": 0.07666426358091334,
  "Ernie Clement": 0.062163538584988624,
  "Zach McKinstry": 0.06472850333485528,
  "Leo Jimenez": 0.06740554326011598,
  "Gio Urshela": 0.048902728037705255,
  "Wenceel Perez": 0.06225777160714772,
  "Kevin Kiermaier": 0.060000000000000005,
  "Matt Vierling": 0.08392857142857142,
  "Jose Ramirez": 0.10485683398726876,
  "Angel Martinez": 0.07090986150323987,
  "Kyle Higashioka": 0.09968553880548432,
  "Josh Naylor": 0.09746688490795459,
  "Manny Machado": 0.10577838511373794,
  "Jake Cronenworth": 0.08757683012133517,
  "Daniel Schneemann": 0.06934864761114089,
  "Jurickson Profar": 0.07228323491568735,
  "Jackson Merrill": 0.07890698808045382,
  "Ha-Seong Kim": 0.06895350754772561,
  "Xander Bogaerts": 0.0720445177063871,
  "Will Brennan": 0.06457632372954833,
  "Austin Hedges": 0.0688141923436041,
  "David Peralta": 0.07485373706800492,
  "Brayan Rocchio": 0.06414809280355499,
  "Andres Gimenez": 0.05655340125971669,
  "Steven Kwan": 0.051201823462509795,
  "Luis Arraez": 0.050509172363936476,
  "Bo Naylor": 0.060000000000000005,
  "Jake Burger": 0.10761900653335661,
  "Pete Alonso": 0.10463123963238902,
  "Tyrone Taylor": 0.09753119475460312,
  "Francisco Lindor": 0.10916279845987531,
  "Jazz Chisholm Jr.": 0.10225175738798697,
  "Jesus Sanchez": 0.10244215262803678,
  "Mark Vientos": 0.1014297073818396,
  "J. D. Martinez": 0.10418464042159044,
  "Bryan De La Cruz": 0.09830568362739073,
  "Josh Bell": 0.08313563533085618,
  "Brandon Nimmo": 0.06682994176361585,
  "Luis Torrens": 0.0706222835527825,
  "Harrison Bader": 0.07503101322467004,
  "Jose Iglesias": 0.05107647381338656,
  "Nick Fortes": 0.0728538948735993,
  "Vidal Brujan": 0.05884161182331072,
  "Otto Lopez": 0.06249377559330766,
  "Xavier Edwards": 0.04460632231458303,
  "Jeff McNeil": 0.060000000000000005,
  "Francisco Alvarez": 0.09761904761904762,
  "Emmanuel Rivera": 0.060000000000000005,
  "Ali Sanchez": 0.007352941176470588,
  "Bobby Witt Jr.": 0.10919720888300123,
  "Salvador Perez": 0.12980376450904182,
  "Luis Robert Jr.": 0.10275794983569587,
  "Hunter Renfroe": 0.11203354987160587,
  "Vinnie Pasquantino": 0.09678879876817144,
  "Andrew Vaughn": 0.06891979081553921,
  "Eloy Jimenez": 0.08235451246798957,
  "Garrett Hampson": 0.05330465720315127,
  "Dairon Blanco": 0.06386987752012041,
  "Kyle Isbel": 0.050315987332871535,
  "Maikel Garcia": 0.054631912337239075,
  "Tommy Pham": 0.060291831813166184,
  "Gavin Sheets": 0.05188212567147117,
  "Korey Lee": 0.054652673650510124,
  "Nick Senzel": 0.04238934472460448,
  "Adam Frazier": 0.05128904313581431,
  "Brooks Baldwin": 0.04359695170539541,
  "Nicky Lopez": 0.05754385964912281,
  "Freddy Fermin": 0.060000000000000005,
  "Michael Massey": 0.08392857142857142,
  "Andrew Benintendi": 0.051904761904761905,
  "Paul DeJong": 0.07361111111111111,
  "Christian Walker": 0.122151254248285,
  "Ketel Marte": 0.10872688262607273,
  "Randal Grichuk": 0.09487236156427789,
  "Seiya Suzuki": 0.09712009582360642,
  "Eugenio Suarez": 0.09043188465763093,
  "Christopher Morel": 0.09556830692076594,
  "Lourdes Gurriel Jr.": 0.08745713620056884,
  "Michael Busch": 0.0785583857145868,
  "Ian Happ": 0.07981055124802366,
  "Dansby Swanson": 0.07721501206881325,
  "Tomas Nido": 0.0560115015465707,