{
  "Spencer Torkelson": 0.09577691242679166,
  "Trey Sweeney": 0.09598055607907825,
  "Anthony Santander": 0.10277452337810278,
  "Justyn-Henry Malloy": 0.07428314871540992,
  "Riley Greene": 0.07611912790280911,
  "Heston Kjerstad": 0.10134035972047199,
  "Gunnar Henderson": 0.08165645429565724,
  "Andy Ibanez": 0.06931581523127933,
  "Parker Meadows": 0.07931802497253661,
  "Cedric Mullins": 0.06500839911731,
  "Adley Rutschman": 0.06107865901983549,
  "Colton Cowser": 0.07142013515197408,
  "Ryan O'Hearn": 0.06450743766593534,
  "Dillon Dingler": 0.061477871155250656,
  "Livan Soto": 0.0681840567706118,
  "Matt Vierling": 0.05802880423779645,
  "Colt Keith": 0.05954837096520667,
  "Emmanuel Rivera": 0.0625658826216031,
  "Jake Rogers": 0.09761904761904762,
  "Kerry Carpenter": 0.13333333333333333,
  "Wenceel Perez": 0.0703030303030303,
  "Jackson Holliday": 0.0792156862745098,
  "Eloy Jimenez": 0.11933621933621934,
  "Zach McKinstry": 0.05119047619047619,
  "James McCann": 0.060833333333333336,
  "Matt Wallner": 0.17369401363918036,
  "Royce Lewis": 0.1196707937336356,
  "Elly De La Cruz": 0.10198161266343085,
  "Carlos Santana": 0.10373409896311547,
  "Trevor Larnach": 0.10360862530823005,
  "Ryan Jeffers": 0.08413872931681615,
  "Tyler Stephenson": 0.09037817261757408,
  "Spencer Steer": 0.08085586053607295,
  "Brooks Lee": 0.07650443097193155,
  "Ty France": 0.07147598107699975,
  "Willi Castro": 0.07382261926890833,
  "TJ Friedl": 0.06881820830756737,
  "Jonathan India": 0.07319388134115709,
  "Noelvi Marte": 0.057359456187711495,
  "Kyle Farmer": 0.07235396182764604,
  "Jake Fraley": 0.060976213134659625,
  "Manuel Margot": 0.06233589236133766,
  "Santiago Espinal": 0.04554776935387611,
  "Byron Buxton": 0.18547008547008548,
  "Jose Miranda": 0.049999999999999996,
  "Carlos Correa": 0.11636141636141635,
  "Edouard Julien": 0.12255062944718116,
  "Amed Rosario": 0.049999999999999996,
  "Giancarlo Stanton": 0.15195235325809853,
  "Aaron Judge": 0.16196232109347278,
  "Juan Soto": 0.12986457267091087,
  "Tyler O'Neill": 0.11786174568512825,
  "Jazz Chisholm Jr.": 0.10020295314827127,
  "Danny Jansen": 0.08269097018242143,
  "Rafael Devers": 0.09306103475122857,
  "Trevor Story": 0.07868630295812155,
  "Gleyber Torres": 0.06937319553930422,
  "Jasson Dom\u00ednguez": 0.07351874135151669,
  "Jarren Duran": 0.0609777327321187,
  "Romy Gonzalez": 0.07186352147279938,
  "Connor Wong": 0.07649879489345926,
  "Oswaldo Cabrera": 0.06419712576931828,
  "Anthony Volpe": 0.05211971917422891,
  "Masataka Yoshida": 0.05707641672705194,
  "Ceddanne Rafaela": 0.06096534159843088,
  "Jose Trevino": 0.05807902377763551,
  "Anthony Rizzo": 0.09351851851851851,
  "Triston Casas": 0.10757575757575757,
  "Rob Refsnyder": 0.10757575757575757,
  "Wilyer Abreu": 0.09074074074074073,
  "Trent Grisham": 0.07361111111111111,
  "Alex Verdugo": 0.060000000000000005,
  "Austin Wells": 0.13174603174603175,
  "Bobby Witt Jr.": 0.09413111521467553,
  "Salvador Perez": 0.09694083558705004,
  "Oneil Cruz": 0.09210115201922812,
  "Michael Massey": 0.0787112686373827,
  "Paul DeJong": 0.07021132274251704,
  "Rowdy Tellez": 0.06144408526690959,
  "Andrew McCutchen": 0.07078052512988436,
  "Tommy Pham": 0.06286157809312831,
  "Bryan Reynolds": 0.0728027519085754,
  "Joey Bart": 0.06672559953713204,
  "Nick Gonzales": 0.05320596273382298,
  "Jared Triolo": 0.05989804304355034,
  "Maikel Garcia": 0.05319811560905103,
  "Yuli Gurriel": 0.05044883538373906,
  "Billy Cook": 0.08378427128427128,
  "Isiah Kiner-Falefa": 0.04944934191924178,
  "Adam Frazier": 0.04859957675175067,
  "Garrett Hampson": 0.05768662780427486,
  "Connor Joe": 0.060000000000000005,
  "Kyle Isbel": 0.06425925925925927,
  "MJ Melendez": 0.11636141636141635,
  "Dairon Blanco": 0.09761904761904762,
  "Freddy Fermin": 0.0792156862745098,
  "Hunter Renfroe": 0.09761904761904762,
  "Yasmani Grandal": 0.08392857142857142,
  "Michael A. Taylor": 0.060000000000000005,
  "Bryan De La Cruz": 0.09074074074074073,
  "Jake Burger": 0.1466677348825186,
  "Joey Gallo": 0.1208240828633035,
  "Connor Norby": 0.09795266039121833,
  "Andr\u00e9s Chaparro": 0.10171457317872493,
  "Keibert Ruiz": 0.08971309857322514,
  "James Wood": 0.09237218073104585,
  "Dylan Crews": 0.08582570459808996,
  "Jose Tena": 0.08636489346978665,
  "Jesus Sanchez": 0.07915102470456191,
  "Luis Garcia Jr.": 0.07395443881047614,
  "Jonah Bride": 0.05741697640052794,
  "Cristian Pache": 0.05657049176187931,
  "Otto Lopez": 0.06087960527722539,
  "Nasim Nunez": 0.07917637917637918,
  "Jhonny Pereda": 0.060431496461731626,
  "Javier Sanoja": 0.06743830881761916,
  "Jacob Young": 0.05329789119262804,
  "Xavier Edwards": 0.04699300147975645,
  "CJ Abrams": 0.14666666666666667,
  "Drew Millas": 0.07361111111111111,
  "Griffin Conine": 0.060000000000000005,
  "Kyle Stowers": 0.14285714285714285,
  "Francisco Lindor": 0.10880366691449118,
  "Kyle Schwarber": 0.10745945857082803,
  "Pete Alonso": 0.08812565619999077,
  "Tyrone Taylor": 0.06990481988525014,
  "Mark Vientos": 0.08655826536338872,
  "Alec Bohm": 0.07215829423066265,
  "Bryce Harper": 0.08820455063059586,
  "J.T. Realmuto": 0.07113244329083057,
  "J. D. Martinez": 0.08420040640111062,
  "Luis Torrens": 0.06179318612268525,
  "Buddy Kennedy": 0.04726562390635672,
  "Nick Castellanos": 0.07367725057697282,
  "Trea Turner": 0.08077175446902714,
  "Weston Wilson": 0.06611708169582933,
  "Harrison Bader": 0.06279378233798123,
  "Brandon Nimmo": 0.07826645468900122,
  "Jose Iglesias": 0.04827819309665953,
  "Johan Rojas": 0.03760436179154001,
  "Starling Marte": 0.0750877192982456,
  "Bryson Stott": 0.051904761904761905,
  "Francisco Alvarez": 0.08392857142857142,
  "Brandon Marsh": 0.08392857142857142,
  "Jesse Winker": 0.07361111111111111,
  "Vladimir Guerrero Jr.": 0.09636998204499662,
  "Davis Schneider": 0.09484934312803166,
  "Luken Baker": 0.09214945813648,
  "Nolan Arenado": 0.07930845236532708,
  "Alec Burleson": 0.07958832983425339,
  "Brian Serven": 0.05723260100735349,
  "Jordan Walker": 0.07167928638657432,
  "Lars Nootbaar": 0.06898322497389506,
  "Ivan Herrera": 0.06676325045929268,
  "Brendan Donovan": 0.0640059446915141,
  "Addison Barger": 0.07360404281517206,
  "Leo Jimenez": 0.05075513253796874,
  "Spencer Horwitz": 0.07324879313772893,
  "Ernie Clement": 0.05849742315716089,
  "Luis De Los Santos": 0.04998459896216366,
  "Thomas Saggese": 0.06602758067820652,
  "Nathan Lukes": 0.07653219122406797,
  "Michael Siani": 0.05704678362573099,
  "Paul Goldschmidt": 0.14944444444444446,
  "Alejandro Kirk": 0.07703703703703703,
  "George Springer": 0.1115079365079365,
  "Masyn Winn": 0.0792156862745098,
  "Daulton Varsho": 0.13174603174603175,
  "Joey Loperfido": 0.0750877192982456,
  "Will Wagner": 0.1111111111111111,
  "Pedro Pages": 0.1111111111111111,
  "Brandon Lowe": 0.12023990769400156,
  "Jose Ramirez": 0.10641575944346533,
  "Josh Naylor": 0.09744026917823709,
  "Lane Thomas": 0.0924266032660165,
  "Junior Caminero": 0.1081978799717159,
  "Bo Naylor": 0.09305808400388911,
  "Jonathan Aranda": 0.08775072805029233,
  "Yandy Diaz": 0.08969222077578108,
  "Josh Lowe": 0.09496377511408408,
  "Dylan Carlson": 0.08011622528429252,
  "Jonny Deluca": 0.06357644915594828,
  "Daniel Schneemann": 0.07633098312312739,
  "Andres Gimenez": 0.060525335806165946,
  "Jose Caballero": 0.09383018759498633,
  "Ben Rortvedt": 0.05486749236078057,
  "Will Brennan": 0.06358791295964071,
  "Angel Martinez": 0.059967347339901764,
  "Brayan Rocchio": 0.05811343123502833,
  "Jhonkensy Noel": 0.14944444444444446,
  "Steven Kwan": 0.060000000000000005,
  "Jose Siri": 0.09761904761904762,
  "David Fry": 0.12000000000000001,
  "Christopher Morel": 0.15698229407236336,
  "Kyle Manzardo": 0.1724137931034483,
  "Brent Rooker": 0.15459067076714136,
  "Lawrence Butler": 0.11842371789027979,
  "JJ Bleday": 0.10958792005477917,
  "Seth Brown": 0.10297680126007114,
  "Andrew Vaughn": 0.1047950071552556,