{
  "Jake Burger": 0.12821800456859447,
  "Joc Pederson": 0.096323055980284,
  "Josh Bell": 0.0682199950246486,
  "Eugenio Suarez": 0.0833355782284896,
  "Corbin Carroll": 0.06689273672301903,
  "Jose Herrera": 0.04086472865538341,
  "Lourdes Gurriel Jr.": 0.06860290602714846,
  "Kyle Stowers": 0.06958874458874459,
  "Nick Fortes": 0.05507062391251243,
  "Connor Norby": 0.0625808307924477,
  "Cristian Pache": 0.05166593871883079,
  "Jonah Bride": 0.05475794765875789,
  "Derek Hill": 0.05996018137701707,
  "Geraldo Perdomo": 0.050205970348284,
  "Otto Lopez": 0.04774236705670823,
  "Jake McCarthy": 0.04547910648121577,
  "Kevin Newman": 0.04560834874134107,
  "Xavier Edwards": 0.04581670027109072,
  "Jesus Sanchez": 0.08392857142857142,
  "Vidal Brujan": 0.049999999999999996,
  "Michael Toglia": 0.13214282241079417,
  "Ezequiel Tovar": 0.09663835273460943,
  "Brenton Doyle": 0.09903341717570967,
  "Andr\u00e9s Chaparro": 0.10639817608845192,
  "CJ Abrams": 0.0824941856145841,
  "Brendan Rodgers": 0.08347617995926576,
  "Alex Call": 0.0827132482795672,
  "Juan Yepez": 0.08875002607391026,
  "Ryan McMahon": 0.07352235867387381,
  "Riley Adams": 0.08835128000153712,
  "Luis Garcia Jr.": 0.06283609178409125,
  "James Wood": 0.0745721948030428,
  "Jordan Beck": 0.0789239894527742,
  "Charlie Blackmon": 0.058830295553997485,
  "Nolan Jones": 0.058024189158125065,
  "Drew Romo": 0.07633512155043255,
  "Jose Tena": 0.07282260148549928,
  "Jacob Young": 0.0515277055349876,
  "Keibert Ruiz": 0.07361111111111111,
  "Ildemaro Vargas": 0.060000000000000005,
  "Jake Cave": 0.09761904761904762,
  "Aaron Judge": 0.20398200396133614,
  "Giancarlo Stanton": 0.15406934122044846,
  "Juan Soto": 0.11627317495913321,
  "Jose Ramirez": 0.11235430764593013,
  "Gleyber Torres": 0.10048517001383561,
  "Josh Naylor": 0.10970085030585505,
  "Jhonkensy Noel": 0.08784565679168603,
  "Bo Naylor": 0.07451764052906071,
  "Jose Trevino": 0.06792794264595611,
  "Oswald Peraza": 0.07388214854816065,
  "Anthony Volpe": 0.05755833667355301,
  "Daniel Schneemann": 0.0585503798091734,
  "Alex Verdugo": 0.05169395087937487,
  "Andres Gimenez": 0.0607644031909849,
  "Brayan Rocchio": 0.06019452649048447,
  "DJ LeMahieu": 0.06629696150972747,
  "Will Brennan": 0.06357417661575958,
  "Steven Kwan": 0.05177458289515742,
  "Oswaldo Cabrera": 0.060000000000000005,
  "David Fry": 0.10757575757575757,
  "Austin Wells": 0.07361111111111111,
  "Lane Thomas": 0.07361111111111111,
  "Vladimir Guerrero Jr.": 0.1076375187756262,
  "George Springer": 0.10105207912567042,
  "Daulton Varsho": 0.10488526729369148,
  "Elly De La Cruz": 0.08360847459761313,
  "Spencer Steer": 0.07470400088041583,
  "Ty France": 0.06461801577701404,
  "Tyler Stephenson": 0.07487879928693214,
  "Will Wagner": 0.07518937216305638,
  "Jake Fraley": 0.05529578074430574,
  "Jonathan India": 0.06963626194950721,
  "Leo Jimenez": 0.06744823731384995,
  "Addison Barger": 0.08296357809720005,
  "Alejandro Kirk": 0.062027159438719635,
  "Noelvi Marte": 0.066235536287515,
  "TJ Friedl": 0.05973031145401339,
  "Spencer Horwitz": 0.06870435476591748,
  "Santiago Espinal": 0.05364062287775733,
  "Joey Loperfido": 0.07074552625277263,
  "Ernie Clement": 0.07361111111111111,
  "Will Benson": 0.07361111111111111,
  "Pete Alonso": 0.12027122113874192,
  "Mark Vientos": 0.11681777039157173,
  "Francisco Lindor": 0.11547612240740147,
  "Anthony Santander": 0.11557430093105449,
  "J. D. Martinez": 0.10127721155555758,
  "Eloy Jimenez": 0.07980970524534806,
  "Gunnar Henderson": 0.08590880169396281,
  "Brandon Nimmo": 0.10169220746769472,
  "Francisco Alvarez": 0.08224744818292533,
  "Ryan Mountcastle": 0.08503907596749855,
  "Colton Cowser": 0.07361292654516322,
  "Tyrone Taylor": 0.08373760901111205,
  "Jeff McNeil": 0.07594739866992149,
  "Austin Slater": 0.055221611741873955,
  "James McCann": 0.08209224283772915,
  "Jesse Winker": 0.05834255475837402,
  "Jackson Holliday": 0.06265171504183262,
  "Ramon Urias": 0.059916428340594914,
  "Cedric Mullins": 0.09761904761904762,
  "Starling Marte": 0.07361111111111111,
  "Adley Rutschman": 0.08392857142857142,
  "Ryan O'Hearn": 0.060000000000000005,
  "Harrison Bader": 0.07361111111111111,
  "Jose Iglesias": 0.060000000000000005,
  "J.T. Realmuto": 0.08977327273401937,
  "Adam Duvall": 0.10757575757575757,
  "Bryce Harper": 0.10480632044935621,
  "Travis d'Arnaud": 0.09761904761904762,
  "Marcell Ozuna": 0.13379563804172265,
  "Alec Bohm": 0.07506020091675407,
  "Orlando Arcia": 0.06105730232465971,
  "Kyle Schwarber": 0.13724479006779833,
  "Nick Castellanos": 0.09299815434427273,
  "Matt Olson": 0.10468266020579436,
  "Edmundo Sosa": 0.07361111111111111,
  "Michael Harris II": 0.07163795918181882,
  "Bryson Stott": 0.055794074469743334,
  "Trea Turner": 0.11072259734415728,
  "Johan Rojas": 0.05717318002086214,
  "Weston Wilson": 0.15,
  "Jarred Kelenic": 0.07219807829047181,
  "Whit Merrifield": 0.04927043802046199,
  "Brandon Marsh": 0.07049443880723476,
  "Sean Murphy": 0.09283036061735833,
  "Ram\u00f3n Laureano": 0.07488904034168081,
  "Luke Williams": 0.034482758620689655,
  "Rhys Hoskins": 0.11682785076900445,
  "Willy Adames": 0.10318436649223509,
  "William Contreras": 0.10315620194406035,
  "Willson Contreras": 0.10322693641357619,
  "Paul Goldschmidt": 0.09910748291178811,
  "Jackson Chourio": 0.0747208427077427,
  "Alec Burleson": 0.06894811934027621,
  "Nolan Gorman": 0.08219720346419554,
  "Nolan Arenado": 0.07239757328804199,
  "Lars Nootbaar": 0.05252056088516382,
  "Tyler Black": 0.04783504350557864,
  "Brendan Donovan": 0.046673522368706324,
  "Masyn Winn": 0.05417682336334313,
  "Victor Scott II": 0.05817988701334263,
  "Joey Ortiz": 0.05977532860878422,
  "Garrett Mitchell": 0.04848066387808934,
  "Sal Frelick": 0.047268654728608965,
  "Brice Turang": 0.037654029376712445,
  "Tommy Pham": 0.060000000000000005,
  "Jake Bauers": 0.13333333333333333,
  "Michael Busch": 0.0684375541237127,
  "Seiya Suzuki": 0.08494172113220301,
  "Isaac Paredes": 0.0990208759560162,
  "Miguel Amaya": 0.06535394884194153,
  "Cody Bellinger": 0.06722609690650069,
  "Ian Happ": 0.08005045682092247,
  "Dillon Dingler": 0.08969819793349205,
  "Kerry Carpenter": 0.07538192476788969,
  "Parker Meadows": 0.0721916817750151,
  "Spencer Torkelson": 0.08343425927600323,
  "Dansby Swanson": 0.06568994025970205,
  "Javier Baez": 0.06755591221965491,
  "Riley Greene": 0.06905751287811575,
  "Jace Jung": 0.06180402699303043,
  "Pete Crow-Armstrong": 0.04983015286178927,
  "Matt Vierling": 0.062317166837290675,
  "Colt Keith": 0.05104195290786508,
  "Nico Hoerner": 0.04852150238932911,
  "Jake Rogers": 0.07361111111111111,
  "Patrick Wisdom": 0.12000000000000001,
  "Zach McKinstry": 0.049999999999999996,
  "Corey Seager": 0.13700424308240433,
  "Adolis Garcia": 0.11993280400399063,
  "Marcus Semien": 0.08340422055398435,
  "Joey Bart": 0.10279380862892173,
  "Oneil Cruz": 0.114747182152476,
  "Bryan De La Cruz": 0.08485458665788705,
  "Bryan Reynolds": 0.09961136671829314,
  "Michael A. Taylor": 0.0890946650999672,
  "Josh Jung": 0.08373979245365458,
  "Jonah Heim": 0.0894287260358689,
  "Connor Joe": 0.07745000818100234,
  "Carson Kelly": 0.07064286667227844,
  "Josh Smith": 0.06680022510287441,
  "Jared Triolo": 0.0676634110305059,
  "Nathaniel Lowe": 0.06007318021793478,
  "Leody Taveras": 0.06324331641158466,
  "Alika Williams": 0.0636562019540743,
  "Isiah Kiner-Falefa": 0.04913481358801532,
  "Rowdy Tellez": 0.08392857142857142,
  "Wyatt Langford": 0.07361111111111111,
  "Yordan Alvarez": 0.1554448759585717,
  "Rafael Devers": 0.1483345009878058,
  "Wilyer Abreu": 0.12991758750514182,
  "Jarren Duran": 0.1054143781815682,
  "Danny Jansen": 0.11853266949412995,
  "Tyler O'Neill": 0.10705264284298655,
  "Triston Casas": 0.09936172852180758,
  "Jose Altuve": 0.09128216490284104,
  "Yainer Diaz": 0.09646590750994212,
  "Shay Whitcomb": 0.08791311342256322,
  "Jeremy Pena": 0.08427010892733694,