{
  "Byron Buxton": 0.14723419310755378,
  "Josh Naylor": 0.12115588350497548,
  "Jose Ramirez": 0.11198915950247804,
  "Royce Lewis": 0.11086047805705915,
  "Max Kepler": 0.09142864473930547,
  "Jose Miranda": 0.09439488554948079,
  "Ryan Jeffers": 0.10095795641338277,
  "Bo Naylor": 0.07667647427247853,
  "Carlos Santana": 0.09033893973667977,
  "Manuel Margot": 0.0742359101371316,
  "Willi Castro": 0.06915048075221235,
  "Daniel Schneemann": 0.08456440815466452,
  "Lane Thomas": 0.0683918699625689,
  "Andres Gimenez": 0.0567071574935427,
  "Kyle Farmer": 0.07970133744127551,
  "Will Brennan": 0.0731599794704871,
  "Steven Kwan": 0.05305794634341359,
  "Brayan Rocchio": 0.05645405379933811,
  "Jo Adell": 0.1234857545817426,
  "Taylor Ward": 0.11375352231834324,
  "Logan O'Hoppe": 0.12114376098805596,
  "Zach Neto": 0.11001250224775655,
  "Kevin Pillar": 0.11034271284271285,
  "Brandon Drury": 0.10417835680222355,
  "Anthony Rendon": 0.09440761737066876,
  "Keibert Ruiz": 0.06853667159222715,
  "James Wood": 0.08238955580111994,
  "Alex Call": 0.0667949345086037,
  "Juan Yepez": 0.06283456077951448,
  "Nolan Schanuel": 0.06548265935834467,
  "Nasim Nunez": 0.06830065359477125,
  "Harold Ramirez": 0.06566822340221355,
  "Michael Stefanic": 0.05159417217809368,
  "Ildemaro Vargas": 0.04136081440089922,
  "Jacob Young": 0.04576448628461038,
  "Luis Garcia Jr.": 0.06577443609022557,
  "Mickey Moniak": 0.09761904761904762,
  "CJ Abrams": 0.07718165259148867,
  "Trey Lipscomb": 0.049999999999999996,
  "Willie Calhoun": 0.060000000000000005,
  "Harold Ram\u00edrez": 0.027546583850931675,
  "Anthony Santander": 0.14261023004961873,
  "Gunnar Henderson": 0.11969037173305465,
  "Brandon Lowe": 0.11751304144846343,
  "Christopher Morel": 0.11212896158701068,
  "Colton Cowser": 0.10707540645205903,
  "Jose Siri": 0.07512369957731597,
  "James McCann": 0.06441217286047829,
  "Ryan O'Hearn": 0.09261269941808498,
  "Eloy Jimenez": 0.08821905931682236,
  "Dylan Carlson": 0.06651597975231709,
  "Ramon Urias": 0.0697965163270316,
  "Cedric Mullins": 0.0835084362853515,
  "Jackson Holliday": 0.07757332123569018,
  "Yandy Diaz": 0.07154927242090688,
  "Jonny Deluca": 0.05686591166756405,
  "Ben Rortvedt": 0.055047765658080415,
  "Taylor Walls": 0.05914673975801151,
  "Jose Caballero": 0.06134278263590787,
  "Josh Lowe": 0.06006760728982951,
  "Ryan Mountcastle": 0.09761904761904762,
  "Adley Rutschman": 0.07161531279178338,
  "Curtis Mead": 0.049999999999999996,
  "Brent Rooker": 0.12954528877753368,
  "Daulton Varsho": 0.11657449054145631,
  "Shea Langeliers": 0.12649625508630985,
  "George Springer": 0.10975534021250134,
  "Lawrence Butler": 0.10157275157744494,
  "Vladimir Guerrero Jr.": 0.10830244152241925,
  "Davis Schneider": 0.09057644467874278,
  "Zack Gelof": 0.08584674768800526,
  "JJ Bleday": 0.08379830943958334,
  "Spencer Horwitz": 0.0789166912993003,
  "Joey Loperfido": 0.07797700232396422,
  "Alejandro Kirk": 0.06622428724072092,
  "Abraham Toro": 0.06295525779374712,
  "Miguel Andujar": 0.05852780891931944,
  "Leo Jimenez": 0.05999793961065621,
  "Max Schuemann": 0.0522982552348185,
  "Ernie Clement": 0.06090912679243438,
  "Darell Hernaiz": 0.053421960158326016,
  "Addison Barger": 0.08392857142857142,
  "Tyler Nevin": 0.060000000000000005,
  "Daz Cameron": 0.10757575757575757,
  "Jose Altuve": 0.0660904491435865,
  "Rafael Devers": 0.1622863861778275,
  "Alex Bregman": 0.06807786690459325,
  "Yordan Alvarez": 0.12687933811842383,
  "Connor Wong": 0.07267431676248101,
  "Chas McCormick": 0.07361111111111111,
  "Jarren Duran": 0.11294797468101571,
  "Jeremy Pena": 0.05566641526301283,
  "Jake Meyers": 0.06221679940655601,
  "Rob Refsnyder": 0.09761904761904762,
  "Yainer Diaz": 0.06735127821761484,
  "Mauricio Dubon": 0.0638476635865074,
  "Ceddanne Rafaela": 0.06474556023888899,
  "Masataka Yoshida": 0.07721488745779702,
  "Dominic Smith": 0.08833627953505241,
  "Romy Gonzalez": 0.060000000000000005,
  "Danny Jansen": 0.10757575757575757,
  "Victor Caratini": 0.09761904761904762,
  "Nick Sogard": 0.07045376820054704,
  "Wilyer Abreu": 0.12739255863390006,
  "Jon Singleton": 0.07535113735067168,
  "Zach Dezenzo": 0.07879667230316581,
  "David Hamilton": 0.06957540120782643,
  "Jake Burger": 0.13464669672536414,
  "Manny Machado": 0.09939139035975232,
  "Derek Hill": 0.06740026443380417,
  "Jurickson Profar": 0.06217670812772429,
  "Luis Campusano": 0.06706161939882122,
  "Jake Cronenworth": 0.06768132728284317,
  "Emmanuel Rivera": 0.06837275376483244,
  "Jackson Merrill": 0.07002481212851734,
  "Xander Bogaerts": 0.05765251503424676,
  "Ali Sanchez": 0.05686690813230567,
  "Kyle Stowers": 0.08090328952093659,
  "Jonah Bride": 0.05473047191313445,
  "Ha-Seong Kim": 0.060521913268208126,
  "David Hensley": 0.07457471264367817,
  "David Peralta": 0.060964742850861425,
  "Xavier Edwards": 0.047141558173087114,
  "Otto Lopez": 0.05241740176676112,
  "Luis Arraez": 0.04619696150216869,
  "Jesus Sanchez": 0.08392857142857142,
  "Vidal Brujan": 0.049999999999999996,
  "Luis Robert Jr.": 0.15615139844597978,
  "Patrick Wisdom": 0.13694331513896732,
  "Andrew Vaughn": 0.11264807659459737,
  "Seiya Suzuki": 0.11205729680442043,
  "Dansby Swanson": 0.09324627757619051,
  "Cody Bellinger": 0.09270242927570514,
  "Ian Happ": 0.10546927008494157,
  "Isaac Paredes": 0.09650066549638009,
  "Miguel Vargas": 0.08173887353711916,
  "Gavin Sheets": 0.07846739685075181,
  "Andrew Benintendi": 0.07701250481082074,
  "Miguel Amaya": 0.06769365488737426,
  "Korey Lee": 0.08260285199772731,
  "Dominic Fletcher": 0.06358563967801505,
  "Pete Crow-Armstrong": 0.07292703963216696,
  "Brooks Baldwin": 0.06380091684703462,
  "Nico Hoerner": 0.05417059526957702,
  "Nicky Lopez": 0.05468647317931659,
  "Mike Tauchman": 0.060000000000000005,
  "Michael Busch": 0.13333333333333333,
  "Rhys Hoskins": 0.14209438690888393,
  "William Contreras": 0.11625406736843114,
  "Willy Adames": 0.1123335971769846,
  "Elly De La Cruz": 0.09826768369341858,
  "Spencer Steer": 0.09100843614166765,
  "Jeimer Candelario": 0.0937995081976316,
  "Jake Bauers": 0.09871514206800713,
  "Jackson Chourio": 0.08657297003803015,
  "Garrett Mitchell": 0.07869203210353413,
  "Ty France": 0.10381562881562882,
  "Jonathan India": 0.07940605060859328,
  "TJ Friedl": 0.07121280168838413,
  "Jake Fraley": 0.06572231673035135,
  "Luke Maile": 0.06828853275967192,
  "Brice Turang": 0.057533504062434244,
  "Noelvi Marte": 0.0711360893908713,
  "Joey Ortiz": 0.06818123791808002,
  "Sal Frelick": 0.05653925829822153,
  "Gary Sanchez": 0.12000000000000001,
  "Santiago Espinal": 0.08392857142857142,
  "Matt Wallner": 0.1487973178294922,
  "David Fry": 0.08749326060425591,
  "Trevor Larnach": 0.08625876187795692,
  "Tyler Freeman": 0.07158563078530075,
  "Christian Vazquez": 0.05735391507596416,
  "Austin Hedges": 0.04368073691806901,
  "Austin Martin": 0.06820967023172905,
  "Salvador Perez": 0.1086897968873788,
  "Paul Goldschmidt": 0.08822714650716147,
  "Bobby Witt Jr.": 0.09549434699086846,
  "Willson Contreras": 0.09340762937814395,
  "MJ Melendez": 0.09754054522356143,
  "Michael Massey": 0.08906391081595999,
  "Nolan Gorman": 0.08139709586283912,
  "Paul DeJong": 0.08627714816509682,
  "Hunter Renfroe": 0.0884111089714621,
  "Vinnie Pasquantino": 0.07759020903753254,
  "Alec Burleson": 0.0712075479982064,
  "Nolan Arenado": 0.06588553495044029,
  "Tommy Pham": 0.06433980823652206,
  "Kyle Isbel": 0.05785367663850194,
  "Brendan Donovan": 0.05213257310145662,
  "Masyn Winn": 0.053363323044174106,
  "Victor Scott II": 0.05404178694741609,
  "Maikel Garcia": 0.05557649181821367,
  "Lars Nootbaar": 0.07361111111111111,
  "Dairon Blanco": 0.060000000000000005,
  "Freddy Fermin": 0.060000000000000005,
  "Charlie Blackmon": 0.08415002509643087,
  "Travis d'Arnaud": 0.13333333333333333,
  "Austin Riley": 0.1342503111643458,
  "Ryan McMahon": 0.09929127348146542,
  "Brendan Rodgers": 0.0751061289871715,