{
  "Adolis Garcia": 0.22090878968492506,
  "Carson Kelly": 0.08555518207792258,
  "Colt Keith": 0.10409634886295996,
  "Corey Seager": 0.16211137552294047,
  "Evan Carter": 0.0999256484994726,
  "Ezequiel Duran": 0.09315875045258182,
  "Gio Urshela": 0.0727587231744919,
  "Javier Baez": 0.09869528600731607,
  "Jonah Heim": 0.11321330946353811,
  "Josh Smith": 0.08899694373669366,
  "Kerry Carpenter": 0.12824947087038036,
  "Leody Taveras": 0.07298509775713423,
  "Marcus Semien": 0.1415939731393739,
  "Mark Canha": 0.09838656295094159,
  "Matt Vierling": 0.09702988402206136,
  "Riley Greene": 0.1273874687874332,
  "Spencer Torkelson": 0.1649471122720099,
  "Wyatt Langford": 0.1038152104845721,
  "Jake Rogers": 0.13358585858585859,
  "Parker Meadows": 0.08392857142857142,
  "Jared Walsh": 0.07361111111111111,
  "Amed Rosario": 0.0822131354750739,
  "Anthony Rendon": 0.12607193985463602,
  "Austin Shenton": 0.13143877748716457,
  "Curtis Mead": 0.09307136902238518,
  "Harold Ramirez": 0.09774767785231442,
  "Jose Caballero": 0.09746472437106049,
  "Jose Siri": 0.1119628024557602,
  "Luis Rengifo": 0.09804696262069534,
  "Matt Thaiss": 0.1277220778501872,
  "Mickey Moniak": 0.1318989050198177,
  "Miguel San\u00f3": 0.1754670223382455,
  "Mike Trout": 0.19804200175325096,
  "Nolan Schanuel": 0.07057919308074107,
  "Rene Pinto": 0.10471789048246892,
  "Richie Palacios": 0.10663003725342522,
  "Taylor Ward": 0.13792358804782043,
  "Yandy Diaz": 0.1286089164852922,
  "Zach Neto": 0.11752899163894363,
  "Brandon Drury": 0.12000000000000001,
  "Aaron Hicks": 0.08392857142857142,
  "Isaac Paredes": 0.09761904761904762,
  "Jo Adell": 0.08392857142857142,
  "Randy Arozarena": 0.09761904761904762,
  "Logan O'Hoppe": 0.12000000000000001,
  "Andres Gimenez": 0.06657017978661277,
  "Bo Naylor": 0.09391514067627428,
  "Ceddanne Rafaela": 0.07207043181746521,
  "Connor Wong": 0.09723970420466976,
  "David Fry": 0.10769419318941349,
  "David Hamilton": 0.0815842573268316,
  "Enmanuel Valdez": 0.09269020837336751,
  "Gabriel Arias": 0.08647652127508952,
  "Jarren Duran": 0.09249752706363072,
  "Jose Ramirez": 0.10538440116697771,
  "Josh Naylor": 0.09286175478766222,
  "Pablo Reyes": 0.08796040124360927,
  "Ramon Laureano": 0.082787142499257,
  "Triston Casas": 0.10527829372246449,
  "Tyler Freeman": 0.06214457073581697,
  "Wilyer Abreu": 0.08728096382150057,
  "Reese McGuire": 0.0625067444632662,
  "Brayan Rocchio": 0.06304738562091504,
  "Will Brennan": 0.05007062146892655,
  "Steven Kwan": 0.060000000000000005,
  "Estevan Florial": 0.05007062146892655,
  "Tyler O'Neill": 0.09761904761904762,
  "Masataka Yoshida": 0.060000000000000005,
  "Christian Walker": 0.08675713820300861,
  "Corbin Carroll": 0.07458587573121975,
  "Eugenio Suarez": 0.08733689096274636,
  "Joc Pederson": 0.09785529460671304,
  "Jorge Soler": 0.19412950357650818,
  "Jung Hoo Lee": 0.06762775170534528,
  "Ketel Marte": 0.08596268609158238,
  "LaMonte Wade Jr.": 0.10968722084793513,
  "Matt Chapman": 0.163563225026506,
  "Michael Conforto": 0.12241202876239131,
  "Mike Yastrzemski": 0.11719932392693089,
  "Nick Ahmed": 0.07931134506324365,
  "Patrick Bailey": 0.08789644851547994,
  "Randal Grichuk": 0.08427406169100832,
  "Thairo Estrada": 0.08455990104897064,
  "Gabriel Moreno": 0.06257395657567281,
  "Jace Peterson": 0.06730453277437849,
  "Jake McCarthy": 0.0519347376206015,
  "Austin Slater": 0.05007062146892655,
  "Wilmer Flores": 0.10757575757575757,
  "Tom Murphy": 0.09761904761904762,
  "Lourdes Gurriel Jr.": 0.060000000000000005,
  "Blaze Alexander": 0.060000000000000005,
  "Tyler Fitzgerald": 0.09761904761904762
}