{
  "Matt Chapman": 0.18996165737537962,
  "Jerar Encarnaci\u00f3n": 0.12743423976799936,
  "Heliot Ramos": 0.14336299173671846,
  "Tyler Fitzgerald": 0.13148665033667922,
  "Juan Yepez": 0.11897289792551874,
  "Casey Schmitt": 0.0931648477443203,
  "Jakson Reetz": 0.11192763824897549,
  "Alex Call": 0.09612177392160136,
  "CJ Abrams": 0.08934325088973359,
  "Mike Yastrzemski": 0.10505884412417776,
  "Michael Conforto": 0.09327467773285363,
  "Mark Canha": 0.09248015974608341,
  "Keibert Ruiz": 0.07389354586283446,
  "Luis Garcia Jr.": 0.06237725609579185,
  "Ildemaro Vargas": 0.07817614728505817,
  "Harold Ramirez": 0.07139795323702113,
  "James Wood": 0.07768410601743934,
  "Jacob Young": 0.05109585013609065,
  "LaMonte Wade Jr.": 0.07361111111111111,
  "Marco Luciano": 0.08392857142857142,
  "Patrick Bailey": 0.060000000000000005,
  "Brett Wisely": 0.049999999999999996,
  "Trey Lipscomb": 0.060000000000000005,
  "Harold Ram\u00edrez": 0.03775482093663912,
  "Marcell Ozuna": 0.17366265341239837,
  "Austin Riley": 0.13607117186808446,
  "Matt Olson": 0.12163873101704999,
  "Willy Adames": 0.1062738345131949,
  "Jarred Kelenic": 0.10483425951832459,
  "Travis d'Arnaud": 0.09615946059444512,
  "Adam Duvall": 0.11750137757800592,
  "William Contreras": 0.10506899841867162,
  "Jake Bauers": 0.07923003419815555,
  "Ram\u00f3n Laureano": 0.09753017827282949,
  "Orlando Arcia": 0.08969275801672459,
  "Eric Haase": 0.06781456998882976,
  "Jackson Chourio": 0.07834004946116067,
  "Joey Ortiz": 0.06301929648064074,
  "Garrett Mitchell": 0.06691677521942453,
  "Brice Turang": 0.05035431081587415,
  "Whit Merrifield": 0.05283613602581299,
  "Sal Frelick": 0.050125428921386904,
  "Eddie Rosario": 0.08392857142857142,
  "Jorge Soler": 0.13333333333333333,
  "Sean Murphy": 0.09761904761904762,
  "Rhys Hoskins": 0.12000000000000001,
  "Gary Sanchez": 0.12000000000000001,
  "Manny Machado": 0.10611221493104878,
  "Oneil Cruz": 0.11493760982709023,
  "Bryan De La Cruz": 0.11465577566938091,
  "Rowdy Tellez": 0.08267039001585606,
  "Andrew McCutchen": 0.10822480549753277,
  "Jurickson Profar": 0.10596532330403298,
  "Bryan Reynolds": 0.09456622367698966,
  "Jake Cronenworth": 0.08179266992992483,
  "Kyle Higashioka": 0.10538984824699112,
  "Joey Bart": 0.09257191323947436,
  "Jackson Merrill": 0.0845011353656327,
  "Xander Bogaerts": 0.06599750930392584,
  "Ha-Seong Kim": 0.07617621834692975,
  "David Peralta": 0.06648939753940167,
  "Ke'Bryan Hayes": 0.060759351300726745,
  "Ji Hwan Bae": 0.06873563218390805,
  "Luis Arraez": 0.0504012145917435,
  "Isiah Kiner-Falefa": 0.0625,
  "Michael A. Taylor": 0.08012591175083895,
  "Jared Triolo": 0.07138751921732099,
  "Bryce Johnson": 0.060000000000000005,
  "Pete Alonso": 0.13501390764840193,
  "J. D. Martinez": 0.1342402064953789,
  "Francisco Lindor": 0.13044047445947787,
  "Mark Vientos": 0.1335240174897083,
  "Michael Toglia": 0.10243930928240673,
  "Tyrone Taylor": 0.10379951703051118,
  "Ezequiel Tovar": 0.0863362158881872,
  "Kris Bryant": 0.07990027405513304,
  "Harrison Bader": 0.10537069185826202,
  "Hunter Goodman": 0.10574363907697241,
  "Brenton Doyle": 0.08093087324881197,
  "Luis Torrens": 0.09453779790591936,
  "Sam Hilliard": 0.0898355209852536,
  "Jacob Stallings": 0.06609866343731799,
  "Jose Iglesias": 0.07171679442733712,
  "Brendan Rodgers": 0.06503733412287886,
  "Jeff McNeil": 0.07108310113886616,
  "Aaron Schunk": 0.0792583841041755,
  "Charlie Blackmon": 0.05895538395538396,
  "Brandon Nimmo": 0.10757575757575757,
  "Ryan McMahon": 0.08392857142857142,
  "Elias Diaz": 0.049999999999999996,
  "Jake Cave": 0.07361111111111111,
  "Jesse Winker": 0.08392857142857142,
  "Jake Burger": 0.11734704621872345,
  "Jesus Sanchez": 0.1108519182841895,
  "Elly De La Cruz": 0.10397804184340637,
  "Jeimer Candelario": 0.08830595178210654,
  "Tyler Stephenson": 0.07486058998018078,
  "Kyle Stowers": 0.08796633121699578,
  "Spencer Steer": 0.0784369393867677,
  "Jonathan India": 0.07164290261177571,
  "Will Benson": 0.08476622818546985,
  "Jake Fraley": 0.06225753951045082,
  "Derek Hill": 0.05866041573638974,
  "Noelvi Marte": 0.06385760673679115,
  "TJ Friedl": 0.06198873491812423,
  "Jonah Bride": 0.05505408275092003,
  "Vidal Brujan": 0.049789450195586324,
  "Otto Lopez": 0.06339956015809761,
  "Jhonny Pereda": 0.05553863487361025,
  "Xavier Edwards": 0.04735165516431567,
  "Santiago Espinal": 0.08392857142857142,
  "Emmanuel Rivera": 0.060000000000000005,
  "Ty France": 0.07361111111111111,
  "Ali Sanchez": 0.03571428571428571,
  "Aaron Judge": 0.18865692553894622,
  "Giancarlo Stanton": 0.15471976658829417,
  "Juan Soto": 0.13086234078083672,
  "Logan O'Hoppe": 0.10361233088183303,
  "Gleyber Torres": 0.10101201435859009,
  "Kevin Pillar": 0.08809191192156322,
  "Jo Adell": 0.10054397776791567,
  "Anthony Rendon": 0.0802725791715244,
  "Brandon Drury": 0.08858981905491688,
  "Zach Neto": 0.0971396616295157,
  "Austin Wells": 0.08310552736284536,
  "Jazz Chisholm Jr.": 0.0798582416416568,
  "Nolan Schanuel": 0.047083506436504,
  "Anthony Volpe": 0.06261960173050486,
  "Alex Verdugo": 0.056544642481867254,
  "Mickey Moniak": 0.05850884801182069,
  "DJ LeMahieu": 0.059027295859356926,
  "Michael Stefanic": 0.053364046453594396,
  "Willie Calhoun": 0.07361111111111111,
  "Ben Rice": 0.13333333333333333,
  "Anthony Santander": 0.12297382660793786,
  "Gunnar Henderson": 0.10563132756367348,
  "Vladimir Guerrero Jr.": 0.114542869144918,
  "George Springer": 0.11396755227990925,
  "Daulton Varsho": 0.09708419816843017,
  "Colton Cowser": 0.09124162783476508,
  "Ryan Mountcastle": 0.08866780028109843,
  "Adley Rutschman": 0.07791482693911374,
  "Ryan O'Hearn": 0.07795871274645957,
  "Addison Barger": 0.07035769710102584,
  "Jackson Holliday": 0.07302032460529193,
  "Spencer Horwitz": 0.06734712290061208,
  "Cedric Mullins": 0.06672895917807363,
  "Joey Loperfido": 0.06969296460283682,
  "Ramon Urias": 0.06809171697929639,
  "Alejandro Kirk": 0.0677601490050574,
  "Ernie Clement": 0.06167448574182321,
  "Leo Jimenez": 0.054277672834567296,
  "Davis Schneider": 0.09761904761904762,
  "Eloy Jimenez": 0.12000000000000001,
  "Nolan Gorman": 0.10998346797419688,
  "Brandon Lowe": 0.12429616437741052,
  "Christopher Morel": 0.11095412821134203,
  "Willson Contreras": 0.10659119086430337,
  "Paul Goldschmidt": 0.09849922469797068,
  "Alec Burleson": 0.09790537862738317,
  "Josh Lowe": 0.09139011774619805,
  "Nolan Arenado": 0.07642061960026679,
  "Lars Nootbaar": 0.0684028906007648,
  "Yandy Diaz": 0.07082816077157271,
  "Dylan Carlson": 0.06767211740895951,
  "Jonny Deluca": 0.06636855356702537,
  "Taylor Walls": 0.062056987981161056,
  "Brendan Donovan": 0.06299772626855486,
  "Ben Rortvedt": 0.0597642839905896,
  "Masyn Winn": 0.0557015892306588,
  "Victor Scott II": 0.08841126384986035,
  "Curtis Mead": 0.06380596642361348,
  "Tommy Pham": 0.060000000000000005,
  "Jose Siri": 0.07361111111111111,
  "Jose Caballero": 0.060000000000000005,
  "Kyle Schwarber": 0.14181992723815764,
  "Ketel Marte": 0.1431395867281944,
  "Trea Turner": 0.11667757954641968,
  "Randal Grichuk": 0.11575359885817403,
  "Bryce Harper": 0.1126038133902597,
  "Eugenio Suarez": 0.10960084056158505,
  "Nick Castellanos": 0.10309519550548783,
  "Josh Bell": 0.10287253427832284,
  "J.T. Realmuto": 0.10041859963221032,
  "Weston Wilson": 0.10523309005494459,
  "Lourdes Gurriel Jr.": 0.1007374753988981,
  "Alec Bohm": 0.0938419161709134,
  "Edmundo Sosa": 0.08706410424367546,
  "Jose Herrera": 0.05252991026504177,
  "Kevin Newman": 0.06112818962524044,
  "Jake McCarthy": 0.06338900342968544,
  "Geraldo Perdomo": 0.04564234402702586,
  "Johan Rojas": 0.051098706256832535,
  "Alek Thomas": 0.060000000000000005,
  "Brandon Marsh": 0.060000000000000005,
  "Bryson Stott": 0.07361111111111111,
  "Corbin Carroll": 0.060000000000000005,
  "Joc Pederson": 0.07361111111111111,
  "Austin Hays": 0.07361111111111111,
  "Cal Raleigh": 0.16280339142118935,