{
  "Alika Williams": 0.06666514114158094,
  "Bryan Reynolds": 0.1337469481645565,
  "Carson Kelly": 0.14383468785915435,
  "Colt Keith": 0.09226633640341979,
  "Edward Olivares": 0.09525050687537666,
  "Gio Urshela": 0.0951040340809942,
  "Henry Davis": 0.09647907722620365,
  "Jack Suwinski": 0.16283625338247187,
  "Jake Rogers": 0.1309415638635161,
  "Jared Triolo": 0.08289988980620665,
  "Javier Baez": 0.11431060959288995,
  "Ke'Bryan Hayes": 0.09928450151986525,
  "Mark Canha": 0.11433968897030587,
  "Matt Vierling": 0.10262744444974213,
  "Michael A. Taylor": 0.09700432717674097,
  "Riley Greene": 0.10474463248207955,
  "Rowdy Tellez": 0.11398081674354697,
  "Spencer Torkelson": 0.19269767511895555,
  "Oneil Cruz": 0.15,
  "Andrew McCutchen": 0.09742063492063492,
  "Connor Joe": 0.07349033816425121,
  "Parker Meadows": 0.060445163093384435,
  "Kerry Carpenter": 0.08377613240418118,
  "Adley Rutschman": 0.0981415327346262,
  "Anthony Santander": 0.13515076267522258,
  "Ceddanne Rafaela": 0.07617108212876385,
  "Cedric Mullins": 0.08564285815369611,
  "Colton Cowser": 0.0882870671645906,
  "David Hamilton": 0.06107462581292611,
  "Enmanuel Valdez": 0.07814459567892063,
  "Gunnar Henderson": 0.11982906207230236,
  "Jarren Duran": 0.07722193063008098,
  "Masataka Yoshida": 0.06481593974708098,
  "Rafael Devers": 0.11891296582192835,
  "Ramon Urias": 0.06855893978144617,
  "Ryan Mountcastle": 0.09705591495452176,
  "Ryan O'Hearn": 0.09074294688327963,
  "Triston Casas": 0.07881038583819233,
  "Tyler O'Neill": 0.11657649229472744,
  "Austin Hays": 0.05990196078431373,
  "Connor Wong": 0.05990196078431373,
  "Jorge Mateo": 0.04993169398907103,
  "Jordan Westburg": 0.07349033816425121,
  "Reese McGuire": 0.056111778044551155,
  "Tony Kemp": 0.053711302925962615,
  "Andres Gimenez": 0.1233168999701652,
  "Andrew Benintendi": 0.09500615525907276,
  "Andrew Vaughn": 0.1324457308991282,
  "Bo Naylor": 0.15841429120470712,
  "Gabriel Arias": 0.1534188034188034,
  "Jose Ramirez": 0.15624743975773028,
  "Josh Naylor": 0.15699042661690513,
  "Kevin Pillar": 0.11722802470941428,
  "Korey Lee": 0.1562962962962963,
  "Lenyn Sosa": 0.14468162744024812,
  "Martin Maldonado": 0.10382563143642497,
  "Paul DeJong": 0.11017495158315033,
  "Ramon Laureano": 0.13198056761710922,
  "Robbie Grossman": 0.11656462756137728,
  "Steven Kwan": 0.07429469178494204,
  "Tyler Freeman": 0.08718904726673014,
  "Will Brennan": 0.08794737463403059,
  "Yoan Moncada": 0.0990381655551597,
  "Gavin Sheets": 0.08377613240418118,
  "Brayan Rocchio": 0.05903782057320755,
  "Nicky Lopez": 0.06220728291316526,
  "Braden Shewmake": 0.09742063492063492,
  "Estevan Florial": 0.04993169398907103,
  "Dominic Fletcher": 0.058830446345676544,
  "Blake Perkins": 0.08158615833730289,
  "Brice Turang": 0.06940109647454883,
  "Christian Encarnacion-Strand": 0.16524084892612548,
  "Christian Yelich": 0.13457649898878413,
  "Elly De La Cruz": 0.12321172040629055,
  "Jake Bauers": 0.14421444583719947,
  "Jake Fraley": 0.10870035822016896,
  "Jeimer Candelario": 0.12580741398915965,
  "Jonathan India": 0.12425399885083885,
  "Nick Martini": 0.10347339091113598,
  "Oliver Dunn": 0.13482393008657026,
  "Rhys Hoskins": 0.20796797499519012,
  "Sal Frelick": 0.06679670420757008,
  "Spencer Steer": 0.11529027089559934,
  "Tyler Stephenson": 0.10011729052070431,
  "Will Benson": 0.13950142118940073,
  "William Contreras": 0.1924574732473453,
  "Willy Adames": 0.19409306120859712,
  "Jackson Chourio": 0.11140096618357488,
  "Aaron Judge": 0.2452675688534043,
  "Alex Verdugo": 0.06882550813858311,
  "Anthony Rizzo": 0.10596565439222783,
  "Anthony Volpe": 0.10965120650133911,
  "Austin Wells": 0.10248852928153795,
  "Avisail Garcia": 0.12037931348923686,
  "Bryan De La Cruz": 0.12824124586508764,
  "Christian Bethancourt": 0.12132094030903855,
  "Emmanuel Rivera": 0.100808695664733,
  "Giancarlo Stanton": 0.17895577747492508,
  "Gleyber Torres": 0.14127854583928737,
  "Jake Burger": 0.19368894368894368,
  "Jazz Chisholm Jr.": 0.10867337074786235,
  "Jon Berti": 0.08443223443223444,
  "Josh Bell": 0.12885333869029522,
  "Juan Soto": 0.13438605774855608,
  "Luis Arraez": 0.06684333650323722,
  "Tim Anderson": 0.08368010822771618,
  "Jesus Sanchez": 0.060000000000000005,
  "Oswaldo Cabrera": 0.060000000000000005,
  "Jose Trevino": 0.060000000000000005,
  "Nick Fortes": 0.08392857142857142,
  "Nick Gordon": 0.07361111111111111,
  "Alejandro Kirk": 0.07932379453574426,
  "Bo Bichette": 0.0886327163883464,
  "Cal Raleigh": 0.17762338557806392,
  "Cavan Biggio": 0.07551622089228231,
  "Daulton Varsho": 0.12027267604190682,
  "Davis Schneider": 0.11686217008797654,
  "Dominic Canzone": 0.13430575051663343,
  "George Springer": 0.10822031503164874,
  "Isiah Kiner-Falefa": 0.05942522838817371,
  "J.P. Crawford": 0.10050411931808712,
  "Jorge Polanco": 0.1691449960465916,
  "Josh Rojas": 0.07476570625473447,
  "Julio Rodriguez": 0.14133580875809876,
  "Justin Turner": 0.1108363431031424,
  "Mitch Garver": 0.13707713533390317,
  "Mitch Haniger": 0.1180472356012928,
  "Ty France": 0.08776180281733553,
  "Vladimir Guerrero Jr.": 0.13733416294797368,
  "Kevin Kiermaier": 0.060000000000000005,
  "Austin Riley": 0.13772473647776312,
  "Brandon Nimmo": 0.1202946973176135,
  "Brett Baty": 0.09471166458533171,
  "DJ Stewart": 0.12894298413380129,
  "Francisco Lindor": 0.1486689644633685,
  "Harrison Bader": 0.07479466834728346,
  "Jarred Kelenic": 0.11109098286241753,
  "Jeff McNeil": 0.07266571370228575,
  "Marcell Ozuna": 0.1474077084070063,
  "Matt Olson": 0.193247851736011,
  "Michael Harris II": 0.12676006866493306,
  "Omar Narvaez": 0.07100196276722995,
  "Orlando Arcia": 0.08019207507276768,
  "Ozzie Albies": 0.1540762217787745,
  "Pete Alonso": 0.14613807521008454,
  "Ronald Acuna Jr.": 0.14231386627297524,
  "Starling Marte": 0.09040271466697411,
  "Travis d'Arnaud": 0.09681999972322552,
  "Francisco Alvarez": 0.09761904761904762,
  "Tyrone Taylor": 0.09761904761904762,
  "Adam Frazier": 0.060472815858174975,
  "Alex Bregman": 0.09407670032670032,
  "Bobby Witt Jr.": 0.1371108597060946,
  "Chas McCormick": 0.08926887977445748,
  "Hunter Renfroe": 0.11057420109341216,
  "Jeremy Pena": 0.07005498033151418,
  "Jose Abreu": 0.09630184011580792,
  "Jose Altuve": 0.10339758082673062,
  "Kyle Isbel": 0.0680966232102432,
  "Kyle Tucker": 0.11489259329161287,
  "Maikel Garcia": 0.09402390000703788,
  "Mauricio Dubon": 0.07781847781847781,
  "MJ Melendez": 0.13054347826086957,
  "Nelson Velazquez": 0.13177742766894676,
  "Salvador Perez": 0.16985912035096062,
  "Vinnie Pasquantino": 0.10742308596369152,
  "Yainer Diaz": 0.10243298026660946,
  "Yordan Alvarez": 0.15336349800927776,
  "Jake Meyers": 0.060000000000000005,
  "Alex Kirilloff": 0.09073853401168486,
  "Austin Martin": 0.06524052829668674,
  "Byron Buxton": 0.14248640576144178,
  "Carlos Correa": 0.11224094826453163,
  "Chris Taylor": 0.1265319043096821,
  "Edouard Julien": 0.08253326299747962,
  "Freddie Freeman": 0.13434712874418347,
  "Gavin Lux": 0.08171819411880106,
  "James Outman": 0.12204208277786874,
  "Jose Miranda": 0.10368727380759467,
  "Matt Wallner": 0.1253479327819009,
  "Max Kepler": 0.12389579020013802,
  "Max Muncy": 0.18399162288764342,
  "Mookie Betts": 0.14158601645162794,
  "Ryan Jeffers": 0.08487813289340007,
  "Shohei Ohtani": 0.21798020076802338,
  "Teoscar Hernandez": 0.14116181440989625,
  "Will Smith": 0.11695518006731441,
  "Willi Castro": 0.0774803385770089,
  "Christian Vazquez": 0.060000000000000005,
  "Carlos Santana": 0.06934065934065933,
  "Alec Bohm": 0.08262713569197153,
  "Alec Burleson": 0.08949540600063295,
  "Brandon Marsh": 0.07701191658440852,
  "Brendan Donovan": 0.0921570899049303,
  "Bryce Harper": 0.1373622141515118,
  "Bryson Stott": 0.06729020519075768,
  "Ivan Herrera": 0.09438081967946996,
  "J.T. Realmuto": 0.12674149329251663,
  "Johan Rojas": 0.06391737891737892,
  "Kyle Schwarber": 0.1801090706490555,