{
  "Marcell Ozuna": 0.16759949342376343,
  "Adam Duvall": 0.1140606406746341,
  "Matt Olson": 0.11921962705195192,
  "Rece Hinds": 0.10052936781570922,
  "Sean Murphy": 0.10241241945414821,
  "Spencer Steer": 0.09052433264642808,
  "Jarred Kelenic": 0.09691112004514997,
  "Elly De La Cruz": 0.08360950095137332,
  "Jeimer Candelario": 0.09284182285461058,
  "Eddie Rosario": 0.07646313223469119,
  "Tyler Stephenson": 0.07682251996880479,
  "Jonathan India": 0.07351106891249617,
  "Jake Fraley": 0.06175890146911952,
  "Zack Short": 0.06034967426560554,
  "Noelvi Marte": 0.06441654161441582,
  "Will Benson": 0.0805434265428294,
  "Orlando Arcia": 0.07428169668464572,
  "Nacho Alvarez Jr.": 0.07086743057137794,
  "Stuart Fairchild": 0.060000000000000005,
  "Bryan Reynolds": 0.08397245471131431,
  "Matt Carpenter": 0.060000000000000005,
  "Ke'Bryan Hayes": 0.05885993835604946,
  "Paul Goldschmidt": 0.11768964956019196,
  "Andrew McCutchen": 0.10922115485820677,
  "Lars Nootbaar": 0.06550565040885362,
  "Nolan Arenado": 0.10957738754528884,
  "Oneil Cruz": 0.08048437458853482,
  "Jack Suwinski": 0.09761904761904762,
  "Nolan Gorman": 0.09761904761904762,
  "Alec Burleson": 0.06719031391388976,
  "Brendan Donovan": 0.055203313479205866,
  "Willson Contreras": 0.13609117040273058,
  "Joshua Palacios": 0.06592485696446092,
  "Masyn Winn": 0.07198264444072207,
  "Nick Gonzales": 0.06623614641458742,
  "Michael Siani": 0.051904761904761905,
  "Rowdy Tellez": 0.09761904761904762,
  "Yasmani Grandal": 0.060000000000000005,
  "Joey Bart": 0.09880636249033652,
  "Michael A. Taylor": 0.08654699903020416,
  "Connor Joe": 0.08832814196807445,
  "Pedro Pages": 0.08499788023317435,
  "Dylan Carlson": 0.09343285446226623,
  "Kyle Schwarber": 0.14755110064580432,
  "Byron Buxton": 0.10444882113990712,
  "Bryce Harper": 0.11448617413588184,
  "Max Kepler": 0.09457528674605696,
  "Trea Turner": 0.08941553991015022,
  "Matt Wallner": 0.10772377286483947,
  "Ryan Jeffers": 0.07040502800603811,
  "Trevor Larnach": 0.0866322708605191,
  "Carlos Santana": 0.08108805149435332,
  "Willi Castro": 0.07784567190678181,
  "Alec Bohm": 0.07094666452611767,
  "Nick Castellanos": 0.07247279709002613,
  "Brandon Marsh": 0.06686743789684967,
  "Edouard Julien": 0.056985901540468675,
  "Bryson Stott": 0.0577929752338076,
  "Brooks Lee": 0.06574846317006756,
  "Johan Rojas": 0.04635201920871508,
  "Garrett Stubbs": 0.054560391507542924,
  "J.T. Realmuto": 0.07361111111111111,
  "Manuel Margot": 0.060000000000000005,
  "Rhys Hoskins": 0.10877972991094531,
  "Christopher Morel": 0.09580227846220873,
  "Willy Adames": 0.08892339700330994,
  "Ian Happ": 0.0750900311974287,
  "Seiya Suzuki": 0.083150907450817,
  "William Contreras": 0.07531844170070327,
  "Dansby Swanson": 0.0709871490673762,
  "Eric Haase": 0.07334482352026211,
  "Michael Busch": 0.07484355303885748,
  "Joey Ortiz": 0.06197471339305933,
  "Andruw Monasterio": 0.04937608775524351,
  "Jackson Chourio": 0.06615837015892191,
  "Tomas Nido": 0.04867288604475475,
  "Nico Hoerner": 0.050428026789051325,
  "Garrett Mitchell": 0.06475733487498193,
  "Blake Perkins": 0.041944011353559595,
  "Mike Tauchman": 0.056024536451638844,
  "Miles Mastrobuoni": 0.05982456140350877,
  "Miguel Amaya": 0.08392857142857142,
  "Christian Yelich": 0.09761904761904762,
  "Brice Turang": 0.060000000000000005,
  "Pete Crow-Armstrong": 0.060000000000000005,
  "Sal Frelick": 0.060000000000000005,
  "Charlie Blackmon": 0.09761904761904762,
  "Ryan McMahon": 0.10548574131182827,
  "Sam Hilliard": 0.11965885299218632,
  "Rafael Devers": 0.14564405966650756,
  "Brendan Rodgers": 0.09389953809145443,
  "Elias Diaz": 0.09761904761904762,
  "Ezequiel Tovar": 0.13102958472504977,
  "Jarren Duran": 0.10329905835852127,
  "Michael Toglia": 0.10478870639164757,
  "Connor Wong": 0.06006760728982951,
  "David Hamilton": 0.0772131967366409,
  "Brenton Doyle": 0.12158184087071071,
  "Ceddanne Rafaela": 0.09206305748178295,
  "Jake Cave": 0.07646071323625503,
  "Tyler O'Neill": 0.15,
  "Wilyer Abreu": 0.11894381928763816,
  "Dominic Smith": 0.09159872985102624,
  "Masataka Yoshida": 0.07361111111111111,
  "Jacob Stallings": 0.08748167291060287,
  "Jamie Westbrook": 0.10589985994397759,
  "Kris Bryant": 0.12413612623406793,
  "Reese McGuire": 0.07430323299888518,
  "Romy Gonzalez": 0.08483177599397969,
  "Jose Altuve": 0.10459677890575779,
  "Alex Bregman": 0.08788377477184596,
  "Yordan Alvarez": 0.14630216269857377,
  "Jeremy Pena": 0.07877935690271567,
  "Seth Brown": 0.08067359460639743,
  "Chas McCormick": 0.07614169725280837,
  "Jake Meyers": 0.08890336625738986,
  "Shea Langeliers": 0.08392857142857142,
  "Yainer Diaz": 0.09009213246394777,
  "Mauricio Dubon": 0.060579955865697116,
  "Lawrence Butler": 0.0891293766675222,
  "JJ Bleday": 0.08411332256644782,
  "Zack Gelof": 0.06682724300322994,
  "Jon Singleton": 0.0750099485454122,
  "Brent Rooker": 0.10694766803190003,
  "Miguel Andujar": 0.05279557008606437,
  "Max Schuemann": 0.05376971339852234,
  "Abraham Toro": 0.06213999510781589,
  "Brett Harris": 0.060000000000000005,
  "Kyle McCann": 0.0810123025859681,
  "Mitch Haniger": 0.15428166330848236,
  "Cal Raleigh": 0.13678243831646233,
  "Jorge Polanco": 0.10566179688324849,
  "Tyler Locklear": 0.10535680985680987,
  "Dylan Moore": 0.10006332685951769,
  "Zach Neto": 0.09253796132064747,
  "Jo Adell": 0.0858991745926815,
  "Mickey Moniak": 0.09841340165588887,
  "Taylor Ward": 0.092621828722575,
  "Jason Vosler": 0.09110936754911715,
  "Matt Thaiss": 0.07514795112192832,
  "Luke Raley": 0.08432455275459683,
  "Willie Calhoun": 0.07443184042056429,
  "Luis Rengifo": 0.0612694878729695,
  "Nolan Schanuel": 0.053425563960825345,
  "Brandon Drury": 0.08271224098707197,
  "Victor Robles": 0.06491671416972035,
  "Josh Rojas": 0.07192270471648017,
  "Anthony Rendon": 0.07361111111111111,
  "Logan O'Hoppe": 0.12000000000000001,
  "Mitch Garver": 0.15,
  "Kevin Pillar": 0.09761904761904762,
  "Travis d'Arnaud": 0.08965345005960978,
  "Santiago Espinal": 0.0900079302141158,
  "Austin Slater": 0.05923254928826978,
  "Austin Wynns": 0.06777777777777778,
  "Cedric Mullins": 0.06047626875193162,
  "Anthony Santander": 0.10153376892789462,
  "Jesus Sanchez": 0.08794867817521367,
  "Ramon Urias": 0.05836517813278536,
  "Jazz Chisholm Jr.": 0.09193857759659217,
  "Ryan Mountcastle": 0.07361111111111111,
  "Jorge Mateo": 0.060000000000000005,
  "Nick Fortes": 0.05234567901234568,
  "Bryan De La Cruz": 0.10083349255139384,
  "Adley Rutschman": 0.07080910481253457,
  "Gunnar Henderson": 0.0978379272624797,
  "Jordan Westburg": 0.07437697131356939,
  "Colton Cowser": 0.06905310458302212,
  "Ryan O'Hearn": 0.07005050668458446,
  "Jake Burger": 0.11090452673723677,
  "Xavier Edwards": 0.04472977735526925,
  "Josh Bell": 0.08046895832305441,
  "Heston Kjerstad": 0.07141502049022058,
  "Emmanuel Rivera": 0.049999999999999996,
  "Vidal Brujan": 0.05234567901234568,
  "Otto Lopez": 0.0631841041266233,
  "Nick Gordon": 0.062166944426719856,
  "Ali Sanchez": 0.06135348072520848,
  "Jose Ramirez": 0.10035019955159646,
  "Jhonkensy Noel": 0.10732437899580062,
  "Riley Greene": 0.08788592439152965,
  "Josh Naylor": 0.09324554299855065,
  "Bo Naylor": 0.0668584688357548,
  "Carson Kelly": 0.07504030379030378,
  "Matt Vierling": 0.08116014478228728,
  "Colt Keith": 0.0695347204461359,
  "Mark Canha": 0.062189144749305175,
  "Daniel Schneemann": 0.061837886048110274,
  "Wenceel Perez": 0.06662011299342677,
  "Angel Martinez": 0.04975608868684165,
  "Zach McKinstry": 0.0702967823468697,
  "Will Brennan": 0.062294669032936366,
  "Javier Baez": 0.07186430362552437,
  "Andres Gimenez": 0.05661795007056129,
  "Gio Urshela": 0.054727635176160166,
  "Steven Kwan": 0.050050617765849556,
  "Brayan Rocchio": 0.060000000000000005,
  "Tyler Freeman": 0.07361111111111111,
  "David Fry": 0.08392857142857142,
  "Justyn-Henry Malloy": 0.07361111111111111,
  "Manny Machado": 0.13034330317425893,