{
  "Brandon Nimmo": 0.10833181798889839,
  "J.T. Realmuto": 0.10757575757575757,
  "Jeff McNeil": 0.060000000000000005,
  "Pete Alonso": 0.12378938813109051,
  "Bryce Harper": 0.15631251127366871,
  "Francisco Lindor": 0.13837616993808674,
  "Alec Bohm": 0.09959001191166914,
  "Nick Castellanos": 0.13402401154539909,
  "Kyle Schwarber": 0.20139745960258873,
  "Bryson Stott": 0.08351364532578953,
  "Starling Marte": 0.08382992263536715,
  "Brett Baty": 0.08198381177317374,
  "Brandon Marsh": 0.09627995939265314,
  "Johan Rojas": 0.06259903137377798,
  "Edmundo Sosa": 0.07361111111111111,
  "DJ Stewart": 0.12000000000000001,
  "Joey Wendle": 0.06532664414129931,
  "Harrison Bader": 0.060000000000000005,
  "Tyrone Taylor": 0.10600505934473778,
  "J. D. Martinez": 0.12993801677737638,
  "Whit Merrifield": 0.060000000000000005,
  "Kody Clemens": 0.11830204620173272,
  "Garrett Stubbs": 0.06216989445162592,
  "Omar Narvaez": 0.07546449718863511,
  "Andrew Benintendi": 0.0869991556431185,
  "Andrew Vaughn": 0.11623455933779513,
  "Braden Shewmake": 0.11119480301710068,
  "Bryan Ramos": 0.10461395447803969,
  "CJ Abrams": 0.14598514084605796,
  "Eddie Rosario": 0.15182988167762038,
  "Eloy Jimenez": 0.1211932364524516,
  "Gavin Sheets": 0.12023490410077586,
  "Jacob Young": 0.08662210805067948,
  "Joey Meneses": 0.1094459717492243,
  "Korey Lee": 0.1185109202148072,
  "Luis Garcia Jr.": 0.09354580517012458,
  "Nick Senzel": 0.08522222307847536,
  "Riley Adams": 0.13291185064469418,
  "Tommy Pham": 0.12615729319679206,
  "Trey Lipscomb": 0.08587714277240949,
  "Victor Robles": 0.08055106586546573,
  "Nicky Lopez": 0.05723232323232323,
  "Keibert Ruiz": 0.08392857142857142,
  "Ildemaro Vargas": 0.0501412429378531,
  "Jesse Winker": 0.08392857142857142,
  "Martin Maldonado": 0.08392857142857142,
  "Paul DeJong": 0.09761904761904762,
  "Anthony Santander": 0.13067355296412564,
  "Cavan Biggio": 0.057006039096960094,
  "Vladimir Guerrero Jr.": 0.09136622635258931,
  "Ryan Mountcastle": 0.08627186216835937,
  "Bo Bichette": 0.07721520126173084,
  "Danny Jansen": 0.12275776567617375,
  "Cedric Mullins": 0.08966666224057285,
  "Alejandro Kirk": 0.060000000000000005,
  "George Springer": 0.060000000000000005,
  "Jorge Mateo": 0.05960462655863642,
  "Adley Rutschman": 0.10588132918343691,
  "Kevin Kiermaier": 0.05867581778336928,
  "Daulton Varsho": 0.09116158330588121,
  "Gunnar Henderson": 0.14302714881799589,
  "James McCann": 0.060000000000000005,
  "Ryan O'Hearn": 0.10745108066536638,
  "Colton Cowser": 0.08781106696570953,
  "Davis Schneider": 0.0993626186454871,
  "Jordan Westburg": 0.09750866254080585,
  "Isiah Kiner-Falefa": 0.060000000000000005,
  "Justin Turner": 0.09761904761904762,
  "Daniel Vogelbach": 0.07928292596046624,
  "Ernie Clement": 0.05237082066869301,
  "Jesus Sanchez": 0.09716400316659089,
  "Bryan De La Cruz": 0.10636643190442886,
  "Jake Rogers": 0.11083420354835134,
  "Nick Fortes": 0.06980550323587022,
  "Jazz Chisholm Jr.": 0.13471925412449898,
  "Spencer Torkelson": 0.15320997994354515,
  "Javier Baez": 0.10136954025736047,
  "Riley Greene": 0.09531578026484375,
  "Wenceel Perez": 0.09103707212974435,
  "Kerry Carpenter": 0.12000000000000001,
  "Matt Vierling": 0.09318762046034773,
  "Jake Burger": 0.12000000000000001,
  "Josh Bell": 0.10860443463183189,
  "Mark Canha": 0.10211633533636721,
  "Colt Keith": 0.060000000000000005,
  "Christian Bethancourt": 0.04952671755725191,
  "Nick Gordon": 0.09126318973647218,
  "Otto Lopez": 0.06026654965455954,
  "Emmanuel Rivera": 0.05007062146892655,
  "Andy Ibanez": 0.13015297459741904,
  "Gio Urshela": 0.09746940416911652,
  "Vidal Brujan": 0.07301540745249355,
  "Rafael Devers": 0.18150756796407203,
  "Yandy Diaz": 0.11111504020201493,
  "Josh Lowe": 0.1124871568899043,
  "Connor Wong": 0.10935710613129968,
  "Randy Arozarena": 0.13877769049526595,
  "Jarren Duran": 0.10890813884948071,
  "Harold Ramirez": 0.060000000000000005,
  "Rob Refsnyder": 0.05007062146892655,
  "Ceddanne Rafaela": 0.08563290228593011,
  "Reese McGuire": 0.06594706363427708,
  "Isaac Paredes": 0.13149119108592383,
  "Tyler O'Neill": 0.14050562036143224,
  "Jonny Deluca": 0.10929435739546403,
  "Wilyer Abreu": 0.11386822258833554,
  "Vaughn Grissom": 0.0793964104826367,
  "Jose Caballero": 0.08463570585528209,
  "Dominic Smith": 0.09553272816223175,
  "Amed Rosario": 0.08498558297889401,
  "Garrett Cooper": 0.08392857142857142,
  "Richie Palacios": 0.08073562250766626,
  "Alex Jackson": 0.10754338369736695,
  "Ronald Acuna Jr.": 0.15195673181606686,
  "Austin Riley": 0.09761904761904762,
  "Miguel Amaya": 0.07442800615818956,
  "Nico Hoerner": 0.0639358671273565,
  "Adam Duvall": 0.13358585858585859,
  "Ozzie Albies": 0.15142338981931022,
  "Ian Happ": 0.07361111111111111,
  "Travis d'Arnaud": 0.11775852156839166,
  "Marcell Ozuna": 0.19347221680585,
  "Christopher Morel": 0.13485344976979532,
  "Patrick Wisdom": 0.1311716259764482,
  "Matt Olson": 0.18685315348686823,
  "Yan Gomes": 0.060000000000000005,
  "Nick Madrigal": 0.04879396440752109,
  "Orlando Arcia": 0.08495638224619657,
  "Seiya Suzuki": 0.10772400036614353,
  "Michael Harris II": 0.11577997983915515,
  "Michael Busch": 0.07361111111111111,
  "Mike Tauchman": 0.063683537670783,
  "Cody Bellinger": 0.1003296032990023,
  "Pete Crow-Armstrong": 0.07509885113465677,
  "Jarred Kelenic": 0.1008211609835645,
  "Zack Short": 0.08048578172980086,
  "Andrew McCutchen": 0.11918357388336685,
  "Connor Joe": 0.0906534212907776,
  "Christian Yelich": 0.11601560318563424,
  "Jack Suwinski": 0.13457296155294315,
  "Brice Turang": 0.06503844293069452,
  "Willy Adames": 0.13140497488956662,
  "Oneil Cruz": 0.1476112525857424,
  "Bryan Reynolds": 0.12407611316431676,
  "Jared Triolo": 0.0701595178467313,
  "William Contreras": 0.1480326047328766,
  "Sal Frelick": 0.06353118781021033,
  "Jackson Chourio": 0.07451452788207488,
  "Jake Bauers": 0.12929773426403993,
  "Blake Perkins": 0.060000000000000005,
  "Edward Olivares": 0.10757575757575757,
  "Michael A. Taylor": 0.08088575678138868,
  "Joey Bart": 0.07361111111111111,
  "Yasmani Grandal": 0.10312537620042017,
  "Joey Ortiz": 0.08945167648973247,
  "Nick Gonzales": 0.08087719985793965,
  "Oliver Dunn": 0.11762731992929738,
  "Max Kepler": 0.10757575757575757,
  "Gleyber Torres": 0.0910101820983565,
  "Giancarlo Stanton": 0.1428117656522714,
  "Alex Kirilloff": 0.07361111111111111,
  "Aaron Judge": 0.21862599213102135,
  "Anthony Rizzo": 0.11289150275494812,
  "Trevor Larnach": 0.10757575757575757,
  "Oswaldo Cabrera": 0.07821202854001753,
  "Carlos Correa": 0.1273394501607266,
  "Jose Miranda": 0.12364753745420919,
  "Ryan Jeffers": 0.14277343771844284,
  "Jose Trevino": 0.09761904761904762,
  "Edouard Julien": 0.12000000000000001,
  "Kyle Farmer": 0.08158999677321706,
  "Christian Vazquez": 0.07616376121084265,
  "Willi Castro": 0.08983513599337727,
  "Austin Wells": 0.09417087376965587,
  "Anthony Volpe": 0.09637749913578611,
  "Alex Verdugo": 0.08814183417875598,
  "Trent Grisham": 0.060000000000000005,
  "Juan Soto": 0.16060855055962317,
  "Carlos Santana": 0.09451133624207038,
  "Manuel Margot": 0.0943258821643221,
  "Austin Martin": 0.07772066436926676,
  "Jose Ramirez": 0.13625901199468526,
  "Adolis Garcia": 0.22081678467297466,
  "Leody Taveras": 0.0845929576192734,
  "Josh Naylor": 0.13875890287321932,
  "Nathaniel Lowe": 0.11784210150751505,
  "Gabriel Arias": 0.060000000000000005,
  "Corey Seager": 0.1884090335703239,
  "Andres Gimenez": 0.09257806591893401,
  "Jonah Heim": 0.12225149407361872,
  "Ezequiel Duran": 0.10059280601565922,
  "Brayan Rocchio": 0.06915519395238182,
  "Marcus Semien": 0.13572929848930979,
  "Bo Naylor": 0.11396615729949064,
  "Travis Jankowski": 0.06127634871582047,
  "Tyler Freeman": 0.08472043982078518,
  "Josh Smith": 0.1052612311194814,
  "Will Brennan": 0.08392857142857142,
  "Evan Carter": 0.10757575757575757,
  "David Fry": 0.14201378214338273,