{
  "Jose Ramirez": 0.11380878129096982,
  "Ketel Marte": 0.0959887067665251,
  "Josh Naylor": 0.09132074194524208,
  "Andres Gimenez": 0.05737557989084707,
  "Geraldo Perdomo": 0.05193276694474827,
  "Tyler Freeman": 0.05797003043069856,
  "Brayan Rocchio": 0.05149425287356322,
  "Steven Kwan": 0.060000000000000005,
  "Alek Thomas": 0.06813082852672912,
  "Corbin Carroll": 0.07484762854605315,
  "Bo Naylor": 0.07239073023014907,
  "Angel Martinez": 0.04806024534275744,
  "Gabriel Moreno": 0.07361111111111111,
  "Lourdes Gurriel Jr.": 0.09769538614751837,
  "David Fry": 0.08069658829759839,
  "Eugenio Suarez": 0.12163026300194024,
  "Randal Grichuk": 0.060000000000000005,
  "Joc Pederson": 0.12246198418379778,
  "Kevin Newman": 0.049999999999999996,
  "Lane Thomas": 0.08165056994302582,
  "Daniel Schneemann": 0.060000000000000005,
  "Josh Bell": 0.08696795554770465,
  "Jhonkensy Noel": 0.1084117079467321,
  "Jose Herrera": 0.042498871901045815,
  "Jesus Sanchez": 0.06353745163072654,
  "Tyler Stephenson": 0.07215792732700682,
  "Jonathan India": 0.07688531394580005,
  "TJ Friedl": 0.06164656380983282,
  "Stuart Fairchild": 0.08392857142857142,
  "Spencer Steer": 0.09574930612073036,
  "Xavier Edwards": 0.06002941176470589,
  "Elly De La Cruz": 0.08979813556880799,
  "Jake Burger": 0.12166563536966553,
  "Jeimer Candelario": 0.0818504663063736,
  "Vidal Brujan": 0.049999999999999996,
  "Jonah Bride": 0.059005470418456545,
  "Santiago Espinal": 0.08392857142857142,
  "Emmanuel Rivera": 0.060000000000000005,
  "Ali Sanchez": 0.055250583409081074,
  "Ty France": 0.0705906691742605,
  "Noelvi Marte": 0.06004521725898554,
  "Cristian Pache": 0.05943927726105944,
  "Kyle Stowers": 0.06673685295967904,
  "Jake Fraley": 0.06586029973153229,
  "Otto Lopez": 0.05363488871625314,
  "Manny Machado": 0.12442012954586806,
  "Bryan Reynolds": 0.08519834961226426,
  "Jake Cronenworth": 0.07516744759698789,
  "Rowdy Tellez": 0.07074250126189861,
  "Jackson Merrill": 0.0712476325471375,
  "Joey Bart": 0.07028038523168918,
  "Jurickson Profar": 0.07348079852241184,
  "Xander Bogaerts": 0.0800372155854612,
  "Luis Campusano": 0.07222712275266455,
  "Donovan Solano": 0.07477730697081063,
  "Bryan De La Cruz": 0.0768232699268928,
  "Andrew McCutchen": 0.07655821593559786,
  "Jared Triolo": 0.06110030578372472,
  "Ke'Bryan Hayes": 0.055908823661423884,
  "Isiah Kiner-Falefa": 0.050172079433147006,
  "Bryce Johnson": 0.0580603559816995,
  "Ji Hwan Bae": 0.043963409007013655,
  "Tyler Wade": 0.03849246164463556,
  "Ha-Seong Kim": 0.060000000000000005,
  "Oneil Cruz": 0.10757575757575757,
  "Kyle Higashioka": 0.13333333333333333,
  "Yasmani Grandal": 0.07361111111111111,
  "Michael A. Taylor": 0.07361111111111111,
  "Luis Arraez": 0.051904761904761905,
  "David Peralta": 0.060000000000000005,
  "Matt Chapman": 0.17715033516548892,
  "Tyler Fitzgerald": 0.11828347894341683,
  "Heliot Ramos": 0.16068788871583903,
  "CJ Abrams": 0.12273493825942881,
  "Jerar Encarnaci\u00f3n": 0.12116188287930481,
  "Juan Yepez": 0.09602899515942993,
  "Travis Blankenhorn": 0.11938172048447449,
  "James Wood": 0.09107028291870219,
  "Casey Schmitt": 0.08791444235714682,
  "Michael Conforto": 0.10351481902095731,
  "Patrick Bailey": 0.10971388381081405,
  "Mark Canha": 0.08643782253042305,
  "Keibert Ruiz": 0.10806324440066328,
  "Luis Garcia Jr.": 0.08627212180774914,
  "Alex Call": 0.07405968089739055,
  "LaMonte Wade Jr.": 0.09999906831803383,
  "Ildemaro Vargas": 0.05945856281589266,
  "Jacob Young": 0.052555244319950206,
  "Mike Yastrzemski": 0.12000000000000001,
  "Harold Ramirez": 0.049999999999999996,
  "Marco Luciano": 0.09761904761904762,
  "Trey Lipscomb": 0.060000000000000005,
  "Anthony Santander": 0.12483512709841056,
  "Gunnar Henderson": 0.10373814875093647,
  "Vladimir Guerrero Jr.": 0.10299296509753782,
  "George Springer": 0.09957545882942166,
  "Eloy Jimenez": 0.07883929190706719,
  "Colton Cowser": 0.09088487900987902,
  "Daulton Varsho": 0.08214630621579365,
  "Ryan Mountcastle": 0.0802250456350278,
  "Ryan O'Hearn": 0.08404461920786183,
  "Adley Rutschman": 0.07809154380037232,
  "Ramon Urias": 0.0686985417553519,
  "Addison Barger": 0.06842495860173253,
  "Jackson Holliday": 0.06275780929447984,
  "Joey Loperfido": 0.06272739497220155,
  "Spencer Horwitz": 0.05944782822689799,
  "Alejandro Kirk": 0.06035292488058874,
  "Ernie Clement": 0.058798080391226255,
  "Leo Jimenez": 0.05220835342723131,
  "Cedric Mullins": 0.08392857142857142,
  "Davis Schneider": 0.08392857142857142,
  "Marcell Ozuna": 0.18706427043769205,
  "Austin Riley": 0.14385623140969903,
  "Jorge Soler": 0.14152573522293474,
  "Matt Olson": 0.11728573849897378,
  "Rhys Hoskins": 0.11960716648796227,
  "Travis d'Arnaud": 0.11637806783402586,
  "Willy Adames": 0.11153436187794148,
  "William Contreras": 0.10699647468189667,
  "Jake Bauers": 0.09175337185583088,
  "Orlando Arcia": 0.0944204893417571,
  "Eddie Rosario": 0.07675114907022802,
  "Jarred Kelenic": 0.08208343298420175,
  "Garrett Mitchell": 0.06603904270570937,
  "Jackson Chourio": 0.07773527611541427,
  "Whit Merrifield": 0.05828802694239237,
  "Brice Turang": 0.052821474969401545,
  "Joey Ortiz": 0.06687442602839556,
  "Sal Frelick": 0.055729847494553376,
  "Sean Murphy": 0.12000000000000001,
  "Gary Sanchez": 0.13333333333333333,
  "Paul Goldschmidt": 0.1039366563360082,
  "Willson Contreras": 0.1090352498425301,
  "Brandon Lowe": 0.09325726548506093,
  "Nolan Arenado": 0.08653921628994239,
  "Christopher Morel": 0.09776538737375777,
  "Tommy Pham": 0.08230617791266726,
  "Nolan Gorman": 0.11273029775505022,
  "Josh Lowe": 0.07075628988398865,
  "Jose Siri": 0.07101357058544758,
  "Yandy Diaz": 0.06740374568332123,
  "Alec Burleson": 0.06426254197512206,
  "Masyn Winn": 0.06230538579774955,
  "Jonny Deluca": 0.059569252024780105,
  "Pedro Pages": 0.06960486556020577,
  "Jose Caballero": 0.057068535973127645,
  "Ben Rortvedt": 0.04576985320896352,
  "Taylor Walls": 0.061091288616041094,
  "Victor Scott II": 0.07037962037962038,
  "Brendan Donovan": 0.060000000000000005,
  "Lars Nootbaar": 0.060000000000000005,
  "Curtis Mead": 0.049999999999999996,
  "Royce Lewis": 0.11147335759457194,
  "Jose Miranda": 0.09570168071406492,
  "Christian Vazquez": 0.08801239048201964,
  "Carlos Santana": 0.07726109887960593,
  "Manuel Margot": 0.07406887383280572,
  "Max Kepler": 0.09463883526383526,
  "Ian Happ": 0.07202535556399145,
  "Seiya Suzuki": 0.06854036217078403,
  "Cody Bellinger": 0.06926087546234024,
  "Isaac Paredes": 0.06432489494509955,
  "Michael Busch": 0.05704377186928675,
  "Willi Castro": 0.07221403407409942,
  "Dansby Swanson": 0.06125015377337359,
  "Pete Crow-Armstrong": 0.06464372406232871,
  "Miguel Amaya": 0.06348076154972707,
  "Austin Martin": 0.07897971593623768,
  "Brooks Lee": 0.06555859345333029,
  "Nico Hoerner": 0.04669090980763166,
  "Byron Buxton": 0.12000000000000001,
  "Ryan Jeffers": 0.09761904761904762,
  "Trevor Larnach": 0.12000000000000001,
  "Matt Wallner": 0.13333333333333333,
  "Mike Tauchman": 0.060000000000000005,
  "Jose Altuve": 0.08669910298138167,
  "Alex Bregman": 0.10032018217145122,
  "Yordan Alvarez": 0.16646172755226654,
  "Adolis Garcia": 0.09496583321469997,
  "Chas McCormick": 0.07676038436897804,
  "Leody Taveras": 0.060000000000000005,
  "Jonah Heim": 0.06717656711640332,
  "Nathaniel Lowe": 0.060000000000000005,
  "Jake Meyers": 0.07924443109343313,
  "Jeremy Pena": 0.07013209971971264,
  "Corey Seager": 0.10006973547608222,
  "Marcus Semien": 0.08301240857659226,
  "Mauricio Dubon": 0.060000000000000005,
  "Josh Smith": 0.06608533200654111,
  "Yainer Diaz": 0.08897911515401334,
  "Josh Jung": 0.0848823005403151,
  "Jon Singleton": 0.08542317518625643,
  "Travis Jankowski": 0.049999999999999996,
  "Victor Caratini": 0.08392857142857142,
  "Wyatt Langford": 0.0777696844014725,
  "Ezequiel Duran": 0.07278153936324232,
  "Robbie Grossman": 0.06378309315586056,
  "Rafael Devers": 0.10865092104151704,