{
  "Alex Kirilloff": 0.13720402926622394,
  "Max Kepler": 0.19698981568900267,
  "Luis Garcia Jr.": 0.09473883296309174,
  "Byron Buxton": 0.16669835819093623,
  "Riley Adams": 0.11777409516643966,
  "Trevor Larnach": 0.19905610494582926,
  "Ryan Jeffers": 0.13185253864166074,
  "Keibert Ruiz": 0.08392857142857142,
  "Ildemaro Vargas": 0.07638361684579857,
  "CJ Abrams": 0.1370531897443858,
  "Carlos Correa": 0.13576199500607164,
  "Joey Meneses": 0.11481005957489862,
  "Jose Miranda": 0.08988758767024929,
  "Edouard Julien": 0.16440622461616813,
  "Kyle Farmer": 0.060000000000000005,
  "Jacob Young": 0.0604120023412437,
  "Christian Vazquez": 0.060000000000000005,
  "Willi Castro": 0.12100271181355228,
  "Nick Senzel": 0.08392857142857142,
  "Manuel Margot": 0.05007062146892655,
  "Carlos Santana": 0.10757575757575757,
  "Joey Gallo": 0.2043528254109644,
  "Eddie Rosario": 0.14664475081636907,
  "Jesse Winker": 0.11860122333806544,
  "Jose Ramirez": 0.1351854069284926,
  "Brandon Nimmo": 0.1306467670967261,
  "Pete Alonso": 0.15835838042891595,
  "Jeff McNeil": 0.07842040751815187,
  "Tomas Nido": 0.060000000000000005,
  "Mark Vientos": 0.14565979933922335,
  "Josh Naylor": 0.12000000000000001,
  "Andres Gimenez": 0.09192269839622247,
  "Starling Marte": 0.08392857142857142,
  "Francisco Lindor": 0.17558285196278778,
  "Tyler Freeman": 0.07611723285988893,
  "Brayan Rocchio": 0.06482904607201283,
  "Will Brennan": 0.060000000000000005,
  "David Fry": 0.11611097124805435,
  "Bo Naylor": 0.08392857142857142,
  "Brett Baty": 0.08392857142857142,
  "Tyrone Taylor": 0.08392857142857142,
  "DJ Stewart": 0.1735966651032374,
  "Estevan Florial": 0.10549340316816509,
  "Harrison Bader": 0.08202921449674697,
  "J. D. Martinez": 0.1699103074954025,
  "Johnathan Rodriguez": 0.10616922399220638,
  "Omar Narvaez": 0.07508012517863348,
  "Gabriel Arias": 0.08726716853598382,
  "Austin Hedges": 0.07197327891667135,
  "Nolan Arenado": 0.12089077412513256,
  "Paul Goldschmidt": 0.11592970521541948,
  "Gunnar Henderson": 0.11291038154392191,
  "Anthony Santander": 0.10520918785890074,
  "Nolan Gorman": 0.09664786967418545,
  "Ryan Mountcastle": 0.08279982927870252,
  "Ryan O'Hearn": 0.0819304152637486,
  "Jordan Westburg": 0.07760141093474426,
  "Adley Rutschman": 0.07760141093474426,
  "Dylan Carlson": 0.07692307692307691,
  "Cedric Mullins": 0.07466599019110434,
  "Lars Nootbaar": 0.06905305915206907,
  "Alec Burleson": 0.06295576081672338,
  "Masyn Winn": 0.055678623157536,
  "Pedro Pages": 0.055678623157536,
  "Colton Cowser": 0.05381679389312977,
  "Jorge Mateo": 0.04641470655400777,
  "Brendan Donovan": 0.04664954756664221,
  "Javier Baez": 0.07310506704431786,
  "Maikel Garcia": 0.07283375148748193,
  "Kyle Isbel": 0.060445555518019285,
  "MJ Melendez": 0.07361111111111111,
  "Salvador Perez": 0.13060828695752658,
  "Jake Rogers": 0.07557386160327337,
  "Bobby Witt Jr.": 0.10797003937639502,
  "Spencer Torkelson": 0.11670473427992224,
  "Wenceel Perez": 0.060000000000000005,
  "Riley Greene": 0.08441968003417584,
  "Kerry Carpenter": 0.10757575757575757,
  "Vinnie Pasquantino": 0.0790775356948281,
  "Michael Massey": 0.07361111111111111,
  "Matt Vierling": 0.07211345639565356,
  "Nelson Velazquez": 0.09672633927626247,
  "Mark Canha": 0.07743174331392944,
  "Hunter Renfroe": 0.08392857142857142,
  "Gio Urshela": 0.07370532190627278,
  "Colt Keith": 0.06384200261376277,
  "Adam Frazier": 0.060000000000000005,
  "Andy Ibanez": 0.09078320923644775,
  "Freddy Fermin": 0.08203014423110117,
  "Dairon Blanco": 0.06362981384257979,
  "Garrett Hampson": 0.048431086659260394,
  "Alex Bregman": 0.12117877635893397,
  "Yordan Alvarez": 0.21037503614190808,
  "Jose Altuve": 0.16356690930651543,
  "Taylor Ward": 0.1131761578792777,
  "Jo Adell": 0.11670006951111749,
  "Kyle Tucker": 0.19750573244134126,
  "Luis Rengifo": 0.09011458660886838,
  "Jeremy Pena": 0.11613237740753682,
  "Jake Meyers": 0.12641616818378026,
  "Yainer Diaz": 0.10757575757575757,
  "Mauricio Dubon": 0.08793257272238704,
  "Mickey Moniak": 0.1007781551764622,
  "Logan O'Hoppe": 0.13358585858585859,
  "Zach Neto": 0.11047020874968702,
  "Jon Singleton": 0.10653259715924973,
  "Kevin Pillar": 0.09761904761904762,
  "Joey Loperfido": 0.060000000000000005,
  "Willie Calhoun": 0.09379782375835653,
  "Nolan Schanuel": 0.07744992412071414,
  "Luis Guillorme": 0.060000000000000005,
  "Kyren Paris": 0.07196501342004365,
  "Matt Thaiss": 0.10877780068796492,
  "Victor Caratini": 0.0941095689061298,
  "Manny Machado": 0.19248215663672913,
  "Jurickson Profar": 0.12252953066571838,
  "Jake Cronenworth": 0.14513707548124025,
  "Fernando Tatis Jr.": 0.22456235238127026,
  "Tyler Stephenson": 0.14207206042109652,
  "Ha-Seong Kim": 0.08392857142857142,
  "Jonathan India": 0.11071717494629969,
  "Luis Campusano": 0.11778235685376434,
  "Jake Fraley": 0.08392857142857142,
  "Spencer Steer": 0.13411000240985066,
  "Xander Bogaerts": 0.08392857142857142,
  "Will Benson": 0.10687137097874247,
  "Elly De La Cruz": 0.1341325655476599,
  "Jeimer Candelario": 0.11409835731938067,
  "Jackson Merrill": 0.14486795720656678,
  "Santiago Espinal": 0.060000000000000005,
  "Luis Arraez": 0.07581575849486429,
  "Donovan Solano": 0.09761904761904762,
  "Mike Ford": 0.1680692432124176,
  "Jacob Hurtubise": 0.06330296151010718,
  "Nick Martini": 0.1143961701256306,
  "Tyler Wade": 0.06681717815616592,
  "Jesus Sanchez": 0.0918502862225806,
  "Jazz Chisholm Jr.": 0.11887147630024976,
  "Christian Yelich": 0.07916799631597991,
  "Willy Adames": 0.13038479693141417,
  "Nick Fortes": 0.06602770205071996,
  "Bryan De La Cruz": 0.10791755542320845,
  "Blake Perkins": 0.06187298714494371,
  "Brice Turang": 0.060000000000000005,
  "William Contreras": 0.12479684606773912,
  "Sal Frelick": 0.060000000000000005,
  "Josh Bell": 0.0920349937730294,
  "Vidal Brujan": 0.060000000000000005,
  "Jake Burger": 0.11223018053375197,
  "Jake Bauers": 0.07361111111111111,
  "Jackson Chourio": 0.09322368539126724,
  "Gary Sanchez": 0.14856394524655497,
  "Joey Ortiz": 0.08259490487391559,
  "Nick Gordon": 0.08085320465621654,
  "Otto Lopez": 0.06664550264550265,
  "Tim Anderson": 0.06247311283591157,
  "Andruw Monasterio": 0.0842115888555517,
  "Owen Miller": 0.06160799140149146,
  "J.T. Realmuto": 0.16504039602720616,
  "Adolis Garcia": 0.24497572338027182,
  "Bryce Harper": 0.21583069377187022,
  "Leody Taveras": 0.08875472063569488,
  "Alec Bohm": 0.11890412411182794,
  "Jonah Heim": 0.13842208045743148,
  "Nathaniel Lowe": 0.1290522018976522,
  "Nick Castellanos": 0.13673371606763132,
  "Kyle Schwarber": 0.2653146067709352,
  "Ezequiel Duran": 0.07209176045809709,
  "Corey Seager": 0.2155280861837365,
  "Bryson Stott": 0.10608078539143187,
  "Marcus Semien": 0.13665807085786172,
  "Edmundo Sosa": 0.0918502002272599,
  "Brandon Marsh": 0.1342248561985,
  "Josh Smith": 0.10854084409412482,
  "Robbie Grossman": 0.07361111111111111,
  "Johan Rojas": 0.0758964273253748,
  "Kody Clemens": 0.07361111111111111,
  "Evan Carter": 0.11393605012338921,
  "Derek Hill": 0.09659293879495118,
  "Andrew McCutchen": 0.10454187217771024,
  "Bryan Reynolds": 0.0921260872072029,
  "Connor Joe": 0.09408894326731908,
  "Mike Yastrzemski": 0.12590901006979824,
  "Thairo Estrada": 0.08798302151738453,
  "Oneil Cruz": 0.09698144131707878,
  "LaMonte Wade Jr.": 0.11089936523033392,
  "Wilmer Flores": 0.08392857142857142,
  "Heliot Ramos": 0.08303126979597568,
  "Jared Triolo": 0.06678523378943219,
  "Jack Suwinski": 0.09761904761904762,
  "Marco Luciano": 0.0749110617682881,
  "Luis Matos": 0.08046851793518306,
  "Nick Gonzales": 0.08160082431337493,
  "Jorge Soler": 0.15633106458692497,
  "Rowdy Tellez": 0.060000000000000005,
  "Yasmani Grandal": 0.07361111111111111,
  "Edward Olivares": 0.08451712052000071,
  "Matt Chapman": 0.1373251662306732,
  "Michael A. Taylor": 0.07749258951818828,
  "Joey Bart": 0.07958656094879005,
  "Patrick Bailey": 0.09340082930412198,