{
  "Ozzie Albies": 0.12844417494339502,
  "Ronald Acuna Jr.": 0.13271123712482866,
  "Fernando Tatis Jr.": 0.13477178972275408,
  "Manny Machado": 0.11140664544941954,
  "Marcell Ozuna": 0.15170270157786442,
  "Travis d'Arnaud": 0.10757575757575757,
  "Jake Cronenworth": 0.10019634874795248,
  "Ha-Seong Kim": 0.06283070649239762,
  "Luis Campusano": 0.0721729663739973,
  "Jurickson Profar": 0.08659399815582844,
  "Matt Olson": 0.17648507438073052,
  "Michael Harris II": 0.1107601722809096,
  "Orlando Arcia": 0.07616731942739781,
  "Jose Azocar": 0.060000000000000005,
  "Jarred Kelenic": 0.08899992108939682,
  "Xander Bogaerts": 0.0766624196411901,
  "Jackson Merrill": 0.09743229149934574,
  "Kyle Higashioka": 0.07361111111111111,
  "Luis Arraez": 0.06443021301265192,
  "Zack Short": 0.07068735508193934,
  "Chadwick Tromp": 0.07597078658303148,
  "Eloy Jimenez": 0.11183714403444393,
  "Vladimir Guerrero Jr.": 0.13306683132359057,
  "George Springer": 0.09456078715718043,
  "Bo Bichette": 0.09009319660580165,
  "Gavin Sheets": 0.09644910550071535,
  "Andrew Vaughn": 0.09367437905967178,
  "Danny Jansen": 0.14155764241964366,
  "Kevin Kiermaier": 0.06696734051744505,
  "Andrew Benintendi": 0.07350223412821989,
  "Davis Schneider": 0.12849457297848035,
  "Ernie Clement": 0.05007062146892655,
  "Zach Remillard": 0.05007062146892655,
  "Daulton Varsho": 0.11719119804691074,
  "Korey Lee": 0.07791278222819863,
  "Nicky Lopez": 0.05174184117892727,
  "Paul DeJong": 0.0974440181512324,
  "Justin Turner": 0.10482949741996671,
  "Tommy Pham": 0.0999044739702398,
  "Isiah Kiner-Falefa": 0.0636381044296871,
  "Danny Mendick": 0.06367705831572303,
  "Jose Ramirez": 0.13548189677047592,
  "Brandon Nimmo": 0.13474226241824575,
  "Tomas Nido": 0.0696321899100954,
  "Pete Alonso": 0.16033151398403822,
  "Francisco Lindor": 0.17275398471007603,
  "Jeff McNeil": 0.07945315420253814,
  "Andres Gimenez": 0.08592547847704456,
  "Josh Naylor": 0.12949671077222097,
  "Brayan Rocchio": 0.05983666451751558,
  "Starling Marte": 0.10003748136619726,
  "Tyler Freeman": 0.0796948141434989,
  "Will Brennan": 0.08046846373152873,
  "Bo Naylor": 0.09670776159803846,
  "Brett Baty": 0.10608638660746453,
  "Mark Vientos": 0.10757575757575757,
  "DJ Stewart": 0.12000000000000001,
  "Estevan Florial": 0.05007062146892655,
  "Harrison Bader": 0.0809689488254597,
  "Kyle Manzardo": 0.10186795902021038,
  "J. D. Martinez": 0.16902566799224797,
  "Tyrone Taylor": 0.08392857142857142,
  "David Fry": 0.10860754255848962,
  "Adam Duvall": 0.1689253806548953,
  "Donovan Solano": 0.0916229724241132,
  "Christian Yelich": 0.09059904296987234,
  "Jesus Sanchez": 0.10453888342114745,
  "Brice Turang": 0.05007062146892655,
  "Willy Adames": 0.11988907082092633,
  "Jazz Chisholm Jr.": 0.1375571384493838,
  "Nick Fortes": 0.06404888225602794,
  "Bryan De La Cruz": 0.10412795421388414,
  "Blake Perkins": 0.060000000000000005,
  "William Contreras": 0.11789646298716518,
  "Sal Frelick": 0.060000000000000005,
  "Vidal Brujan": 0.06049415995522412,
  "Jake Bauers": 0.13358585858585859,
  "Josh Bell": 0.10722396619707897,
  "Jake Burger": 0.1148621098918718,
  "Jackson Chourio": 0.08349176275874083,
  "Joey Ortiz": 0.08269061315303328,
  "Christian Bethancourt": 0.07361111111111111,
  "Gary Sanchez": 0.14054334736296364,
  "Emmanuel Rivera": 0.05007062146892655,
  "Nick Gordon": 0.08016488899996418,
  "Otto Lopez": 0.06192357580988428,
  "Joey Wiemer": 0.08960351964600696,
  "Andruw Monasterio": 0.07670310082294235,
  "Owen Miller": 0.06601911766045505,
  "Max Kepler": 0.09761904761904762,
  "Alex Kirilloff": 0.07361111111111111,
  "Luis Garcia Jr.": 0.07302627435315413,
  "Victor Robles": 0.060000000000000005,
  "Ryan Jeffers": 0.19288416057286745,
  "Keibert Ruiz": 0.07861025304090449,
  "Trevor Larnach": 0.10757575757575757,
  "Ildemaro Vargas": 0.05007062146892655,
  "Riley Adams": 0.060000000000000005,
  "Jose Miranda": 0.1669059721561982,
  "Carlos Correa": 0.17103241363688454,
  "CJ Abrams": 0.10450945146240205,
  "Joey Meneses": 0.09697772699588644,
  "Jacob Young": 0.06519511077794436,
  "Edouard Julien": 0.10757575757575757,
  "Christian Vazquez": 0.08649734104279559,
  "Willi Castro": 0.10517283657919221,
  "Kyle Farmer": 0.08966738873898707,
  "Joey Gallo": 0.15572610146463628,
  "Nick Senzel": 0.08444300404944817,
  "Manuel Margot": 0.10806496074634131,
  "Carlos Santana": 0.12348928577577646,
  "Jesse Winker": 0.07819544663954184,
  "Eddie Rosario": 0.10403347026706893,
  "Byron Buxton": 0.21537938969387058,
  "Rafael Devers": 0.17172440685839357,
  "Yandy Diaz": 0.09365805135035904,
  "Josh Lowe": 0.09457984817709106,
  "Jarren Duran": 0.10330388961220605,
  "Randy Arozarena": 0.09761904761904762,
  "Connor Wong": 0.09714758458156346,
  "Jonathan Aranda": 0.08027962615019661,
  "Ceddanne Rafaela": 0.07658407389768836,
  "Tyler O'Neill": 0.15957865695193538,
  "Wilyer Abreu": 0.1176358671015693,
  "Harold Ramirez": 0.05007062146892655,
  "Isaac Paredes": 0.10232939130788592,
  "David Hamilton": 0.07594638406326717,
  "Richie Palacios": 0.08019938623012363,
  "Ben Rortvedt": 0.07183473725762182,
  "Vaughn Grissom": 0.060000000000000005,
  "Amed Rosario": 0.05007062146892655,
  "Alex Jackson": 0.05007062146892655,
  "Jose Caballero": 0.06663596596163317,
  "Dominic Smith": 0.08659538764965376,
  "Garrett Cooper": 0.060000000000000005,
  "Brandon Lowe": 0.12528516751714094,
  "Jonny Deluca": 0.09155336505181706,
  "Reese McGuire": 0.07359594428559946,
  "Gleyber Torres": 0.09528583019767267,
  "Mitch Haniger": 0.11001530035620945,
  "Dylan Moore": 0.09129263358523469,
  "Aaron Judge": 0.24681051452659752,
  "Ty France": 0.08161176006558178,
  "Giancarlo Stanton": 0.16923612444939076,
  "Anthony Volpe": 0.09959702071837248,
  "Cal Raleigh": 0.161870932099833,
  "Oswaldo Cabrera": 0.060000000000000005,
  "Julio Rodriguez": 0.11244840077976934,
  "Anthony Rizzo": 0.0958693904663368,
  "Josh Rojas": 0.07433970032369545,
  "Luis Urias": 0.07870608533268379,
  "Austin Wells": 0.07361111111111111,
  "Juan Soto": 0.16129672872839929,
  "Alex Verdugo": 0.07982262071587878,
  "Mitch Garver": 0.09761904761904762,
  "Luke Raley": 0.10508992344629824,
  "Jorge Polanco": 0.09761904761904762,
  "Jon Berti": 0.06215797483260881,
  "Jose Trevino": 0.08117038321119953,
  "Dominic Canzone": 0.11066207638767603,
  "Salvador Perez": 0.16595723189372794,
  "Kyle Isbel": 0.06718114630761249,
  "MJ Melendez": 0.11132811793771251,
  "Jake Rogers": 0.09678353713606029,
  "Javier Baez": 0.09644750586863961,
  "Maikel Garcia": 0.08216838885288083,
  "Bobby Witt Jr.": 0.12992350663174143,
  "Spencer Torkelson": 0.15426477365788557,
  "Riley Greene": 0.1175515077572531,
  "Kerry Carpenter": 0.10880402258671876,
  "Wenceel Perez": 0.09235783034447678,
  "Matt Vierling": 0.07361111111111111,
  "Michael Massey": 0.08709347291684165,
  "Vinnie Pasquantino": 0.10368790678907898,
  "Nelson Velazquez": 0.09761904761904762,
  "Hunter Renfroe": 0.10747707315338677,
  "Adam Frazier": 0.060000000000000005,
  "Colt Keith": 0.0888940367440751,
  "Mark Canha": 0.10673018338269251,
  "Gio Urshela": 0.07775395184910149,
  "Freddy Fermin": 0.09567322045317928,
  "Cedric Mullins": 0.09611257476330658,
  "Anthony Santander": 0.13170759937970083,
  "Matt Carpenter": 0.08392857142857142,
  "Ryan Mountcastle": 0.08392857142857142,
  "Dylan Carlson": 0.060000000000000005,
  "Ivan Herrera": 0.09046934158217802,
  "Paul Goldschmidt": 0.12089018942442313,
  "Lars Nootbaar": 0.10839067693527786,
  "Austin Hays": 0.08309792383218956,
  "Nolan Arenado": 0.11179698937164827,
  "Brendan Donovan": 0.11280879816936319,
  "Kyle Stowers": 0.060000000000000005,
  "Jorge Mateo": 0.06542486716454175,
  "Adley Rutschman": 0.11097556821059125,
  "Nolan Gorman": 0.12401721664275467,
  "Gunnar Henderson": 0.15638391446373676,
  "Alec Burleson": 0.11339604165054888,
  "Jordan Westburg": 0.10542513318973186,
  "Colton Cowser": 0.08910456904951125,