{
  "Rhys Hoskins": 0.1685885602390313,
  "Gary Sanchez": 0.17303931075044904,
  "Willy Adames": 0.14395299768579328,
  "William Contreras": 0.13750448097411197,
  "Elly De La Cruz": 0.09906004085080475,
  "Will Benson": 0.1206785929349823,
  "Jonathan India": 0.09546319310673378,
  "Jackson Chourio": 0.10723416115085421,
  "Dominic Smith": 0.07325664703263533,
  "Spencer Steer": 0.09841893491403296,
  "TJ Friedl": 0.07574378343317736,
  "Ty France": 0.08594608971222863,
  "Luke Maile": 0.09550804954665523,
  "Garrett Mitchell": 0.07068380141479556,
  "Andruw Monasterio": 0.08595455699416096,
  "Joey Ortiz": 0.0769099484779455,
  "Santiago Espinal": 0.05365308070918747,
  "Sal Frelick": 0.04739398912844024,
  "Tyler Stephenson": 0.12000000000000001,
  "Brice Turang": 0.060000000000000005,
  "Noelvi Marte": 0.08392857142857142,
  "Amed Rosario": 0.049999999999999996,
  "Kyle Schwarber": 0.10178495378495378,
  "Marcell Ozuna": 0.10609894337747323,
  "Jorge Soler": 0.0983427067097788,
  "Matt Olson": 0.09170547684067305,
  "Bryce Harper": 0.09920796568337552,
  "Trea Turner": 0.08637915483166186,
  "Nick Castellanos": 0.07921987254041264,
  "Sean Murphy": 0.06998632251751681,
  "J.T. Realmuto": 0.07437912108312122,
  "Brandon Marsh": 0.056898775039270905,
  "Ram\u00f3n Laureano": 0.06289863752772343,
  "Orlando Arcia": 0.05788192409936657,
  "Edmundo Sosa": 0.05277416943144524,
  "Michael Harris II": 0.0563983683623976,
  "Bryson Stott": 0.05215087437194661,
  "Whit Merrifield": 0.052358392000705654,
  "Gio Urshela": 0.04715219011720596,
  "Johan Rojas": 0.04368001071519378,
  "Adam Duvall": 0.13333333333333333,
  "Travis d'Arnaud": 0.13333333333333333,
  "Alec Bohm": 0.07361111111111111,
  "Jarred Kelenic": 0.08392857142857142,
  "Jake Rogers": 0.0736424495833042,
  "Jarren Duran": 0.08440055114116922,
  "Rafael Devers": 0.11796917319433674,
  "Riley Greene": 0.06768879937347805,
  "Connor Wong": 0.0643170118748182,
  "Spencer Torkelson": 0.07829338388656339,
  "Rob Refsnyder": 0.09761904761904762,
  "Kerry Carpenter": 0.07343857049347946,
  "Triston Casas": 0.08586434125448765,
  "Parker Meadows": 0.060849262870327374,
  "Masataka Yoshida": 0.07361111111111111,
  "Zach McKinstry": 0.05320579603815114,
  "Ceddanne Rafaela": 0.06295717787305198,
  "Matt Vierling": 0.05886677980775177,
  "Danny Jansen": 0.08392857142857142,
  "Colt Keith": 0.05234567901234568,
  "Tyler O'Neill": 0.10573803184940131,
  "Trey Sweeney": 0.0662529166739693,
  "Jace Jung": 0.07040599281925036,
  "Wilyer Abreu": 0.09177546136134623,
  "Romy Gonzalez": 0.06123120188095436,
  "Nick Sogard": 0.04971449441016363,
  "Eric Haase": 0.11073834656768149,
  "Jake Bauers": 0.16698427037855082,
  "Blake Perkins": 0.06734918609196926,
  "Ian Happ": 0.1146073252580849,
  "Juan Yepez": 0.10189115098688167,
  "Seiya Suzuki": 0.10054964780278376,
  "Andr\u00e9s Chaparro": 0.10435538295076663,
  "Michael Busch": 0.09613106398406042,
  "Dylan Crews": 0.08727473629138893,
  "CJ Abrams": 0.07350805423101,
  "Pete Crow-Armstrong": 0.0741579923632628,
  "James Wood": 0.07974987889384191,
  "Isaac Paredes": 0.08365518153308835,
  "Cody Bellinger": 0.08233342460374367,
  "Jose Tena": 0.06760219291809705,
  "Dansby Swanson": 0.07376592783931155,
  "Ildemaro Vargas": 0.06499369220184675,
  "Keibert Ruiz": 0.05888282718547649,
  "Miguel Amaya": 0.05178892046586744,
  "Nico Hoerner": 0.04588036878753937,
  "Jacob Young": 0.046428872313554144,
  "Luis Garcia Jr.": 0.09761904761904762,
  "Christopher Morel": 0.11400026111696593,
  "Manny Machado": 0.09988665484712915,
  "Junior Caminero": 0.09300999709524475,
  "Jake Cronenworth": 0.08342859985123652,
  "Jackson Merrill": 0.08252933633094937,
  "Jurickson Profar": 0.07211011128498769,
  "Yandy Diaz": 0.08092835167491133,
  "Donovan Solano": 0.060291467938526765,
  "Jose Caballero": 0.06563585644294312,
  "Alex Jackson": 0.07145459514945451,
  "Jonny Deluca": 0.06424048872526135,
  "Dylan Carlson": 0.06671608494352255,
  "Josh Lowe": 0.06661552028218695,
  "Xander Bogaerts": 0.05766581601660136,
  "Luis Campusano": 0.05833364905216147,
  "Taylor Walls": 0.05403578715250901,
  "David Peralta": 0.05693131679903422,
  "Mason McCoy": 0.04848572258769567,
  "Brandon Lowe": 0.09761904761904762,
  "Kyle Higashioka": 0.15,
  "Luis Arraez": 0.051904761904761905,
  "Aaron Judge": 0.17271489994898237,
  "Giancarlo Stanton": 0.13876042489195609,
  "Juan Soto": 0.11316220889740324,
  "Ben Rice": 0.07362561588734591,
  "Jazz Chisholm Jr.": 0.08394120754776493,
  "Jordan Walker": 0.07389878965724671,
  "Austin Wells": 0.08237338135057308,
  "Paul Goldschmidt": 0.07798370769245665,
  "Alec Burleson": 0.07375893673674377,
  "Nolan Arenado": 0.06338673624874203,
  "Lars Nootbaar": 0.05727570469465247,
  "Gleyber Torres": 0.06636696067719487,
  "Alex Verdugo": 0.05202671032650214,
  "Anthony Volpe": 0.05548917313616551,
  "Brendan Donovan": 0.05425686056540452,
  "Pedro Pages": 0.05413985427898691,
  "Masyn Winn": 0.05291093030104788,
  "Victor Scott II": 0.05281277172176802,
  "Matt Carpenter": 0.060000000000000005,
  "DJ LeMahieu": 0.060000000000000005,
  "Oneil Cruz": 0.12802020615003365,
  "Jose Ramirez": 0.13610110190318456,
  "Jhonkensy Noel": 0.12916086802706717,
  "Bryan Reynolds": 0.10915944079779387,
  "Lane Thomas": 0.09827269296436675,
  "Josh Naylor": 0.10238159968154749,
  "Rowdy Tellez": 0.08993414782936211,
  "Andrew McCutchen": 0.10826296898518092,
  "David Fry": 0.09749960615914004,
  "Billy McKinney": 0.07322882679979867,
  "Nick Gonzales": 0.07358669394732076,
  "Brayan Rocchio": 0.06298623825836745,
  "Yasmani Grandal": 0.07044098415710319,
  "Austin Hedges": 0.05561952743041344,
  "Jared Triolo": 0.06684645315422774,
  "Steven Kwan": 0.051666937528822524,
  "Isiah Kiner-Falefa": 0.05596886014817207,
  "Andres Gimenez": 0.05932943108504253,
  "Bo Naylor": 0.10757575757575757,
  "Will Brennan": 0.060000000000000005,
  "Bryan De La Cruz": 0.09761904761904762,
  "Adolis Garcia": 0.13155404703567727,
  "Brent Rooker": 0.13295527916077213,
  "Shea Langeliers": 0.11760736189962287,
  "Lawrence Butler": 0.10685963668542066,
  "Josh Jung": 0.10694646146692183,
  "Marcus Semien": 0.10601692034570279,
  "JJ Bleday": 0.09293116402742072,
  "Seth Brown": 0.09350515196924108,
  "Carson Kelly": 0.08936176466143987,
  "Wyatt Langford": 0.10115329362391302,
  "Robbie Grossman": 0.07472352958969979,
  "Nathaniel Lowe": 0.06504447881579169,
  "Leody Taveras": 0.07120125898421886,
  "Zack Gelof": 0.07273097151020659,
  "Ezequiel Duran": 0.06808461346803417,
  "Daz Cameron": 0.06002162617306547,
  "Jacob Wilson": 0.06289116664116665,
  "Max Schuemann": 0.0531770061831273,
  "Jonah Heim": 0.07012987012987013,
  "Corey Seager": 0.11075268817204302,
  "Josh Smith": 0.07361111111111111,
  "Pete Alonso": 0.13605703866368185,
  "Mark Vientos": 0.14008389280113312,
  "Francisco Lindor": 0.13515273784636708,
  "Luis Robert Jr.": 0.12971956692818215,
  "Brandon Nimmo": 0.11195231143648052,
  "J. D. Martinez": 0.11136135345604498,
  "Francisco Alvarez": 0.09260387778383836,
  "Harrison Bader": 0.08457793990807597,
  "Jesse Winker": 0.0767394325705757,
  "Andrew Vaughn": 0.08824889903286103,
  "Jeff McNeil": 0.08335626000678421,
  "Gavin Sheets": 0.06901259673986947,
  "Andrew Benintendi": 0.0722910233140416,
  "Korey Lee": 0.06791776192491518,
  "Miguel Vargas": 0.07218121482827365,
  "Dominic Fletcher": 0.047663611348515024,
  "Nicky Lopez": 0.04579574529302383,
  "Starling Marte": 0.060000000000000005,
  "Lenyn Sosa": 0.060000000000000005,
  "Luis Torrens": 0.060000000000000005,
  "Jose Iglesias": 0.049999999999999996,
  "Yordan Alvarez": 0.13939825866162178,
  "Bobby Witt Jr.": 0.09438253656739558,
  "Salvador Perez": 0.10624456287465421,
  "Jason Heyward": 0.09201459034792368,
  "Victor Caratini": 0.08460378830505537,
  "Yainer Diaz": 0.08070398920496005,
  "Jeremy Pena": 0.06860896626511423,
  "Jose Altuve": 0.06996414792226864,
  "Jake Meyers": 0.07082938535144417,