{
  "Tyler O'Neill": 0.12909546087128573,
  "Rafael Devers": 0.14276052648420998,
  "Jake Burger": 0.11091130837959064,
  "Jazz Chisholm Jr.": 0.1044864427180885,
  "Enmanuel Valdez": 0.12337075382683825,
  "Bryan De La Cruz": 0.11360651103239564,
  "Jesus Sanchez": 0.09535710361024964,
  "Jarren Duran": 0.09322434058682423,
  "Josh Bell": 0.09049230584356859,
  "Wilyer Abreu": 0.10239408353241633,
  "Masataka Yoshida": 0.06552129497146295,
  "Dominic Smith": 0.08762173155234704,
  "Connor Wong": 0.06756232584341167,
  "Nick Fortes": 0.06691641387676445,
  "Xavier Edwards": 0.05461759978752384,
  "Emmanuel Rivera": 0.07448593912700063,
  "Vidal Brujan": 0.0647878998468097,
  "Ceddanne Rafaela": 0.08148479700497202,
  "David Hamilton": 0.07361111111111111,
  "Reese McGuire": 0.05007062146892655,
  "Nick Gordon": 0.07361111111111111,
  "Otto Lopez": 0.07361111111111111,
  "Luis Robert Jr.": 0.16771147762554284,
  "Jose Ramirez": 0.15754705182369688,
  "Josh Naylor": 0.1488775708012747,
  "David Fry": 0.14216974330465765,
  "Daniel Schneemann": 0.09806457632448368,
  "Andrew Vaughn": 0.11625846466309299,
  "Eloy Jimenez": 0.11464396615886356,
  "Paul DeJong": 0.11259536563822929,
  "Tyler Freeman": 0.09342217864440087,
  "Gavin Sheets": 0.10932078610092986,
  "Andrew Benintendi": 0.07946189939891662,
  "Austin Hedges": 0.07536675205504365,
  "Andres Gimenez": 0.07723667763809115,
  "Brayan Rocchio": 0.07275454141793486,
  "Korey Lee": 0.08791345154707035,
  "Lenyn Sosa": 0.08337146201670463,
  "Steven Kwan": 0.06646027122054411,
  "Nicky Lopez": 0.04764786211698103,
  "Bo Naylor": 0.0976190476190476,
  "Tommy Pham": 0.09761904761904762,
  "Nolan Gorman": 0.10226672950319833,
  "Bryan Reynolds": 0.10230273916658893,
  "Willson Contreras": 0.09925981723955814,
  "Oneil Cruz": 0.11565781478469474,
  "Matt Carpenter": 0.08516000209884327,
  "Andrew McCutchen": 0.08933105311126105,
  "Paul Goldschmidt": 0.09301141910022974,
  "Alec Burleson": 0.07794789108540483,
  "Nolan Arenado": 0.07360709577715983,
  "Rowdy Tellez": 0.07843026153509555,
  "Nick Gonzales": 0.0745135476510614,
  "Jack Suwinski": 0.07234920812010595,
  "Yasmani Grandal": 0.06404457587723751,
  "Brendan Donovan": 0.06333472961202265,
  "Connor Joe": 0.08896932693083826,
  "Masyn Winn": 0.05299969001202427,
  "Ke'Bryan Hayes": 0.0659570507290204,
  "Michael Siani": 0.04890539873665357,
  "Dylan Carlson": 0.05007062146892655,
  "Edward Olivares": 0.060000000000000005,
  "Brandon Crawford": 0.060000000000000005,
  "Pete Alonso": 0.1807615010805964,
  "J. D. Martinez": 0.16777065266525573,
  "Francisco Lindor": 0.18534660104741937,
  "Mark Vientos": 0.16649003425983794,
  "Francisco Alvarez": 0.14385766347518028,
  "Lane Thomas": 0.1406387523647382,
  "Tyrone Taylor": 0.14240735031945037,
  "Joey Meneses": 0.11914331071551028,
  "Brandon Nimmo": 0.08326251937363048,
  "CJ Abrams": 0.08717239339850204,
  "Keibert Ruiz": 0.0770681964643395,
  "Ildemaro Vargas": 0.09024535872101616,
  "Nick Senzel": 0.09531251017996233,
  "James Wood": 0.09189559868562595,
  "Harold Ramirez": 0.0943856554967666,
  "Jose Iglesias": 0.07700660740088504,
  "Jeff McNeil": 0.06732451781795883,
  "Jacob Young": 0.06230559992592078,
  "Luis Garcia Jr.": 0.07361111111111111,
  "Harrison Bader": 0.1421574428038724,
  "Jesse Winker": 0.08392857142857142,
  "Harold Ram\u00edrez": 0.07358709273182958,
  "Aaron Judge": 0.23753536396318514,
  "Juan Soto": 0.1302871400148288,
  "Nick Martini": 0.08211188446380986,
  "Elly De La Cruz": 0.09075948891923624,
  "Trent Grisham": 0.0968163234107784,
  "Jeimer Candelario": 0.0920621653376216,
  "Spencer Steer": 0.09202176843288187,
  "Tyler Stephenson": 0.0864741840792069,
  "Anthony Volpe": 0.07884247639175485,
  "Jose Trevino": 0.08560033925470469,
  "Gleyber Torres": 0.08491151125414,
  "Jonathan India": 0.0757977897538078,
  "Will Benson": 0.08328078879549468,
  "Stuart Fairchild": 0.06860804764987352,
  "Ben Rice": 0.10035825302439581,
  "Alex Verdugo": 0.06916800481483934,
  "DJ LeMahieu": 0.06591240575451102,
  "Noelvi Marte": 0.07095557587493319,
  "Jake Fraley": 0.07361111111111111,
  "J.D. Davis": 0.07361111111111111,
  "Santiago Espinal": 0.060000000000000005,
  "Yordan Alvarez": 0.14539525688672467,
  "Vladimir Guerrero Jr.": 0.15287313464921687,
  "Alex Bregman": 0.09134511310758299,
  "Daulton Varsho": 0.08892556625706032,
  "Yainer Diaz": 0.09242842884925576,
  "Jose Altuve": 0.08679754545891027,
  "Bo Bichette": 0.0823197228968343,
  "Justin Turner": 0.08074409534621996,
  "George Springer": 0.08629558993721748,
  "Jon Singleton": 0.0776586948287589,
  "Jake Meyers": 0.0786852002997088,
  "Spencer Horwitz": 0.06610928591524795,
  "Cesar Salazar": 0.07655349901970462,
  "Jeremy Pena": 0.06347924424997904,
  "Ernie Clement": 0.07559714089285018,
  "Joey Loperfido": 0.08938417472252058,
  "Alejandro Kirk": 0.06788968914956138,
  "Addison Barger": 0.09241191370126901,
  "Chas McCormick": 0.07361111111111111,
  "Mauricio Dubon": 0.060000000000000005,
  "Davis Schneider": 0.10757575757575757,
  "Trey Cabbage": 0.08392857142857142,
  "Kevin Kiermaier": 0.034482758620689655,
  "Marcell Ozuna": 0.17070613354534,
  "Matt Olson": 0.13501335677793788,
  "Austin Riley": 0.12053248874634523,
  "Jorge Soler": 0.1255844309599277,
  "Sean Murphy": 0.09593244714235857,
  "Jarred Kelenic": 0.10878396430865597,
  "Adam Duvall": 0.1381404587408018,
  "Matt Chapman": 0.11036845697060516,
  "Ozzie Albies": 0.1018279347780835,
  "Mike Yastrzemski": 0.1317496528756049,
  "Michael Conforto": 0.10089445254904576,
  "Heliot Ramos": 0.08432184975342771,
  "LaMonte Wade Jr.": 0.08554209210830183,
  "Patrick Bailey": 0.08006361685964004,
  "Brett Wisely": 0.08504976605635255,
  "Zack Short": 0.09271123111329298,
  "Forrest Wall": 0.06299321601290928,
  "Nick Ahmed": 0.05971833601429399,
  "Austin Slater": 0.05007062146892655,
  "Travis d'Arnaud": 0.10757575757575757,
  "Orlando Arcia": 0.07361111111111111,
  "Ram\u00f3n Laureano": 0.09761904761904762,
  "Royce Lewis": 0.10473573096119286,
  "Byron Buxton": 0.1246737387878873,
  "Ryan Jeffers": 0.09515820560671076,
  "Carlos Correa": 0.0944444503165687,
  "Jake Rogers": 0.10659585513417809,
  "Jose Miranda": 0.10014068556918744,
  "Carlos Santana": 0.07972090563709973,
  "Riley Greene": 0.09659867845842345,
  "Justyn-Henry Malloy": 0.09354814535861036,
  "Colt Keith": 0.07131170032386966,
  "Manuel Margot": 0.07143284564692784,
  "Akil Baddoo": 0.08468389458213695,
  "Mark Canha": 0.07953995425764736,
  "Gio Urshela": 0.06037545097082931,
  "Wenceel Perez": 0.06629496611824146,
  "Ryan Kreidler": 0.07758335767208047,
  "Kyle Farmer": 0.0681517479716638,
  "Willi Castro": 0.07090375192676983,
  "Trevor Larnach": 0.12000000000000001,
  "Max Kepler": 0.09761904761904762,
  "Christian Vazquez": 0.060000000000000005,
  "Carson Kelly": 0.08392857142857142,
  "Matt Vierling": 0.08392857142857142,
  "Zach McKinstry": 0.07361111111111111,
  "Christopher Morel": 0.13523244788927016,
  "Trea Turner": 0.12989571467959513,
  "Cody Bellinger": 0.12077742161201445,
  "Seiya Suzuki": 0.12378649025402516,
  "Nick Castellanos": 0.1126660325386163,
  "Dansby Swanson": 0.1080623840811394,
  "Kody Clemens": 0.10161389429832668,
  "David Dahl": 0.09488532557755308,
  "Alec Bohm": 0.1050320234745118,
  "Ian Happ": 0.1096586973691766,
  "Michael Busch": 0.09680038902392124,
  "Brandon Marsh": 0.08834964754654967,
  "Tomas Nido": 0.08248386074745766,
  "Garrett Stubbs": 0.07047348614972383,
  "Pete Crow-Armstrong": 0.0793535691139177,
  "Bryson Stott": 0.07557249435320125,
  "Nico Hoerner": 0.06326961833320689,
  "Johan Rojas": 0.0677945163172163,
  "Miguel Amaya": 0.08392857142857142,
  "Edmundo Sosa": 0.08392857142857142,
  "Whit Merrifield": 0.07361111111111111,
  "Rafael Marchan": 0.03333333333333333,
  "Adolis Garcia": 0.13196395548774145,
  "Manny Machado": 0.0953880357884611,
  "Jake Cronenworth": 0.08735802300349375,
  "Marcus Semien": 0.09027913360210209,