{
  "Aaron Judge": 0.17740604732153903,
  "Juan Soto": 0.12014575209510282,
  "Austin Wells": 0.10688179091144832,
  "Paul Goldschmidt": 0.10212122982261426,
  "Jazz Chisholm Jr.": 0.10017885246404988,
  "Alec Burleson": 0.09042377702679388,
  "Trent Grisham": 0.08393099145079343,
  "Nolan Arenado": 0.08275153149729154,
  "Jordan Walker": 0.06955784490389007,
  "Lars Nootbaar": 0.06859944840336997,
  "Gleyber Torres": 0.06325277457508861,
  "Ivan Herrera": 0.0635378948588997,
  "Brendan Donovan": 0.06123524526482842,
  "Oswaldo Cabrera": 0.05784893253910582,
  "Victor Scott II": 0.06586184126921851,
  "Masyn Winn": 0.057317318287130915,
  "Alex Verdugo": 0.05532749058784078,
  "Anthony Volpe": 0.05435827649882379,
  "Giancarlo Stanton": 0.15,
  "Matt Carpenter": 0.060000000000000005,
  "DJ LeMahieu": 0.060000000000000005,
  "Ian Happ": 0.10483954557432729,
  "Joey Gallo": 0.11494243288074393,
  "Seiya Suzuki": 0.10141214308094103,
  "Cody Bellinger": 0.09402581925457743,
  "Dansby Swanson": 0.09094612697046774,
  "Isaac Paredes": 0.0868456537175823,
  "Christian Bethancourt": 0.08716860567600916,
  "CJ Abrams": 0.08993307504017495,
  "James Wood": 0.0921062460071748,
  "Michael Busch": 0.09119734119432188,
  "Pete Crow-Armstrong": 0.07470936636326163,
  "Jose Tena": 0.07227317921000669,
  "Luis Garcia Jr.": 0.07717665375293124,
  "Andr\u00e9s Chaparro": 0.07671101939392772,
  "Drew Millas": 0.07522211538253355,
  "Dylan Crews": 0.060582174575522826,
  "Nico Hoerner": 0.054365746273776466,
  "Jacob Young": 0.04875933423301844,
  "Miguel Amaya": 0.07361111111111111,
  "Keibert Ruiz": 0.08392857142857142,
  "Ildemaro Vargas": 0.049999999999999996,
  "Juan Yepez": 0.08392857142857142,
  "Christopher Morel": 0.11277290648841554,
  "Manny Machado": 0.09762039234533565,
  "Brandon Lowe": 0.10954973567708687,
  "Jackson Merrill": 0.08968379023725946,
  "Jake Cronenworth": 0.08246933001334944,
  "Josh Lowe": 0.08388604943932813,
  "Kyle Higashioka": 0.07566946263817662,
  "Jurickson Profar": 0.06778448737295568,
  "Jose Caballero": 0.07558883203620045,
  "Junior Caminero": 0.08520221188367692,
  "David Peralta": 0.05966525582144133,
  "Jose Siri": 0.058502494168562125,
  "Jonathan Aranda": 0.05834269562829071,
  "Mason McCoy": 0.03524999825435488,
  "Xander Bogaerts": 0.05018726523890711,
  "Jonny Deluca": 0.05864719935329981,
  "Ben Rortvedt": 0.05452269952269952,
  "Luis Arraez": 0.05001792370282738,
  "Yandy Diaz": 0.08392857142857142,
  "Luis Campusano": 0.07361111111111111,
  "Dylan Carlson": 0.060000000000000005,
  "Spencer Torkelson": 0.11294008873043243,
  "Tyler O'Neill": 0.11402797661101666,
  "Matt Vierling": 0.08615075103320778,
  "Riley Greene": 0.08155773122410574,
  "Parker Meadows": 0.07332885354390731,
  "Dillon Dingler": 0.08613966678482807,
  "Danny Jansen": 0.0802583873728847,
  "Rafael Devers": 0.07370958720446301,
  "Rob Refsnyder": 0.06388267887394271,
  "Ryan Kreidler": 0.06925357447063732,
  "Triston Casas": 0.06133580648056105,
  "Connor Wong": 0.06469753926730105,
  "Jarren Duran": 0.05694732708203745,
  "Zach McKinstry": 0.056886493995277794,
  "Romy Gonzalez": 0.0624480553913178,
  "Trey Sweeney": 0.06764772734375578,
  "Ceddanne Rafaela": 0.05836599017649662,
  "Colt Keith": 0.06706023111335871,
  "Jake Rogers": 0.09184792896779836,
  "Kerry Carpenter": 0.09761904761904762,
  "Masataka Yoshida": 0.07361111111111111,
  "Jose Ramirez": 0.11252900640992462,
  "Josh Naylor": 0.10748396775918445,
  "Jhonkensy Noel": 0.09872785432271931,
  "Oneil Cruz": 0.08270873075700713,
  "Andrew McCutchen": 0.08532564196880123,
  "Daniel Schneemann": 0.0635437201721581,
  "Nick Gonzales": 0.07004550832789073,
  "Bryan Reynolds": 0.07730101924318683,
  "Bryan De La Cruz": 0.07092640531510344,
  "Connor Joe": 0.060976482547754486,
  "Bo Naylor": 0.07458650579933834,
  "Henry Davis": 0.06839429125162295,
  "Andres Gimenez": 0.05642320054539528,
  "Jared Triolo": 0.054740305689738096,
  "Will Brennan": 0.061165501842048234,
  "Steven Kwan": 0.056481676626958195,
  "Brayan Rocchio": 0.04490175571301399,
  "Isiah Kiner-Falefa": 0.05036154472826658,
  "Rowdy Tellez": 0.10757575757575757,
  "David Fry": 0.07361111111111111,
  "Yasmani Grandal": 0.07361111111111111,
  "Corey Seager": 0.16910428758070303,
  "Adolis Garcia": 0.14509506226677943,
  "Brent Rooker": 0.12759563423990647,
  "Marcus Semien": 0.10928090396635651,
  "Shea Langeliers": 0.10665071774968671,
  "JJ Bleday": 0.11537696577243294,
  "Lawrence Butler": 0.08814632163106535,
  "Josh Smith": 0.0921290509911532,
  "Jonah Heim": 0.09321916580291491,
  "Carson Kelly": 0.09452894233683519,
  "Tyler Nevin": 0.07659801627604197,
  "Leody Taveras": 0.07483667349864533,
  "Daz Cameron": 0.07370419025606748,
  "Nathaniel Lowe": 0.0797634596754315,
  "Zack Gelof": 0.07075199738616299,
  "Jacob Wilson": 0.0612172779943012,
  "Armando Alvarez": 0.06794172639456464,
  "Travis Jankowski": 0.05660342998377656,
  "Seth Brown": 0.12000000000000001,
  "Ezequiel Duran": 0.049999999999999996,
  "Josh Jung": 0.12000000000000001,
  "Wyatt Langford": 0.12000000000000001,
  "Max Schuemann": 0.060000000000000005,
  "Pete Alonso": 0.1408099221606694,
  "Mark Vientos": 0.14537041446506913,
  "Francisco Lindor": 0.13610192344232147,
  "J. D. Martinez": 0.11638839073681867,
  "Brandon Nimmo": 0.10764257352390297,
  "Andrew Vaughn": 0.09971790674355581,
  "Luis Robert Jr.": 0.10221536954687692,
  "Francisco Alvarez": 0.0911646356957386,
  "Corey Julks": 0.06960351307094509,
  "Jeff McNeil": 0.07994975554207727,
  "Starling Marte": 0.07468247864742686,
  "Jesse Winker": 0.06967446985498765,
  "Miguel Vargas": 0.0802069946622651,
  "Andrew Benintendi": 0.06506806211814947,
  "Korey Lee": 0.06968148058058937,
  "Gavin Sheets": 0.07621224854872424,
  "Lenyn Sosa": 0.06436306074386569,
  "Jacob Amaya": 0.053643559901211293,
  "Harrison Bader": 0.07361111111111111,
  "Jose Iglesias": 0.049999999999999996,
  "Luis Torrens": 0.060000000000000005,
  "Yordan Alvarez": 0.12853551915962244,
  "Salvador Perez": 0.12813177564691924,
  "Bobby Witt Jr.": 0.11396936316170807,
  "Jose Altuve": 0.10164280601657466,
  "Yainer Diaz": 0.08613316468759906,
  "Paul DeJong": 0.08066043243089809,
  "MJ Melendez": 0.08214760107495467,
  "Jeremy Pena": 0.07450787567398436,
  "Jake Meyers": 0.07879487767290551,
  "Freddy Fermin": 0.07858853929769787,
  "Victor Caratini": 0.06342978958466529,
  "Zach Dezenzo": 0.07451052551567015,
  "Maikel Garcia": 0.05776720384644942,
  "Nick Loftin": 0.05656486146864226,
  "Mauricio Dubon": 0.06263927877010529,
  "Ben Gamel": 0.05567213295386443,
  "Garrett Hampson": 0.05092333684577462,
  "Kyle Isbel": 0.05128814135784055,
  "Alex Bregman": 0.09761904761904762,
  "Dairon Blanco": 0.060000000000000005,
  "Michael Massey": 0.09761904761904762,
  "Matt Wallner": 0.1374591358115014,
  "Royce Lewis": 0.1207855555688373,
  "Daulton Varsho": 0.11844492160886197,
  "Vladimir Guerrero Jr.": 0.11233125015367942,
  "George Springer": 0.09862684958999769,
  "Max Kepler": 0.10351799774388974,
  "Spencer Horwitz": 0.08682281095945134,
  "Addison Barger": 0.09631837859110587,
  "Trevor Larnach": 0.08951414074124171,
  "Willi Castro": 0.08429802255746995,
  "Carlos Santana": 0.08341228496778634,
  "Will Wagner": 0.08592562091157077,
  "Nathan Lukes": 0.07975503011687222,
  "Alejandro Kirk": 0.06377364637395778,
  "Edouard Julien": 0.06385440549038812,
  "Leo Jimenez": 0.0538892621689768,
  "Manuel Margot": 0.05823896830866751,
  "Christian Vazquez": 0.054367880984106234,
  "Ryan Jeffers": 0.13333333333333333,
  "Jose Miranda": 0.08392857142857142,
  "Ernie Clement": 0.04245098039215686,
  "Austin Martin": 0.060000000000000005,
  "Joey Loperfido": 0.08392857142857142,
  "Marcell Ozuna": 0.1446183299236549,
  "Kyle Schwarber": 0.1357406841341984,
  "Matt Olson": 0.13280821342363705,
  "Bryce Harper": 0.1161698928249451,
  "Jorge Soler": 0.10007826383938427,
  "Trea Turner": 0.09409195082991874,