{
  "Cal Raleigh": 0.14265508793244927,
  "Julio Rodriguez": 0.10481475110812256,
  "Randy Arozarena": 0.11014990060444606,
  "Mitch Garver": 0.10650980287579175,
  "Dylan Moore": 0.08354051213377839,
  "Jorge Polanco": 0.08261314674933484,
  "Alex Bregman": 0.08010559786895964,
  "Jon Singleton": 0.07339146427908166,
  "Justin Turner": 0.08415607557372963,
  "Yainer Diaz": 0.07338892277488769,
  "Victor Robles": 0.061934969571003376,
  "Jason Heyward": 0.06800543464141727,
  "J.P. Crawford": 0.056948026174331784,
  "Jake Meyers": 0.0557185900729667,
  "Jeremy Pena": 0.06552308020393126,
  "Victor Caratini": 0.06189760534116992,
  "Shay Whitcomb": 0.06917874095518844,
  "Mauricio Dubon": 0.054757350965951065,
  "Jose Altuve": 0.08166666666666667,
  "Josh Rojas": 0.05149425287356322,
  "Kyle Tucker": 0.12000000000000001,
  "Kyle Schwarber": 0.14454669217599808,
  "Patrick Wisdom": 0.0995916996867551,
  "Ian Happ": 0.08081883969352,
  "Bryce Harper": 0.11246992115315098,
  "Trea Turner": 0.10412361610558954,
  "J.T. Realmuto": 0.08761552041090308,
  "Nick Castellanos": 0.08515105422094668,
  "Kody Clemens": 0.09573075141084846,
  "Seiya Suzuki": 0.08828976034858388,
  "Austin Hays": 0.07777100781389996,
  "Brandon Marsh": 0.07487277503066977,
  "Isaac Paredes": 0.05987386773676314,
  "Cody Bellinger": 0.05989595997148784,
  "Bryson Stott": 0.06496760499691019,
  "Dansby Swanson": 0.061534111800695034,
  "Pete Crow-Armstrong": 0.049119503506084544,
  "Miguel Amaya": 0.05423533396831548,
  "Nico Hoerner": 0.04064599258307868,
  "Alec Bohm": 0.09669312169312168,
  "Johan Rojas": 0.060000000000000005,
  "Michael Busch": 0.13333333333333333,
  "Mike Tauchman": 0.03999676793794441,
  "Jose Ramirez": 0.11029376542461794,
  "Josh Naylor": 0.09655612055916137,
  "Kyle Manzardo": 0.10412251679940518,
  "Elly De La Cruz": 0.0881116473460971,
  "Bo Naylor": 0.0987570833832672,
  "TJ Friedl": 0.08301967686418418,
  "Jhonkensy Noel": 0.09768777578632995,
  "Lane Thomas": 0.08412628032245256,
  "Tyler Stephenson": 0.08426347884250339,
  "Spencer Steer": 0.0812201815674689,
  "Ty France": 0.07302036608238159,
  "Blake Dunn": 0.07124917491207272,
  "Andres Gimenez": 0.05079070937274274,
  "Steven Kwan": 0.06470400552947017,
  "Jake Fraley": 0.049322803954214595,
  "Noelvi Marte": 0.07408208550910075,
  "Brayan Rocchio": 0.057993015175672666,
  "Santiago Espinal": 0.04820311453934541,
  "Austin Hedges": 0.049999999999999996,
  "Jonathan India": 0.08042582417582417,
  "Will Brennan": 0.0750877192982456,
  "Angel Martinez": 0.0792156862745098,
  "Amed Rosario": 0.1,
  "Christopher Morel": 0.10229962245999982,
  "Kerry Carpenter": 0.088226064111516,
  "Josh Lowe": 0.08127134315202895,
  "Junior Caminero": 0.09229080151130939,
  "Jonathan Aranda": 0.07698127123210609,
  "Riley Greene": 0.08316675333798622,
  "Brandon Lowe": 0.08675163573099608,
  "Spencer Torkelson": 0.08329883797406779,
  "Wenceel Perez": 0.0731623639451251,
  "Parker Meadows": 0.07086777263791406,
  "Matt Vierling": 0.06525835311057951,
  "Jose Caballero": 0.06328133349903683,
  "Richie Palacios": 0.062342736648666956,
  "Trey Sweeney": 0.07381799335402396,
  "Dillon Dingler": 0.08069948546794604,
  "Jonny Deluca": 0.05581654205600142,
  "Logan Driscoll": 0.06185056879576685,
  "Colt Keith": 0.06445012190952146,
  "Taylor Walls": 0.060000000000000005,
  "Yandy Diaz": 0.11342364532019705,
  "Ben Rortvedt": 0.06425925925925927,
  "Jake Rogers": 0.14285714285714285,
  "William Contreras": 0.08830224223037732,
  "Rhys Hoskins": 0.10171403277800177,
  "Willy Adames": 0.1010519365825845,
  "Oneil Cruz": 0.08834010077972487,
  "Jake Bauers": 0.07699643597038945,
  "Andrew McCutchen": 0.08005534266226423,
  "Jackson Chourio": 0.07221214587401006,
  "Bryan Reynolds": 0.06265846154060997,
  "Garrett Mitchell": 0.06541455881942647,
  "Yasmani Grandal": 0.0720013174748159,
  "Jared Triolo": 0.059962489622754814,
  "Joey Ortiz": 0.05444901023493098,
  "Nick Gonzales": 0.07001341503522529,
  "Liover Peguero": 0.08093117408906883,
  "Isiah Kiner-Falefa": 0.05348645699510165,
  "Nick Yorke": 0.04623453716158883,
  "Sal Frelick": 0.05096374444200531,
  "Brice Turang": 0.049906114117492476,
  "Blake Perkins": 0.049999999999999996,
  "Bryan De La Cruz": 0.07703703703703703,
  "Joey Bart": 0.10035612535612536,
  "Salvador Perez": 0.17190823724054044,
  "Bobby Witt Jr.": 0.1443280460480274,
  "Tommy Pham": 0.10393409588579741,
  "Joey Gallo": 0.10605668540958507,
  "James Wood": 0.08201214957176468,
  "Dylan Crews": 0.08110979842469453,
  "Luis Garcia Jr.": 0.06300845024763599,
  "Michael Massey": 0.08587192862508757,
  "Yuli Gurriel": 0.07550556335657434,
  "Drew Millas": 0.08061168487751334,
  "Jose Tena": 0.07739752431483787,
  "Robbie Grossman": 0.07759255197289854,
  "MJ Melendez": 0.09710490246079306,
  "Maikel Garcia": 0.06434960311938,
  "Nasim Nunez": 0.0456965645419765,
  "Kyle Isbel": 0.0567336195813017,
  "Ildemaro Vargas": 0.06855413105413105,
  "Jacob Young": 0.05174100766134268,
  "Hunter Renfroe": 0.16587118296125222,
  "Keibert Ruiz": 0.12063492063492064,
  "Juan Yepez": 0.10035612535612536,
  "Freddy Fermin": 0.11636141636141635,
  "Garrett Hampson": 0.07333333333333333,
  "Aaron Judge": 0.16805860584190047,
  "Giancarlo Stanton": 0.13206934488342428,
  "Anthony Santander": 0.1140412098388237,
  "Gunnar Henderson": 0.1046471139349603,
  "Juan Soto": 0.10979344021762873,
  "Austin Wells": 0.08369924101413712,
  "Jordan Westburg": 0.08097847700384772,
  "Colton Cowser": 0.0762541427336417,
  "Jazz Chisholm Jr.": 0.07910473229983915,
  "Ryan Mountcastle": 0.06755201707697682,
  "James McCann": 0.06248515378342618,
  "Jasson Dom\u00ednguez": 0.06613615085418684,
  "Ryan O'Hearn": 0.06554240291514607,
  "Ramon Urias": 0.061487712956223586,
  "Cedric Mullins": 0.05356256313772653,
  "Gleyber Torres": 0.05187451165865362,
  "Anthony Rizzo": 0.05916443487088013,
  "Anthony Volpe": 0.053059913690740215,
  "Adley Rutschman": 0.08444444444444445,
  "Heston Kjerstad": 0.060000000000000005,
  "Jackson Holliday": 0.060000000000000005,
  "Alex Verdugo": 0.060000000000000005,
  "Emmanuel Rivera": 0.060000000000000005,
  "Tyler O'Neill": 0.14541033434650458,
  "Wilyer Abreu": 0.1104227837668653,
  "Jarren Duran": 0.09317373925729956,
  "Triston Casas": 0.08764008252594074,
  "Vladimir Guerrero Jr.": 0.09227633072517206,
  "Addison Barger": 0.0892314694059388,
  "Nathan Lukes": 0.06708365408822708,
  "Trevor Story": 0.06948745226460784,
  "Alejandro Kirk": 0.07555072160335319,
  "Masataka Yoshida": 0.06633508395711149,
  "Enmanuel Valdez": 0.0838336335728376,
  "Connor Wong": 0.0728157929838602,
  "Jonatan Clase": 0.08391603281628858,
  "Tyler Heineman": 0.05641481529812199,
  "Nick Sogard": 0.07109621115368242,
  "Joey Loperfido": 0.06420774903438192,
  "Ernie Clement": 0.05428244617200449,
  "George Springer": 0.12063492063492064,
  "Leo Jimenez": 0.06420939691568309,
  "Spencer Horwitz": 0.11636141636141635,
  "Ceddanne Rafaela": 0.07703703703703703,
  "Romy Gonzalez": 0.10526315789473684,
  "Vaughn Grissom": 0.09090909090909091,
  "Kevin Pillar": 0.11076249676249676,
  "Taylor Ward": 0.10522297666682694,
  "Logan O'Hoppe": 0.10333506956501609,
  "Zach Neto": 0.09869907970355629,
  "Andrew Vaughn": 0.10891013249644176,
  "Luis Robert Jr.": 0.10536446795124724,
  "Miguel Vargas": 0.09436752196110486,
  "Korey Lee": 0.08354063953022287,
  "Eric Wagaman": 0.07663904032059253,
  "Andrew Benintendi": 0.0714342033362631,
  "Matt Thaiss": 0.09013503405135034,
  "Bryan Ramos": 0.08160961850264986,
  "Nolan Schanuel": 0.055853517938692705,
  "Lenyn Sosa": 0.06804514025718561,
  "Gustavo Campero": 0.06677358418196114,
  "Jacob Amaya": 0.06062624739095327,
  "Dominic Fletcher": 0.055590904755108105,
  "Jack L\u00f3pez": 0.05418019480519481,
  "Gavin Sheets": 0.060000000000000005,
  "Nicky Lopez": 0.049999999999999996,
  "Mickey Moniak": 0.2,
  "Niko Kavadas": 0.16666666666666666,
  "Jake Burger": 0.1266879757345389,