{
  "Aaron Judge": 0.17480189419743342,
  "Corey Seager": 0.15598362190709897,
  "Juan Soto": 0.14907337108961785,
  "Ben Rice": 0.11562147973548377,
  "Adolis Garcia": 0.12239149313593196,
  "Jazz Chisholm Jr.": 0.10300543869666583,
  "Josh Jung": 0.10828441249621307,
  "Gleyber Torres": 0.07660732582086212,
  "Alex Verdugo": 0.09000444363189462,
  "Nathaniel Lowe": 0.07967923375719645,
  "Austin Wells": 0.11142865329256389,
  "Jonah Heim": 0.09318937425416433,
  "Wyatt Langford": 0.09501002209599997,
  "Marcus Semien": 0.10149206299284481,
  "Josh Smith": 0.08650151115211814,
  "Trent Grisham": 0.10992074851723975,
  "Robbie Grossman": 0.06296402573060897,
  "Anthony Volpe": 0.05758713727655781,
  "Leody Taveras": 0.060000000000000005,
  "Giancarlo Stanton": 0.15,
  "DJ LeMahieu": 0.060000000000000005,
  "Travis Jankowski": 0.049999999999999996,
  "Brent Rooker": 0.14689732354641852,
  "Shea Langeliers": 0.13725251852066733,
  "George Springer": 0.11248455631478405,
  "Vladimir Guerrero Jr.": 0.11050345079756844,
  "Daulton Varsho": 0.11688821755670786,
  "Zack Gelof": 0.09851513811266133,
  "Lawrence Butler": 0.09053835694345687,
  "Spencer Horwitz": 0.08654031733670577,
  "JJ Bleday": 0.08619669645453083,
  "Joey Loperfido": 0.09467418938508271,
  "Miguel Andujar": 0.06661677938951989,
  "Addison Barger": 0.08834860738317428,
  "Tyler Nevin": 0.07874319881382917,
  "Max Schuemann": 0.05737120858569132,
  "Brian Serven": 0.06947608472431167,
  "Leo Jimenez": 0.05833403313980335,
  "Ernie Clement": 0.059595260427570185,
  "Darell Hernaiz": 0.07205033713325369,
  "Alejandro Kirk": 0.060000000000000005,
  "Abraham Toro": 0.07361111111111111,
  "Davis Schneider": 0.10757575757575757,
  "Daz Cameron": 0.10757575757575757,
  "Tyler Fitzgerald": 0.09938092406395725,
  "Matt Chapman": 0.1374335123475154,
  "Heliot Ramos": 0.10021223560955451,
  "Michael Conforto": 0.07763402109550911,
  "Jerar Encarnaci\u00f3n": 0.08772294841736976,
  "Dillon Dingler": 0.06314014170277801,
  "Mark Canha": 0.07244459195338718,
  "Mike Yastrzemski": 0.07532109418509396,
  "Patrick Bailey": 0.06790247617593202,
  "Bligh Madris": 0.05742358601384239,
  "Colt Keith": 0.05249806982266717,
  "Akil Baddoo": 0.06493043739039163,
  "Justyn-Henry Malloy": 0.05527257337292028,
  "Parker Meadows": 0.0708026328715984,
  "Brett Wisely": 0.06774521774521775,
  "Ryan Vilade": 0.053717116217116216,
  "Javier Baez": 0.053955050990742465,
  "Gio Urshela": 0.05913317163317164,
  "Casey Schmitt": 0.009900990099009901,
  "Wenceel Perez": 0.038461538461538464,
  "Zach McKinstry": 0.038461538461538464,
  "Carson Kelly": 0.1111111111111111,
  "Carlos Narvaez": 0.1,
  "Jesus Sanchez": 0.10554418919016544,
  "Manny Machado": 0.1138759206355847,
  "Jake Cronenworth": 0.09385404802962866,
  "Ha-Seong Kim": 0.05787472900305508,
  "Jurickson Profar": 0.07710267169488738,
  "Luis Campusano": 0.08392857142857142,
  "Xavier Edwards": 0.050661071945901665,
  "Vidal Brujan": 0.0506791266259821,
  "Jonah Bride": 0.05685955002946415,
  "Jake Burger": 0.1077176038199217,
  "Xander Bogaerts": 0.06564079936564322,
  "Jackson Merrill": 0.07961309614430605,
  "David Peralta": 0.06316499277634707,
  "Kyle Stowers": 0.09086917563265161,
  "Otto Lopez": 0.06061224277801818,
  "Emmanuel Rivera": 0.060000000000000005,
  "Luis Arraez": 0.049299630994212036,
  "Derek Hill": 0.061830371312441366,
  "Jhonny Pereda": 0.04702934764968302,
  "Kyle Higashioka": 0.08827758001185992,
  "Yordan Alvarez": 0.16663921640176463,
  "Rafael Devers": 0.15599953002857891,
  "Danny Jansen": 0.14312331761606872,
  "Wilyer Abreu": 0.12675999917006528,
  "Victor Caratini": 0.1101866883116883,
  "Alex Bregman": 0.08530166427385509,
  "Jarren Duran": 0.1059700159301104,
  "Yainer Diaz": 0.08465667780287174,
  "Jose Altuve": 0.08448457473781494,
  "Ceddanne Rafaela": 0.07997261896372396,
  "Zach Dezenzo": 0.10902342765087863,
  "Dominic Smith": 0.08284988640534464,
  "Chas McCormick": 0.07079725550055609,
  "Jake Meyers": 0.0716645140877379,
  "Masataka Yoshida": 0.07560123899822876,
  "Nick Sogard": 0.06235424290212413,
  "David Hamilton": 0.07766290726817042,
  "Jeremy Pena": 0.06087377347742959,
  "Connor Wong": 0.08392857142857142,
  "Rob Refsnyder": 0.09761904761904762,
  "Mauricio Dubon": 0.060000000000000005,
  "Romy Gonzalez": 0.060000000000000005,
  "Jo Adell": 0.1252197000844087,
  "Logan O'Hoppe": 0.11602577258708906,
  "Travis Blankenhorn": 0.1132072971892002,
  "Zach Neto": 0.10704857538305808,
  "Taylor Ward": 0.09549928526526992,
  "Alex Call": 0.08976999510685248,
  "Kevin Pillar": 0.10660392497079803,
  "James Wood": 0.09216234382901049,
  "Brandon Drury": 0.09606991604192333,
  "Keibert Ruiz": 0.07786304112816923,
  "Juan Yepez": 0.08365519814115319,
  "Anthony Rendon": 0.08997466545892292,
  "Matt Thaiss": 0.06454199466488907,
  "Nasim Nunez": 0.05123638218507144,
  "Michael Stefanic": 0.05442467500859651,
  "Jacob Young": 0.043777799241185966,
  "Luis Garcia Jr.": 0.07581957892038635,
  "Ildemaro Vargas": 0.060000000000000005,
  "CJ Abrams": 0.12000000000000001,
  "Mickey Moniak": 0.07361111111111111,
  "Nolan Schanuel": 0.055,
  "Willie Calhoun": 0.060000000000000005,
  "Harold Ramirez": 0.060000000000000005,
  "Willy Adames": 0.1238511194363065,
  "Rhys Hoskins": 0.14139753735326374,
  "Gary Sanchez": 0.15740930265386788,
  "Tyler Stephenson": 0.1006645908157159,
  "William Contreras": 0.11795249227129985,
  "Spencer Steer": 0.10379640627631627,
  "Elly De La Cruz": 0.09900674913192975,
  "Jackson Chourio": 0.08855014096980528,
  "TJ Friedl": 0.08967207125979355,
  "Jeimer Candelario": 0.08838062989287683,
  "Jonathan India": 0.08813718807102094,
  "Ty France": 0.0884822005541242,
  "Noelvi Marte": 0.08053580921072193,
  "Jake Fraley": 0.07606118488734787,
  "Garrett Mitchell": 0.06445804688403382,
  "Joey Ortiz": 0.07402386554134209,
  "Brice Turang": 0.053371171536994895,
  "Sal Frelick": 0.05013378193564417,
  "Jake Bauers": 0.09761904761904762,
  "Santiago Espinal": 0.08392857142857142,
  "Byron Buxton": 0.12639505873045578,
  "Matt Wallner": 0.1371156602082471,
  "Josh Naylor": 0.1032762933787524,
  "Ryan Jeffers": 0.0761797593318806,
  "Jose Ramirez": 0.09513075959490412,
  "Max Kepler": 0.08894759724961449,
  "Trevor Larnach": 0.08557756074552586,
  "Jose Miranda": 0.09670788507422172,
  "Bo Naylor": 0.09618625161388318,
  "Jhonkensy Noel": 0.11274149579626362,
  "David Fry": 0.08468008409527035,
  "Daniel Schneemann": 0.07399267613692566,
  "Austin Martin": 0.06383840626264868,
  "Carlos Santana": 0.07315946557045629,
  "Lane Thomas": 0.08038144312249554,
  "Willi Castro": 0.06974081310314101,
  "Andres Gimenez": 0.0577628870672473,
  "Steven Kwan": 0.04559346858684607,
  "Austin Hedges": 0.060000000000000005,
  "Royce Lewis": 0.12000000000000001,
  "Christian Vazquez": 0.07361111111111111,
  "Paul Goldschmidt": 0.09654533205305689,
  "Willson Contreras": 0.10533438466973749,
  "Salvador Perez": 0.10742585550245244,
  "Nolan Gorman": 0.11371402176229813,
  "Alec Burleson": 0.08988531186444947,
  "Paul DeJong": 0.10356984633300421,
  "Bobby Witt Jr.": 0.09660443128140402,
  "Tommy Pham": 0.07646407303773856,
  "Nolan Arenado": 0.07984769057794742,
  "MJ Melendez": 0.08804701737377374,
  "Brendan Donovan": 0.06961358968394366,
  "Brandon Crawford": 0.08012370038402862,
  "Lars Nootbaar": 0.06573007705489631,
  "Freddy Fermin": 0.060099312378825216,
  "Vinnie Pasquantino": 0.0756706111907862,
  "Kyle Isbel": 0.05509802080355619,
  "Maikel Garcia": 0.04916408315746064,
  "Garrett Hampson": 0.060872435098441285,
  "Dairon Blanco": 0.060000000000000005,
  "Michael Massey": 0.07361111111111111,
  "Masyn Winn": 0.051904761904761905,
  "Hunter Renfroe": 0.07361111111111111,
  "Anthony Santander": 0.11754875987968906,
  "Christopher Morel": 0.10286219571378463,
  "Gunnar Henderson": 0.09464286718246985,
  "Brandon Lowe": 0.09342109643503248,
  "Colton Cowser": 0.07728740942474495,
  "Cedric Mullins": 0.07484296097556999,