{
  "Marcell Ozuna": 0.14658917361868404,
  "Austin Riley": 0.12744671433637503,
  "Ozzie Albies": 0.09316136344051375,
  "Travis d'Arnaud": 0.09761904761904762,
  "Orlando Arcia": 0.08334283801582791,
  "Akil Baddoo": 0.08380554127618069,
  "Matt Olson": 0.11470571233430718,
  "Adam Duvall": 0.14136800381047002,
  "Riley Greene": 0.09851879639793676,
  "Andy Ibanez": 0.07467210350969766,
  "Mark Canha": 0.06692398557079032,
  "Matt Vierling": 0.08392857142857142,
  "Sean Murphy": 0.09525030409912655,
  "Wenceel Perez": 0.07130576309281834,
  "Carson Kelly": 0.060000000000000005,
  "Gio Urshela": 0.05595480742345511,
  "Jarred Kelenic": 0.07134283682050693,
  "Colt Keith": 0.0798491580025495,
  "Justyn-Henry Malloy": 0.07361111111111111,
  "Ram\u00f3n Laureano": 0.08353782314744072,
  "Jake Rogers": 0.0810791955161244,
  "Zach McKinstry": 0.06266717282210761,
  "Connor Joe": 0.07931557452050639,
  "Bryan Reynolds": 0.10754924961370585,
  "Tyler Stephenson": 0.06364021708736876,
  "Andrew McCutchen": 0.10736347327193393,
  "Ke'Bryan Hayes": 0.06962792995368043,
  "Jonathan India": 0.06623793992798603,
  "Oneil Cruz": 0.12514482771188967,
  "Jack Suwinski": 0.08392857142857142,
  "TJ Friedl": 0.060000000000000005,
  "Spencer Steer": 0.07934933610657267,
  "Elly De La Cruz": 0.0786606731888076,
  "Jake Fraley": 0.06634114525604615,
  "Rowdy Tellez": 0.09157363503030312,
  "Edward Olivares": 0.07361111111111111,
  "Yasmani Grandal": 0.0769890440161619,
  "Santiago Espinal": 0.0533996976525618,
  "Jeimer Candelario": 0.13358585858585859,
  "Nick Gonzales": 0.08587602524300635,
  "Will Benson": 0.07739194990552542,
  "Jacob Hurtubise": 0.05573129251700681,
  "Nick Martini": 0.06860706860706861,
  "Michael A. Taylor": 0.08367393638211677,
  "Stuart Fairchild": 0.06057691485499408,
  "Luke Maile": 0.0823995052566481,
  "Nolan Gorman": 0.13064534131614877,
  "Jazz Chisholm Jr.": 0.08112554112554113,
  "Paul Goldschmidt": 0.0978235511787742,
  "Jake Burger": 0.09688476456652116,
  "Alec Burleson": 0.08960521562551145,
  "Bryan De La Cruz": 0.09438082612934322,
  "Jesus Sanchez": 0.07976031220475664,
  "Josh Bell": 0.07804884413401365,
  "Nolan Arenado": 0.07873944674327212,
  "Brendan Donovan": 0.07071122534390653,
  "Pedro Pages": 0.06917136378322818,
  "Nick Gordon": 0.06281461696779969,
  "Masyn Winn": 0.058479722894004035,
  "Michael Siani": 0.05394667813685196,
  "Nick Fortes": 0.05868066374517619,
  "Tim Anderson": 0.052681018086352505,
  "Vidal Brujan": 0.052505327367208865,
  "Matt Carpenter": 0.11930680396871675,
  "Otto Lopez": 0.07075961075961076,
  "Ivan Herrera": 0.060000000000000005,
  "Dylan Carlson": 0.05007062146892655,
  "Emmanuel Rivera": 0.05007062146892655,
  "Fernando Tatis Jr.": 0.11762267685307647,
  "Bryce Harper": 0.19050867471072072,
  "Manny Machado": 0.11657430807748873,
  "Jake Cronenworth": 0.07361111111111111,
  "Alec Bohm": 0.10996867721596479,
  "Luis Campusano": 0.07361111111111111,
  "Jurickson Profar": 0.06684326255250193,
  "Ha-Seong Kim": 0.07521783612119008,
  "Nick Castellanos": 0.12650232215867016,
  "Kyle Schwarber": 0.2378389549185465,
  "Garrett Stubbs": 0.060000000000000005,
  "Trea Turner": 0.13358585858585859,
  "Bryson Stott": 0.09364512172708893,
  "Edmundo Sosa": 0.1080953393149593,
  "Brandon Marsh": 0.11342220417492725,
  "Jackson Merrill": 0.07145020494302791,
  "Whit Merrifield": 0.060000000000000005,
  "Luis Arraez": 0.05138113171132317,
  "Donovan Solano": 0.0716078941894492,
  "David Peralta": 0.05007062146892655,
  "David Dahl": 0.12296188386421762,
  "Kyle Higashioka": 0.11182831756344341,
  "Rafael Marchan": 0.06345185876522313,
  "Tyler Wade": 0.05201388888888889,
  "Brett Wisely": 0.11852124857210515,
  "Christopher Morel": 0.16584234566512251,
  "Cody Bellinger": 0.13069768957970576,
  "Dansby Swanson": 0.11713798345996373,
  "Heliot Ramos": 0.1337923548499521,
  "Ian Happ": 0.1283081210057726,
  "Jorge Soler": 0.17985876894557468,
  "Matt Chapman": 0.19508089317130445,
  "Michael Busch": 0.11013154497321136,
  "Michael Conforto": 0.13664768391354576,
  "Miguel Amaya": 0.09727273651561508,
  "Mike Yastrzemski": 0.1668224187736383,
  "Nico Hoerner": 0.07036102138093459,
  "Patrick Bailey": 0.10534214994366797,
  "Pete Crow-Armstrong": 0.11021777653540306,
  "Seiya Suzuki": 0.14344290667780094,
  "Thairo Estrada": 0.10909471238637905,
  "Trenton Brooks": 0.11117191072314482,
  "Wilmer Flores": 0.12000000000000001,
  "Austin Slater": 0.0501412429378531,
  "Ketel Marte": 0.18169640322639116,
  "Luis Garcia Jr.": 0.0776769523265687,
  "Christian Walker": 0.18751131069469765,
  "Keibert Ruiz": 0.08232613977023534,
  "Lane Thomas": 0.10796147817310722,
  "Geraldo Perdomo": 0.060001257688586954,
  "Jake McCarthy": 0.060000000000000005,
  "CJ Abrams": 0.11495046828543427,
  "Joey Meneses": 0.09845183912615389,
  "Lourdes Gurriel Jr.": 0.13996903293316493,
  "Gabriel Moreno": 0.09876087560894119,
  "Blaze Alexander": 0.11209172361530852,
  "Corbin Carroll": 0.07393277069810252,
  "Jacob Young": 0.057016586203489546,
  "Eugenio Suarez": 0.15138920127898672,
  "Joc Pederson": 0.10757575757575757,
  "Eddie Rosario": 0.11665527705851661,
  "Jesse Winker": 0.09037601331827223,
  "Nick Senzel": 0.07361111111111111,
  "Kevin Newman": 0.07361111111111111,
  "Randal Grichuk": 0.1353902352043473,
  "Trey Lipscomb": 0.06676608019956658,
  "Dylan Moore": 0.08476387704120664,
  "Josh Naylor": 0.11369134981638128,
  "Jose Ramirez": 0.12588081275966717,
  "Gabriel Arias": 0.060000000000000005,
  "J.P. Crawford": 0.08589432454791932,
  "Ty France": 0.07927024616124682,
  "Mitch Haniger": 0.10348448110850107,
  "Andres Gimenez": 0.06779456712215855,
  "Cal Raleigh": 0.1401129580216683,
  "Tyler Freeman": 0.058588187653464484,
  "Brayan Rocchio": 0.05489655172413793,
  "Julio Rodriguez": 0.11032533437127684,
  "Bo Naylor": 0.09578991205827106,
  "Will Brennan": 0.06861370746566446,
  "Steven Kwan": 0.05354811419011451,
  "Mitch Garver": 0.12000000000000001,
  "Tyler Locklear": 0.17142857142857143,
  "David Fry": 0.09019812967331929,
  "Ryan Bliss": 0.060000000000000005,
  "Victor Robles": 0.05007062146892655,
  "Dominic Canzone": 0.09995711552343445,
  "Luke Raley": 0.09160110662706415,
  "Daniel Schneemann": 0.0696055594689346,
  "Josh Rojas": 0.07052383915287387,
  "Anthony Santander": 0.11849241598576706,
  "Adley Rutschman": 0.10072921394032151,
  "Gunnar Henderson": 0.13680048567516598,
  "Alex Verdugo": 0.06603048951195595,
  "Aaron Judge": 0.20512820512820512,
  "Cedric Mullins": 0.07737476274349651,
  "Austin Hays": 0.07361111111111111,
  "Giancarlo Stanton": 0.16445324700676453,
  "Ryan Mountcastle": 0.09789990835274918,
  "Jose Trevino": 0.07349709528613982,
  "Jorge Mateo": 0.0668443821505046,
  "Gleyber Torres": 0.10432337286781376,
  "Anthony Volpe": 0.07837600467665827,
  "Jordan Westburg": 0.09761904761904762,
  "DJ LeMahieu": 0.06048548751256692,
  "James McCann": 0.07361111111111111,
  "Colton Cowser": 0.08706118308450068,
  "Ryan O'Hearn": 0.10008854255420609,
  "Juan Soto": 0.13070919506107986,
  "Austin Wells": 0.07361111111111111,
  "Ben Rice": 0.11110026493634767,
  "Trent Grisham": 0.07680340079365967,
  "Ramon Urias": 0.07115004826614733,
  "Danny Jansen": 0.10113904261546616,
  "Alejandro Kirk": 0.060000000000000005,
  "Connor Wong": 0.07361111111111111,
  "Rafael Devers": 0.1356099184288736,
  "Vladimir Guerrero Jr.": 0.09285550535277311,
  "George Springer": 0.06813078592747206,
  "Jarren Duran": 0.08888850373098972,
  "Enmanuel Valdez": 0.11340978288548621,
  "Rob Refsnyder": 0.07361111111111111,
  "Ernie Clement": 0.07361111111111111,
  "Spencer Horwitz": 0.06502455477574655,
  "Ceddanne Rafaela": 0.07361111111111111,
  "Masataka Yoshida": 0.0698908022687927,
  "Daulton Varsho": 0.09167085609260252,
  "David Hamilton": 0.06812206491304401,
  "Davis Schneider": 0.09761904761904762,
  "Tyler O'Neill": 0.1239945426486507,
  "Isiah Kiner-Falefa": 0.04952971774048765,