{
  "Aaron Judge": 0.2348345337065432,
  "Juan Soto": 0.14704451345871297,
  "Ben Rice": 0.1197223922605995,
  "Isaac Paredes": 0.11065390144891823,
  "Randy Arozarena": 0.1377509123524291,
  "Austin Wells": 0.10096728563833827,
  "Jonny Deluca": 0.09704437121362705,
  "Jose Siri": 0.10359973511015108,
  "Trent Grisham": 0.08729830090552539,
  "Gleyber Torres": 0.08745236002352014,
  "Alex Verdugo": 0.07951900564883949,
  "Curtis Mead": 0.09204565591097841,
  "DJ LeMahieu": 0.06891106847603524,
  "Taylor Walls": 0.06855315138811871,
  "Amed Rosario": 0.0796954781012531,
  "Alex Jackson": 0.08824376259756692,
  "Jose Caballero": 0.0721598180530069,
  "Anthony Volpe": 0.06799164150921087,
  "Josh Lowe": 0.08392857142857142,
  "Brandon Lowe": 0.13333333333333333,
  "Oswaldo Cabrera": 0.049999999999999996,
  "Ben Rortvedt": 0.060000000000000005,
  "Richie Palacios": 0.060000000000000005,
  "Marcell Ozuna": 0.11580888579632832,
  "Austin Riley": 0.08761415314171178,
  "Matt Olson": 0.09492840350896617,
  "Jarred Kelenic": 0.08342312373136512,
  "Willson Contreras": 0.08390484457679502,
  "Ozzie Albies": 0.07807925886332372,
  "Adam Duvall": 0.07994286807719643,
  "Travis d'Arnaud": 0.07806704456898256,
  "Paul Goldschmidt": 0.07621705214000589,
  "Alec Burleson": 0.07054928787323153,
  "Nolan Arenado": 0.060336385754506,
  "Lars Nootbaar": 0.05443696000947909,
  "Eddie Rosario": 0.06331267832732218,
  "Pedro Pages": 0.06148996777390656,
  "Orlando Arcia": 0.056760267471833395,
  "Brendan Donovan": 0.05759788008960194,
  "Masyn Winn": 0.051509983633341264,
  "Michael Siani": 0.0345612582781457,
  "Nolan Gorman": 0.10757575757575757,
  "Sean Murphy": 0.08392857142857142,
  "Vladimir Guerrero Jr.": 0.09581566597740258,
  "George Springer": 0.08540809971657871,
  "Riley Greene": 0.08392857142857142,
  "Javier Baez": 0.08893652657713114,
  "Wenceel Perez": 0.06964031474124614,
  "Spencer Horwitz": 0.07083212979470987,
  "Daulton Varsho": 0.09572224662279527,
  "Kevin Kiermaier": 0.0549235375438584,
  "Matt Vierling": 0.08696328026867976,
  "Carson Kelly": 0.09761904761904762,
  "Colt Keith": 0.060000000000000005,
  "Ernie Clement": 0.07361111111111111,
  "Zach McKinstry": 0.060000000000000005,
  "Gio Urshela": 0.0671480084561983,
  "Justin Turner": 0.06556939203516905,
  "Justyn-Henry Malloy": 0.08802788637351477,
  "Andy Ibanez": 0.10333602610204441,
  "Jake Rogers": 0.11150465891439038,
  "Mark Canha": 0.08020662712953415,
  "Danny Jansen": 0.1037088154656032,
  "Davis Schneider": 0.10094979703240865,
  "Ryan Vilade": 0.054106632261793366,
  "Leo Jimenez": 0.06181356019332726,
  "Brent Rooker": 0.14505102024601282,
  "JJ Bleday": 0.09939711291868958,
  "Logan O'Hoppe": 0.10446470088754722,
  "Seth Brown": 0.0967704406443074,
  "Taylor Ward": 0.09199316338547558,
  "Mickey Moniak": 0.105999443001978,
  "Lawrence Butler": 0.10916428374628995,
  "Zack Gelof": 0.09271677759422857,
  "Zach Neto": 0.09690122850518024,
  "Jo Adell": 0.09477061002987663,
  "Kyle McCann": 0.09686946804593863,
  "Anthony Rendon": 0.0743379350476204,
  "Willie Calhoun": 0.0759220936889375,
  "Brett Harris": 0.07196200713697223,
  "Miguel Andujar": 0.06254023233631109,
  "Max Schuemann": 0.06561880199631762,
  "Nolan Schanuel": 0.06014189821500348,
  "Luis Guillorme": 0.04736943152506066,
  "Shea Langeliers": 0.13333333333333333,
  "Brandon Drury": 0.09761904761904762,
  "Kevin Pillar": 0.09761904761904762,
  "Keston Hiura": 0.08392857142857142,
  "Jake Burger": 0.09291131238270166,
  "Pete Alonso": 0.113630660816798,
  "DJ Stewart": 0.11649942507998773,
  "J. D. Martinez": 0.10821234353694148,
  "Francisco Lindor": 0.11724935169443775,
  "Jazz Chisholm Jr.": 0.09163897365340944,
  "Brandon Nimmo": 0.0943021537002771,
  "Mark Vientos": 0.09940649931870531,
  "Jesus Sanchez": 0.08636510352650491,
  "Francisco Alvarez": 0.08921005445123235,
  "Bryan De La Cruz": 0.08060314966335472,
  "Josh Bell": 0.07581430348192088,
  "Nick Gordon": 0.0583731274299313,
  "Jeff McNeil": 0.06504237869674413,
  "Nick Fortes": 0.0504066910834875,
  "Otto Lopez": 0.051518277998672556,
  "Jose Iglesias": 0.05537717728927135,
  "Xavier Edwards": 0.042645710518738535,
  "Vidal Brujan": 0.060000000000000005,
  "Harrison Bader": 0.060000000000000005,
  "Emmanuel Rivera": 0.049999999999999996,
  "Kyle Schwarber": 0.19047386005408717,
  "Bryce Harper": 0.1441754205080598,
  "Trea Turner": 0.1056774784186531,
  "Nick Castellanos": 0.08745163367033476,
  "J.T. Realmuto": 0.1005085726287909,
  "Andrew McCutchen": 0.08362510194397434,
  "Joshua Palacios": 0.05886986570192677,
  "Brandon Marsh": 0.07731951773183031,
  "Connor Joe": 0.06618380657987871,
  "Bryan Reynolds": 0.07501769711330934,
  "Michael A. Taylor": 0.07313532023035454,
  "Bryson Stott": 0.06523523118310538,
  "Alec Bohm": 0.07404664573898109,
  "Oneil Cruz": 0.06631668159189472,
  "Nick Gonzales": 0.06784868355313635,
  "Ke'Bryan Hayes": 0.06497633863070407,
  "Yasmani Grandal": 0.06692713797132598,
  "Johan Rojas": 0.04803743650786214,
  "Garrett Stubbs": 0.060000000000000005,
  "Jack Suwinski": 0.060000000000000005,
  "Joey Bart": 0.07361111111111111,
  "Rowdy Tellez": 0.060000000000000005,
  "Juan Yepez": 0.12114449748078858,
  "Lane Thomas": 0.11747146348555289,
  "Spencer Steer": 0.11741508965404934,
  "Tyler Stephenson": 0.10961381471547653,
  "Rece Hinds": 0.09848043393467985,
  "Jeimer Candelario": 0.11596930730602505,
  "Elly De La Cruz": 0.09397326722697467,
  "Jonathan India": 0.08657010827321282,
  "Noelvi Marte": 0.09500253452755548,
  "Riley Adams": 0.10374581609875727,
  "CJ Abrams": 0.0831474346239701,
  "Santiago Espinal": 0.0592501553035703,
  "James Wood": 0.07093990906617101,
  "Trey Lipscomb": 0.06388151958954351,
  "Austin Slater": 0.0718948327581296,
  "Ildemaro Vargas": 0.0796697726165465,
  "Harold Ramirez": 0.07736054141902424,
  "Jacob Young": 0.05569850422470884,
  "Luis Garcia Jr.": 0.060000000000000005,
  "Keibert Ruiz": 0.07361111111111111,
  "Jake Fraley": 0.049999999999999996,
  "Will Benson": 0.09761904761904762,
  "Jesse Winker": 0.060000000000000005,
  "Harold Ram\u00edrez": 0.05022633744855967,
  "Anthony Santander": 0.14883973767237696,
  "Corey Seager": 0.13184312213024388,
  "Adolis Garcia": 0.12539170476011613,
  "Marcus Semien": 0.09942159506288678,
  "Gunnar Henderson": 0.12043017114998696,
  "Ryan O'Hearn": 0.10690507972830628,
  "Heston Kjerstad": 0.11585775009036602,
  "Wyatt Langford": 0.09148187185681167,
  "Adley Rutschman": 0.10433164361884961,
  "Colton Cowser": 0.09915206160344607,
  "Ramon Urias": 0.07761163900698785,
  "Cedric Mullins": 0.08405815623219105,
  "Andrew Knizner": 0.07404765572057767,
  "Leody Taveras": 0.0722459061603133,
  "Jordan Westburg": 0.09821351490782658,
  "Nathaniel Lowe": 0.06570443278647613,
  "Josh Smith": 0.07322393525164349,
  "Justin Foscue": 0.08346860882400098,
  "Ryan Mountcastle": 0.09761904761904762,
  "Jonah Heim": 0.08392857142857142,
  "Travis Jankowski": 0.060000000000000005,
  "Salvador Perez": 0.12544205036972877,
  "Luis Robert Jr.": 0.09892944870296035,
  "Bobby Witt Jr.": 0.10685214353406573,
  "Hunter Renfroe": 0.10281863981129104,
  "Drew Waters": 0.08725410289337923,
  "Vinnie Pasquantino": 0.0914255404220193,
  "Michael Massey": 0.07917793531811619,
  "Eloy Jimenez": 0.07147213124102282,
  "Paul DeJong": 0.06663423718737455,
  "Andrew Vaughn": 0.07262623898846808,
  "Brooks Baldwin": 0.04655922226821807,
  "Andrew Benintendi": 0.05686226059269844,
  "Tommy Pham": 0.05920621499706647,
  "Kyle Isbel": 0.05205211230174769,
  "Maikel Garcia": 0.04820615049044578,
  "Adam Frazier": 0.04757969939601254,
  "Nicky Lopez": 0.04367621652749784,
  "Korey Lee": 0.05333333333333334,
  "Freddy Fermin": 0.060000000000000005,
  "Dairon Blanco": 0.060000000000000005,
  "Nick Senzel": 0.03571428571428571,
  "Garrett Hampson": 0.03571428571428571,
  "Josh Naylor": 0.1114063563501817,
  "Manny Machado": 0.09347070748309677,
  "Jose Ramirez": 0.10812944676131754,