{
  "Miguel Amaya": 0.08681668243665898,
  "Ian Happ": 0.14702239090467212,
  "Paul Goldschmidt": 0.1645512740641833,
  "Matt Carpenter": 0.15,
  "Ivan Herrera": 0.05007062146892655,
  "Nico Hoerner": 0.06810524816992626,
  "Dylan Carlson": 0.05007062146892655,
  "Christopher Morel": 0.15847557508521623,
  "Nolan Arenado": 0.13426346164736394,
  "Alec Burleson": 0.1371509700945022,
  "Seiya Suzuki": 0.1488796151471221,
  "Nolan Gorman": 0.17855395447431782,
  "Brendan Donovan": 0.1129852318145632,
  "Dansby Swanson": 0.11535038700030814,
  "Michael Siani": 0.0679563277714377,
  "Cody Bellinger": 0.15364218963999068,
  "Pedro Pages": 0.11296366349128194,
  "Mike Tauchman": 0.10518631010105861,
  "Pete Crow-Armstrong": 0.05007062146892655,
  "Michael Busch": 0.11800954642266248,
  "Masyn Winn": 0.08583030824237878,
  "Brandon Crawford": 0.142113878141308,
  "Austin Riley": 0.14753640795286646,
  "Josh Lowe": 0.1200916555840095,
  "Ozzie Albies": 0.12767191132295405,
  "Brandon Lowe": 0.16526353741668776,
  "Taylor Walls": 0.07361111111111111,
  "Adam Duvall": 0.14591246798306182,
  "Yandy Diaz": 0.09646001318080262,
  "Travis d'Arnaud": 0.09974119799835938,
  "Randy Arozarena": 0.11261148573842729,
  "Matt Olson": 0.18265514826978077,
  "Orlando Arcia": 0.08293888105725884,
  "Isaac Paredes": 0.11360665331999557,
  "Marcell Ozuna": 0.17584146727792138,
  "Jose Siri": 0.10673761823133168,
  "Sean Murphy": 0.08392857142857142,
  "Jonny Deluca": 0.060000000000000005,
  "Richie Palacios": 0.09482815260034239,
  "Jose Caballero": 0.07888888888888888,
  "Jarred Kelenic": 0.11340666903055162,
  "Amed Rosario": 0.060000000000000005,
  "Ben Rortvedt": 0.0737812734756967,
  "Alex Jackson": 0.060000000000000005,
  "Ram\u00f3n Laureano": 0.136986301369863,
  "Anthony Santander": 0.1041383012338053,
  "Bryce Harper": 0.09055747535863266,
  "Cedric Mullins": 0.07002066748819995,
  "Alec Bohm": 0.07867071123636539,
  "Ryan Mountcastle": 0.08488218214563904,
  "Jorge Mateo": 0.060000000000000005,
  "Austin Hays": 0.07361111111111111,
  "Garrett Stubbs": 0.049023697772618016,
  "Nick Castellanos": 0.08441378108972111,
  "Kyle Schwarber": 0.12291394642864474,
  "Bryson Stott": 0.057130411011625234,
  "Adley Rutschman": 0.08622300877571407,
  "Edmundo Sosa": 0.0656544687463766,
  "Gunnar Henderson": 0.11502678530143776,
  "Ryan O'Hearn": 0.08413449512239732,
  "James McCann": 0.07361111111111111,
  "Johan Rojas": 0.060000000000000005,
  "Jordan Westburg": 0.07550273132748057,
  "Colton Cowser": 0.07574834141419348,
  "David Dahl": 0.06484093128968213,
  "Whit Merrifield": 0.060000000000000005,
  "Ramon Urias": 0.06624872848791424,
  "Brandon Marsh": 0.058698536052912684,
  "Jazz Chisholm Jr.": 0.11845955145740192,
  "Jesus Sanchez": 0.10043762815439357,
  "Luis Garcia Jr.": 0.06861367039150754,
  "Nick Fortes": 0.07586703372307088,
  "Bryan De La Cruz": 0.12188017434354517,
  "Lane Thomas": 0.1312986536259083,
  "Keibert Ruiz": 0.07376364260405652,
  "CJ Abrams": 0.0890978382519736,
  "Josh Bell": 0.12473394752038072,
  "Joey Meneses": 0.12030674071153792,
  "Jacob Young": 0.061852077001013174,
  "Jake Burger": 0.15848553482173877,
  "Nick Senzel": 0.09267153924411722,
  "Eddie Rosario": 0.060000000000000005,
  "Tim Anderson": 0.08204818871366461,
  "Nick Gordon": 0.07361111111111111,
  "Emmanuel Rivera": 0.08080960172223829,
  "Otto Lopez": 0.06754218145665572,
  "Jesse Winker": 0.07361111111111111,
  "Ildemaro Vargas": 0.10021891834186916,
  "Trey Lipscomb": 0.07480930758236033,
  "Dane Myers": 0.015151515151515152,
  "Vladimir Guerrero Jr.": 0.12197120020272964,
  "Danny Jansen": 0.12000000000000001,
  "Josh Naylor": 0.09843796409646678,
  "Bo Bichette": 0.08392857142857142,
  "Alejandro Kirk": 0.07873418607524912,
  "George Springer": 0.08601718119027062,
  "Andres Gimenez": 0.061032832671228276,
  "Steven Kwan": 0.05388746044605532,
  "Gabriel Arias": 0.060000000000000005,
  "Tyler Freeman": 0.06674257375037687,
  "Will Brennan": 0.07105643496221004,
  "Brayan Rocchio": 0.05633491027483622,
  "Daulton Varsho": 0.10262027817388754,
  "Ernie Clement": 0.06429981634527089,
  "David Fry": 0.08392857142857142,
  "Davis Schneider": 0.12638315631137617,
  "Bo Naylor": 0.08858947633334359,
  "Isiah Kiner-Falefa": 0.056958005975718956,
  "Justin Turner": 0.07361111111111111,
  "Kyle Manzardo": 0.08191084048927186,
  "Spencer Horwitz": 0.06780225373491372,
  "Daniel Schneemann": 0.06381613171778877,
  "Addison Barger": 0.0936330491090553,
  "Kevin Kiermaier": 0.038461538461538464,
  "Brandon Nimmo": 0.09136901926552783,
  "Manny Machado": 0.09636938096923119,
  "Jeff McNeil": 0.06339768184648725,
  "Fernando Tatis Jr.": 0.1186869743043185,
  "Pete Alonso": 0.11734858703062341,
  "Jake Cronenworth": 0.08350853461288264,
  "Luis Campusano": 0.06530607106542544,
  "Ha-Seong Kim": 0.06505317721895262,
  "Jurickson Profar": 0.06654349975738869,
  "Starling Marte": 0.07354465062014114,
  "Francisco Lindor": 0.12465545993775828,
  "Mark Vientos": 0.10365380614680152,
  "Harrison Bader": 0.07258921678918685,
  "Jackson Merrill": 0.07803254655036373,
  "Francisco Alvarez": 0.08392857142857142,
  "Luis Arraez": 0.052351191185489664,
  "J. D. Martinez": 0.11595237451567625,
  "David Peralta": 0.07172034770120894,
  "Donovan Solano": 0.060000000000000005,
  "Jose Iglesias": 0.049999999999999996,
  "Luis Torres": 0.06202248379369322,
  "Christian Yelich": 0.11841135065594045,
  "Jonathan India": 0.08565250087465355,
  "Tyler Stephenson": 0.09761904761904762,
  "Spencer Steer": 0.12018122537092164,
  "Willy Adames": 0.1593978616840572,
  "TJ Friedl": 0.0887266875890194,
  "Jake Fraley": 0.0851477601127461,
  "Elly De La Cruz": 0.11704482056699683,
  "Brice Turang": 0.06501654424848928,
  "William Contreras": 0.1530025703002148,
  "Sal Frelick": 0.06051089947266794,
  "Jacob Hurtubise": 0.05489655172413793,
  "Blake Perkins": 0.061673476441696524,
  "Will Benson": 0.1088446444360533,
  "Jake Bauers": 0.1335098941199714,
  "Jeimer Candelario": 0.11484524916091303,
  "Jackson Chourio": 0.0944521796595229,
  "Rhys Hoskins": 0.15,
  "Oliver Dunn": 0.05007062146892655,
  "Joey Ortiz": 0.10459948060529425,
  "Santiago Espinal": 0.05007062146892655,
  "Nick Martini": 0.11392137500161355,
  "Luke Maile": 0.10608086359542823,
  "Akil Baddoo": 0.10130264223061083,
  "Alex Bregman": 0.11056723268226959,
  "Carson Kelly": 0.08969221407040182,
  "Chas McCormick": 0.08971784466391813,
  "Colt Keith": 0.10536538036538036,
  "Gio Urshela": 0.0707472789938889,
  "Jeremy Pena": 0.08078971397003064,
  "Jon Singleton": 0.09688406881893473,
  "Jose Altuve": 0.10904536378580608,
  "Mark Canha": 0.08068491687497735,
  "Matt Vierling": 0.09848863125369393,
  "Mauricio Dubon": 0.08221781498097289,
  "Riley Greene": 0.12671164000445745,
  "Trey Cabbage": 0.1069993577456264,
  "Wenceel Perez": 0.08725787859832133,
  "Yainer Diaz": 0.12079095250879847,
  "Yordan Alvarez": 0.1690857554988187,
  "Zach McKinstry": 0.08930300609303336,
  "Justyn-Henry Malloy": 0.08392857142857142,
  "Victor Caratini": 0.08392857142857142,
  "Jake Meyers": 0.07361111111111111,
  "Max Kepler": 0.12000000000000001,
  "Seth Brown": 0.09761904761904762,
  "Byron Buxton": 0.1576593610596083,
  "Royce Lewis": 0.14598882400610697,
  "Trevor Larnach": 0.10757575757575757,
  "Ryan Jeffers": 0.1323400129992369,
  "Carlos Correa": 0.12585624256196515,
  "Jose Miranda": 0.1280683869796949,
  "Christian Vazquez": 0.060000000000000005,
  "Zack Gelof": 0.08392857142857142,
  "JJ Bleday": 0.1285393244343415,
  "Brent Rooker": 0.1513015115249906,
  "Willi Castro": 0.08377573469919565,
  "Shea Langeliers": 0.13358585858585859,
  "Tyler Soderstrom": 0.10972665609462234,
  "Miguel Andujar": 0.09280822446074408,
  "J.D. Davis": 0.11282275000113896,
  "Abraham Toro": 0.09457016446771488,
  "Manuel Margot": 0.09965131162513964,
  "Max Schuemann": 0.06769550461824704,
  "Daz Cameron": 0.08977557031166171,
  "Carlos Santana": 0.10155387948003816,