{
  "Nico Hoerner": 0.05531930590025515,
  "Christopher Morel": 0.12604803100764894,
  "Pete Alonso": 0.13640997895231305,
  "Brandon Nimmo": 0.07064145321639591,
  "Jeff McNeil": 0.060000000000000005,
  "Francisco Lindor": 0.12558969563150513,
  "Ian Happ": 0.08589060077782998,
  "Seiya Suzuki": 0.0984232534216458,
  "Starling Marte": 0.07457520536017581,
  "Mark Vientos": 0.12347030529731176,
  "Cody Bellinger": 0.07619604551621115,
  "Dansby Swanson": 0.0877469020523408,
  "Francisco Alvarez": 0.093377655265035,
  "Pete Crow-Armstrong": 0.05007062146892655,
  "Harrison Bader": 0.09359352776421949,
  "Michael Busch": 0.060000000000000005,
  "Jose Iglesias": 0.06284319139516466,
  "J. D. Martinez": 0.1302127696250279,
  "Patrick Wisdom": 0.14128068676349137,
  "David Bote": 0.10019409468043226,
  "Miguel Amaya": 0.07139202984008992,
  "Bryce Harper": 0.14824337088916587,
  "Alec Bohm": 0.11886842574938311,
  "Ketel Marte": 0.13358585858585859,
  "Christian Walker": 0.15898919853322166,
  "Geraldo Perdomo": 0.06750297044713255,
  "Garrett Stubbs": 0.060000000000000005,
  "Jake McCarthy": 0.06622988612930168,
  "Nick Castellanos": 0.13411480550299487,
  "Edmundo Sosa": 0.12574481489956832,
  "Kyle Schwarber": 0.17925402617559721,
  "Corbin Carroll": 0.1138395728975521,
  "Bryson Stott": 0.060000000000000005,
  "Brandon Marsh": 0.060000000000000005,
  "Blaze Alexander": 0.08162345593061103,
  "Trea Turner": 0.15261073725848062,
  "Gabriel Moreno": 0.08531519219556491,
  "Whit Merrifield": 0.08086324417125113,
  "Joc Pederson": 0.18028773433695916,
  "Eugenio Suarez": 0.12867100731297632,
  "Lourdes Gurriel Jr.": 0.12207797356330881,
  "Kevin Newman": 0.05007062146892655,
  "David Dahl": 0.07361111111111111,
  "Cristian Pache": 0.07153045352735755,
  "Rafael Marchan": 0.0513246588769761,
  "Luis Robert Jr.": 0.10963163569825925,
  "Akil Baddoo": 0.07361111111111111,
  "Andy Ibanez": 0.07678571428571429,
  "Andrew Vaughn": 0.0765732100298238,
  "Lenyn Sosa": 0.05435372265010325,
  "Gavin Sheets": 0.07089255084537395,
  "Riley Greene": 0.08511739659659821,
  "Andrew Benintendi": 0.060000000000000005,
  "Wenceel Perez": 0.059029995437004455,
  "Matt Vierling": 0.08177919394134613,
  "Carson Kelly": 0.06793505634552963,
  "Korey Lee": 0.059695761639441236,
  "Nicky Lopez": 0.04993833816852771,
  "Mark Canha": 0.06582812746693535,
  "Paul DeJong": 0.08368894679515596,
  "Colt Keith": 0.07115839742637127,
  "Justyn-Henry Malloy": 0.07066316309336185,
  "Gio Urshela": 0.05330389746628985,
  "Tommy Pham": 0.07495038056322488,
  "Ryan Kreidler": 0.06983643881371154,
  "Oscar Col\u00e1s": 0.055710582300486866,
  "Andrew McCutchen": 0.10630714357786344,
  "Ben Rortvedt": 0.06236160578292822,
  "Brandon Lowe": 0.12987756297490477,
  "Bryan Reynolds": 0.11146398781397888,
  "Connor Joe": 0.08442877236251031,
  "Isaac Paredes": 0.09452958363491981,
  "Jack Suwinski": 0.09672431894425587,
  "Jose Siri": 0.09816187736540084,
  "Josh Lowe": 0.09510028778113101,
  "Ke'Bryan Hayes": 0.07468597427314717,
  "Nick Gonzales": 0.0875700638535935,
  "Oneil Cruz": 0.1230171207528774,
  "Randy Arozarena": 0.09375263639382504,
  "Richie Palacios": 0.07369115965888742,
  "Rowdy Tellez": 0.09562784767755529,
  "Taylor Walls": 0.06432212749047893,
  "Yandy Diaz": 0.07946932050124311,
  "Yasmani Grandal": 0.06975054806597017,
  "Edward Olivares": 0.07361111111111111,
  "Aaron Judge": 0.16771734626704765,
  "Austin Riley": 0.14580631435174196,
  "Giancarlo Stanton": 0.14177995631406012,
  "DJ LeMahieu": 0.06348512255885178,
  "Adam Duvall": 0.14286216613320352,
  "Gleyber Torres": 0.08392857142857142,
  "Ozzie Albies": 0.09809501514981239,
  "Travis d'Arnaud": 0.09761904761904762,
  "Anthony Volpe": 0.06846026487452593,
  "Marcell Ozuna": 0.16578215525295528,
  "Jose Trevino": 0.06327168417677198,
  "Orlando Arcia": 0.08148460049689685,
  "Matt Olson": 0.13216281714990466,
  "Sean Murphy": 0.11350849136178641,
  "Austin Wells": 0.07361111111111111,
  "Jarred Kelenic": 0.08333291182490057,
  "Juan Soto": 0.11954226002886961,
  "Alex Verdugo": 0.060000000000000005,
  "Ram\u00f3n Laureano": 0.0797323793544895,
  "Jahmai Jones": 0.06532497435997958,
  "Oswaldo Cabrera": 0.05641534840704613,
  "Ben Rice": 0.08893628301523038,
  "Tyler Stephenson": 0.10757575757575757,
  "Rafael Devers": 0.14756670803636648,
  "Jonathan India": 0.09587143007092559,
  "Connor Wong": 0.13033633381526782,
  "TJ Friedl": 0.12505202972472262,
  "Rob Refsnyder": 0.08963203463203463,
  "Jake Fraley": 0.09536796427779105,
  "Spencer Steer": 0.12011495069136452,
  "Jarren Duran": 0.08034577825365159,
  "Enmanuel Valdez": 0.1028122887788389,
  "Ceddanne Rafaela": 0.10211971923927703,
  "David Hamilton": 0.07361111111111111,
  "Elly De La Cruz": 0.12858484786914978,
  "Masataka Yoshida": 0.08239245891259872,
  "Will Benson": 0.1165873783325228,
  "Dominic Smith": 0.07361111111111111,
  "Tyler O'Neill": 0.18967727945499516,
  "Jeimer Candelario": 0.1343825034917894,
  "Santiago Espinal": 0.07055200786010306,
  "Bobby Dalbec": 0.13968720304273638,
  "Romy Gonzalez": 0.11983459755893587,
  "Luke Maile": 0.0993864362285415,
  "Jacob Hurtubise": 0.03333333333333333,
  "Addison Barger": 0.09564242059811613,
  "Andres Gimenez": 0.07160003806430991,
  "Austin Hedges": 0.060070823808645084,
  "Brayan Rocchio": 0.05886224927947898,
  "Danny Jansen": 0.12282828407459702,
  "Daulton Varsho": 0.1145381099818974,
  "Davis Schneider": 0.13772937033636964,
  "George Springer": 0.08099272288161177,
  "Johnathan Rodriguez": 0.0961950610311266,
  "Jose Ramirez": 0.12732306979462937,
  "Josh Naylor": 0.11791383147270144,
  "Justin Turner": 0.093687785243224,
  "Orelvis Martinez": 0.10187838763763932,
  "Steven Kwan": 0.0541622165803819,
  "Tyler Freeman": 0.08768150280055041,
  "Vladimir Guerrero Jr.": 0.120472317297041,
  "Will Brennan": 0.06973515152572744,
  "Isiah Kiner-Falefa": 0.05310610994565789,
  "Ernie Clement": 0.060000000000000005,
  "David Fry": 0.10757575757575757,
  "Bo Naylor": 0.09761904761904762,
  "Alejandro Kirk": 0.060000000000000005,
  "Spencer Horwitz": 0.07361111111111111,
  "Dylan Moore": 0.11537208760884027,
  "Jesus Sanchez": 0.08185988543964048,
  "J.P. Crawford": 0.05749322247332003,
  "Mitch Haniger": 0.09360080732633386,
  "Jazz Chisholm Jr.": 0.09360235220392281,
  "Nick Fortes": 0.05301958264358055,
  "Cal Raleigh": 0.12627451454142427,
  "Ty France": 0.07615271117068502,
  "Julio Rodriguez": 0.10236490601955499,
  "Bryan De La Cruz": 0.08683234220311822,
  "Josh Bell": 0.07035216995257458,
  "Mitch Garver": 0.12134915918778806,
  "Nick Gordon": 0.060000000000000005,
  "Jake Burger": 0.09202066802899664,
  "Tim Anderson": 0.05860156867059998,
  "Emmanuel Rivera": 0.06155235963090523,
  "Otto Lopez": 0.055794396772455915,
  "Victor Robles": 0.057747875543784646,
  "Ryan Bliss": 0.07050190975377282,
  "Tyler Locklear": 0.07361111111111111,
  "Luke Raley": 0.09523809523809523,
  "Josh Rojas": 0.05405405405405406,
  "Salvador Perez": 0.1295695168710521,
  "Leody Taveras": 0.06848454597032703,
  "Adolis Garcia": 0.14778903070416666,
  "Nathaniel Lowe": 0.07600271908011846,
  "Kyle Isbel": 0.056673590863606335,
  "Corey Seager": 0.14611249508289578,
  "Ezequiel Duran": 0.060000000000000005,
  "MJ Melendez": 0.11281892896186167,
  "Bobby Witt Jr.": 0.1056464109660831,
  "Marcus Semien": 0.09408304285945451,
  "Dairon Blanco": 0.060000000000000005,
  "Josh Smith": 0.07352169612975884,
  "Vinnie Pasquantino": 0.11084745953351617,
  "Freddy Fermin": 0.06858525387686862,
  "Nelson Velazquez": 0.09761904761904762,
  "Robbie Grossman": 0.060000000000000005,
  "Garrett Hampson": 0.060000000000000005,
  "Wyatt Langford": 0.07943311398282157,
  "Hunter Renfroe": 0.10491030806551696,
  "Jonah Heim": 0.0820012011503335,
  "Nick Loftin": 0.057165197114141295,
  "Maikel Garcia": 0.06525199567031466,
  "Travis Jankowski": 0.05513145151179916,
  "Jose Altuve": 0.08836396630777879,
  "Yordan Alvarez": 0.14066803160069422,