{
  "Max Kepler": 0.11242424242424243,
  "Seth Brown": 0.08091213950368879,
  "Byron Buxton": 0.13358585858585859,
  "Royce Lewis": 0.19779077691786778,
  "Ryan Jeffers": 0.1285212748012174,
  "Carlos Correa": 0.12448082593734769,
  "Trevor Larnach": 0.14057964866270425,
  "Jose Miranda": 0.11266626888820523,
  "Brent Rooker": 0.1581192817240452,
  "Shea Langeliers": 0.15448773448773448,
  "JJ Bleday": 0.1255413604188114,
  "Christian Vazquez": 0.060000000000000005,
  "Willi Castro": 0.11044406305838089,
  "Tyler Soderstrom": 0.11622616423745626,
  "Zack Gelof": 0.09761904761904762,
  "Miguel Andujar": 0.09752415803804985,
  "Manuel Margot": 0.08594036204975317,
  "J.D. Davis": 0.1239773442271212,
  "Max Schuemann": 0.07666772106180503,
  "Daz Cameron": 0.10521051332410358,
  "Abraham Toro": 0.09766688129968643,
  "Kyle McCann": 0.12499883011562656,
  "Carlos Santana": 0.14067273135669364,
  "Austin Martin": 0.08608009923799398,
  "Ian Happ": 0.08681454225614872,
  "Matt Carpenter": 0.08392857142857142,
  "Paul Goldschmidt": 0.1505217914778421,
  "Miguel Amaya": 0.060000000000000005,
  "Dylan Carlson": 0.08238404498826593,
  "Nico Hoerner": 0.05752902568619628,
  "Ivan Herrera": 0.1025002685100391,
  "Seiya Suzuki": 0.10548195964504499,
  "Brendan Donovan": 0.06556820119352089,
  "Christopher Morel": 0.13223691500873963,
  "Alec Burleson": 0.08819143606725306,
  "Nolan Gorman": 0.1395376713342259,
  "Nolan Arenado": 0.16158138704080438,
  "Cody Bellinger": 0.09916455626525587,
  "Mike Tauchman": 0.06390342435441919,
  "Masyn Winn": 0.09351090331482488,
  "Pedro Pages": 0.101277258215114,
  "Michael Siani": 0.05489655172413793,
  "Pete Crow-Armstrong": 0.07835671595934321,
  "Dansby Swanson": 0.08980849304378716,
  "Michael Busch": 0.07361111111111111,
  "Yan Gomes": 0.08842560947824105,
  "Addison Barger": 0.10560568086883877,
  "Andres Gimenez": 0.06994844679138955,
  "Bo Naylor": 0.09707110914541256,
  "Brayan Rocchio": 0.06509654954099399,
  "Daniel Schneemann": 0.06927303252978677,
  "Danny Jansen": 0.13624196264093963,
  "Daulton Varsho": 0.11175813237172265,
  "David Fry": 0.10671174731967081,
  "George Springer": 0.08233512824966707,
  "Isiah Kiner-Falefa": 0.05977845879826078,
  "Josh Naylor": 0.10716736310651566,
  "Justin Turner": 0.10562169312169312,
  "Kevin Kiermaier": 0.05693715293279991,
  "Spencer Horwitz": 0.07508893546662387,
  "Tyler Freeman": 0.07646160533818482,
  "Vladimir Guerrero Jr.": 0.11980805426457601,
  "Will Brennan": 0.08148335002971593,
  "Steven Kwan": 0.05360347634949289,
  "Bo Bichette": 0.07361111111111111,
  "Gabriel Arias": 0.060000000000000005,
  "Alejandro Kirk": 0.060000000000000005,
  "Ernie Clement": 0.060000000000000005,
  "Davis Schneider": 0.12000000000000001,
  "Anthony Santander": 0.13108262149774774,
  "Austin Hays": 0.07361111111111111,
  "Bryce Harper": 0.1313854935741713,
  "Cedric Mullins": 0.07931901655774043,
  "Alec Bohm": 0.07163441802769867,
  "Jorge Mateo": 0.060000000000000005,
  "Ryan Mountcastle": 0.09586018990760257,
  "Kyle Schwarber": 0.17103858800346197,
  "Nick Castellanos": 0.08511432812903401,
  "Bryson Stott": 0.0672181411454573,
  "Garrett Stubbs": 0.05770544667103702,
  "Adley Rutschman": 0.10771514983248064,
  "Edmundo Sosa": 0.06739889511409006,
  "Gunnar Henderson": 0.15038205978926197,
  "Johan Rojas": 0.05178741052913238,
  "Jordan Westburg": 0.08889532620827771,
  "James McCann": 0.07361111111111111,
  "Ryan O'Hearn": 0.09518331222742545,
  "Whit Merrifield": 0.060000000000000005,
  "David Dahl": 0.08392857142857142,
  "Colton Cowser": 0.08667980586410239,
  "Brandon Marsh": 0.09200469931562369,
  "Ramon Urias": 0.07432510543140103,
  "Austin Slater": 0.06812785627783383,
  "Luis Rengifo": 0.059839707334188565,
  "Mike Yastrzemski": 0.08403275245380509,
  "Taylor Ward": 0.09169835798701276,
  "Wilmer Flores": 0.07628642209844257,
  "Heliot Ramos": 0.10050154396783707,
  "Logan O'Hoppe": 0.10230680145475896,
  "Thairo Estrada": 0.07079461761375848,
  "Michael Stefanic": 0.060000000000000005,
  "Jo Adell": 0.0739688830161976,
  "Mickey Moniak": 0.08552166511720012,
  "Nolan Schanuel": 0.05110139865466672,
  "Patrick Bailey": 0.07361111111111111,
  "Zach Neto": 0.08470868108053188,
  "Michael Conforto": 0.07361111111111111,
  "Jorge Soler": 0.14063147656954744,
  "Matt Chapman": 0.13068964477951162,
  "Willie Calhoun": 0.060000000000000005,
  "Kevin Pillar": 0.07129656875897478,
  "Curt Casali": 0.0788961038961039,
  "Nick Ahmed": 0.05775898981207008,
  "Luis Guillorme": 0.04960784313725491,
  "Jesus Sanchez": 0.0982873255595771,
  "Jazz Chisholm Jr.": 0.09761904761904762,
  "Luis Garcia Jr.": 0.060000000000000005,
  "Lane Thomas": 0.12049323154821877,
  "Bryan De La Cruz": 0.11966581161145441,
  "Keibert Ruiz": 0.060000000000000005,
  "Nick Fortes": 0.07361111111111111,
  "CJ Abrams": 0.07795675775457811,
  "Josh Bell": 0.12186120671334273,
  "Joey Meneses": 0.10997003598124198,
  "Jake Burger": 0.16154617579209737,
  "Jacob Young": 0.05505638048038136,
  "Nick Senzel": 0.07929144309750442,
  "Tim Anderson": 0.08070132756704355,
  "Nick Gordon": 0.07361111111111111,
  "Jesse Winker": 0.0701645456050687,
  "Eddie Rosario": 0.08392857142857142,
  "Emmanuel Rivera": 0.0851715302641413,
  "Otto Lopez": 0.060000000000000005,
  "Christian Bethancourt": 0.11089526353280688,
  "Drew Millas": 0.08733470038733196,
  "Ildemaro Vargas": 0.0928461844530905,
  "Vidal Brujan": 0.09431453233974242,
  "Trey Lipscomb": 0.07238431503137385,
  "Dane Myers": 0.09290373351318625,
  "Austin Riley": 0.15620261431583707,
  "Ozzie Albies": 0.11522799013737135,
  "Brandon Lowe": 0.12735478701262493,
  "Yandy Diaz": 0.09095512092382202,
  "Adam Duvall": 0.15090439668354932,
  "Josh Lowe": 0.09745002032807815,
  "Taylor Walls": 0.060000000000000005,
  "Travis d'Arnaud": 0.10757575757575757,
  "Randy Arozarena": 0.10809973982962919,
  "Marcell Ozuna": 0.19186961683834064,
  "Matt Olson": 0.17790695215338156,
  "Orlando Arcia": 0.09606557156956953,
  "Isaac Paredes": 0.10759968964341837,
  "Jose Siri": 0.10059847599519928,
  "Sean Murphy": 0.1352397943428112,
  "Amed Rosario": 0.07808045104695822,
  "Jarred Kelenic": 0.09896125545767122,
  "Jose Caballero": 0.060000000000000005,
  "Ben Rortvedt": 0.06460431738429044,
  "Jonny Deluca": 0.060000000000000005,
  "Alex Jackson": 0.060000000000000005,
  "Richie Palacios": 0.0768577345935345,
  "Christian Yelich": 0.10069494019779147,
  "Willy Adames": 0.1643783386248305,
  "TJ Friedl": 0.08165480333048175,
  "Jake Fraley": 0.07693458959422513,
  "Tyler Stephenson": 0.09492678682819528,
  "Jonathan India": 0.07231266436275173,
  "Brice Turang": 0.05992861769903712,
  "Spencer Steer": 0.1047056170532983,
  "Elly De La Cruz": 0.09719563532548393,
  "Will Benson": 0.08807468600903802,
  "William Contreras": 0.14000999900527053,
  "Blake Perkins": 0.07693206635103457,
  "Jacob Hurtubise": 0.046659308314937455,
  "Sal Frelick": 0.05007062146892655,
  "Jackson Chourio": 0.10463463365785475,
  "Jake Bauers": 0.08392857142857142,
  "Jeimer Candelario": 0.10590102843067271,
  "Rhys Hoskins": 0.18546579571601518,
  "Oliver Dunn": 0.05007062146892655,
  "Joey Ortiz": 0.09980188819296175,
  "Santiago Espinal": 0.05007062146892655,
  "Gary Sanchez": 0.17863199191154572,
  "Nick Martini": 0.0870256021571811,
  "Andruw Monasterio": 0.07600777076250607,
  "Jose Altuve": 0.09735230248900506,
  "Alex Bregman": 0.09829006666890146,
  "Yordan Alvarez": 0.15305026485983866,
  "Chas McCormick": 0.060000000000000005,
  "Jeremy Pena": 0.07599490204139284,
  "Jake Meyers": 0.08047286089081754,
  "Mauricio Dubon": 0.06706174571547617,
  "Yainer Diaz": 0.10248266231984006,
  "Wenceel Perez": 0.07996165818663238,
  "Riley Greene": 0.10691940635122453,
  "Jon Singleton": 0.08032840679899503,
  "Matt Vierling": 0.10120228774860326,
  "Carson Kelly": 0.08055786100448409,
  "Mark Canha": 0.07776856404307385,
  "Colt Keith": 0.090957084329081,
  "Justyn-Henry Malloy": 0.09169404917962264,