{
  "Matt Chapman": 0.15795137589980637,
  "Jerar Encarnaci\u00f3n": 0.13016876227873672,
  "Mike Yastrzemski": 0.15368041139773245,
  "Michael Conforto": 0.11454800719628018,
  "Tyler Fitzgerald": 0.10882967008126855,
  "LaMonte Wade Jr.": 0.11233684053331477,
  "Spencer Steer": 0.11225188332017479,
  "Jonathan India": 0.08887615753226082,
  "Santiago Espinal": 0.07665249237617658,
  "Ty France": 0.09745815065537489,
  "Jeimer Candelario": 0.10539664919583042,
  "Elly De La Cruz": 0.08960121856639854,
  "Brett Wisely": 0.08526462497191291,
  "Luke Maile": 0.08842726173591418,
  "Patrick Bailey": 0.0910686142266288,
  "Curt Casali": 0.06584582617698352,
  "Stuart Fairchild": 0.08957138784107603,
  "Noelvi Marte": 0.08794869586742134,
  "Heliot Ramos": 0.09761904761904762,
  "TJ Friedl": 0.060000000000000005,
  "Tyler Stephenson": 0.12000000000000001,
  "Marco Luciano": 0.08392857142857142,
  "Oneil Cruz": 0.14085468692165087,
  "Joc Pederson": 0.11656167942217144,
  "Bryan De La Cruz": 0.10917320028913052,
  "Bryan Reynolds": 0.11380985629833557,
  "Eugenio Suarez": 0.08380720070894021,
  "Ketel Marte": 0.0893935503834933,
  "Josh Bell": 0.07826329144815734,
  "Rowdy Tellez": 0.09549195518110774,
  "Joey Bart": 0.09619471240682716,
  "Yasmani Grandal": 0.07742972664656295,
  "Corbin Carroll": 0.07164154706612515,
  "Alek Thomas": 0.06569333221751061,
  "Jose Herrera": 0.06801801801801803,
  "Jared Triolo": 0.06736458453899058,
  "Ji Hwan Bae": 0.0577799116083232,
  "Geraldo Perdomo": 0.05168184286227462,
  "Jake McCarthy": 0.04867923697912571,
  "Andrew McCutchen": 0.09761904761904762,
  "Ke'Bryan Hayes": 0.060000000000000005,
  "Lourdes Gurriel Jr.": 0.07361111111111111,
  "Gabriel Moreno": 0.060000000000000005,
  "Michael A. Taylor": 0.07361111111111111,
  "Kevin Newman": 0.049999999999999996,
  "Marcell Ozuna": 0.1522388479937679,
  "Austin Riley": 0.11965048121179768,
  "Matt Olson": 0.11075645358421511,
  "Jorge Soler": 0.10998984222586707,
  "Jake Burger": 0.10458186909140559,
  "Sean Murphy": 0.09180390834427586,
  "Orlando Arcia": 0.07993231682047348,
  "Jarred Kelenic": 0.09420831423151664,
  "Jesus Sanchez": 0.06985271705059125,
  "Eddie Rosario": 0.07834879739272113,
  "David Hensley": 0.06012344348920771,
  "Cristian Pache": 0.052686007844134124,
  "Emmanuel Rivera": 0.05686077645145821,
  "Jonah Bride": 0.05882863558759882,
  "Whit Merrifield": 0.05712423366767966,
  "Ali Sanchez": 0.05802735353631677,
  "Otto Lopez": 0.04635347844647063,
  "Xavier Edwards": 0.04930135825961898,
  "Travis d'Arnaud": 0.13333333333333333,
  "Nick Gordon": 0.060000000000000005,
  "Vidal Brujan": 0.060000000000000005,
  "Rhys Hoskins": 0.15322464990923282,
  "Gary Sanchez": 0.13946865062403183,
  "Willy Adames": 0.13099621594430014,
  "CJ Abrams": 0.10264249794993614,
  "William Contreras": 0.11352379992207291,
  "Travis Blankenhorn": 0.1219969040247678,
  "Juan Yepez": 0.09612026019179011,
  "James Wood": 0.08186347865251413,
  "Luis Garcia Jr.": 0.07630695378962561,
  "Blake Perkins": 0.06224688320142866,
  "Keibert Ruiz": 0.07729768910666798,
  "Garrett Mitchell": 0.07558467574092574,
  "Jackson Chourio": 0.09294082084592248,
  "Andruw Monasterio": 0.09244187777069207,
  "Alex Call": 0.07561866306823485,
  "Joey Ortiz": 0.07409313443660215,
  "Trey Lipscomb": 0.06142345915273282,
  "Jacob Young": 0.05182270700774791,
  "Ildemaro Vargas": 0.049999999999999996,
  "Brice Turang": 0.060000000000000005,
  "Sal Frelick": 0.060000000000000005,
  "Jake Bauers": 0.09761904761904762,
  "Harold Ramirez": 0.060000000000000005,
  "Aaron Judge": 0.24537352394187295,
  "Giancarlo Stanton": 0.18335942034262565,
  "Juan Soto": 0.14533794451496876,
  "Vladimir Guerrero Jr.": 0.11271832340464327,
  "Daulton Varsho": 0.1116638821291841,
  "Jazz Chisholm Jr.": 0.10214272994705231,
  "Austin Wells": 0.10668392927292386,
  "Davis Schneider": 0.09906869087196955,
  "Trent Grisham": 0.1074137069826725,
  "Gleyber Torres": 0.09796367820278402,
  "Joey Loperfido": 0.08986646469456926,
  "DJ LeMahieu": 0.08738869573170399,
  "Spencer Horwitz": 0.08427003304972991,
  "Addison Barger": 0.10728386918362166,
  "Ernie Clement": 0.06623687937864778,
  "Anthony Volpe": 0.07428567330528114,
  "Alejandro Kirk": 0.06562353946799707,
  "George Springer": 0.09761904761904762,
  "Oswaldo Cabrera": 0.060000000000000005,
  "Leo Jimenez": 0.060000000000000005,
  "Alex Verdugo": 0.07361111111111111,
  "Ben Rice": 0.09761904761904762,
  "Anthony Santander": 0.12180427202105067,
  "Gunnar Henderson": 0.11515216560932673,
  "Colton Cowser": 0.09498013435845017,
  "Eloy Jimenez": 0.11481690140845072,
  "Lane Thomas": 0.08302167428550655,
  "Jose Ramirez": 0.09003061150631113,
  "Ryan O'Hearn": 0.08647729936266713,
  "Josh Naylor": 0.09011604437559151,
  "David Fry": 0.07981518476342807,
  "Adley Rutschman": 0.08790237221833747,
  "Coby Mayo": 0.09324820570723624,
  "Tyler Freeman": 0.0736826118706786,
  "Cedric Mullins": 0.06951946471066765,
  "Daniel Schneemann": 0.06501771150542811,
  "Jackson Holliday": 0.0793703197895078,
  "Austin Hedges": 0.05342330590674962,
  "Steven Kwan": 0.044862359019529605,
  "Andres Gimenez": 0.04769376197764201,
  "Ramon Urias": 0.060000000000000005,
  "Ryan Mountcastle": 0.07361111111111111,
  "Jhonkensy Noel": 0.17142857142857143,
  "Brayan Rocchio": 0.060000000000000005,
  "Angel Martinez": 0.060000000000000005,
  "Bo Naylor": 0.060000000000000005,
  "Bobby Witt Jr.": 0.10842469488121662,
  "Salvador Perez": 0.12465468166764762,
  "Hunter Renfroe": 0.09932170727822902,
  "Vinnie Pasquantino": 0.08868188222900766,
  "Paul DeJong": 0.10835105985968053,
  "Justyn-Henry Malloy": 0.07244613825025395,
  "Matt Vierling": 0.07259892642284412,
  "Freddy Fermin": 0.07636384346784267,
  "Javier Baez": 0.06635632440244217,
  "Wenceel Perez": 0.05825089982309234,
  "Dillon Dingler": 0.09931589797635226,
  "Colt Keith": 0.06040915572475856,
  "Bligh Madris": 0.07001213019806826,
  "Maikel Garcia": 0.0713188846776633,
  "Gio Urshela": 0.05780403270145771,
  "Garrett Hampson": 0.06965390930908173,
  "Zach McKinstry": 0.0884040404040404,
  "Dairon Blanco": 0.07617316017316017,
  "Byron Buxton": 0.17798794424700223,
  "Royce Lewis": 0.14954782716783774,
  "Luis Robert Jr.": 0.10797485836639192,
  "Max Kepler": 0.10696007834152939,
  "Matt Wallner": 0.14843743414315186,
  "Trevor Larnach": 0.10500684245255075,
  "Jose Miranda": 0.12124506857558917,
  "Miguel Vargas": 0.06858931234700498,
  "Andrew Vaughn": 0.08398105008485125,
  "Nick Senzel": 0.06395280386152598,
  "Willi Castro": 0.08786271515373682,
  "Austin Martin": 0.07702117674676076,
  "Korey Lee": 0.07156055970464367,
  "Lenyn Sosa": 0.05510592328962462,
  "Brooks Baldwin": 0.055454743823326054,
  "Andrew Benintendi": 0.05645039053459508,
  "Christian Vazquez": 0.057411947503975214,
  "Nicky Lopez": 0.04991176939003026,
  "Gavin Sheets": 0.060000000000000005,
  "Ryan Jeffers": 0.12000000000000001,
  "Dominic Fletcher": 0.060000000000000005,
  "Carlos Santana": 0.09761904761904762,
  "Brooks Lee": 0.07361111111111111,
  "Manuel Margot": 0.060000000000000005,
  "Yordan Alvarez": 0.14683422247300137,
  "Brandon Lowe": 0.11010372036160614,
  "Josh Lowe": 0.08610311545426878,
  "Jose Siri": 0.08529818012061928,
  "Yandy Diaz": 0.08082331597957114,
  "Jose Altuve": 0.09170044072984694,
  "Alex Bregman": 0.08770195867589657,
  "Yainer Diaz": 0.08290321008455485,
  "Chas McCormick": 0.09400521834666949,
  "Kameron Misner": 0.07484918821552485,
  "Mauricio Dubon": 0.07015068670691664,
  "Jon Singleton": 0.06843643803611124,
  "Pedro Le\u00f3n": 0.0731163197072288,
  "Dylan Carlson": 0.06867992277083186,
  "Taylor Walls": 0.05691079896509593,
  "Jeremy Pena": 0.0656875741942645,
  "Ben Rortvedt": 0.05420079762036564,
  "Curtis Mead": 0.07700193610239554,
  "Jake Meyers": 0.08392857142857142,
  "Victor Caratini": 0.08392857142857142,
  "Jonny Deluca": 0.07361111111111111,
  "Christopher Morel": 0.12000000000000001,