{
  "Anthony Santander": 0.14004848882954354,
  "Gunnar Henderson": 0.12715248170339702,
  "Jose Ramirez": 0.1361055702067758,
  "Colton Cowser": 0.10819177048167472,
  "Jhonkensy Noel": 0.11963237944879727,
  "Ryan O'Hearn": 0.09452179146135352,
  "Lane Thomas": 0.10395565115663657,
  "Adley Rutschman": 0.0952391055617584,
  "Ryan Mountcastle": 0.10297437805060604,
  "Josh Naylor": 0.08168200330779253,
  "David Fry": 0.09241664221604652,
  "Cedric Mullins": 0.08732752923542397,
  "Bo Naylor": 0.06546104486351143,
  "Ramon Urias": 0.08123947300158475,
  "Jackson Holliday": 0.07330083585249755,
  "Steven Kwan": 0.055399148355611334,
  "Tyler Freeman": 0.07120008141778476,
  "Brayan Rocchio": 0.061351962310402984,
  "Andres Gimenez": 0.060000000000000005,
  "Angel Martinez": 0.060000000000000005,
  "Daniel Schneemann": 0.07361111111111111,
  "Salvador Perez": 0.14723893897249216,
  "Bobby Witt Jr.": 0.1307101403557719,
  "Hunter Renfroe": 0.1123726238575078,
  "Vinnie Pasquantino": 0.09361529899847798,
  "Michael Massey": 0.08033735871971166,
  "Dillon Dingler": 0.0841162857690563,
  "Matt Vierling": 0.07800412433527507,
  "Freddy Fermin": 0.07827903159547644,
  "Maikel Garcia": 0.06817874664534151,
  "Garrett Hampson": 0.05213974637677854,
  "Justyn-Henry Malloy": 0.0675196656236017,
  "Ryan Kreidler": 0.05897340309055916,
  "Wenceel Perez": 0.05491594099791672,
  "Kyle Isbel": 0.055427828979802245,
  "Colt Keith": 0.057881627706606154,
  "Bligh Madris": 0.06164197082513914,
  "Gio Urshela": 0.06396784486990673,
  "Zach McKinstry": 0.0603003616262488,
  "MJ Melendez": 0.09761904761904762,
  "Paul DeJong": 0.09761904761904762,
  "Andy Ibanez": 0.060000000000000005,
  "Jake Rogers": 0.060000000000000005,
  "Marcell Ozuna": 0.1632823907962893,
  "Austin Riley": 0.1323183558104626,
  "Jake Burger": 0.10961444051117963,
  "Matt Olson": 0.11536651617168607,
  "Jorge Soler": 0.11820773258852839,
  "Jesus Sanchez": 0.08665110246754731,
  "Sean Murphy": 0.10008377767315785,
  "Jarred Kelenic": 0.08583393951997753,
  "Eddie Rosario": 0.08264152202501805,
  "Orlando Arcia": 0.07706487482576412,
  "Nick Fortes": 0.05349666110281515,
  "Kyle Stowers": 0.07251472235583284,
  "Otto Lopez": 0.0595769078144458,
  "Nick Gordon": 0.06041974158142138,
  "Jonah Bride": 0.14254848610045937,
  "Forrest Wall": 0.05858404852723035,
  "Whit Merrifield": 0.05642387748660675,
  "Xavier Edwards": 0.05060105140395878,
  "Vidal Brujan": 0.060000000000000005,
  "Emmanuel Rivera": 0.07361111111111111,
  "Ali Sanchez": 0.060000000000000005,
  "Miguel Amaya": 0.06781540829366917,
  "Ian Happ": 0.09477227105244711,
  "Paul Goldschmidt": 0.14208119757320298,
  "Nico Hoerner": 0.0558760345249707,
  "Seiya Suzuki": 0.10413889523587512,
  "Lars Nootbaar": 0.06820026383563803,
  "Brendan Donovan": 0.0628369537579943,
  "Nolan Arenado": 0.12748281048121982,
  "Nolan Gorman": 0.13333333333333333,
  "Alec Burleson": 0.054124579124579124,
  "Willson Contreras": 0.14865102666625188,
  "Cody Bellinger": 0.09135956176475792,
  "Masyn Winn": 0.08221460090370317,
  "Pete Crow-Armstrong": 0.06255515354337345,
  "Michael Siani": 0.06116153127917834,
  "Dansby Swanson": 0.0812205071188455,
  "Mike Tauchman": 0.049999999999999996,
  "Michael Busch": 0.07345197076492226,
  "Tommy Pham": 0.10646243438430443,
  "Isaac Paredes": 0.09561434251387836,
  "Pedro Pages": 0.07494996158741063,
  "Charlie Blackmon": 0.11210060892576763,
  "Brendan Rodgers": 0.07398300993447045,
  "Ryan McMahon": 0.11701375130116744,
  "Luis Rengifo": 0.07361111111111111,
  "Taylor Ward": 0.09258356422973908,
  "Jo Adell": 0.10719880485763111,
  "Elias Diaz": 0.060000000000000005,
  "Ezequiel Tovar": 0.1086145826910941,
  "Kris Bryant": 0.09761904761904762,
  "Logan O'Hoppe": 0.1108908019729631,
  "Mickey Moniak": 0.1256160956620854,
  "Zach Neto": 0.08518367891600413,
  "Michael Toglia": 0.11590084610223485,
  "Brenton Doyle": 0.10349781606544535,
  "Brandon Drury": 0.07762025498746551,
  "Nolan Schanuel": 0.06430579488257383,
  "Willie Calhoun": 0.08217402611871598,
  "Jake Cave": 0.07809610952445181,
  "Sam Hilliard": 0.11335800245048001,
  "Jacob Stallings": 0.06519677668049935,
  "Michael Stefanic": 0.059097163586327675
}