{
  "Alika Williams": 0.08191888232382691,
  "Andrew McCutchen": 0.12134720130629592,
  "Brandon Drury": 0.1311673219886033,
  "Bryan Reynolds": 0.10872101741134789,
  "Cole Tucker": 0.08014677725025887,
  "Connor Joe": 0.10068354754392675,
  "Ehire Adrianza": 0.07860848180645885,
  "Jack Suwinski": 0.11360912486254704,
  "Jared Triolo": 0.0759546904105105,
  "Jo Adell": 0.1220035286863279,
  "Joey Bart": 0.08302973422886972,
  "Kevin Pillar": 0.1342674917585786,
  "Logan O'Hoppe": 0.13387957629251188,
  "Oneil Cruz": 0.11684838061623395,
  "Rowdy Tellez": 0.11101651628165683,
  "Taylor Ward": 0.12014579399791,
  "Willie Calhoun": 0.07249556280581589,
  "Zach Neto": 0.10381404603626826,
  "Luis Rengifo": 0.09761904761904762,
  "Ke'Bryan Hayes": 0.060000000000000005,
  "Mickey Moniak": 0.09761904761904762,
  "Nolan Schanuel": 0.060000000000000005,
  "Edward Olivares": 0.08392857142857142,
  "Michael A. Taylor": 0.060000000000000005,
  "Alec Bohm": 0.09693947429662837,
  "Bo Bichette": 0.08735835792984083,
  "Brandon Marsh": 0.12788969195792382,
  "Bryce Harper": 0.1964905228000465,
  "Bryson Stott": 0.09163743110322344,
  "Danny Jansen": 0.14816152442677413,
  "Daulton Varsho": 0.12938638986246503,
  "Davis Schneider": 0.11283097469586423,
  "Edmundo Sosa": 0.08426012625088951,
  "George Springer": 0.10526243551454949,
  "Isiah Kiner-Falefa": 0.06812181196287156,
  "J.T. Realmuto": 0.15097502041315952,
  "Johan Rojas": 0.06294397677959854,
  "Justin Turner": 0.12035345176726589,
  "Kevin Kiermaier": 0.07964457880471318,
  "Kyle Schwarber": 0.24674785794693305,
  "Nick Castellanos": 0.12458743738669671,
  "Vladimir Guerrero Jr.": 0.1443548810659087,
  "Cavan Biggio": 0.04952671755725191,
  "Alejandro Kirk": 0.060000000000000005,
  "Whit Merrifield": 0.060000000000000005,
  "Andres Gimenez": 0.08132349339275699,
  "Andy Ibanez": 0.10002771951672455,
  "Austin Hedges": 0.06116133928400196,
  "Brayan Rocchio": 0.06271812648988664,
  "Colt Keith": 0.10151808010765309,
  "David Fry": 0.09825445977716378,
  "Estevan Florial": 0.09315260981338734,
  "Gabriel Arias": 0.09028152115745978,
  "Jake Rogers": 0.08902614525566051,
  "Javier Baez": 0.09588658819656065,
  "Jose Ramirez": 0.1200837375597438,
  "Josh Naylor": 0.12793231854032175,
  "Kerry Carpenter": 0.1177121211313547,
  "Riley Greene": 0.1302135186141485,
  "Spencer Torkelson": 0.13902206989828994,
  "Wenceel Perez": 0.10165909140395828,
  "Will Brennan": 0.08477019210321884,
  "Zach McKinstry": 0.09909466178816023,
  "Tyler Freeman": 0.060000000000000005,
  "Bo Naylor": 0.09761904761904762,
  "Matt Vierling": 0.08392857142857142,
  "Mark Canha": 0.08392857142857142,
  "Ramon Laureano": 0.060000000000000005,
  "Alec Burleson": 0.09429531341296048,
  "Brandon Nimmo": 0.09103348001808412,
  "Brett Baty": 0.07136545671193936,
  "Dylan Carlson": 0.07904643977177965,
  "Francisco Lindor": 0.11450524414196232,
  "Harrison Bader": 0.07885951694907788,
  "Ivan Herrera": 0.09437567867063844,
  "J. D. Martinez": 0.128824771884292,
  "Jose Fermin": 0.0742455300915666,
  "Lars Nootbaar": 0.09016892266479877,
  "Masyn Winn": 0.07726150684337736,
  "Michael Siani": 0.06865079365079364,
  "Nolan Arenado": 0.13672629868559186,
  "Pete Alonso": 0.1267567686511786,
  "Tyrone Taylor": 0.12265450009671888,
  "Paul Goldschmidt": 0.10757575757575757,
  "Jeff McNeil": 0.060000000000000005,
  "Brendan Donovan": 0.055407407407407405,
  "Nolan Gorman": 0.08392857142857142,
  "Starling Marte": 0.0792156862745098,
  "DJ Stewart": 0.08392857142857142,
  "Willson Contreras": 0.13358585858585859,
  "Joey Wendle": 0.06023313492063492,
  "Pedro Pages": 0.07086988304093567,
  "Omar Narvaez": 0.0557076150418635,
  "Blake Perkins": 0.06424295271295667,
  "Bobby Witt Jr.": 0.11171006414039268,
  "Brice Turang": 0.06639330340822143,
  "Christian Yelich": 0.11599827722297307,
  "Freddy Fermin": 0.07642004851031425,
  "Gary Sanchez": 0.13650864602971882,
  "Hunter Renfroe": 0.10066869258836367,
  "Jake Bauers": 0.10779265571744898,
  "Kyle Isbel": 0.06454839410684939,
  "Maikel Garcia": 0.07656878767943276,
  "Michael Massey": 0.1009414719510048,
  "MJ Melendez": 0.124803837232571,
  "Oliver Dunn": 0.09145650584795322,
  "Vinnie Pasquantino": 0.10950206789834722,
  "William Contreras": 0.1330264776380513,
  "Willy Adames": 0.11868162796634045,
  "Salvador Perez": 0.13358585858585859,
  "Sal Frelick": 0.05846903184586602,
  "Nelson Velazquez": 0.08392857142857142,
  "Jackson Chourio": 0.07361111111111111,
  "Adam Frazier": 0.053536728890695814,
  "Joey Ortiz": 0.07361111111111111,
  "Rhys Hoskins": 0.12000000000000001,
  "Tyler Black": 0.08392857142857142,
  "Christopher Morel": 0.12800474329951025,
  "Cody Bellinger": 0.11814357125420342,
  "Fernando Tatis Jr.": 0.1489985105757332,
  "Ha-Seong Kim": 0.0654962061289049,
  "Ian Happ": 0.08857328794303584,
  "Jackson Merrill": 0.08316001990219712,
  "Jake Cronenworth": 0.09261010174174114,
  "Jurickson Profar": 0.07832488033726424,
  "Luis Arraez": 0.057576276433892334,
  "Luis Campusano": 0.08822631874977803,
  "Manny Machado": 0.1240747294103296,
  "Michael Busch": 0.09034334373882995,
  "Mike Tauchman": 0.0732847457463768,
  "Miles Mastrobuoni": 0.07459207459207459,
  "Nico Hoerner": 0.06589267920989392,
  "Pete Crow-Armstrong": 0.08485286986587326,
  "Xander Bogaerts": 0.07827056510505868,
  "Yan Gomes": 0.08350674459297079,
  "Miguel Amaya": 0.060000000000000005,
  "Patrick Wisdom": 0.12000000000000001,
  "Nick Madrigal": 0.05007062146892655,
  "Dansby Swanson": 0.08392857142857142,
  "Andy Pages": 0.12816909613611477,
  "Austin Barnes": 0.07602855160107068,
  "Bryan De La Cruz": 0.12958754924104912,
  "Freddie Freeman": 0.12389740973576394,
  "Jake Burger": 0.15923581545058715,
  "Jazz Chisholm Jr.": 0.16334553072302185,
  "Jesus Sanchez": 0.11592042751200893,
  "Josh Bell": 0.1257783264787825,
  "Enrique Hernandez": 0.09717610965855131,
  "Max Muncy": 0.17484237373992234,
  "Miguel Rojas": 0.07250889796501607,
  "Mookie Betts": 0.17467516591659563,
  "Nick Fortes": 0.07370201954536292,
  "Nick Gordon": 0.11015878702523153,
  "Shohei Ohtani": 0.19036996694906175,
  "Teoscar Hernandez": 0.1769142256704408,
  "Vidal Brujan": 0.0737031630687856,
  "Gavin Lux": 0.060000000000000005,
  "Will Smith": 0.09761904761904762,
  "James Outman": 0.10757575757575757,
  "Christian Bethancourt": 0.07361111111111111,
  "Tim Anderson": 0.060000000000000005,
  "Emmanuel Rivera": 0.05007062146892655,
  "Otto Lopez": 0.060794455922884336,
  "Seth Brown": 0.10757575757575757,
  "Adolis Garcia": 0.19322567155597628,
  "Leody Taveras": 0.07567534339301543,
  "Jonah Heim": 0.12721912018613882,
  "Nathaniel Lowe": 0.09089420180434436,
  "Corey Seager": 0.1351164375587278,
  "Ezequiel Duran": 0.10901239755503371,
  "Brent Rooker": 0.14733032152229023,
  "Marcus Semien": 0.12185706269898844,
  "Josh Smith": 0.060000000000000005,
  "Shea Langeliers": 0.14008578184551768,
  "Lawrence Butler": 0.08392857142857142,
  "Esteury Ruiz": 0.0629707412507924,
  "Abraham Toro": 0.104964890192503,
  "JJ Bleday": 0.11074571660124191,
  "Tyler Nevin": 0.07866837473679086,
  "Davis Wendzel": 0.11658216175761701,
  "Andrew Knizner": 0.10589733653290109,
  "J.D. Davis": 0.09420216201709766,
  "Max Schuemann": 0.06071141514850124,
  "Evan Carter": 0.10757575757575757,
  "Brett Harris": 0.07712866964967804,
  "Kyle McCann": 0.13384920634920636,
  "Travis Jankowski": 0.07091766616691654,
  "Christian Walker": 0.1654772278668353,
  "Corbin Carroll": 0.11196796194358205,
  "Elly De La Cruz": 0.13351353954803025,
  "Eugenio Suarez": 0.1500630440021198,
  "Gabriel Moreno": 0.09302432348151483,
  "Jeimer Candelario": 0.13397712903216047,
  "Joc Pederson": 0.1529303913785875,
  "Jonathan India": 0.12324421602532591,
  "Ketel Marte": 0.12699726178960621,
  "Kevin Newman": 0.0689468293799071,
  "Lourdes Gurriel Jr.": 0.13206648772465795,
  "Luke Maile": 0.1325044369782779,
  "Pavin Smith": 0.11471981950233462,