{
  "Adley Rutschman": 0.08840985751636764,
  "Anthony Santander": 0.1358213804033202,
  "Austin Hays": 0.08993804088013135,
  "Bobby Witt Jr.": 0.10412043441010345,
  "Freddy Fermin": 0.10010025062656643,
  "Gunnar Henderson": 0.12006103484757823,
  "Hunter Renfroe": 0.09735548904307871,
  "James McCann": 0.08224553928980545,
  "Jordan Westburg": 0.10801137411918396,
  "Jorge Mateo": 0.07032157862092274,
  "Kyle Isbel": 0.06665158371040723,
  "Maikel Garcia": 0.08159252710168043,
  "MJ Melendez": 0.10375408056519235,
  "Ramon Urias": 0.07809393659069885,
  "Ryan Mountcastle": 0.10894094603040214,
  "Salvador Perez": 0.12307804138182507,
  "Vinnie Pasquantino": 0.09952023020533957,
  "Adam Frazier": 0.06683676889559242,
  "Cedric Mullins": 0.06668478260869565,
  "Nelson Velazquez": 0.07349033816425121,
  "Aaron Hicks": 0.10544988674755401,
  "Avisail Garcia": 0.09970684446631711,
  "Brandon Drury": 0.135492292398401,
  "Bryan De La Cruz": 0.10039786210465604,
  "Jake Burger": 0.15738889538252004,
  "Jazz Chisholm Jr.": 0.11218135726784971,
  "Jo Adell": 0.11875269820343086,
  "Josh Bell": 0.10689424124437387,
  "Logan O'Hoppe": 0.12417016347013872,
  "Luis Rengifo": 0.11857728389404411,
  "Miguel San\u00f3": 0.15751843572907756,
  "Mike Trout": 0.15189462960308112,
  "Nick Fortes": 0.08208638082984634,
  "Taylor Ward": 0.1139471017360887,
  "Tim Anderson": 0.08524626215031013,
  "Vidal Brujan": 0.09732968785600364,
  "Zach Neto": 0.0894554564079102,
  "Luis Arraez": 0.05759406701757333,
  "Anthony Rendon": 0.09742063492063492,
  "Nolan Schanuel": 0.05990196078431373,
  "Jonah Bride": 0.05990196078431373,
  "Alex Kirilloff": 0.13048185089625594,
  "Brice Turang": 0.08153960396462326,
  "Byron Buxton": 0.18458686781055203,
  "Carlos Correa": 0.13741086712082928,
  "Carlos Santana": 0.15589032349536552,
  "Christian Yelich": 0.14416744807810264,
  "Edouard Julien": 0.1174875750227863,
  "Gary Sanchez": 0.18655316361198715,
  "Jackson Chourio": 0.1297616040790085,
  "Joey Ortiz": 0.1111157058516758,
  "Kyle Farmer": 0.0935692777798041,
  "Max Kepler": 0.18322690530928518,
  "Rhys Hoskins": 0.19552747513034224,
  "Ryan Jeffers": 0.1250598552141329,
  "Sal Frelick": 0.08023480046451542,
  "Willi Castro": 0.11802217275901486,
  "William Contreras": 0.15705164053357137,
  "Willy Adames": 0.1740292048282157,
  "Matt Wallner": 0.15,
  "Jake Bauers": 0.11217963608207511,
  "Oliver Dunn": 0.08056808688387636,
  "Adolis Garcia": 0.226587622503237,
  "Ben Rortvedt": 0.09379707783696789,
  "Brandon Lowe": 0.14912388189164436,
  "Corey Seager": 0.203913125658075,
  "Ezequiel Duran": 0.10713454722434164,
  "Harold Ramirez": 0.09825135772061594,
  "Isaac Paredes": 0.12641762782504276,
  "Jared Walsh": 0.12680742433217682,
  "Jonah Heim": 0.1215213470119651,
  "Jose Caballero": 0.08970973667249932,
  "Jose Siri": 0.11756489681089834,
  "Josh Smith": 0.1123518186398511,
  "Leody Taveras": 0.09680428396369016,
  "Marcus Semien": 0.13821844144918796,
  "Randy Arozarena": 0.11355809148477279,
  "Richie Palacios": 0.08480247931961174,
  "Wyatt Langford": 0.128087062953445,
  "Yandy Diaz": 0.11146634420071783,
  "Evan Carter": 0.09761904761904762,
  "Andrew Benintendi": 0.08136565417672938,
  "Andrew Vaughn": 0.10656003354849741,
  "Austin Riley": 0.20396076431887702,
  "Braden Shewmake": 0.09856153154582474,
  "Dominic Fletcher": 0.08801055770936604,
  "Gavin Sheets": 0.11036603645160477,
  "Jarred Kelenic": 0.13312800052611964,
  "Korey Lee": 0.08416110429256016,
  "Luis Guillorme": 0.06792681106500145,
  "Luis Robert Jr.": 0.14309888395811723,
  "Marcell Ozuna": 0.22336169122944566,
  "Matt Olson": 0.2308373183847567,
  "Michael Harris II": 0.14879159694821362,
  "Ozzie Albies": 0.18662457029284527,
  "Ronald Acuna Jr.": 0.2204036877165219,
  "Travis d'Arnaud": 0.15327007800348208,
  "Yoan Moncada": 0.0899598018904738,
  "Nicky Lopez": 0.055712588065529235,
  "Eloy Jimenez": 0.10703812316715543,
  "Orlando Arcia": 0.09722222222222221,
  "Paul DeJong": 0.09722222222222221,
  "Martin Maldonado": 0.08362369337979093,
  "Brent Rooker": 0.11869830204913202,
  "Ceddanne Rafaela": 0.07970431385683895,
  "Enmanuel Valdez": 0.11190078763505337,
  "J.D. Davis": 0.100114733707222,
  "Jarren Duran": 0.11693689993487882,
  "JJ Bleday": 0.11132973475630818,
  "Kyle McCann": 0.09293622092917868,
  "Masataka Yoshida": 0.08866548171892288,
  "Rafael Devers": 0.18415148908239407,
  "Reese McGuire": 0.08100233100233101,
  "Ryan Noda": 0.10619294823538855,
  "Seth Brown": 0.11501254766989032,
  "Trevor Story": 0.10588885763806254,
  "Triston Casas": 0.13362486792978323,
  "Wilyer Abreu": 0.11757261853628553,
  "Zack Gelof": 0.10664049357880279,
  "Nick Allen": 0.05984119039465317,
  "Shea Langeliers": 0.08377613240418118,
  "Connor Wong": 0.05990196078431373,
  "Tyler O'Neill": 0.09742063492063492,
  "Aaron Judge": 0.24009863006711862,
  "Alex Verdugo": 0.08957416547214615,
  "Anthony Rizzo": 0.12840629734442444,
  "Anthony Volpe": 0.10167284078175168,
  "Austin Wells": 0.12151036393460636,
  "Blaze Alexander": 0.11482843137254901,
  "Christian Walker": 0.1526330873561124,
  "Corbin Carroll": 0.12258949693592233,
  "Eugenio Suarez": 0.1360132912667317,
  "Gleyber Torres": 0.1307254754304027,
  "Jorge Barrosa": 0.09316379590510238,
  "Juan Soto": 0.167146487848829,
  "Ketel Marte": 0.16939189977843194,
  "Lourdes Gurriel Jr.": 0.12303864982363912,
  "Oswaldo Cabrera": 0.10982613314147104,
  "Trent Grisham": 0.11424055984286642,
  "Tucker Barnhart": 0.060532708346800024,
  "Geraldo Perdomo": 0.06030678938241963,
  "Giancarlo Stanton": 0.10004013377926421,
  "Gabriel Moreno": 0.05990196078431373,
  "Jose Trevino": 0.05990196078431373,
  "Joc Pederson": 0.08377613240418118,
  "Brandon Marsh": 0.09751181347995165,
  "Bryce Harper": 0.16429803759089628,
  "Bryson Stott": 0.07906627958337063,
  "Christian Encarnacion-Strand": 0.12448508396943449,
  "Elly De La Cruz": 0.09763767859858795,
  "J.T. Realmuto": 0.16252308626231235,
  "Jake Fraley": 0.09641385619670297,
  "Jeimer Candelario": 0.11468187555720713,
  "Johan Rojas": 0.06564803645552308,
  "Jonathan India": 0.09878093990931337,
  "Kyle Schwarber": 0.21643548835176438,
  "Nick Castellanos": 0.13902569407298757,
  "Nick Martini": 0.10009428733164327,
  "Spencer Steer": 0.0946523371674693,
  "Trea Turner": 0.16989494779234407,
  "Tyler Stephenson": 0.08247950843979455,
  "Whit Merrifield": 0.0771099268980595,
  "Will Benson": 0.11555453093914633,
  "Alec Bohm": 0.07954911373634715,
  "Luke Maile": 0.09523809523809523,
  "Andres Gimenez": 0.08143923705830379,
  "Bo Naylor": 0.10542819657879855,
  "Brayan Rocchio": 0.06763082785766933,
  "Dylan Moore": 0.1403784938939561,
  "Estevan Florial": 0.08025687444005093,
  "Gabriel Arias": 0.11193667699436799,
  "J.P. Crawford": 0.09707687310794484,
  "Jorge Polanco": 0.12782927879989475,
  "Jose Ramirez": 0.10555195082642733,
  "Josh Naylor": 0.11199707134925176,
  "Julio Rodriguez": 0.1546671065304606,
  "Luis Urias": 0.10037558063873853,
  "Mitch Garver": 0.17087224803502205,
  "Mitch Haniger": 0.1429573036418708,
  "Seby Zavala": 0.10002696238772064,
  "Steven Kwan": 0.058378235408762025,
  "Ty France": 0.10767980572337446,
  "Will Brennan": 0.06132435214023864,
  "Cal Raleigh": 0.10730694037145651,
  "Josh Rojas": 0.05990196078431373,
  "Dominic Canzone": 0.10730694037145651,
  "Ramon Laureano": 0.07349033816425121,
  "Brandon Crawford": 0.10179835823218175,
  "Brendan Donovan": 0.08749213098194282,
  "Eguy Rosario": 0.1095362353670011,
  "Fernando Tatis Jr.": 0.16768484329415384,
  "Ha-Seong Kim": 0.09409607325208348,
  "Ivan Herrera": 0.09421744179430475,
  "Jake Cronenworth": 0.0854648518986596,
  "Jordan Walker": 0.10180014936632874,
  "Jose Azocar": 0.0739790508939445,
  "Jurickson Profar": 0.08689375341010823,
  "Kyle Higashioka": 0.12992915219422935,
  "Manny Machado": 0.14376070049111497,
  "Nolan Arenado": 0.10762410684418625,
  "Nolan Gorman": 0.14089723154205652,