{
  "Paul Goldschmidt": 0.08279929527572889,
  "Rhys Hoskins": 0.08687250371460897,
  "Willy Adames": 0.08146605077684972,
  "Alec Burleson": 0.08288511101943938,
  "Garrett Mitchell": 0.05419585509891808,
  "William Contreras": 0.07698365777887722,
  "Nolan Arenado": 0.06622282703403509,
  "Lars Nootbaar": 0.06492352727646845,
  "Jordan Walker": 0.059663700704660136,
  "Jake Bauers": 0.0650566606755891,
  "Jackson Chourio": 0.06491539178420716,
  "Pedro Pages": 0.0491339458088197,
  "Masyn Winn": 0.05204198163213906,
  "Brendan Donovan": 0.05909608662142902,
  "Brice Turang": 0.04846250209903383,
  "Joey Ortiz": 0.05201823892806423,
  "Sal Frelick": 0.04082744636316065,
  "Michael Siani": 0.0416244754070841,
  "Matt Carpenter": 0.060000000000000005,
  "Anthony Santander": 0.11839794132611813,
  "Gunnar Henderson": 0.10239340938262154,
  "Ryan O'Hearn": 0.08988596894782103,
  "Colton Cowser": 0.08746948111486506,
  "Adley Rutschman": 0.07791628802642284,
  "Cedric Mullins": 0.07085470085470086,
  "Jackson Holliday": 0.06843556641078499,
  "Austin Slater": 0.04627565733672604,
  "Corey Julks": 0.04470295354301466,
  "Emmanuel Rivera": 0.0537645399245393,
  "Andrew Benintendi": 0.050013285854001506,
  "Miguel Vargas": 0.05061933475070657,
  "Gavin Sheets": 0.05873765811265812,
  "Korey Lee": 0.05416540536983417,
  "Jacob Amaya": 0.03601648351648352,
  "Zach DeLoach": 0.04606101633173456,
  "Dominic Fletcher": 0.038879112031285946,
  "Nicky Lopez": 0.036203437189651404,
  "Luis Robert Jr.": 0.08392857142857142,
  "Andrew Vaughn": 0.07361111111111111,
  "Lenyn Sosa": 0.060000000000000005,
  "Shohei Ohtani": 0.12333984165517956,
  "Joc Pederson": 0.1127000568212409,
  "Teoscar Hernandez": 0.10985793311215969,
  "Mookie Betts": 0.09965926034288132,
  "Will Smith": 0.09342875492474194,
  "Corbin Carroll": 0.07738583918112198,
  "Eugenio Suarez": 0.09331618566518869,
  "Josh Bell": 0.07423738176661686,
  "Pavin Smith": 0.06944880834586717,
  "Tommy Edman": 0.06398912972320848,
  "Adrian Del Castillo": 0.0733198807730342,
  "Freddie Freeman": 0.07398951798993837,
  "Enrique Hernandez": 0.06373750227186169,
  "Chris Taylor": 0.0605888802633794,
  "Jake McCarthy": 0.05428276864839118,
  "Miguel Rojas": 0.05777483833039389,
  "Geraldo Perdomo": 0.05873428943117503,
  "Luis Guillorme": 0.04132829053309602,
  "Gavin Lux": 0.09761904761904762,
  "Max Muncy": 0.13333333333333333,
  "Lourdes Gurriel Jr.": 0.09761904761904762,
  "Yordan Alvarez": 0.2593103367822575,
  "Elly De La Cruz": 0.13440334710178492,
  "Jason Heyward": 0.12597112756812553,
  "Tyler Stephenson": 0.10413937948801322,
  "Yainer Diaz": 0.0984040331907107,
  "Jon Singleton": 0.12053538413898883,
  "Spencer Steer": 0.10109375982545013,
  "Jonathan India": 0.1024557697216934,
  "Jose Altuve": 0.08341928166735312,
  "Ty France": 0.08518096986674956,
  "Jeremy Pena": 0.08795312756019352,
  "TJ Friedl": 0.10195156181436879,
  "Ben Gamel": 0.08207492940973354,
  "Chas McCormick": 0.06630665331122632,
  "Jake Fraley": 0.08582933551723565,
  "Mauricio Dubon": 0.05817731236525275,
  "Santiago Espinal": 0.0498869287946657,
  "Amed Rosario": 0.06879641546308213,
  "Alex Bregman": 0.10757575757575757,
  "Noelvi Marte": 0.07361111111111111,
  "Victor Caratini": 0.12000000000000001,
  "Bobby Witt Jr.": 0.09966647786025776,
  "Salvador Perez": 0.10377238693648727,
  "Josh Naylor": 0.08417875632929396,
  "Jhonkensy Noel": 0.09060368635702215,
  "Kyle Manzardo": 0.0710200843779625,
  "MJ Melendez": 0.07779725888950563,
  "Paul DeJong": 0.08002767264114974,
  "Jose Ramirez": 0.08441482444209464,
  "Tommy Pham": 0.0637917303517662,
  "Michael Massey": 0.06702471533478138,
  "Lane Thomas": 0.060761385783338596,
  "Bo Naylor": 0.057707840951627724,
  "Yuli Gurriel": 0.052818558951773356,
  "Kyle Isbel": 0.047383449883449884,
  "Maikel Garcia": 0.04968028679640873,
  "Brayan Rocchio": 0.0413824300775424,
  "Andres Gimenez": 0.04829047885913869,
  "Steven Kwan": 0.04808303093716838,
  "Dairon Blanco": 0.09761904761904762,
  "Freddy Fermin": 0.060000000000000005,
  "Will Brennan": 0.060000000000000005,
  "David Fry": 0.10757575757575757,
  "Garrett Hampson": 0.049999999999999996,
  "Manny Machado": 0.12092297069744175,
  "Fernando Tatis Jr.": 0.11195547961276256,
  "Spencer Torkelson": 0.10083116803290139,
  "Riley Greene": 0.08417264034228646,
  "Jackson Merrill": 0.09076145428287791,
  "Kerry Carpenter": 0.07953610235784345,
  "Xander Bogaerts": 0.07297751855507631,
  "Kyle Higashioka": 0.08771578882379104,
  "Jake Rogers": 0.07543986560938255,
  "Donovan Solano": 0.07724039829302987,
  "Matt Vierling": 0.07318237868319409,
  "Mason McCoy": 0.07638256536986483,
  "Colt Keith": 0.061565661992764385,
  "David Peralta": 0.07213272543059776,
  "Parker Meadows": 0.07056330214967357,
  "Jace Jung": 0.06435350860309177,
  "Trey Sweeney": 0.059953233746018866,
  "Luis Arraez": 0.06442534737989283,
  "Zach McKinstry": 0.060000000000000005,
  "Royce Lewis": 0.12537513270476588,
  "Matt Wallner": 0.13605637548725188,
  "Jose Miranda": 0.11076839826839827,
  "Brandon Lowe": 0.10953766105534436,
  "Willi Castro": 0.08158215066175266,
  "Christopher Morel": 0.09458041491990184,
  "Max Kepler": 0.08932568359292498,
  "Trevor Larnach": 0.08726271976015584,
  "Junior Caminero": 0.09527887181020174,
  "Brooks Lee": 0.0937064626227789,
  "Christian Vazquez": 0.06594275667170435,
  "Josh Lowe": 0.09419106445235813,
  "Dylan Carlson": 0.06223884866008154,
  "Ben Rortvedt": 0.052362537710359564,
  "Edouard Julien": 0.061404782468342585,
  "Yandy Diaz": 0.07896379727126818,
  "Jonny Deluca": 0.06544923034014574,
  "Taylor Walls": 0.05511515286619669,
  "Ryan Jeffers": 0.08392857142857142,
  "Carlos Santana": 0.09761904761904762,
  "Austin Martin": 0.060000000000000005,
  "Jose Caballero": 0.060000000000000005,
  "Cal Raleigh": 0.13967755695444484,
  "Brent Rooker": 0.09854324780212816,
  "Shea Langeliers": 0.09287595082626138,
  "Jorge Polanco": 0.10112480653176176,
  "Julio Rodriguez": 0.08780991714105939,
  "Luke Raley": 0.0877816543458113,
  "Lawrence Butler": 0.08471870807446921,
  "Randy Arozarena": 0.07620980116651094,
  "Seth Brown": 0.07728196818803568,
  "JJ Bleday": 0.07190447322733615,
  "J.P. Crawford": 0.07239347165952222,
  "Josh Rojas": 0.06822405780719648,
  "Zack Gelof": 0.060362648429759386,
  "Justin Turner": 0.07105896259212904,
  "Victor Robles": 0.0526891755246443,
  "Tyler Nevin": 0.058888057840937424,
  "Max Schuemann": 0.05677618406416486,
  "Daz Cameron": 0.060000000000000005,
  "Rafael Devers": 0.14206108421042954,
  "Wilyer Abreu": 0.12716740828259537,
  "Tyler O'Neill": 0.11865970878276254,
  "Francisco Lindor": 0.11012471334537727,
  "Pete Alonso": 0.10478869417372091,
  "Triston Casas": 0.09468511724770483,
  "Jarren Duran": 0.1056246258768622,
  "Brandon Nimmo": 0.09306321110493715,
  "DJ Stewart": 0.0956113256113256,
  "Enmanuel Valdez": 0.09219849614481798,
  "Jeff McNeil": 0.08310837632361696,
  "Masataka Yoshida": 0.07054502450224374,
  "Jesse Winker": 0.0673995745580591,
  "Ceddanne Rafaela": 0.06663320821275852,
  "Luis Torrens": 0.06459099551804719,
  "Connor Wong": 0.07026112967939793,
  "Starling Marte": 0.05651469791582256,
  "Jose Iglesias": 0.05930353901996371,
  "Mark Vientos": 0.09761904761904762,
  "Francisco Alvarez": 0.060000000000000005,
  "Rob Refsnyder": 0.08392857142857142,
  "Harrison Bader": 0.07361111111111111,
  "Danny Jansen": 0.09761904761904762,
  "Oneil Cruz": 0.10477659866043135,
  "Isaac Paredes": 0.08523915402877151,
  "Bryan De La Cruz": 0.10803146892139867,
  "Seiya Suzuki": 0.09284010109208417,
  "Andrew McCutchen": 0.08357989941055778,
  "Rowdy Tellez": 0.0764636271161579,
  "Cody Bellinger": 0.07167408747820318,
  "Michael Busch": 0.0741307160304685,
  "Bryan Reynolds": 0.0810113040997002,
  "Dansby Swanson": 0.07595762676174247,
  "Henry Davis": 0.0865015015015015,
  "Nick Gonzales": 0.06805022908723099,
  "Miguel Amaya": 0.06278500689057874,