{
  "Abraham Toro": 0.10042848014327514,
  "Adolis Garcia": 0.20510399608598237,
  "Brent Rooker": 0.13944573197110194,
  "Brett Harris": 0.07264942542228806,
  "Corey Seager": 0.17124706613837049,
  "Darell Hernaiz": 0.07410822614921629,
  "Evan Carter": 0.09673073880010286,
  "J.D. Davis": 0.10969227380992086,
  "JJ Bleday": 0.11336250965491937,
  "Jonah Heim": 0.10980630670497729,
  "Josh Smith": 0.0945524023310937,
  "Kyle McCann": 0.10825912298476688,
  "Lawrence Butler": 0.10257763198651902,
  "Leody Taveras": 0.08158383505463958,
  "Marcus Semien": 0.11815294007361696,
  "Nathaniel Lowe": 0.11079609990065284,
  "Seth Brown": 0.12396108856904249,
  "Travis Jankowski": 0.054236500111196184,
  "Ezequiel Duran": 0.07361111111111111,
  "Esteury Ruiz": 0.060000000000000005,
  "Tyler Nevin": 0.07361111111111111,
  "Shea Langeliers": 0.12000000000000001,
  "Max Schuemann": 0.07361111111111111,
  "Andres Gimenez": 0.10665148685061933,
  "Andy Ibanez": 0.1273923705303832,
  "Bo Naylor": 0.1403938691490042,
  "Brayan Rocchio": 0.08397035232690253,
  "Carson Kelly": 0.11275855313938632,
  "Estevan Florial": 0.12368164973806693,
  "Jake Rogers": 0.14818269212777221,
  "Javier Baez": 0.12049914896101625,
  "Jose Ramirez": 0.16874328700020674,
  "Josh Naylor": 0.16602220835781492,
  "Kyle Manzardo": 0.1508244632799159,
  "Matt Vierling": 0.10801175450295293,
  "Riley Greene": 0.12060564947972942,
  "Spencer Torkelson": 0.1822226631133004,
  "Tyler Freeman": 0.09015918251431213,
  "Wenceel Perez": 0.10674328521763266,
  "Will Brennan": 0.10472036983399623,
  "Gabriel Arias": 0.060000000000000005,
  "Kerry Carpenter": 0.07361111111111111,
  "Mark Canha": 0.09761904761904762,
  "Ramon Laureano": 0.060000000000000005,
  "Parker Meadows": 0.060000000000000005,
  "David Fry": 0.08392857142857142,
  "Colt Keith": 0.07361111111111111,
  "Christian Encarnacion-Strand": 0.17568097984050796,
  "Christian Walker": 0.20737823859527713,
  "Corbin Carroll": 0.12919313357944862,
  "Elly De La Cruz": 0.133450412229238,
  "Eugenio Suarez": 0.16232693838678675,
  "Jake Fraley": 0.1102750986682583,
  "Jake McCarthy": 0.07488323411429174,
  "Jeimer Candelario": 0.11452788540988391,
  "Joc Pederson": 0.17194006577141668,
  "Jonathan India": 0.10996443137857279,
  "Ketel Marte": 0.15595580572370374,
  "Kevin Newman": 0.07980676024154286,
  "Lourdes Gurriel Jr.": 0.178296324956942,
  "Nick Martini": 0.13701996927803378,
  "Spencer Steer": 0.14497370209377233,
  "TJ Friedl": 0.10616918335874845,
  "Tucker Barnhart": 0.08209184389664216,
  "Tyler Stephenson": 0.16027397594818282,
  "Will Benson": 0.10899433543111704,
  "Blaze Alexander": 0.09761904761904762,
  "Gabriel Moreno": 0.09761904761904762,
  "Alika Williams": 0.08547433789109406,
  "Andrew McCutchen": 0.14865180245334098,
  "Brandon Drury": 0.10800562653442755,
  "Bryan Reynolds": 0.12286475121813126,
  "Cole Tucker": 0.07903749166806871,
  "Connor Joe": 0.1198505753905576,
  "Edward Olivares": 0.129858629573997,
  "Jared Triolo": 0.08307432486381501,
  "Jo Adell": 0.09692948736940063,
  "Ke'Bryan Hayes": 0.11863114421551343,
  "Kevin Pillar": 0.08517124239427373,
  "Logan O'Hoppe": 0.124364676234832,
  "Michael A. Taylor": 0.1244136549443987,
  "Mickey Moniak": 0.1287901132626082,
  "Nolan Schanuel": 0.07044308530777792,
  "Willie Calhoun": 0.09434269856400093,
  "Yasmani Grandal": 0.11730623414563016,
  "Zach Neto": 0.09119903016467254,
  "Luis Rengifo": 0.08392857142857142,
  "Taylor Ward": 0.09761904761904762,
  "Oneil Cruz": 0.08392857142857142,
  "Jack Suwinski": 0.07361111111111111,
  "Rowdy Tellez": 0.060000000000000005,
  "Joey Bart": 0.09761904761904762,
  "Alejandro Kirk": 0.09353392142884318,
  "Bo Bichette": 0.11273458788793644,
  "Brandon Marsh": 0.1368105456956953,
  "Bryce Harper": 0.22005164507798153,
  "Bryson Stott": 0.10093755991041391,
  "Danny Jansen": 0.18632168635827304,
  "Davis Schneider": 0.139938194788514,
  "Edmundo Sosa": 0.09711823113319792,
  "Garrett Stubbs": 0.09739872225166343,
  "George Springer": 0.12981771278258233,
  "Isiah Kiner-Falefa": 0.06501171387397858,
  "Justin Turner": 0.1509386199672828,
  "Kevin Kiermaier": 0.08544122084494755,
  "Kody Clemens": 0.15704061869503044,
  "Kyle Schwarber": 0.25437320216387704,
  "Nick Castellanos": 0.16215900077368722,
  "Vladimir Guerrero Jr.": 0.15421456716771512,
  "Whit Merrifield": 0.09755129168309012,
  "Cavan Biggio": 0.05007062146892655,
  "Alec Bohm": 0.09761904761904762,
  "J.T. Realmuto": 0.15,
  "Johan Rojas": 0.07361111111111111,
  "Daulton Varsho": 0.09761904761904762,
  "Adley Rutschman": 0.14563220723527767,
  "Anthony Santander": 0.17716408581084184,
  "Cedric Mullins": 0.13315149382839067,
  "CJ Abrams": 0.10716998355144522,
  "Colton Cowser": 0.1176408554778079,
  "Eddie Rosario": 0.09241096263063507,
  "Gunnar Henderson": 0.21260207689122038,
  "Jacob Young": 0.06719551795360132,
  "Jesse Winker": 0.08266314746471044,
  "Joey Meneses": 0.09814793177719888,
  "Jordan Westburg": 0.1443609860005928,
  "Keibert Ruiz": 0.09151812397611374,
  "Luis Garcia Jr.": 0.07847582342739759,
  "Nick Senzel": 0.0983056686358155,
  "Ramon Urias": 0.09416003382087332,
  "Ryan Mountcastle": 0.13507519706617327,
  "Ryan O'Hearn": 0.1553305298974835,
  "Trey Lipscomb": 0.07280107256140066,
  "Jorge Mateo": 0.060000000000000005,
  "Riley Adams": 0.07361111111111111,
  "Ildemaro Vargas": 0.05007062146892655,
  "James McCann": 0.060000000000000005,
  "Andrew Benintendi": 0.07704511572681014,
  "Andrew Vaughn": 0.09957687449603839,
  "Ben Rortvedt": 0.10832155573534884,
  "Bryan Ramos": 0.08304488584445012,
  "Eloy Jimenez": 0.11064709712444667,
  "Gavin Sheets": 0.12173697233259975,
  "Harold Ramirez": 0.09329993846158638,
  "Isaac Paredes": 0.14080007087597435,
  "Jonny Deluca": 0.10056270885102246,
  "Jose Caballero": 0.09336795710272253,
  "Josh Lowe": 0.14671210867374265,
  "Korey Lee": 0.08386558452347927,
  "Paul DeJong": 0.08659056827506026,
  "Rafael Ortega": 0.08213560843758715,
  "Randy Arozarena": 0.1343945326504409,
  "Richie Palacios": 0.09967980373095703,
  "Yandy Diaz": 0.1191231695518298,
  "Nicky Lopez": 0.061482276317443824,
  "Robbie Grossman": 0.05007062146892655,
  "Martin Maldonado": 0.08392857142857142,
  "Tommy Pham": 0.09761904761904762,
  "Amed Rosario": 0.060000000000000005,
  "Aaron Judge": 0.23494016020489894,
  "Alex Bregman": 0.12422538641909696,
  "Alex Verdugo": 0.10592292842555029,
  "Anthony Rizzo": 0.13128917409819105,
  "Anthony Volpe": 0.13242947105025682,
  "Giancarlo Stanton": 0.18996630608446682,
  "Gleyber Torres": 0.10809455489518625,
  "Jake Meyers": 0.09275566654899454,
  "Jeremy Pena": 0.0976354690181956,
  "Jon Berti": 0.0751541626289237,
  "Jon Singleton": 0.11475207932926577,
  "Jose Altuve": 0.13388413916341704,
  "Jose Trevino": 0.08693343693343693,
  "Juan Soto": 0.18063185389039024,
  "Kyle Tucker": 0.14436922332815785,
  "Trey Cabbage": 0.11998176943992758,
  "Victor Caratini": 0.12100870546686363,
  "Yordan Alvarez": 0.1990040365478962,
  "Mauricio Dubon": 0.060000000000000005,
  "Oswaldo Cabrera": 0.07361111111111111,
  "Yainer Diaz": 0.12000000000000001,
  "Trent Grisham": 0.060000000000000005,
  "Austin Wells": 0.07361111111111111,
  "Joey Loperfido": 0.09761904761904762,
  "Austin Riley": 0.17356401840189453,
  "Ceddanne Rafaela": 0.07383066557805579,
  "Dominic Smith": 0.09784693095037923,
  "Garrett Cooper": 0.09848042974011184,
  "Jarred Kelenic": 0.09891451584679731,
  "Jarren Duran": 0.11251402381837165,
  "Marcell Ozuna": 0.2023798104297513,
  "Matt Olson": 0.1995768316868861,
  "Michael Harris II": 0.1317706020219991,
  "Orlando Arcia": 0.09524911816578484,
  "Ozzie Albies": 0.15394054952025965,
  "Rafael Devers": 0.18115198870582636,
  "Reese McGuire": 0.06637577476287154,
  "Ronald Acuna Jr.": 0.17446078832680514,
  "Travis d'Arnaud": 0.12338221275956301,
  "Tyler O'Neill": 0.14474117673825385,
  "Vaughn Grissom": 0.07929651944496749,
  "Wilyer Abreu": 0.10662594990646633,