{
  "Jonny Deluca": 0.0621335383054701,
  "Riley Greene": 0.07467734862429504,
  "Junior Caminero": 0.06865561985208235,
  "Jose Siri": 0.055479418254851545,
  "Kerry Carpenter": 0.07308501013022957,
  "Christopher Morel": 0.08718681759217715,
  "Taylor Walls": 0.048323096691834676,
  "Trey Sweeney": 0.06377573866673181,
  "Yandy Diaz": 0.06748434489048481,
  "Brandon Lowe": 0.07563619530531294,
  "Zach McKinstry": 0.07353825612446302,
  "Colt Keith": 0.056342635681552185,
  "Jake Rogers": 0.079056295348865,
  "Parker Meadows": 0.06116740598380745,
  "Spencer Torkelson": 0.08989942465909027,
  "Wenceel Perez": 0.07079022865584131,
  "Ben Rortvedt": 0.05332973459289249,
  "Jose Caballero": 0.06555555555555555,
  "Matt Vierling": 0.09351851851851851,
  "Jace Jung": 0.1111111111111111,
  "Dylan Carlson": 0.09090909090909091,
  "Andy Ibanez": 0.060000000000000005,
  "Jonathan Aranda": 0.13333333333333333,
  "Kyle Schwarber": 0.1322648804089795,
  "Michael Busch": 0.08596875037407858,
  "Ian Happ": 0.09926985986762733,
  "Cody Bellinger": 0.08678437118518513,
  "Austin Hays": 0.07714109910016342,
  "Bryce Harper": 0.10350500219725815,
  "Nick Castellanos": 0.08505188202765888,
  "Seiya Suzuki": 0.08463444965502684,
  "Dansby Swanson": 0.08340640583953061,
  "Trea Turner": 0.09364164769269498,
  "Isaac Paredes": 0.07192322828686465,
  "Alec Bohm": 0.07321348303924279,
  "Pete Crow-Armstrong": 0.06737373958536942,
  "Edmundo Sosa": 0.06888787184074822,
  "Miguel Amaya": 0.055506640889401625,
  "Garrett Stubbs": 0.05611317505386833,
  "Nico Hoerner": 0.04947389929292583,
  "Johan Rojas": 0.0583860153256705,
  "J.T. Realmuto": 0.10035612535612536,
  "Mike Tauchman": 0.125,
  "Patrick Wisdom": 0.10757575757575757,
  "Brandon Marsh": 0.060000000000000005,
  "Kyle Manzardo": 0.13090499087196844,
  "Jose Ramirez": 0.1282538429739629,
  "Josh Naylor": 0.11507747312394136,
  "Elly De La Cruz": 0.11315580077081194,
  "Lane Thomas": 0.10210785381956633,
  "Bo Naylor": 0.09960245852374175,
  "Tyler Stephenson": 0.09960166929615778,
  "Spencer Steer": 0.09265436227646298,
  "TJ Friedl": 0.07892555402102931,
  "Jonathan India": 0.07965017445697219,
  "Ty France": 0.07644176378176419,
  "Jake Fraley": 0.0636397707707686,
  "Angel Martinez": 0.06925697297379053,
  "Noelvi Marte": 0.06709563354075489,
  "Andres Gimenez": 0.06151727773400015,
  "Brayan Rocchio": 0.061174148445951,
  "Will Brennan": 0.059441805811459435,
  "Santiago Espinal": 0.054752679205287515,
  "Austin Hedges": 0.049999999999999996,
  "David Fry": 0.12000000000000001,
  "Gary Sanchez": 0.11134120497676525,
  "Oneil Cruz": 0.10582483795037727,
  "Rhys Hoskins": 0.10389413739431604,
  "William Contreras": 0.09702752851831777,
  "Willy Adames": 0.0988887626556192,
  "Bryan Reynolds": 0.07206518167034605,
  "Andrew McCutchen": 0.08736447668079561,
  "Jackson Chourio": 0.07554947488695242,
  "Bryan De La Cruz": 0.08614585445160644,
  "Joey Bart": 0.0730149039875335,
  "Jared Triolo": 0.060842047703923326,
  "Blake Perkins": 0.05636860837375915,
  "Billy Cook": 0.07839465458189379,
  "Joey Ortiz": 0.06217033029299297,
  "Nick Yorke": 0.07342657342657342,
  "Isiah Kiner-Falefa": 0.05371473724980641,
  "Brice Turang": 0.06352875952875953,
  "Sal Frelick": 0.039990211754094666,
  "Nick Gonzales": 0.0750877192982456,
  "Garrett Mitchell": 0.13333333333333333,
  "Yasmani Grandal": 0.08392857142857142,
  "Rowdy Tellez": 0.16666666666666666,
  "Salvador Perez": 0.1666713084894903,
  "Bobby Witt Jr.": 0.13932493033811644,
  "Hunter Renfroe": 0.11852707749766574,
  "Juan Yepez": 0.09818805697893783,
  "Dylan Crews": 0.09162409543753293,
  "Tommy Pham": 0.09233629950296617,
  "Yuli Gurriel": 0.07234690284062101,
  "Keibert Ruiz": 0.07214931208632501,
  "Freddy Fermin": 0.08536509464321787,
  "Maikel Garcia": 0.06377628926425387,
  "Garrett Hampson": 0.05990939659526047,
  "Trey Lipscomb": 0.05552486275826371,
  "Jose Tena": 0.05322451846979358,
  "James Wood": 0.06230274883763256,
  "Nasim Nunez": 0.06697296955917646,
  "Kyle Isbel": 0.05664344749772116,
  "Luis Garcia Jr.": 0.0737330198537095,
  "Jacob Young": 0.06822291235334714,
  "MJ Melendez": 0.08392857142857142,
  "Michael Massey": 0.10757575757575757,
  "Dairon Blanco": 0.09761904761904762,
  "Joey Gallo": 0.09761904761904762,
  "Paul DeJong": 0.12255062944718116,
  "Andr\u00e9s Chaparro": 0.11503623188405798,
  "Robbie Grossman": 0.15384615384615385,
  "Aaron Judge": 0.1575632494608757,
  "Giancarlo Stanton": 0.15003849580902912,
  "Juan Soto": 0.11708777956694881,
  "Anthony Santander": 0.10649987218443933,
  "Gunnar Henderson": 0.09541535681977274,
  "Austin Wells": 0.0886639438523635,
  "Ramon Urias": 0.06423715509886821,
  "Jazz Chisholm Jr.": 0.0792802247521572,
  "Colton Cowser": 0.07172527303810802,
  "Jordan Westburg": 0.07459863539730477,
  "Alex Verdugo": 0.06411853959288702,
  "Ryan O'Hearn": 0.062346984786141604,
  "Adley Rutschman": 0.06193450950261051,
  "Gleyber Torres": 0.05780017910248301,
  "Anthony Rizzo": 0.06694121196236778,
  "Heston Kjerstad": 0.0810464461420256,
  "Anthony Volpe": 0.05453540050974794,
  "Cedric Mullins": 0.05423675268502855,
  "Jasson Dom\u00ednguez": 0.09761904761904762,
  "Jackson Holliday": 0.060000000000000005,
  "Emmanuel Rivera": 0.059454022988505745,
  "Triston Casas": 0.10323339165459032,
  "Danny Jansen": 0.12672727272727274,
  "Wilyer Abreu": 0.13285644990804063,
  "Trevor Story": 0.08763763172854082,
  "Romy Gonzalez": 0.07531251090461616,
  "Jarren Duran": 0.10101938943022412,
  "Vladimir Guerrero Jr.": 0.08249516608941097,
  "Masataka Yoshida": 0.07343230618507947,
  "Spencer Horwitz": 0.06924165167592142,
  "George Springer": 0.06346818313859136,
  "Vaughn Grissom": 0.06261289650995533,
  "Davis Schneider": 0.0692294774447181,
  "Addison Barger": 0.06860535458135009,
  "Ceddanne Rafaela": 0.06785039445447917,
  "Joey Loperfido": 0.06038382871975141,
  "Alejandro Kirk": 0.05215494687262907,
  "Nathan Lukes": 0.0594594707530754,
  "Ernie Clement": 0.053826263263349355,
  "Connor Wong": 0.09761904761904762,
  "Leo Jimenez": 0.05815934065934066,
  "Enmanuel Valdez": 0.060000000000000005,
  "Nick Sogard": 0.07361111111111111,
  "Tyler O'Neill": 0.25,
  "Pete Alonso": 0.11025824684886532,
  "Marcell Ozuna": 0.12346759237099544,
  "Matt Olson": 0.11720068449408429,
  "Jorge Soler": 0.09348949726369238,
  "Mark Vientos": 0.09767653549947873,
  "Michael Harris II": 0.08706334954411621,
  "Travis d'Arnaud": 0.0730668234371938,
  "Brandon Nimmo": 0.09545427572042797,
  "Ozzie Albies": 0.08188899232499067,
  "Francisco Alvarez": 0.07980666698497581,
  "Tyrone Taylor": 0.07341941813391391,
  "Ram\u00f3n Laureano": 0.07205586352171824,
  "Starling Marte": 0.06107737121472276,
  "Jesse Winker": 0.0618535962437117,
  "Luisangel Acu\u00f1a": 0.050321876949394176,
  "Orlando Arcia": 0.06481532558550343,
  "Gio Urshela": 0.05751389256917028,
  "Jose Iglesias": 0.05636713568428174,
  "Francisco Lindor": 0.12000000000000001,
  "J. D. Martinez": 0.09761904761904762,
  "Mickey Moniak": 0.10911000946153583,
  "Kevin Pillar": 0.12335125192268048,
  "Luis Robert Jr.": 0.11619026847599398,
  "Taylor Ward": 0.11624756885626451,
  "Zach Neto": 0.11364625621941665,
  "Logan O'Hoppe": 0.12327812830166808,
  "Andrew Vaughn": 0.08947178464625405,
  "Niko Kavadas": 0.08709639169677533,
  "Andrew Benintendi": 0.08504760860847799,
  "Eric Wagaman": 0.08946522155184812,
  "Gavin Sheets": 0.07205356186258621,
  "Chuckie Robinson": 0.073546303064184,
  "Jack L\u00f3pez": 0.05493506883328023,
  "Miguel Vargas": 0.06698289816813024,
  "Zach DeLoach": 0.08710945121377517,
  "Nolan Schanuel": 0.05986854977217197,
  "Jacob Amaya": 0.06554188501556922,
  "Nicky Lopez": 0.04770947240573231,
  "Lenyn Sosa": 0.09074074074074073,
  "Bryan Ramos": 0.07361111111111111,
  "Korey Lee": 0.07361111111111111,
  "Dominic Fletcher": 0.0703030303030303,
  "Gustavo Campero": 0.10035612535612536,
  "Byron Buxton": 0.131348092418116,