{
  "Aaron Judge": 0.24489450419878203,
  "Adley Rutschman": 0.11782826234077809,
  "Anthony Rizzo": 0.1279519367219658,
  "Anthony Santander": 0.15002217281016922,
  "Anthony Volpe": 0.11268758499278066,
  "Austin Wells": 0.10546154900993611,
  "Cedric Mullins": 0.11615739259970029,
  "Colton Cowser": 0.10075726813694728,
  "Giancarlo Stanton": 0.17198158983873268,
  "Gleyber Torres": 0.1005502874885967,
  "Gunnar Henderson": 0.1704603083782415,
  "Jordan Westburg": 0.1316695574870482,
  "Juan Soto": 0.15371683143217188,
  "Oswaldo Cabrera": 0.0777686711851106,
  "Ramon Urias": 0.08762828554483264,
  "Ryan Mountcastle": 0.10797906405846852,
  "Ryan O'Hearn": 0.11630994836123042,
  "Trent Grisham": 0.1105115810998164,
  "Jorge Mateo": 0.05007062146892655,
  "Jose Trevino": 0.07361111111111111,
  "James McCann": 0.07361111111111111,
  "Alex Call": 0.08349037772465574,
  "Bryan De La Cruz": 0.12050836097181399,
  "CJ Abrams": 0.0800267064418457,
  "Emmanuel Rivera": 0.08251935319956558,
  "Ildemaro Vargas": 0.0835175100183973,
  "Jazz Chisholm Jr.": 0.17279180431183064,
  "Jesse Winker": 0.07941812436706855,
  "Jesus Sanchez": 0.11513945159778494,
  "Joey Meneses": 0.0929567797052961,
  "Josh Bell": 0.13292827237909657,
  "Keibert Ruiz": 0.0736955517053458,
  "Luis Arraez": 0.06877898335582891,
  "Nick Fortes": 0.07726187494782535,
  "Nick Gordon": 0.10926209051220064,
  "Nick Senzel": 0.08405626027061329,
  "Tim Anderson": 0.06520091102472925,
  "Trey Lipscomb": 0.07525798628852064,
  "Jacob Young": 0.05120296602433235,
  "Luis Garcia Jr.": 0.060000000000000005,
  "Riley Adams": 0.07361111111111111,
  "Eddie Rosario": 0.060000000000000005,
  "Christian Bethancourt": 0.08051051051051052,
  "Vidal Brujan": 0.08,
  "Addison Barger": 0.12280061950028948,
  "Bobby Witt Jr.": 0.15566169954879527,
  "Cavan Biggio": 0.07855445341063777,
  "Danny Jansen": 0.1650551046186458,
  "Daulton Varsho": 0.15235853946527617,
  "Davis Schneider": 0.11453996320803932,
  "Freddy Fermin": 0.11113840298793276,
  "George Springer": 0.12052883439344103,
  "Hunter Renfroe": 0.11779810249001883,
  "Isiah Kiner-Falefa": 0.07435425969313438,
  "Justin Turner": 0.12326723064159147,
  "Kyle Isbel": 0.07677881635130829,
  "Maikel Garcia": 0.09471233974202045,
  "Michael Massey": 0.10755594818001059,
  "MJ Melendez": 0.14841560057193479,
  "Nelson Velazquez": 0.1367541265869025,
  "Vinnie Pasquantino": 0.12694360368845495,
  "Vladimir Guerrero Jr.": 0.15134703907995833,
  "Salvador Perez": 0.12689655172413794,
  "Bo Bichette": 0.07361111111111111,
  "Adam Frazier": 0.060000000000000005,
  "Pete Alonso": 0.15466107126403353,
  "Tyrone Taylor": 0.14633368667554994,
  "J. D. Martinez": 0.1547059024388217,
  "Francisco Lindor": 0.14215742950642274,
  "Brandon Nimmo": 0.11821823937361096,
  "Christopher Morel": 0.1119705371979979,
  "Mark Vientos": 0.13274852336544962,
  "Matt Mervis": 0.1114838541411968,
  "Michael Busch": 0.10270740062406729,
  "Ian Happ": 0.11130240691454125,
  "Tomas Nido": 0.06999261074864964,
  "Yan Gomes": 0.07890674904862133,
  "Dansby Swanson": 0.09095276162529327,
  "Pete Crow-Armstrong": 0.07949787857127838,
  "Jeff McNeil": 0.07893617570028831,
  "Mike Tauchman": 0.0817202393835429,
  "Harrison Bader": 0.06818528913172771,
  "Nico Hoerner": 0.06093870668208416,
  "Miguel Amaya": 0.07361111111111111,
  "Omar Narvaez": 0.12000000000000001,
  "Brett Baty": 0.07361111111111111,
  "DJ Stewart": 0.10757575757575757,
  "Andrew Benintendi": 0.08777707624496459,
  "Andrew Vaughn": 0.16026997749374344,
  "Byron Buxton": 0.2160532729214213,
  "Carlos Correa": 0.19602352546179985,
  "Carlos Santana": 0.1391599896370143,
  "Christian Vazquez": 0.105993754614179,
  "Danny Mendick": 0.09001642801386049,
  "Eloy Jimenez": 0.1675666093259622,
  "Gavin Sheets": 0.12982218910176443,
  "Jose Miranda": 0.16965834535054367,
  "Korey Lee": 0.1261384544743487,
  "Kyle Farmer": 0.09858488059606535,
  "Manuel Margot": 0.12155448631012541,
  "Nicky Lopez": 0.06740334627064276,
  "Paul DeJong": 0.1167157286215011,
  "Ryan Jeffers": 0.18966720061111306,
  "Willi Castro": 0.11242107291140765,
  "Alex Kirilloff": 0.07361111111111111,
  "Edouard Julien": 0.15,
  "Trevor Larnach": 0.10757575757575757,
  "Martin Maldonado": 0.08392857142857142,
  "Robbie Grossman": 0.05007062146892655,
  "Tommy Pham": 0.12000000000000001,
  "Austin Shenton": 0.1405796665760434,
  "Ben Rortvedt": 0.10621434373969871,
  "Blake Perkins": 0.07851373095298828,
  "Brice Turang": 0.07380258413251092,
  "Isaac Paredes": 0.14032702427744725,
  "Jackson Chourio": 0.09458747146919189,
  "Jake Bauers": 0.1424002894184135,
  "Joey Ortiz": 0.09775981287016436,
  "Jose Caballero": 0.10087105139085337,
  "Jose Siri": 0.10635681480751903,
  "Niko Goodrum": 0.11457875457875458,
  "Randy Arozarena": 0.13792623490186798,
  "Rhys Hoskins": 0.18937059241473136,
  "Richie Palacios": 0.11253952298775502,
  "Sal Frelick": 0.07408103636890852,
  "William Contreras": 0.18796104196863392,
  "Willy Adames": 0.16596865640583358,
  "Yandy Diaz": 0.1254332347357119,
  "Harold Ramirez": 0.07361111111111111,
  "Rene Pinto": 0.09761904761904762,
  "Curtis Mead": 0.05007062146892655,
  "Amed Rosario": 0.07361111111111111,
  "Alec Bohm": 0.12424863447615343,
  "Brandon Drury": 0.1490807032710063,
  "Brandon Marsh": 0.14969312863112383,
  "Bryce Harper": 0.25170600267042853,
  "Bryson Stott": 0.10519563081687619,
  "Ehire Adrianza": 0.0837413561663736,
  "Garrett Stubbs": 0.09068280289154255,
  "Jo Adell": 0.13041710708165782,
  "Johan Rojas": 0.07959652180431401,
  "Kyle Schwarber": 0.2694457781519471,
  "Logan O'Hoppe": 0.12245396434485523,
  "Luis Rengifo": 0.09912241190521734,
  "Mike Trout": 0.1731990231990232,
  "Nick Castellanos": 0.15709659011533608,
  "Taylor Ward": 0.12568690686088888,
  "Trea Turner": 0.1886817207520427,
  "Zach Neto": 0.09904857729930928,
  "J.T. Realmuto": 0.13358585858585859,
  "Nolan Schanuel": 0.060000000000000005,
  "Miguel San\u00f3": 0.09761904761904762,
  "Andy Pages": 0.14098754909313638,
  "Blaze Alexander": 0.09702189439027344,
  "Christian Walker": 0.15668964629823906,
  "Corbin Carroll": 0.0777362589114559,
  "Eugenio Suarez": 0.1402453942273943,
  "Freddie Freeman": 0.14355106654323882,
  "Gabriel Moreno": 0.09762124514446495,
  "Ketel Marte": 0.17533547290783477,
  "Kevin Newman": 0.07676499685524808,
  "Enrique Hernandez": 0.10590973793923066,
  "Lourdes Gurriel Jr.": 0.11941820084677227,
  "Max Muncy": 0.1916730226341908,
  "Miguel Rojas": 0.0793071281629634,
  "Mookie Betts": 0.2004569156824796,
  "Randal Grichuk": 0.15052339608147164,
  "Shohei Ohtani": 0.20610378331351437,
  "Teoscar Hernandez": 0.19066332379453893,
  "Will Smith": 0.1411466630526906,
  "Gavin Lux": 0.05007062146892655,
  "James Outman": 0.09761904761904762,
  "Jake McCarthy": 0.05007062146892655,
  "Joc Pederson": 0.08392857142857142,
  "Austin Riley": 0.1514279621387292,
  "Cal Raleigh": 0.14487445062868928,
  "Dylan Moore": 0.13000576272867295,
  "Jarred Kelenic": 0.11916155925179989,
  "Jorge Polanco": 0.10905733163516436,
  "Julio Rodriguez": 0.118147892903532,
  "Luis Urias": 0.08535132224707065,
  "Marcell Ozuna": 0.17521566586398338,
  "Matt Olson": 0.22535095702803468,
  "Michael Harris II": 0.15163012632175085,
  "Mitch Garver": 0.1270186736558706,
  "Mitch Haniger": 0.1226105431520178,
  "Orlando Arcia": 0.10101983080754988,
  "Ozzie Albies": 0.16563569271923412,
  "Ronald Acuna Jr.": 0.16222103477454128,
  "Sam Haggerty": 0.06690653711930308,
  "Travis d'Arnaud": 0.11923348275476776,
  "Ty France": 0.09106853420723297,
  "Josh Rojas": 0.07361111111111111,
  "Eguy Rosario": 0.09751990805781983,
  "Elly De La Cruz": 0.1444549319504567,
  "Fernando Tatis Jr.": 0.1624606752530881,
  "Ha-Seong Kim": 0.09131737168607418,
  "Jake Cronenworth": 0.08396401364143086,
  "Jake Fraley": 0.1035704282632086,
  "Jeimer Candelario": 0.11778229456243833,
  "Jonathan India": 0.0981701697110633,
  "Jose Azocar": 0.07138280159556756,