{
  "Jose Ramirez": 0.11795402636497906,
  "Salvador Perez": 0.1668802063832932,
  "Kyle Isbel": 0.07361111111111111,
  "Andres Gimenez": 0.06749613925598821,
  "Gabriel Arias": 0.05007062146892655,
  "Josh Naylor": 0.09654579368718712,
  "Austin Hedges": 0.05007062146892655,
  "Brayan Rocchio": 0.060000000000000005,
  "Tyler Freeman": 0.0676594062971772,
  "Steven Kwan": 0.05434816830073747,
  "Bobby Witt Jr.": 0.14591305030798493,
  "Vinnie Pasquantino": 0.15106514311914454,
  "Maikel Garcia": 0.08144419941900516,
  "MJ Melendez": 0.13358585858585859,
  "Nelson Velazquez": 0.1298080619640951,
  "David Fry": 0.09203451367782034,
  "Hunter Renfroe": 0.12038315297965614,
  "Adam Frazier": 0.06703474453474453,
  "Nick Loftin": 0.07744277379376663,
  "Will Brennan": 0.06740272188815245,
  "Bo Naylor": 0.09761904761904762,
  "Kyle Manzardo": 0.09470081779449971,
  "Garrett Hampson": 0.06369531141984083,
  "Daniel Schneemann": 0.06761003345344678,
  "Will Smith": 0.103580395641664,
  "Andrew McCutchen": 0.09662066184226673,
  "Enrique Hernandez": 0.060000000000000005,
  "Gavin Lux": 0.06947878011603502,
  "Mookie Betts": 0.10889789284607852,
  "Bryan Reynolds": 0.08585040521545387,
  "Connor Joe": 0.07587199931331616,
  "Ke'Bryan Hayes": 0.08107914812460267,
  "Oneil Cruz": 0.09736758817100513,
  "Nick Gonzales": 0.0758639454325276,
  "Freddie Freeman": 0.10679215757684891,
  "Andy Pages": 0.09761904761904762,
  "Miguel Rojas": 0.0605129439022361,
  "Jason Heyward": 0.0842163652077809,
  "Teoscar Hernandez": 0.11248634382028386,
  "Shohei Ohtani": 0.16984489822005108,
  "Yasmani Grandal": 0.060000000000000005,
  "Edward Olivares": 0.09761904761904762,
  "Rowdy Tellez": 0.07526186432908843,
  "Chris Taylor": 0.09136842694072256,
  "Henry Davis": 0.09106907419600918,
  "Jack Suwinski": 0.07776399193804091,
  "Ji Hwan Bae": 0.05740740740740741,
  "Brandon Lowe": 0.0914915559950092,
  "Jesus Sanchez": 0.09857516023595359,
  "Yandy Diaz": 0.10145735219850491,
  "Nick Fortes": 0.0716620882646053,
  "Randy Arozarena": 0.12550385177834555,
  "Bryan De La Cruz": 0.11932050953940905,
  "Jazz Chisholm Jr.": 0.11865675997115639,
  "Jake Burger": 0.12082045804232631,
  "Isaac Paredes": 0.09939428703782065,
  "Josh Bell": 0.09603878832184017,
  "Jose Caballero": 0.060000000000000005,
  "Jonny Deluca": 0.09454195983334901,
  "Jose Siri": 0.08865212409658556,
  "Nick Gordon": 0.07314026092900279,
  "Otto Lopez": 0.07576045803230143,
  "Tim Anderson": 0.06378799253259924,
  "Richie Palacios": 0.07361111111111111,
  "Ben Rortvedt": 0.05007062146892655,
  "Harold Ramirez": 0.06712935558840773,
  "Amed Rosario": 0.06599469877774268,
  "Alex Jackson": 0.08983106510130104,
  "Alec Bohm": 0.1000586209841743,
  "Andruw Monasterio": 0.07408137261078437,
  "Blake Perkins": 0.06117953273128252,
  "Bryce Harper": 0.16053448612066964,
  "Bryson Stott": 0.07642124861471274,
  "Christian Yelich": 0.07390294790689665,
  "David Dahl": 0.10071749297674466,
  "Edmundo Sosa": 0.08427505835641404,
  "Gary Sanchez": 0.12784351028632054,
  "J.T. Realmuto": 0.1349815976834315,
  "Jackson Chourio": 0.07530840945458031,
  "Joey Ortiz": 0.07387111625611585,
  "Johan Rojas": 0.06484308725313223,
  "Kyle Schwarber": 0.19304333316090816,
  "Nick Castellanos": 0.11199395341626575,
  "Rhys Hoskins": 0.1411047396012792,
  "William Contreras": 0.1033172926664123,
  "Willy Adames": 0.11444461636497005,
  "Brice Turang": 0.05466666666666666,
  "Jake Bauers": 0.08392857142857142,
  "Sal Frelick": 0.060000000000000005,
  "Brandon Nimmo": 0.11384298575456277,
  "Jeff McNeil": 0.2278490028490028,
  "Tomas Nido": 0.08043497248505985,
  "Pete Alonso": 0.14931783613420876,
  "Luis Garcia Jr.": 0.07361111111111111,
  "CJ Abrams": 0.0959739595649233,
  "Mark Vientos": 0.13589984730677826,
  "Francisco Lindor": 0.1526128598697395,
  "Keibert Ruiz": 0.07516855906292455,
  "Lane Thomas": 0.1260484929725898,
  "Starling Marte": 0.09693974918443395,
  "Joey Meneses": 0.10872991531391933,
  "Joey Gallo": 0.12691568446593057,
  "Nick Senzel": 0.09471570063293379,
  "Harrison Bader": 0.09660631772230154,
  "Eddie Rosario": 0.061214470284237724,
  "DJ Stewart": 0.09761904761904762,
  "Jacob Young": 0.06465065681444991,
  "J. D. Martinez": 0.15784493399105662,
  "Jesse Winker": 0.07687429594831156,
  "Jose Iglesias": 0.07300631407165631,
  "Ildemaro Vargas": 0.09961257188841682,
  "Byron Buxton": 0.11857502510786301,
  "Gleyber Torres": 0.10139505824147282,
  "Alex Kirilloff": 0.08418235536862638,
  "Aaron Judge": 0.22941946283040868,
  "Max Kepler": 0.10963702871375414,
  "Ryan Jeffers": 0.10666666666666666,
  "Giancarlo Stanton": 0.16682382865212503,
  "Trevor Larnach": 0.1057882501697817,
  "Anthony Rizzo": 0.09618029169513158,
  "DJ LeMahieu": 0.09377311772996368,
  "Jose Miranda": 0.09011524460001723,
  "Kyle Farmer": 0.060000000000000005,
  "Carlos Correa": 0.10973377863033561,
  "Austin Wells": 0.10666666666666666,
  "Anthony Volpe": 0.10902766159408672,
  "Willi Castro": 0.0760391512871587,
  "Alex Verdugo": 0.08479941879642745,
  "Christian Vazquez": 0.07389568764568764,
  "Juan Soto": 0.17132583285107947,
  "Carlos Santana": 0.09761904761904762,
  "Manuel Margot": 0.05007062146892655,
  "Royce Lewis": 0.11728826184059764,
  "Jose Trevino": 0.09452726669841238,
  "Anthony Santander": 0.13903405991583867,
  "Gunnar Henderson": 0.1402965805311998,
  "Danny Jansen": 0.122327469192539,
  "Ryan Mountcastle": 0.11800535137387615,
  "Vladimir Guerrero Jr.": 0.11498214251668147,
  "Davis Schneider": 0.10780454481191051,
  "Jordan Westburg": 0.11771630991281236,
  "Adley Rutschman": 0.10117460053587142,
  "Austin Hays": 0.10877080934761567,
  "Connor Norby": 0.10118864888601731,
  "Justin Turner": 0.08428639321898539,
  "Colton Cowser": 0.08477417772124607,
  "Bo Bichette": 0.08318221604867827,
  "George Springer": 0.07210606288460067,
  "James McCann": 0.0918510591837938,
  "Daulton Varsho": 0.07290723686528745,
  "Daniel Vogelbach": 0.06705473533314617,
  "Isiah Kiner-Falefa": 0.05792569044878552,
  "Cedric Mullins": 0.07361111111111111,
  "Ramon Urias": 0.060000000000000005,
  "Kevin Kiermaier": 0.060000000000000005,
  "Ryan O'Hearn": 0.09761904761904762,
  "Austin Riley": 0.1550458441438582,
  "Rafael Devers": 0.08785040821344295,
  "Travis d'Arnaud": 0.10757575757575757,
  "Ozzie Albies": 0.11071353152912707,
  "Adam Duvall": 0.14529088855601172,
  "Marcell Ozuna": 0.18181109285590757,
  "Connor Wong": 0.07443633662772972,
  "Michael Harris II": 0.09860194142599098,
  "Orlando Arcia": 0.08326340569355561,
  "Jarren Duran": 0.06551109646854328,
  "Matt Olson": 0.15608920503309257,
  "Rob Refsnyder": 0.06911776214954296,
  "David Hamilton": 0.06281481481481481,
  "Ceddanne Rafaela": 0.07192154959913517,
  "Sean Murphy": 0.11841521833996634,
  "Jarred Kelenic": 0.08409337521981004,
  "Dominic Smith": 0.06158611385295753,
  "Enmanuel Valdez": 0.07793650793650794,
  "Garrett Cooper": 0.0782222311910503,
  "Bobby Dalbec": 0.08788114442337812,
  "Danny Mendick": 0.07503103882419991,
  "Ian Happ": 0.11525791248187846,
  "Miguel Amaya": 0.10149740852629714,
  "Nico Hoerner": 0.07690096812386783,
  "Cody Bellinger": 0.14109919882129676,
  "Seiya Suzuki": 0.14698844656067392,
  "Dansby Swanson": 0.13077193042083654,
  "Christopher Morel": 0.16505059275598818,
  "Mike Tauchman": 0.07017316017316018,
  "Korey Lee": 0.09755568470359545,
  "Pete Crow-Armstrong": 0.08073316950767931,
  "Paul DeJong": 0.13352683987175684,
  "Nicky Lopez": 0.05466666666666666,
  "Corey Julks": 0.12044487283853282,
  "Yan Gomes": 0.07017316017316018,
  "Gavin Sheets": 0.07774623380140686,
  "Luis Robert Jr.": 0.15205769107410588,
  "Andrew Vaughn": 0.14533806212952183,
  "Michael Busch": 0.10388783575902616,
  "Lenyn Sosa": 0.1021534184056748,
  "Martin Maldonado": 0.08642239421941066,
  "Adolis Garcia": 0.17804453455523622,
  "Leody Taveras": 0.07793112401892453,
  "Jake Rogers": 0.07361111111111111,
  "Jonah Heim": 0.09619523101532156,