{
  "Aaron Judge": 0.11900133410727749,
  "Juan Soto": 0.09309022618417609,
  "Giancarlo Stanton": 0.09491740076343472,
  "Oneil Cruz": 0.09789241529685042,
  "Bryan Reynolds": 0.07414110639300837,
  "Joshua Palacios": 0.07390277178291642,
  "Yasmani Grandal": 0.06512228464437494,
  "Jazz Chisholm Jr.": 0.06710150434249901,
  "Anthony Rizzo": 0.05636074935156377,
  "Austin Wells": 0.07010113629260079,
  "Oswaldo Cabrera": 0.053698316759347,
  "Jasson Dom\u00ednguez": 0.06514769560364188,
  "Nick Gonzales": 0.05092488595934786,
  "Nick Yorke": 0.04551626668216015,
  "Billy Cook": 0.05852432971060692,
  "Jared Triolo": 0.05588434756582934,
  "Jon Berti": 0.04660080025777133,
  "Isiah Kiner-Falefa": 0.049061958009880946,
  "Bryan De La Cruz": 0.0792156862745098,
  "Andrew McCutchen": 0.13333333333333333,
  "Joey Bart": 0.125,
  "Gleyber Torres": 0.10526315789473684,
  "Anthony Volpe": 0.08333333333333333,
  "Riley Greene": 0.09328505972094386,
  "Spencer Torkelson": 0.0988908288689125,
  "Kerry Carpenter": 0.08956334954411621,
  "Andrew Vaughn": 0.07910758481285524,
  "Parker Meadows": 0.07082771770943813,
  "Dillon Dingler": 0.08993430811612631,
  "Wenceel Perez": 0.06604664248816114,
  "Colt Keith": 0.06432515373670612,
  "Andrew Benintendi": 0.06886940485067666,
  "Miguel Vargas": 0.06705404757796236,
  "Zach McKinstry": 0.0686007194658024,
  "Jace Jung": 0.07754874088112797,
  "Bryan Ramos": 0.06909059571180784,
  "Zach DeLoach": 0.07504379576928596,
  "Chuckie Robinson": 0.05816893943433697,
  "Dominic Fletcher": 0.06938461538461539,
  "Jacob Amaya": 0.059634218709202685,
  "Lenyn Sosa": 0.05285591995940159,
  "Luis Robert Jr.": 0.18181818181818182,
  "Jake Rogers": 0.09669312169312168,
  "Matt Vierling": 0.09351851851851851,
  "Trey Sweeney": 0.09351851851851851,
  "Korey Lee": 0.1111111111111111,
  "Andy Ibanez": 0.060000000000000005,
  "Justyn-Henry Malloy": 0.07361111111111111,
  "Patrick Wisdom": 0.11956891452233068,
  "Ian Happ": 0.10170348227965204,
  "Elly De La Cruz": 0.08959117239093715,
  "Cody Bellinger": 0.07389750466274865,
  "Michael Busch": 0.08565854031576833,
  "Seiya Suzuki": 0.08709975494753429,
  "Spencer Steer": 0.06094239311436354,
  "Jake Fraley": 0.05454862764808415,
  "Tyler Stephenson": 0.06319352396861919,
  "Jonathan India": 0.05851161399174367,
  "Pete Crow-Armstrong": 0.06909390339461241,
  "TJ Friedl": 0.05818182849820777,
  "Dansby Swanson": 0.06687618896818345,
  "Ty France": 0.06248957162248586,
  "Noelvi Marte": 0.0650709219858156,
  "Miguel Amaya": 0.06684981684981685,
  "Nico Hoerner": 0.047465807510519195,
  "Santiago Espinal": 0.06246246246246246,
  "Kevin Alcantara": 0.060000000000000005,
  "Isaac Paredes": 0.1111111111111111,
  "Jake Burger": 0.13110685918989864,
  "Vladimir Guerrero Jr.": 0.11599202412966388,
  "Connor Norby": 0.09845331075850555,
  "George Springer": 0.1120135500716263,
  "Jesus Sanchez": 0.09773986657235922,
  "Addison Barger": 0.09760177844902235,
  "Davis Schneider": 0.10975520577212872,
  "Spencer Horwitz": 0.09445377524141657,
  "Dane Myers": 0.07434360392693726,
  "Ernie Clement": 0.06977080063252859,
  "Nathan Lukes": 0.07659164213462401,
  "Griffin Conine": 0.07974282712215953,
  "Jhonny Pereda": 0.04726458916513724,
  "Alejandro Kirk": 0.0737518447856993,
  "Joey Loperfido": 0.07158778662621948,
  "Jonah Bride": 0.058110669057047475,
  "Javier Sanoja": 0.04886371389424825,
  "Xavier Edwards": 0.04514876724439284,
  "Kyle Stowers": 0.09669312169312168,
  "Otto Lopez": 0.07333333333333333,
  "Leo Jimenez": 0.1,
  "Nick Fortes": 0.08333333333333333,
  "Vidal Brujan": 0.040276318794245265,
  "Derek Hill": 0.060000000000000005,
  "Kyle Schwarber": 0.15436704528255368,
  "Bryce Harper": 0.1314190804571276,
  "Weston Wilson": 0.0932279036058456,
  "Joey Gallo": 0.10660908168503802,
  "Trea Turner": 0.09934078830389298,
  "J.T. Realmuto": 0.08650255864088637,
  "Nick Castellanos": 0.08695920288040154,
  "Keibert Ruiz": 0.091127527355611,
  "Alec Bohm": 0.07862358424264777,
  "James Wood": 0.0792576512735879,
  "Brandon Marsh": 0.07126843962292878,
  "Jose Tena": 0.07504917509995074,
  "Luis Garcia Jr.": 0.07077982437898711,
  "Bryson Stott": 0.06607092086456685,
  "Juan Yepez": 0.06115818180369263,
  "Dylan Crews": 0.05753461370907851,
  "Nasim Nunez": 0.04592929722496286,
  "Jacob Young": 0.04399955634427684,
  "Edmundo Sosa": 0.09351851851851851,
  "Stone Garrett": 0.12000000000000001,
  "Johan Rojas": 0.055,
  "Trey Lipscomb": 0.049999999999999996,
  "Austin Hays": 0.10357142857142858,
  "Paul Goldschmidt": 0.08112473311002723,
  "Nolan Arenado": 0.09074074074074073,
  "Mike Yastrzemski": 0.09669312169312168,
  "LaMonte Wade Jr.": 0.060395333095494545,
  "Lars Nootbaar": 0.08307761352754131,
  "Brendan Donovan": 0.05658471440558237,
  "Heliot Ramos": 0.06455186632200775,
  "Jordan Walker": 0.06398013894945492,
  "Brett Wisely": 0.060000000000000005,
  "Michael Conforto": 0.0792156862745098,
  "Alec Burleson": 0.068571751810611,
  "Luken Baker": 0.07361111111111111,
  "Patrick Bailey": 0.04961923405841033,
  "Masyn Winn": 0.051573788262693425,
  "Tyler Fitzgerald": 0.05846976977802793,
  "Pedro Pages": 0.054770101127717026,
  "Matt Chapman": 0.10481160333227893,
  "Michael Siani": 0.04208711117166719,
  "Mark Canha": 0.06335140882509303,
  "Grant McCray": 0.053064468689062665,
  "Thomas Saggese": 0.06105295449537678,
  "Casey Schmitt": 0.08715653033834853,
  "Jerar Encarnaci\u00f3n": 0.09365442038709365,
  "Ivan Herrera": 0.06666666666666667,
  "Tyler O'Neill": 0.10919141101416643,
  "Christopher Morel": 0.08674889972901176,
  "Danny Jansen": 0.08271973072411669,
  "Brandon Lowe": 0.09017995715338865,
  "Jose Siri": 0.07919961100633999,
  "Junior Caminero": 0.0885044914530812,
  "Triston Casas": 0.07537522913022193,
  "Yandy Diaz": 0.07342007104930456,
  "Jonathan Aranda": 0.07976390520021169,
  "Josh Lowe": 0.08150813106401483,
  "Wilyer Abreu": 0.07472511353560894,
  "Jarren Duran": 0.0714367155163175,
  "Mickey Gasper": 0.06619975158890527,
  "Trevor Story": 0.07134829203000952,
  "Romy Gonzalez": 0.05880382051211991,
  "Vaughn Grissom": 0.05367394881866756,
  "Ben Rortvedt": 0.05324883174220922,
  "Taylor Walls": 0.05211055794291304,
  "Masataka Yoshida": 0.0750877192982456,
  "Ceddanne Rafaela": 0.0750877192982456,
  "Jonny Deluca": 0.0750877192982456,
  "Nick Sogard": 0.060000000000000005,
  "Connor Wong": 0.05952380952380952,
  "Jose Caballero": 0.09090909090909091,
  "Kyle Tucker": 0.12716146426672742,
  "Jose Ramirez": 0.10987673429529708,
  "Jhonkensy Noel": 0.11058554139518537,
  "Josh Naylor": 0.09836575129912227,
  "Kyle Manzardo": 0.10392370272652415,
  "Lane Thomas": 0.09450217508387343,
  "Jon Singleton": 0.07823445447794462,
  "Jason Heyward": 0.07952120662956795,
  "Jake Meyers": 0.07572782123210257,
  "Bo Naylor": 0.08304452555293618,
  "Victor Caratini": 0.07309064974342029,
  "Grae Kessinger": 0.08077616077616077,
  "Zach Dezenzo": 0.0926525309504033,
  "Will Brennan": 0.0579716519073905,
  "Jeremy Pena": 0.07204769542050973,
  "Andres Gimenez": 0.06231316164587145,
  "Mauricio Dubon": 0.0714120649465477,
  "Brayan Rocchio": 0.05145795910027275,
  "Alex Bregman": 0.12568542568542568,
  "Jose Altuve": 0.10952380952380952,
  "Steven Kwan": 0.0703030303030303,
  "Yainer Diaz": 0.10462962962962963,
  "Anthony Santander": 0.1424134921785319,
  "Royce Lewis": 0.09983732857761714,
  "Adley Rutschman": 0.08708222433110058,
  "Ryan O'Hearn": 0.0843991600874481,
  "Ryan Mountcastle": 0.08046159637777571,
  "Carlos Santana": 0.08559868782311347,
  "Ryan Jeffers": 0.08582122685780519,
  "Jackson Holliday": 0.07666130032929593,
  "Heston Kjerstad": 0.08335994664168841,
  "Ramon Urias": 0.08155839258780435,
  "Kyle Farmer": 0.0659614601408874,
  "Edouard Julien": 0.06702768081646424,
  "Austin Martin": 0.05600657051342911,
  "Brooks Lee": 0.05844102262026176,
  "Willi Castro": 0.061379564775680656,
  "Emmanuel Rivera": 0.052379688396365975,