{
  "Mike Yastrzemski": 0.09960087866890445,
  "Michael Conforto": 0.08086144335380195,
  "Eloy Jimenez": 0.06444631109884189,
  "Tyler Fitzgerald": 0.08423824536119617,
  "Anthony Santander": 0.08085897708848529,
  "Heliot Ramos": 0.07742915101632876,
  "Grant McCray": 0.0698072424651372,
  "LaMonte Wade Jr.": 0.07265117926850079,
  "Gunnar Henderson": 0.06622884679034412,
  "Patrick Bailey": 0.05796311486849925,
  "Adley Rutschman": 0.05954334554334554,
  "Brett Wisely": 0.04556826694620985,
  "Coby Mayo": 0.05739913321479669,
  "Emmanuel Rivera": 0.05233981889410363,
  "Austin Slater": 0.047255880553998195,
  "Donnie Walton": 0.05529488256497105,
  "Livan Soto": 0.04754522175002724,
  "Cedric Mullins": 0.053030754269884704,
  "Curt Casali": 0.049999999999999996,
  "Ryan O'Hearn": 0.060000000000000005,
  "Matt Chapman": 0.15246376811594203,
  "Colton Cowser": 0.08392857142857142,
  "Jackson Holliday": 0.06777777777777778,
  "Jerar Encarnaci\u00f3n": 0.15384615384615385,
  "Marco Luciano": 0.1,
  "James McCann": 0.011627906976744186,
  "Marcell Ozuna": 0.15816929464210358,
  "Matt Olson": 0.15007524314319098,
  "Jorge Soler": 0.13831329502036036,
  "Elly De La Cruz": 0.11135690927866847,
  "Tyler Stephenson": 0.10971112434028035,
  "Spencer Steer": 0.09766044992424415,
  "Ram\u00f3n Laureano": 0.10013993808380811,
  "Michael Harris II": 0.099522349027108,
  "Travis d'Arnaud": 0.10515628620206086,
  "Ty France": 0.08237649687983269,
  "Jonathan India": 0.08769370183027336,
  "TJ Friedl": 0.08013831421877399,
  "Orlando Arcia": 0.07775702095684094,
  "Noelvi Marte": 0.06784584573053837,
  "Jake Fraley": 0.067565711369184,
  "Santiago Espinal": 0.06081369168977454,
  "Whit Merrifield": 0.0668293476267958,
  "Gio Urshela": 0.06364114076757756,
  "Sean Murphy": 0.14116161616161618,
  "Adam Duvall": 0.13333333333333333,
  "Jarred Kelenic": 0.09761904761904762,
  "Amed Rosario": 0.049999999999999996,
  "Byron Buxton": 0.13494512914299012,
  "Jose Ramirez": 0.11231809912221004,
  "Matt Wallner": 0.12394224335474431,
  "Kyle Manzardo": 0.10040768819247979,
  "Royce Lewis": 0.11067710845686612,
  "Josh Naylor": 0.10053043751137217,
  "Lane Thomas": 0.09290563778706072,
  "Bo Naylor": 0.08444032324993836,
  "Trevor Larnach": 0.08210379941869551,
  "Carlos Santana": 0.08790728756195167,
  "Ryan Jeffers": 0.08118616834397947,
  "Brooks Lee": 0.06846388738003018,
  "Andres Gimenez": 0.06297203107475001,
  "Angel Martinez": 0.05722765315213112,
  "Willi Castro": 0.06489193338138306,
  "Edouard Julien": 0.057878828004614684,
  "Will Brennan": 0.05769129913807575,
  "Brayan Rocchio": 0.052934951051965065,
  "Jhonkensy Noel": 0.13333333333333333,
  "Carlos Correa": 0.10357142857142858,
  "Shohei Ohtani": 0.18548689872219282,
  "Max Muncy": 0.15163331951801215,
  "Freddie Freeman": 0.10642673625252023,
  "Teoscar Hernandez": 0.10749982089990212,
  "Mookie Betts": 0.09663362164611762,
  "Jake Burger": 0.09897024183245827,
  "Jesus Sanchez": 0.08767678224172769,
  "Connor Norby": 0.07536022701299755,
  "Hunter Feduccia": 0.09349952475634934,
  "Kyle Stowers": 0.06693153102259791,
  "Griffin Conine": 0.07244447508610881,
  "Gavin Lux": 0.06513664372409657,
  "Tommy Edman": 0.0603671334043433,
  "Jonah Bride": 0.052217473000432876,
  "Miguel Rojas": 0.05864128314266329,
  "Otto Lopez": 0.05060223411541358,
  "Nick Fortes": 0.05656178598629094,
  "Xavier Edwards": 0.049173605979113126,
  "Will Smith": 0.12063492063492064,
  "Enrique Hernandez": 0.07361111111111111,
  "Rafael Devers": 0.1467804490531145,
  "Tyler O'Neill": 0.11468552902056738,
  "Wilyer Abreu": 0.10894563363671567,
  "Brandon Lowe": 0.09792994945623996,
  "Christopher Morel": 0.10460408381291038,
  "Jarren Duran": 0.10007641609629028,
  "Yandy Diaz": 0.08417067279809275,
  "Josh Lowe": 0.08206798879580104,
  "Triston Casas": 0.07855942208626733,
  "Junior Caminero": 0.09860443441295005,
  "Jonathan Aranda": 0.07340592224832018,
  "Trevor Story": 0.06689923874876075,
  "Jose Siri": 0.07172221179440431,
  "Connor Wong": 0.06958140557465071,
  "Jose Caballero": 0.06980435208666907,
  "Masataka Yoshida": 0.0705389162206337,
  "Ceddanne Rafaela": 0.061586846379675354,
  "Logan Driscoll": 0.04917720529762714,
  "Rob Refsnyder": 0.10757575757575757,
  "Jonny Deluca": 0.092989417989418,
  "Romy Gonzalez": 0.060000000000000005,
  "Dylan Carlson": 0.060000000000000005,
  "Danny Jansen": 0.09761904761904762,
  "Ben Rortvedt": 0.06269592476489028,
  "Pete Alonso": 0.1311150639621645,
  "J. D. Martinez": 0.11864118351476327,
  "Mark Vientos": 0.13008372723262115,
  "Tyrone Taylor": 0.10664891209008856,
  "Luis Garcia Jr.": 0.07493641943444523,
  "Harrison Bader": 0.09515506477494781,
  "Joey Gallo": 0.09779362841985151,
  "Francisco Alvarez": 0.08920023352334468,
  "CJ Abrams": 0.07239608290016,
  "Andr\u00e9s Chaparro": 0.06989410820977168,
  "Starling Marte": 0.07631001371742113,
  "Keibert Ruiz": 0.06269616497111719,
  "James Wood": 0.061866802392313534,
  "Jose Iglesias": 0.06063703165683364,
  "Jose Tena": 0.06109741001922132,
  "Dylan Crews": 0.05954942240312225,
  "Luisangel Acu\u00f1a": 0.07261233019853709,
  "Jacob Young": 0.06447619047619048,
  "Brandon Nimmo": 0.1115079365079365,
  "Francisco Lindor": 0.15,
  "Drew Millas": 0.07361111111111111,
  "Luis Torrens": 0.049999999999999996,
  "Brent Rooker": 0.12201574657373891,
  "Shea Langeliers": 0.09967958759402609,
  "Seiya Suzuki": 0.0900497999363883,
  "Zack Gelof": 0.07328096712644243,
  "Michael Busch": 0.0708281330424009,
  "Jacob Wilson": 0.07107511813934429,
  "Dansby Swanson": 0.07444520839129704,
  "Ian Happ": 0.0831480984724155,
  "Lawrence Butler": 0.07156247369259848,
  "JJ Bleday": 0.0755988566888571,
  "Isaac Paredes": 0.07315328024754288,
  "Tyler Nevin": 0.057447159304508104,
  "Pete Crow-Armstrong": 0.058435068030138024,
  "Daz Cameron": 0.06018221922550653,
  "Cody Bellinger": 0.06536519450264354,
  "Max Schuemann": 0.056501015466431416,
  "Christian Bethancourt": 0.06688286014423139,
  "Nico Hoerner": 0.05299546132879466,
  "Seth Brown": 0.09761904761904762,
  "Patrick Wisdom": 0.12000000000000001,
  "Miguel Amaya": 0.06777777777777778,
  "Bobby Witt Jr.": 0.11499528246289828,
  "Spencer Torkelson": 0.10112082217511702,
  "Paul DeJong": 0.09499975160423194,
  "Salvador Perez": 0.10741374911047598,
  "Hunter Renfroe": 0.09227874168657622,
  "Andy Ibanez": 0.0765319197577262,
  "Matt Vierling": 0.06866307214175432,
  "Justyn-Henry Malloy": 0.06538409400086745,
  "Riley Greene": 0.05946405254738092,
  "Michael Massey": 0.08215631960430002,
  "Trey Sweeney": 0.05285187850422568,
  "Tommy Pham": 0.07658023184509076,
  "Freddy Fermin": 0.06087190790034602,
  "Colt Keith": 0.047307320907555954,
  "Dillon Dingler": 0.05729641625468665,
  "Yuli Gurriel": 0.06514270898363542,
  "Kyle Isbel": 0.05024627191501006,
  "Parker Meadows": 0.048790462178602716,
  "Jake Rogers": 0.09761904761904762,
  "Dairon Blanco": 0.09761904761904762,
  "MJ Melendez": 0.11636141636141635,
  "Maikel Garcia": 0.060000000000000005,
  "Kerry Carpenter": 0.12000000000000001,
  "Garrett Hampson": 0.049999999999999996,
  "Wenceel Perez": 0.060000000000000005,
  "Adam Frazier": 0.06666666666666667,
  "Kyle Schwarber": 0.14644777521104754,
  "Bryce Harper": 0.1121424424407953,
  "Trea Turner": 0.08931806321771547,
  "Willy Adames": 0.08527849477114599,
  "J.T. Realmuto": 0.07500962078579375,
  "William Contreras": 0.08568634945248836,
  "Brandon Marsh": 0.0715440706779173,
  "Rhys Hoskins": 0.08467246426674371,
  "Jake Bauers": 0.07060438284422878,
  "Cal Stevenson": 0.04776511111132393,
  "Bryson Stott": 0.06184250786701271,
  "Nick Castellanos": 0.06805421379525539,
  "Jackson Chourio": 0.06740426901839792,
  "Garrett Mitchell": 0.060594497828337916,
  "Edmundo Sosa": 0.05965132422492944,
  "Brice Turang": 0.0527422408776,
  "Joey Ortiz": 0.056445565283949124,
  "Sal Frelick": 0.048361455697683006,
  "Alec Bohm": 0.0792156862745098,
  "Blake Perkins": 0.059454022988505745,