{
  "Yordan Alvarez": 0.15226854138019358,
  "Yainer Diaz": 0.09902296234617002,
  "Daulton Varsho": 0.08876251754178514,
  "Trey Cabbage": 0.08915542570304476,
  "George Springer": 0.07628350026386162,
  "Davis Schneider": 0.09578091945654957,
  "Jake Meyers": 0.0824797617278442,
  "Alex Bregman": 0.09452121369821663,
  "Bo Bichette": 0.06931456907646044,
  "Jon Singleton": 0.08757721760803917,
  "Justin Turner": 0.06824597124597125,
  "Jeremy Pena": 0.06724020779348155,
  "Chas McCormick": 0.07782516703718086,
  "Alejandro Kirk": 0.059766871368562915,
  "Spencer Horwitz": 0.06370560862768655,
  "Ernie Clement": 0.074421797338464,
  "Mauricio Dubon": 0.060910532231043056,
  "Isiah Kiner-Falefa": 0.054929706817073716,
  "Jose Altuve": 0.09761904761904762,
  "Vladimir Guerrero Jr.": 0.09761904761904762,
  "Pete Alonso": 0.12276206652785164,
  "J. D. Martinez": 0.12213057398782223,
  "Mark Vientos": 0.12066062914565268,
  "Francisco Lindor": 0.12408000748104947,
  "Francisco Alvarez": 0.10145525309609371,
  "Tyrone Taylor": 0.09833226389516164,
  "Lane Thomas": 0.09146308004524611,
  "Harrison Bader": 0.09154768567627629,
  "James Wood": 0.06867534481508218,
  "Joey Meneses": 0.08666726350011557,
  "CJ Abrams": 0.07816600220644226,
  "Ildemaro Vargas": 0.07489402243591473,
  "Harold Ramirez": 0.057549493427956504,
  "Jeff McNeil": 0.05587442751733388,
  "Keibert Ruiz": 0.05957342469630115,
  "Nick Senzel": 0.06619029517430497,
  "Jose Iglesias": 0.05592498598069773,
  "Jacob Young": 0.052378915311783986,
  "Brandon Nimmo": 0.08392857142857142,
  "Luis Garcia Jr.": 0.07361111111111111,
  "Jesse Winker": 0.08392857142857142,
  "Harold Ram\u00edrez": 0.054007302757302755,
  "Rhys Hoskins": 0.16777126820981936,
  "Willy Adames": 0.15255911191532998,
  "Eric Haase": 0.13823998401801604,
  "William Contreras": 0.12863291385436387,
  "Ezequiel Tovar": 0.10482784171916114,
  "Michael Toglia": 0.12272256576168902,
  "Christian Yelich": 0.11171000233400995,
  "Nolan Jones": 0.11902733535387129,
  "Ryan McMahon": 0.12483309598940981,
  "Joey Ortiz": 0.09603288762192896,
  "Brenton Doyle": 0.08911164283506015,
  "Brendan Rodgers": 0.07937114169263722,
  "Jackson Chourio": 0.09873476189869632,
  "Elias Diaz": 0.1200718992926785,
  "Charlie Blackmon": 0.0890422098115904,
  "Blake Perkins": 0.07048318550298747,
  "Jake Cave": 0.08891764106606025,
  "Brice Turang": 0.06911333274969639,
  "Jacob Stallings": 0.07361111111111111,
  "Hunter Goodman": 0.13358585858585859,
  "Sal Frelick": 0.060000000000000005
}