{
  "Andy Pages": 0.12918078875862793,
  "Brandon Nimmo": 0.09681376605039206,
  "Brett Baty": 0.07375181743872808,
  "Chris Taylor": 0.11042564535715221,
  "DJ Stewart": 0.11421351084812623,
  "Francisco Lindor": 0.13080916812271023,
  "Freddie Freeman": 0.11059769304574867,
  "Gavin Lux": 0.06440088743559683,
  "J. D. Martinez": 0.16455387309213523,
  "Jason Heyward": 0.08220971962702697,
  "Jeff McNeil": 0.06859461497362782,
  "Mookie Betts": 0.13997198203118472,
  "Pete Alonso": 0.14993736267241914,
  "Shohei Ohtani": 0.1903253281347908,
  "Teoscar Hernandez": 0.15088805310363723,
  "Tomas Nido": 0.08247663410570678,
  "Tyrone Taylor": 0.12076472253151069,
  "Will Smith": 0.13663921238401974,
  "Enrique Hernandez": 0.060000000000000005,
  "Starling Marte": 0.08392857142857142,
  "Rafael Devers": 0.15435723761373937,
  "Connor Wong": 0.07990921481383059,
  "Anthony Santander": 0.12537256221318088,
  "Jarren Duran": 0.08931964115170095,
  "Cedric Mullins": 0.07323689160716372,
  "Ryan Mountcastle": 0.07361111111111111,
  "Adley Rutschman": 0.10254078284756458,
  "Kyle Stowers": 0.11360085992438934,
  "David Hamilton": 0.06820894223707524,
  "Ceddanne Rafaela": 0.06867306811690672,
  "Gunnar Henderson": 0.13894818080012866,
  "Jorge Mateo": 0.07740994735889155,
  "Ryan O'Hearn": 0.09771857051972381,
  "Jordan Westburg": 0.09723832088877282,
  "Wilyer Abreu": 0.10800766207001607,
  "Vaughn Grissom": 0.07060574689087604,
  "Colton Cowser": 0.0990414999635829,
  "Tyler O'Neill": 0.09761904761904762,
  "Garrett Cooper": 0.08392857142857142,
  "Romy Gonzalez": 0.060000000000000005,
  "Dominic Smith": 0.08605046017795807,
  "Rob Refsnyder": 0.07958355250009959,
  "Paul Goldschmidt": 0.18854044017346822,
  "Matt Carpenter": 0.08392857142857142,
  "Tyler Stephenson": 0.10676715892416033,
  "Dylan Carlson": 0.10907884616981302,
  "Ivan Herrera": 0.13730779685403985,
  "Jonathan India": 0.07554354154779717,
  "Nolan Arenado": 0.193823209486196,
  "Spencer Steer": 0.11708320449391878,
  "Nolan Gorman": 0.14026568190672675,
  "Stuart Fairchild": 0.08392857142857142,
  "Brendan Donovan": 0.06883248334175306,
  "Jake Fraley": 0.08446193792832447,
  "Lars Nootbaar": 0.09887639242477952,
  "Elly De La Cruz": 0.13117602591888336,
  "Alec Burleson": 0.10457163868606387,
  "Will Benson": 0.0910743260193451,
  "Luke Maile": 0.060000000000000005,
  "Nick Martini": 0.09871756436995435,
  "Masyn Winn": 0.1080174071459766,
  "Michael Siani": 0.060000000000000005,
  "Jeimer Candelario": 0.10507464704174188,
  "Santiago Espinal": 0.05007062146892655,
  "Jacob Hurtubise": 0.0639528621835539,
  "Mike Ford": 0.09761904761904762,
  "Connor Joe": 0.08833001531007087,
  "Jake Rogers": 0.09529851263601613,
  "Andrew McCutchen": 0.11003458827379094,
  "Bryan Reynolds": 0.08860075378296528,
  "Javier Baez": 0.07384786963872111,
  "Spencer Torkelson": 0.11030086893763577,
  "Riley Greene": 0.10605200008333744,
  "Oneil Cruz": 0.07528474655464208,
  "Ji Hwan Bae": 0.060000000000000005,
  "Kerry Carpenter": 0.09950070733663445,
  "Wenceel Perez": 0.08410246989968352,
  "Nick Gonzales": 0.08544129333603018,
  "Jared Triolo": 0.060000000000000005,
  "Mark Canha": 0.08195768791040392,
  "Zach McKinstry": 0.05007062146892655,
  "Rowdy Tellez": 0.060000000000000005,
  "Carson Kelly": 0.060000000000000005,
  "Matt Vierling": 0.08072633424637486,
  "Colt Keith": 0.08306120186221509,
  "Edward Olivares": 0.0914521140878083,
  "Michael A. Taylor": 0.08167866942253668,
  "Gio Urshela": 0.060000000000000005,
  "Yasmani Grandal": 0.08147071990157966,
  "Ke'Bryan Hayes": 0.08582361754329106,
  "Joey Bart": 0.1061965811965812,
  "Abraham Toro": 0.10653036796591839,
  "Ben Rortvedt": 0.0721483293477563,
  "Brandon Lowe": 0.1310340874271547,
  "Brent Rooker": 0.1582750116499014,
  "Isaac Paredes": 0.11940331273664606,
  "J.D. Davis": 0.08591617687362368,
  "JJ Bleday": 0.13609986611094207,
  "Jonathan Aranda": 0.0902281508575845,
  "Jonny Deluca": 0.09311507250874385,
  "Jose Caballero": 0.07061308973478962,
  "Max Schuemann": 0.06765750479793334,
  "Miguel Andujar": 0.09252871020202953,
  "Randy Arozarena": 0.12298989756873854,
  "Richie Palacios": 0.09470687963690488,
  "Seth Brown": 0.1286989975270011,
  "Shea Langeliers": 0.15018792925563867,
  "Yandy Diaz": 0.09491061192603652,
  "Zack Gelof": 0.08887973200311997,
  "Harold Ramirez": 0.05007062146892655,
  "Amed Rosario": 0.060000000000000005,
  "Austin Barnes": 0.1075268817204301,
  "Omar Narvaez": 0.09090909090909091,
  "Ozzie Albies": 0.1336850741373005,
  "Austin Riley": 0.160848236347886,
  "Adam Duvall": 0.14298187898707468,
  "Travis d'Arnaud": 0.09761904761904762,
  "Luis Garcia Jr.": 0.07361111111111111,
  "Marcell Ozuna": 0.19731602034845913,
  "Riley Adams": 0.07624661318782987,
  "Orlando Arcia": 0.08516120570166576,
  "Keibert Ruiz": 0.06679954997189178,
  "Matt Olson": 0.19183043128070887,
  "Ildemaro Vargas": 0.06954016236727925,
  "CJ Abrams": 0.07582277843182637,
  "Michael Harris II": 0.12554482661552355,
  "Joey Meneses": 0.07808949643851451,
  "Jacob Young": 0.04904131188899401,
  "Nick Senzel": 0.07449831574856167,
  "Jarred Kelenic": 0.10547660497535184,
  "Eddie Rosario": 0.10757575757575757,
  "Zack Short": 0.060000000000000005,
  "Joey Gallo": 0.09761904761904762,
  "Sean Murphy": 0.1467765845564545,
  "Lane Thomas": 0.09201820004371568,
  "Jesse Winker": 0.06673566520348503,
  "Nico Hoerner": 0.0652314248950628,
  "Miguel Amaya": 0.06835063544798142,
  "Ian Happ": 0.10437448790794439,
  "Christian Yelich": 0.11764949840370084,
  "Patrick Wisdom": 0.10757575757575757,
  "Christopher Morel": 0.13182496059634816,
  "Willy Adames": 0.13550039551934007,
  "Yan Gomes": 0.060000000000000005,
  "Nick Madrigal": 0.05007062146892655,
  "Blake Perkins": 0.06069812265918683,
  "William Contreras": 0.14788730054708982,
  "Seiya Suzuki": 0.10629694126190345,
  "Brice Turang": 0.06675242884896385,
  "Dansby Swanson": 0.0954874290639846,
  "Sal Frelick": 0.06350962872594526,
  "Mike Tauchman": 0.08506630248116316,
  "Jackson Chourio": 0.08561252642175088,
  "Cody Bellinger": 0.12586394283167865,
  "Jake Bauers": 0.12501787725412755,
  "Michael Busch": 0.09393323093013496,
  "Joey Ortiz": 0.09574426015951243,
  "Gary Sanchez": 0.12000000000000001,
  "Vladimir Guerrero Jr.": 0.1647913216061804,
  "Gavin Sheets": 0.10219828041208447,
  "Danny Mendick": 0.060000000000000005,
  "George Springer": 0.10876213106436551,
  "Alejandro Kirk": 0.060000000000000005,
  "Danny Jansen": 0.18038166361849675,
  "Andrew Vaughn": 0.12398702652153251,
  "Bo Bichette": 0.11260532223764073,
  "Andrew Benintendi": 0.0769687884855492,
  "Zach Remillard": 0.05007062146892655,
  "Kevin Kiermaier": 0.08358899385215175,
  "Davis Schneider": 0.1682984642076338,
  "Paul DeJong": 0.11993312130039675,
  "Korey Lee": 0.09374629150664437,
  "Daulton Varsho": 0.14711157298779304,
  "Dominic Fletcher": 0.05007062146892655,
  "Justin Turner": 0.14289269264736973,
  "Tommy Pham": 0.12495004705380497,
  "Isiah Kiner-Falefa": 0.07623115260866822,
  "Corey Julks": 0.10694099722116963,
  "Bryan Ramos": 0.11196589020735877,
  "Nicky Lopez": 0.05978939373042624,
  "Max Kepler": 0.10757575757575757,
  "Ryan Jeffers": 0.11072426949493681,
  "Alex Kirilloff": 0.10757575757575757,
  "Salvador Perez": 0.18912248991982777,
  "Byron Buxton": 0.12666335295038653,
  "MJ Melendez": 0.09761904761904762,
  "Trevor Larnach": 0.10757575757575757,
  "Maikel Garcia": 0.08358357159691784,
  "Kyle Isbel": 0.07832909654238253,
  "Carlos Correa": 0.10115531348733318,
  "Bobby Witt Jr.": 0.15933967668584165,
  "Vinnie Pasquantino": 0.12473148670864902,
  "Jose Miranda": 0.0955501486263876,
  "Dairon Blanco": 0.07361111111111111,
  "Freddy Fermin": 0.08392857142857142,
  "Nelson Velazquez": 0.1316821286405184,
  "Willi Castro": 0.07167402582164345,
  "Adam Frazier": 0.05489655172413793,
  "Hunter Renfroe": 0.12953971048671595,
  "Carlos Santana": 0.07219836706990858,