{
  "Shohei Ohtani": 0.149746443948033,
  "Teoscar Hernandez": 0.12171080327229757,
  "Justyn-Henry Malloy": 0.08882812088964796,
  "Andy Pages": 0.11852748317362073,
  "Freddie Freeman": 0.09325036426716357,
  "Chris Taylor": 0.08180191648647303,
  "Enrique Hernandez": 0.08521390852649069,
  "Javier Baez": 0.07386698241421949,
  "Ryan Vilade": 0.054593498046109266,
  "Riley Greene": 0.08707817089326397,
  "Carson Kelly": 0.07499472235794737,
  "Austin Barnes": 0.05971837121962401,
  "Andy Ibanez": 0.0807586823599172,
  "Colt Keith": 0.08005540051399199,
  "Matt Vierling": 0.0751558817486718,
  "Mark Canha": 0.07001331022316265,
  "Cavan Biggio": 0.06161090975140562,
  "Gavin Lux": 0.05800954966155441,
  "Will Smith": 0.09761904761904762,
  "Jake Rogers": 0.09761904761904762,
  "Wenceel Perez": 0.060000000000000005,
  "Zach McKinstry": 0.060000000000000005,
  "Miguel Rojas": 0.060000000000000005,
  "Gio Urshela": 0.060000000000000005,
  "Oneil Cruz": 0.17238036144895175,
  "Luis Robert Jr.": 0.1609589449372846,
  "Bryan Reynolds": 0.13829166080259364,
  "Andrew McCutchen": 0.1350708149200043,
  "Jack Suwinski": 0.11720392965386227,
  "Rowdy Tellez": 0.10818678945716281,
  "Joshua Palacios": 0.10812867685761815,
  "Nick Gonzales": 0.10827990354576925,
  "Paul DeJong": 0.10379529972203258,
  "Andrew Vaughn": 0.09638524400763263,
  "Gavin Sheets": 0.09738831919504817,
  "Yasmani Grandal": 0.08667076865151761,
  "Tommy Pham": 0.08568015317763142,
  "Ke'Bryan Hayes": 0.08920744118529936,
  "Andrew Benintendi": 0.07677510738342197,
  "Martin Maldonado": 0.07789445098796824,
  "Lenyn Sosa": 0.0753975178468152,
  "Nicky Lopez": 0.04439747953778124,
  "Eloy Jimenez": 0.10757575757575757,
  "Korey Lee": 0.08392857142857142,
  "Nolan Gorman": 0.11960278786070641,
  "Christopher Morel": 0.12149423155990086,
  "Michael Busch": 0.09885671082085493,
  "Seiya Suzuki": 0.11786867302278323,
  "Lars Nootbaar": 0.0821468693415888,
  "Willson Contreras": 0.11021718195363589,
  "Ian Happ": 0.11108220947628296,
  "Alec Burleson": 0.09275980593130656,
  "Pedro Pages": 0.08226927185241054,
  "Dansby Swanson": 0.09851759938140771,
  "Pete Crow-Armstrong": 0.07592255269754242,
  "Nolan Arenado": 0.08472397716374994,
  "Brendan Donovan": 0.06839404366423665,
  "Masyn Winn": 0.06246239876346612,
  "Miles Mastrobuoni": 0.05944195521887381,
  "Tomas Nido": 0.0626633146943281,
  "Nico Hoerner": 0.06135618789489488,
  "Michael Siani": 0.05116654378777657,
  "Paul Goldschmidt": 0.07718165259148867,
  "Alexander Canario": 0.10757575757575757,
  "Aaron Judge": 0.1764781032478625,
  "Anthony Santander": 0.11070709280814636,
  "Cedric Mullins": 0.07361111111111111,
  "Gleyber Torres": 0.07534695062175314,
  "Ramon Urias": 0.060302992855267246,
  "DJ LeMahieu": 0.05053655890091435,
  "Oswaldo Cabrera": 0.049999999999999996,
  "Ryan Mountcastle": 0.0765898247494565,
  "Gunnar Henderson": 0.10562092184331899,
  "Adley Rutschman": 0.08366690923929496,
  "Jorge Mateo": 0.060000000000000005,
  "Anthony Volpe": 0.052188554338504174,
  "Ryan O'Hearn": 0.08362273646164155,
  "Colton Cowser": 0.08585148789805623,
  "Alex Verdugo": 0.0667638492847681,
  "Jordan Westburg": 0.08013672883179992,
  "Trent Grisham": 0.07018273407738648,
  "Ben Rice": 0.08881534408507676,
  "Juan Soto": 0.12561722878082893,
  "Austin Hays": 0.08738194517931396,
  "Austin Wells": 0.07555465845775357,
  "Nick Castellanos": 0.1260266407160817,
  "Alec Bohm": 0.10804968727564587,
  "Bryce Harper": 0.18400049063132895,
  "Garrett Stubbs": 0.06913043027953433,
  "Kyle Schwarber": 0.23299757822137043,
  "Brandon Marsh": 0.10348816529354649,
  "Edmundo Sosa": 0.07361111111111111,
  "Bryson Stott": 0.08940690102897939,
  "Johan Rojas": 0.06554537030489843,
  "Shea Langeliers": 0.15198062959335346,
  "Lawrence Butler": 0.13072768838515583,
  "Brent Rooker": 0.1651807566865913,
  "Trea Turner": 0.1398157560272246,
  "Zack Gelof": 0.11348240754390247,
  "Miguel Andujar": 0.07361111111111111,
  "Max Schuemann": 0.07570142691437308,
  "JJ Bleday": 0.13108071699905402,
  "Brett Harris": 0.08596246369022889,
  "Seth Brown": 0.10914531282231298,
  "Daz Cameron": 0.09799884581974133,
  "Rafael Devers": 0.12323857485682453,
  "Kyle Isbel": 0.060000000000000005,
  "Salvador Perez": 0.1541895776806958,
  "Connor Wong": 0.07361111111111111,
  "Jarren Duran": 0.08628557576953282,
  "MJ Melendez": 0.12564325209586522,
  "Maikel Garcia": 0.06302954240753283,
  "Bobby Witt Jr.": 0.13602601441274212,
  "Vinnie Pasquantino": 0.12599800678816983,
  "Michael Massey": 0.09761904761904762,
  "Rob Refsnyder": 0.07515571098775432,
  "David Hamilton": 0.06658190778828549,
  "Ceddanne Rafaela": 0.08010045227647142,
  "Tyler O'Neill": 0.13333333333333333,
  "Masataka Yoshida": 0.06605768065044756,
  "Wilyer Abreu": 0.090411498967615,
  "Nick Loftin": 0.049999999999999996,
  "Hunter Renfroe": 0.12790796843011945,
  "Dominic Smith": 0.07708706532405245,
  "Adam Frazier": 0.05501337594044195,
  "Freddy Fermin": 0.0815194808573804,
  "Garrett Hampson": 0.06005406950589893,
  "Reese McGuire": 0.05539986296956216,
  "Jonathan India": 0.094269575990717,
  "Jazz Chisholm Jr.": 0.1154263120750054,
  "Tyler Stephenson": 0.09904964109309664,
  "Jesus Sanchez": 0.13333333333333333,
  "Bryan De La Cruz": 0.1380040621221364,
  "Spencer Steer": 0.11276273500111532,
  "Nick Fortes": 0.09545478470491509,
  "Noelvi Marte": 0.09439390699740094,
  "Elly De La Cruz": 0.0940281400603109,
  "Xavier Edwards": 0.06651869840309943,
  "Will Benson": 0.08631318209749582,
  "Jeimer Candelario": 0.09834636309746807,
  "Rece Hinds": 0.10289324650946724,
  "Josh Bell": 0.12956505677541885,
  "Vidal Brujan": 0.09761904761904762,
  "Jake Burger": 0.1828223973429453,
  "Santiago Espinal": 0.060000000000000005,
  "Nick Gordon": 0.08392857142857142,
  "Austin Slater": 0.049999999999999996,
  "Dane Myers": 0.10950043553551857,
  "Emmanuel Rivera": 0.09016819186124476,
  "Jonah Bride": 0.07741112434793253,
  "Jake Fraley": 0.06803447404437604,
  "Brandon Lowe": 0.1178091654212204,
  "Jose Ramirez": 0.12659541163213037,
  "Josh Lowe": 0.0811594866816156,
  "Taylor Walls": 0.07361111111111111,
  "Andres Gimenez": 0.06330588722839815,
  "Tyler Freeman": 0.07361111111111111,
  "Yandy Diaz": 0.07183635057108317,
  "Brayan Rocchio": 0.060000000000000005,
  "Randy Arozarena": 0.09203627388435481,
  "Steven Kwan": 0.05658139003344354,
  "Josh Naylor": 0.12584348848524923,
  "Bo Naylor": 0.10115585607663072,
  "Jose Siri": 0.08392857142857142,
  "Isaac Paredes": 0.10401757655115328,
  "David Fry": 0.08953397747839263,
  "Jonny Deluca": 0.07606221835736238,
  "Angel Martinez": 0.06182664419286433,
  "Amed Rosario": 0.049999999999999996,
  "Richie Palacios": 0.07034013931550606,
  "Ben Rortvedt": 0.06833155997214684,
  "Daniel Schneemann": 0.084454094469338,
  "Will Brennan": 0.06791652809810379,
  "Jose Caballero": 0.08739337521292408,
  "Charlie Blackmon": 0.08822126831743081,
  "Brandon Nimmo": 0.1051328171240274,
  "Brendan Rodgers": 0.0769974675530231,
  "Ryan McMahon": 0.10823744843812678,
  "Jeff McNeil": 0.06396420791544062,
  "Elias Diaz": 0.07396086025009019,
  "Pete Alonso": 0.10751064760990318,
  "Francisco Lindor": 0.12772301765088037,
  "Ezequiel Tovar": 0.0983298323266458,
  "Mark Vientos": 0.08979278679967721,
  "Michael Toglia": 0.10770583099071471,
  "Brenton Doyle": 0.08934802120517389,
  "Tyrone Taylor": 0.10757575757575757,
  "Francisco Alvarez": 0.08392857142857142,
  "J. D. Martinez": 0.09484982520713298,
  "Harrison Bader": 0.060000000000000005,
  "Jake Cave": 0.06626490082014791,
  "Jose Iglesias": 0.060000000000000005,
  "DJ Stewart": 0.1389293217286915,
  "Ben Gamel": 0.09321593392800823,
  "Sam Hilliard": 0.115153753809216,
  "Luis Torrens": 0.07584183673469388,
  "Yordan Alvarez": 0.1375503495664741,
  "Chas McCormick": 0.07035067331849411,
  "Jose Altuve": 0.08297606987367559,
  "Alex Bregman": 0.07487406398095867,
  "Leody Taveras": 0.06839935157595592,