{
  "Matt Carpenter": 0.1112022237022237,
  "Ivan Herrera": 0.08331642342865253,
  "Paul Goldschmidt": 0.11705535368759416,
  "Jesus Sanchez": 0.0951377115368394,
  "Jazz Chisholm Jr.": 0.11099055809913995,
  "Dylan Carlson": 0.05007062146892655,
  "Nolan Arenado": 0.09761904761904762,
  "Bryan De La Cruz": 0.11111884514079144,
  "Brendan Donovan": 0.07580736011659314,
  "Alec Burleson": 0.09664207123106931,
  "Nick Fortes": 0.05007062146892655,
  "Josh Bell": 0.08926136599049074,
  "Jake Burger": 0.11623310197395535,
  "Nolan Gorman": 0.12996267757981905,
  "Masyn Winn": 0.06129610842719152,
  "Michael Siani": 0.059555425787309844,
  "Emmanuel Rivera": 0.05007062146892655,
  "Otto Lopez": 0.07175272799569475,
  "Pedro Pages": 0.09761904761904762,
  "Nick Gordon": 0.06927080464667627,
  "Tim Anderson": 0.06166979689905968,
  "Brandon Crawford": 0.08660111522679247,
  "Christian Bethancourt": 0.07635548921900043,
  "Andrew McCutchen": 0.11526513115962858,
  "Ke'Bryan Hayes": 0.08266892575406679,
  "Bryan Reynolds": 0.09119970342819192,
  "Oneil Cruz": 0.10757575757575757,
  "Jonathan India": 0.07732137195667851,
  "Connor Joe": 0.08926113728718019,
  "TJ Friedl": 0.12000000000000001,
  "Tyler Stephenson": 0.1110833126085241,
  "Jake Fraley": 0.07047759928572987,
  "Jack Suwinski": 0.09761904761904762,
  "Elly De La Cruz": 0.08689908399690428,
  "Spencer Steer": 0.12251417300587772,
  "Will Benson": 0.08392857142857142,
  "Nick Gonzales": 0.08225490274334553,
  "Yasmani Grandal": 0.060000000000000005,
  "Rowdy Tellez": 0.060000000000000005,
  "Edward Olivares": 0.08919735811077971,
  "Jeimer Candelario": 0.12237301866465966,
  "Santiago Espinal": 0.06457941414463154,
  "Stuart Fairchild": 0.09537183333976208,
  "Michael A. Taylor": 0.08156698873572689,
  "Luke Maile": 0.09257012167382152,
  "Jason Delay": 0.06765995442466032,
  "Jared Triolo": 0.07581088720087514,
  "Mitch Haniger": 0.13358585858585859,
  "Dylan Moore": 0.1038949774515067,
  "Gabriel Arias": 0.060000000000000005,
  "J.P. Crawford": 0.10265249118527371,
  "Andres Gimenez": 0.08666929734856905,
  "Cal Raleigh": 0.16633234256938975,
  "Josh Naylor": 0.12598139443594553,
  "Tyler Freeman": 0.07361111111111111,
  "Julio Rodriguez": 0.1396962004634767,
  "Brayan Rocchio": 0.058618045941207834,
  "Steven Kwan": 0.058501967781245404,
  "Bo Naylor": 0.09228948730521958,
  "Will Brennan": 0.07865025589017154,
  "David Fry": 0.09707315550823607,
  "Victor Robles": 0.05007062146892655,
  "Mitch Garver": 0.12366867611496792,
  "Tyler Locklear": 0.09761904761904762,
  "Ryan Bliss": 0.060000000000000005,
  "Jose Ramirez": 0.14654620958722506,
  "Ty France": 0.09939735255358503,
  "Luke Raley": 0.11821623087476721,
  "Dominic Canzone": 0.12127847403792483,
  "Daniel Schneemann": 0.09068993125574858,
  "Josh Rojas": 0.08660436401573479,
  "Fernando Tatis Jr.": 0.15,
  "Manny Machado": 0.12292615615642877,
  "Bryce Harper": 0.16521515009517138,
  "Jurickson Profar": 0.08660185640454574,
  "Jake Cronenworth": 0.11042211892037865,
  "Ha-Seong Kim": 0.060000000000000005,
  "Garrett Stubbs": 0.0739100544922419,
  "Alec Bohm": 0.10153982094905324,
  "Luis Campusano": 0.09504378939413395,
  "Edmundo Sosa": 0.08392857142857142,
  "Kyle Schwarber": 0.21541174308201885,
  "Jackson Merrill": 0.09979778949519581,
  "Nick Castellanos": 0.12203170969418542,
  "Brandon Marsh": 0.10591816534835895,
  "Bryson Stott": 0.08460902149248455,
  "Whit Merrifield": 0.060000000000000005,
  "Donovan Solano": 0.07506931862428563,
  "Luis Arraez": 0.06236938167681012,
  "David Dahl": 0.08392857142857142,
  "David Peralta": 0.09002420768098442,
  "Trea Turner": 0.14642765758037954,
  "Cristian Pache": 0.08063004770165895,
  "Tyler Wade": 0.06548697377501725,
  "Christian Walker": 0.13552008230805054,
  "Ketel Marte": 0.1255295449770385,
  "Luis Garcia Jr.": 0.10201686247895367,
  "Jake McCarthy": 0.08153596131537308,
  "Geraldo Perdomo": 0.0643036249536025,
  "Lane Thomas": 0.12205003716251607,
  "Keibert Ruiz": 0.10234569959060201,
  "CJ Abrams": 0.15124742187091053,
  "Joey Meneses": 0.10423545780270956,
  "Gabriel Moreno": 0.07382430348144559,
  "Corbin Carroll": 0.12014256541605382,
  "Jacob Young": 0.05853921724765715,
  "Blaze Alexander": 0.060000000000000005,
  "Lourdes Gurriel Jr.": 0.10031792880576099,
  "Joc Pederson": 0.17464425160481015,
  "Eugenio Suarez": 0.1160186543608173,
  "Nick Senzel": 0.08135533168155476,
  "Eddie Rosario": 0.14846759039436702,
  "Jesse Winker": 0.12314723106604315,
  "Kevin Newman": 0.05007062146892655,
  "Aaron Judge": 0.23447037446624758,
  "Cedric Mullins": 0.08392857142857142,
  "Gleyber Torres": 0.08528889087403191,
  "Giancarlo Stanton": 0.17085848648925156,
  "Austin Hays": 0.1204975827089424,
  "Anthony Santander": 0.15933753950089286,
  "Ryan Mountcastle": 0.13550440243881276,
  "DJ LeMahieu": 0.07524838563426413,
  "Jorge Mateo": 0.09836571362223563,
  "Jose Trevino": 0.08392857142857142,
  "Ryan O'Hearn": 0.09761904761904762,
  "James McCann": 0.09995678709291722,
  "Adley Rutschman": 0.11328545885917185,
  "Gunnar Henderson": 0.1250681233703564,
  "Anthony Volpe": 0.0850965497481005,
  "Jordan Westburg": 0.13552958674963997,
  "Austin Wells": 0.09870217313619972,
  "Alex Verdugo": 0.08512095739798149,
  "Colton Cowser": 0.08304519904033393,
  "Juan Soto": 0.16539834588937466,
  "Rafael Devers": 0.13830148604614595,
  "Vladimir Guerrero Jr.": 0.1043052907455586,
  "Danny Jansen": 0.12000000000000001,
  "George Springer": 0.060000000000000005,
  "Alejandro Kirk": 0.07084323120909677,
  "Connor Wong": 0.07361111111111111,
  "Jarren Duran": 0.088180820228134,
  "Enmanuel Valdez": 0.10531612221988232,
  "Ceddanne Rafaela": 0.0655103024735411,
  "David Hamilton": 0.060000000000000005,
  "Spencer Horwitz": 0.06373054873054873,
  "Masataka Yoshida": 0.06927818700567055,
  "Rob Refsnyder": 0.07191408467052726,
  "Ernie Clement": 0.06040605040886151,
  "Daulton Varsho": 0.08837985343400001,
  "Davis Schneider": 0.11037913653605723,
  "Tyler O'Neill": 0.11010383673947287,
  "Isiah Kiner-Falefa": 0.06258713508713509,
  "Justin Turner": 0.08421986232585983,
  "Dominic Smith": 0.07535643432832796,
  "Addison Barger": 0.07249473162551312,
  "Reese McGuire": 0.06666238689166055,
  "Ozzie Albies": 0.12215264836175696,
  "Austin Riley": 0.14860202499416783,
  "Adam Duvall": 0.13724086790801845,
  "Marcell Ozuna": 0.17053203433160993,
  "Travis d'Arnaud": 0.11244288781023319,
  "Akil Baddoo": 0.07361111111111111,
  "Matt Olson": 0.1539499953346495,
  "Wenceel Perez": 0.07378824688197326,
  "Sean Murphy": 0.09761904761904762,
  "Andy Ibanez": 0.07361111111111111,
  "Orlando Arcia": 0.08411531598899855,
  "Matt Vierling": 0.10298679390784653,
  "Riley Greene": 0.1320741476935604,
  "Carson Kelly": 0.08303243815542687,
  "Mark Canha": 0.0766013849642747,
  "Jarred Kelenic": 0.10515688702942153,
  "Colt Keith": 0.08431378580744182,
  "Justyn-Henry Malloy": 0.0992503211307895,
  "Gio Urshela": 0.065645682133647,
  "Ram\u00f3n Laureano": 0.060000000000000005,
  "Forrest Wall": 0.0731883840436472,
  "Zach McKinstry": 0.07980527762887442,
  "Byron Buxton": 0.14999689061893484,
  "Brandon Lowe": 0.15532526304344704,
  "Randy Arozarena": 0.10887346171131347,
  "Max Kepler": 0.15034984507218382,
  "Josh Lowe": 0.1071936276755863,
  "Taylor Walls": 0.05007062146892655,
  "Yandy Diaz": 0.09325210644361173,
  "Ryan Jeffers": 0.11551197369044561,
  "Trevor Larnach": 0.13793672655476555,
  "Jose Siri": 0.09919618497136236,
  "Isaac Paredes": 0.11043096288821444,
  "Jose Miranda": 0.11007533431775855,
  "Carlos Correa": 0.11556580221989275,
  "Royce Lewis": 0.167687032349284,
  "Christian Vazquez": 0.060000000000000005,
  "Willi Castro": 0.09940347090905842,
  "Amed Rosario": 0.060000000000000005,
  "Jose Caballero": 0.08917278043593832,
  "Manuel Margot": 0.060000000000000005,
  "Richie Palacios": 0.07361111111111111,
  "Ben Rortvedt": 0.09146024399993312,
  "Alex Jackson": 0.060000000000000005,