{
  "Paul Goldschmidt": 0.11393872995748529,
  "Francisco Lindor": 0.11112964633957813,
  "Willson Contreras": 0.12178569476252644,
  "Tyrone Taylor": 0.09665312365441107,
  "Nolan Arenado": 0.1022643393509885,
  "J. D. Martinez": 0.0982087702336265,
  "Brandon Nimmo": 0.09465612750731461,
  "Pete Alonso": 0.10121551650963416,
  "Tommy Pham": 0.09143321763334444,
  "Francisco Alvarez": 0.07564495533230935,
  "Masyn Winn": 0.07497933661843466,
  "Alec Burleson": 0.07018193990510486,
  "Pedro Pages": 0.07162063027672612,
  "Jeff McNeil": 0.06620450147413252,
  "Jose Iglesias": 0.059910919348005444,
  "Harrison Bader": 0.06040531188455895,
  "Victor Scott II": 0.07749857422271215,
  "Brendan Donovan": 0.05710449678749536,
  "Lars Nootbaar": 0.060000000000000005,
  "Mark Vientos": 0.09761904761904762,
  "Nolan Gorman": 0.13333333333333333,
  "Jesse Winker": 0.060000000000000005,
  "Ketel Marte": 0.11869290558670287,
  "Jose Ramirez": 0.1008728838977808,
  "Josh Naylor": 0.10359354149011817,
  "Andres Gimenez": 0.05707024301121497,
  "Tyler Freeman": 0.06920169775598249,
  "Jhonkensy Noel": 0.17142857142857143,
  "Steven Kwan": 0.04998987376729294,
  "Brayan Rocchio": 0.06015369209334726,
  "Bo Naylor": 0.07980972134669083,
  "Angel Martinez": 0.08392857142857142,
  "Geraldo Perdomo": 0.057464985994397755,
  "Alek Thomas": 0.08392857142857142,
  "Corbin Carroll": 0.060000000000000005,
  "Gabriel Moreno": 0.07207524282085685,
  "David Fry": 0.07925335107004744,
  "Lourdes Gurriel Jr.": 0.09274761132571589,
  "Joc Pederson": 0.15,
  "Eugenio Suarez": 0.09973833554570201,
  "Kevin Newman": 0.05623709177157453,
  "Daniel Schneemann": 0.060000000000000005,
  "Josh Bell": 0.08748403395007702,
  "Lane Thomas": 0.07451426216620606,
  "Randal Grichuk": 0.09214539460289424,
  "Jake McCarthy": 0.060454354147535964,
  "Jake Burger": 0.10596537578481595,
  "Elly De La Cruz": 0.0958656812555181,
  "Jeimer Candelario": 0.08266764650154083,
  "Jonathan India": 0.07718265945964635,
  "Tyler Stephenson": 0.0798008287930944,
  "Jesus Sanchez": 0.09003183477398197,
  "Spencer Steer": 0.09049889090754942,
  "TJ Friedl": 0.06597963830477602,
  "Noelvi Marte": 0.07608799172266664,
  "Kyle Stowers": 0.08284073851390042,
  "Ty France": 0.084897436936207,
  "Emmanuel Rivera": 0.06382123848591274,
  "Jake Fraley": 0.062218474790261435,
  "Jonah Bride": 0.05693110194308327,
  "Nick Fortes": 0.04581325084307748,
  "Otto Lopez": 0.0556331706647393,
  "Vidal Brujan": 0.057464985994397755,
  "Xavier Edwards": 0.06002941176470589,
  "Stuart Fairchild": 0.08392857142857142,
  "Santiago Espinal": 0.060000000000000005,
  "Luis Garcia Jr.": 0.06789435408329605,
  "Mike Yastrzemski": 0.11921216395838481,
  "LaMonte Wade Jr.": 0.07361111111111111,
  "Keibert Ruiz": 0.07414360019623177,
  "Heliot Ramos": 0.12000000000000001,
  "Marco Luciano": 0.08784381728083218,
  "Ildemaro Vargas": 0.061192982456140355,
  "Patrick Bailey": 0.09016768094238926,
  "CJ Abrams": 0.09112801950335593,
  "Michael Conforto": 0.12016805601878948,
  "Alex Call": 0.06013924471658032,
  "Jacob Young": 0.04714726507713885,
  "Tyler Fitzgerald": 0.11585252278651005,
  "Trey Lipscomb": 0.060000000000000005,
  "Harold Ramirez": 0.049999999999999996,
  "James Wood": 0.07068185075413681,
  "Juan Yepez": 0.06633207611918052,
  "Matt Chapman": 0.16407970682773718,
  "Mark Canha": 0.08903670944415663,
  "Jerar Encarnaci\u00f3n": 0.12082644973607508,
  "Casey Schmitt": 0.0873029853945347,
  "Travis Blankenhorn": 0.09797740717505884,
  "Royce Lewis": 0.1178515791303515,
  "Ian Happ": 0.10023951325552148,
  "Ryan Jeffers": 0.08959815675216094,
  "Carlos Santana": 0.08679498919249365,
  "Matt Wallner": 0.11008758721573368,
  "Max Kepler": 0.08837360634851675,
  "Trevor Larnach": 0.08121738093777567,
  "Isaac Paredes": 0.07637802314272903,
  "Cody Bellinger": 0.07602162863208997,
  "Miguel Amaya": 0.06179058911489243,
  "Michael Busch": 0.07090986730251973,
  "Nico Hoerner": 0.06629857701286272,
  "Willi Castro": 0.06767934832563315,
  "Mike Tauchman": 0.06481627619379181,
  "Manuel Margot": 0.05814625903400665,
  "Austin Martin": 0.05274286577129275,
  "Pete Crow-Armstrong": 0.0647208590318273,
  "Dansby Swanson": 0.06714142842968265,
  "Byron Buxton": 0.12000000000000001,
  "Seiya Suzuki": 0.08392857142857142,
  "Jose Miranda": 0.07361111111111111,
  "Brooks Lee": 0.08392857142857142,
  "Alex Bregman": 0.09835728731078618,
  "Jose Altuve": 0.11320769564846195,
  "Jonah Heim": 0.07361111111111111,
  "Chas McCormick": 0.08592427147251708,
  "Yordan Alvarez": 0.1425247452616216,
  "Adolis Garcia": 0.10710977349511024,
  "Leody Taveras": 0.06502863248368919,
  "Nathaniel Lowe": 0.0669889644479293,
  "Corey Seager": 0.13394474211910004,
  "Jake Meyers": 0.09297478002045799,
  "Marcus Semien": 0.07941435102926099,
  "Josh Smith": 0.06936717789658965,
  "Jeremy Pena": 0.07697722852838182,
  "Yainer Diaz": 0.10019662369551291,
  "Mauricio Dubon": 0.06369892033715134,
  "Travis Jankowski": 0.049999999999999996,
  "Victor Caratini": 0.08392857142857142,
  "Josh Jung": 0.09614145887429248,
  "Wyatt Langford": 0.08144273305458812,
  "Jon Singleton": 0.060000000000000005,
  "Carson Kelly": 0.0740023819716406,
  "Pedro Le\u00f3n": 0.07720254269596374,
  "Salvador Perez": 0.17124640747822106,
  "Rafael Devers": 0.1306481767152352,
  "Maikel Garcia": 0.0847792095615922,
  "Connor Wong": 0.06900208980697392,
  "Jarren Duran": 0.08599368834351327,
  "Kyle Isbel": 0.05268345479287718,
  "Bobby Witt Jr.": 0.15306640593312704,
  "MJ Melendez": 0.10757575757575757,
  "Vinnie Pasquantino": 0.08169117817692378,
  "Freddy Fermin": 0.09063878271274928,
  "Rob Refsnyder": 0.09761904761904762,
  "Ceddanne Rafaela": 0.06569321415365646,
  "Hunter Renfroe": 0.1327661735685314,
  "Danny Jansen": 0.09761904761904762,
  "Romy Gonzalez": 0.060000000000000005,
  "Tyler O'Neill": 0.12000000000000001,
  "Masataka Yoshida": 0.06266829594787149,
  "Dairon Blanco": 0.060000000000000005,
  "Dominic Smith": 0.06946252525595166,
  "Nick Sogard": 0.06230981110745176,
  "Wilyer Abreu": 0.09892875137491289,
  "Michael Massey": 0.07639338448238037,
  "Garrett Hampson": 0.05638443981362311,
  "David Hamilton": 0.052284456919183056,
  "Brent Rooker": 0.13238075711506142,
  "Luis Robert Jr.": 0.09915171698535706,
  "Daz Cameron": 0.09139287356669273,
  "Andrew Vaughn": 0.10100226917628204,
  "Shea Langeliers": 0.1099605845127551,
  "Miguel Vargas": 0.08904265788645971,
  "JJ Bleday": 0.10071884357677921,
  "Tyler Nevin": 0.07626724802122818,
  "Lenyn Sosa": 0.06396308353051566,
  "Zack Gelof": 0.07648840199580548,
  "Miguel Andujar": 0.07226345638152547,
  "Chuckie Robinson": 0.06017815249146128,
  "Corey Julks": 0.062489641912704216,
  "Nick Senzel": 0.05318490391474854,
  "Andrew Benintendi": 0.049704518597571454,
  "Brooks Baldwin": 0.050929309099551935,
  "Max Schuemann": 0.05574941170785239,
  "Darell Hernaiz": 0.0600421450284303,
  "Gavin Sheets": 0.060000000000000005,
  "Lawrence Butler": 0.08392857142857142,
  "Korey Lee": 0.07361111111111111,
  "Abraham Toro": 0.060000000000000005,
  "Dominic Fletcher": 0.049999999999999996,
  "Enrique Hernandez": 0.06720601338485996,
  "Gavin Lux": 0.06851478742777825,
  "Alec Bohm": 0.07559718963207335,
  "Will Smith": 0.09793329105624188,
  "J.T. Realmuto": 0.07361111111111111,
  "Bryce Harper": 0.11446348165407316,
  "Kyle Schwarber": 0.1405663386590272,
  "Bryson Stott": 0.05816806930358119,
  "Nick Castellanos": 0.08859779371540745,
  "Jason Heyward": 0.08640356121662837,
  "Brandon Marsh": 0.06934326200115673,
  "Trea Turner": 0.08960207823365718,
  "Andy Pages": 0.09238703700998782,
  "Shohei Ohtani": 0.2199000378828258,
  "Teoscar Hernandez": 0.10799071247523259,
  "Nick Ahmed": 0.04742920392552828,
  "Austin Hays": 0.0749622715205994,
  "Freddie Freeman": 0.11351053744192628,
  "Garrett Stubbs": 0.06307471264367816
}