{
  "Marcell Ozuna": 0.129801232401617,
  "Pete Alonso": 0.10240060593001771,
  "Mark Vientos": 0.10385764144442074,
  "Jorge Soler": 0.10051121130978262,
  "Francisco Lindor": 0.09787839689831208,
  "Matt Olson": 0.09704796663420073,
  "J. D. Martinez": 0.08342927362420488,
  "Michael Harris II": 0.07554053565974896,
  "Harrison Bader": 0.054594730764492255,
  "Brandon Nimmo": 0.07562277766607933,
  "Ram\u00f3n Laureano": 0.07829976535696315,
  "Travis d'Arnaud": 0.06966397156578474,
  "Francisco Alvarez": 0.06313168923136338,
  "Tyrone Taylor": 0.06557461445676288,
  "Orlando Arcia": 0.06060338452265861,
  "Ozzie Albies": 0.0693358041861722,
  "Gio Urshela": 0.052887086029550244,
  "Jose Iglesias": 0.04474216586621653,
  "Sean Murphy": 0.10757575757575757,
  "Starling Marte": 0.07333333333333333,
  "Jesse Winker": 0.060000000000000005,
  "Kyle Tucker": 0.08594605980804927,
  "Alex Bregman": 0.08306013667238336,
  "Jose Altuve": 0.08389845070049005,
  "Jake Meyers": 0.057126611561280204,
  "Jake Rogers": 0.07347634347634348,
  "Jeremy Pena": 0.05848533092709281,
  "Spencer Torkelson": 0.09387029651563998,
  "Kerry Carpenter": 0.15,
  "Riley Greene": 0.06504146641064762,
  "Yainer Diaz": 0.06740967267002286,
  "Andy Ibanez": 0.07101473634326722,
  "Parker Meadows": 0.05245346594684343,
  "Wenceel Perez": 0.052878003111315915,
  "Victor Caratini": 0.055376970231809985,
  "Justyn-Henry Malloy": 0.06768059601392934,
  "Jason Heyward": 0.08392857142857142,
  "Matt Vierling": 0.06122714992530909,
  "Trey Sweeney": 0.05348783216462858,
  "Yordan Alvarez": 0.10154559575884449,
  "Mauricio Dubon": 0.050149933114948954,
  "Colt Keith": 0.1,
  "Salvador Perez": 0.07671525882782725,
  "Cedric Mullins": 0.053161322165190636,
  "Ramon Urias": 0.060626013934696285,
  "Kyle Isbel": 0.04737139067428274,
  "Anthony Santander": 0.09783851731136305,
  "Ryan Mountcastle": 0.061740750942328775,
  "MJ Melendez": 0.06212922702821453,
  "Adley Rutschman": 0.06184582938900502,
  "Bobby Witt Jr.": 0.07782056315016514,
  "Ryan O'Hearn": 0.07361111111111111,
  "Gunnar Henderson": 0.06860100814928403,
  "Michael Massey": 0.06253427425573883,
  "Jordan Westburg": 0.06514832945102993,
  "Garrett Hampson": 0.049999999999999996,
  "Colton Cowser": 0.058563618216334434,
  "Adam Frazier": 0.06777777777777778,
  "Hunter Renfroe": 0.07703703703703703,
  "Yuli Gurriel": 0.05149620098957848,
  "Tommy Pham": 0.05637755384148213,
  "Paul DeJong": 0.07703703703703703,
  "Heston Kjerstad": 0.05333333333333334,
  "Vinnie Pasquantino": 0.07239533680513742,
  "Maikel Garcia": 0.05387315451723849,
  "James McCann": 0.05971889566475309
}