{
  "Cal Raleigh": 0.1142019065546039,
  "Kerry Carpenter": 0.10313555881458696,
  "Luke Raley": 0.09719737222645736,
  "Jorge Polanco": 0.09012018091390638,
  "Dylan Moore": 0.09383147639927414,
  "Dominic Canzone": 0.08409891624568311,
  "Randy Arozarena": 0.09241293186085905,
  "Parker Meadows": 0.08079501940834996,
  "Dillon Dingler": 0.07790284265677545,
  "Colt Keith": 0.063854781144677,
  "Bligh Madris": 0.0701909348533841,
  "Justin Turner": 0.06200264069469148,
  "Akil Baddoo": 0.0765191394445997,
  "Justyn-Henry Malloy": 0.0691605211460382,
  "Victor Robles": 0.05873783028771205,
  "Javier Baez": 0.06284796407079016,
  "Josh Rojas": 0.055097840209013864,
  "Andy Ibanez": 0.05584108893674191,
  "Julio Rodriguez": 0.09761904761904762,
  "Matt Vierling": 0.07361111111111111,
  "Gio Urshela": 0.060000000000000005,
  "Francisco Lindor": 0.14396091420578097,
  "Pete Alonso": 0.12104214602561898,
  "Shea Langeliers": 0.10338298132231398,
  "JJ Bleday": 0.10448042668939742,
  "Mark Vientos": 0.12423192111035612,
  "Jeff McNeil": 0.09319415097325083,
  "J. D. Martinez": 0.11082764199284825,
  "Jesse Winker": 0.08520077008450713,
  "Daz Cameron": 0.07485417299845168,
  "Zack Gelof": 0.07281615959170139,
  "Luis Torrens": 0.059093473887661896,
  "Miguel Andujar": 0.06631215558769739,
  "Armando Alvarez": 0.07194190127353227,
  "Tyler Nevin": 0.07702094645242007,
  "Harrison Bader": 0.06309184142048872,
  "Jose Iglesias": 0.04869949353198047,
  "Max Schuemann": 0.054356618097328675,
  "Darell Hernaiz": 0.0581781914893617,
  "Brandon Nimmo": 0.12000000000000001,
  "Lawrence Butler": 0.06064721663313213,
  "Abraham Toro": 0.060000000000000005,
  "Shohei Ohtani": 0.21662630799402446,
  "Teoscar Hernandez": 0.13175130852382586,
  "Will Smith": 0.11923593350383632,
  "William Contreras": 0.11608680887853612,
  "Willy Adames": 0.11213658576638202,
  "Rhys Hoskins": 0.11975515172496753,
  "Freddie Freeman": 0.11186119737750172,
  "Andy Pages": 0.11549617812133672,
  "Jake Bauers": 0.08883755896385387,
  "Jason Heyward": 0.09757835371285446,
  "Jackson Chourio": 0.07985365345425373,
  "Gavin Lux": 0.07264392321878953,
  "Enrique Hernandez": 0.0769405051576305,
  "Garrett Mitchell": 0.0671405250193129,
  "Joey Ortiz": 0.058873672625669934,
  "Miguel Rojas": 0.05760061798683407,
  "Brice Turang": 0.05123256718086484,
  "Sal Frelick": 0.04713509316770186,
  "Mookie Betts": 0.12000000000000001,
  "Marcell Ozuna": 0.10339872578160954,
  "Matt Chapman": 0.08768374642964807,
  "Austin Riley": 0.07211424791836363,
  "Matt Olson": 0.0692840533099152,
  "Heliot Ramos": 0.06835575299676709,
  "Tyler Fitzgerald": 0.06381800134431713,
  "Travis d'Arnaud": 0.05631082732400679,
  "Jerar Encarnaci\u00f3n": 0.0601262134000574,
  "Casey Schmitt": 0.051137717781340075,
  "Mike Yastrzemski": 0.05708783972319884,
  "Ram\u00f3n Laureano": 0.05507915573460526,
  "Jarred Kelenic": 0.05443891193035226,
  "Mark Canha": 0.04645936115960515,
  "Michael Harris II": 0.05288564010050397,
  "Orlando Arcia": 0.051059128312306364,
  "Curt Casali": 0.046667312565507706,
  "Grant McCray": 0.039983964781859116,
  "Whit Merrifield": 0.04021359404427281,
  "Adam Duvall": 0.08416179337231967,
  "Patrick Bailey": 0.060000000000000005,
  "Anthony Santander": 0.12856985458816123,
  "Rafael Devers": 0.12577332427686042,
  "Colton Cowser": 0.09517141241467603,
  "Gunnar Henderson": 0.1034995137712529,
  "Wilyer Abreu": 0.1035524890291462,
  "Ryan O'Hearn": 0.08322051642044333,
  "James McCann": 0.06776794787417807,
  "Jackson Holliday": 0.0748949901484199,
  "Cedric Mullins": 0.06782594663129583,
  "Adley Rutschman": 0.07469893443765831,
  "Jarren Duran": 0.081374129894231,
  "Ramon Urias": 0.06703038053841516,
  "Dominic Smith": 0.06710882925529389,
  "Masataka Yoshida": 0.06083827413021415,
  "Ceddanne Rafaela": 0.060584685266975934,
  "Connor Wong": 0.05304949449172671,
  "Rob Refsnyder": 0.058954648686795834,
  "David Hamilton": 0.05217042807349852,
  "Ryan Mountcastle": 0.08392857142857142,
  "Nick Sogard": 0.060000000000000005,
  "Kyle Schwarber": 0.15706980192748538,
  "Trea Turner": 0.1427849391416954,
  "Bryce Harper": 0.13030773195567805,
  "Nick Castellanos": 0.1255208923862298,
  "J.T. Realmuto": 0.11612663985707398,
  "Alec Bohm": 0.11021804176215942,
  "Weston Wilson": 0.11381397719686095,
  "CJ Abrams": 0.1000774764925217,
  "Andr\u00e9s Chaparro": 0.08654742352215063,
  "James Wood": 0.08630020970470315,
  "Luis Garcia Jr.": 0.07796226819801381,
  "Bryson Stott": 0.06311200875954724,
  "Alex Call": 0.06678854861341492,
  "Juan Yepez": 0.07419548078364503,
  "Keibert Ruiz": 0.07321357154506454,
  "Jose Tena": 0.07425790260391896,
  "Johan Rojas": 0.06617238420686697,
  "Jacob Young": 0.03483813700918964,
  "Ildemaro Vargas": 0.060000000000000005,
  "Edmundo Sosa": 0.10757575757575757,
  "Corey Seager": 0.15,
  "Max Kepler": 0.09452958289598244,
  "Leody Taveras": 0.06599429839833067,
  "Byron Buxton": 0.15,
  "Trevor Larnach": 0.08392857142857142,
  "Nathaniel Lowe": 0.07405036274786145,
  "Adolis Garcia": 0.13252467342859522,
  "Jonah Heim": 0.07759731504687645,
  "Marcus Semien": 0.09343176793604739,
  "Royce Lewis": 0.12664400309199342,
  "Jose Miranda": 0.12260626600310591,
  "Christian Vazquez": 0.08085364319800657,
  "Josh Jung": 0.105555919138997,
  "Josh Smith": 0.07777032312411339,
  "Willi Castro": 0.07695866324138279,
  "Matt Wallner": 0.13333333333333333,
  "Carlos Santana": 0.1085687599150332,
  "Wyatt Langford": 0.10880531105722921,
  "Manuel Margot": 0.08207910927188773,
  "Kyle Farmer": 0.08218469503542772,
  "Austin Martin": 0.05754584938197181,
  "Travis Jankowski": 0.04452634219984902
}