{
  "Addison Barger": 0.10714568376773459,
  "Andy Pages": 0.1384749372293716,
  "Bo Bichette": 0.1030867824985472,
  "Cavan Biggio": 0.07583475005890811,
  "Chris Taylor": 0.11822755417956657,
  "Danny Jansen": 0.1539638024013024,
  "Daulton Varsho": 0.1377453751270177,
  "Davis Schneider": 0.10512820606389561,
  "Ernie Clement": 0.07584518687655907,
  "Freddie Freeman": 0.12507947162743605,
  "Justin Turner": 0.10819519977655098,
  "Enrique Hernandez": 0.11053822975156576,
  "Miguel Rojas": 0.09151314371902608,
  "Mookie Betts": 0.19500317103982706,
  "Shohei Ohtani": 0.19595301540465454,
  "Teoscar Hernandez": 0.16140348716214867,
  "Vladimir Guerrero Jr.": 0.13874872557146806,
  "Will Smith": 0.14554956236274916,
  "Gavin Lux": 0.060000000000000005,
  "Max Muncy": 0.10757575757575757,
  "George Springer": 0.07361111111111111,
  "James Outman": 0.060000000000000005,
  "Isiah Kiner-Falefa": 0.060000000000000005,
  "Abraham Toro": 0.08006457746910077,
  "Adley Rutschman": 0.11171251052958045,
  "Anthony Santander": 0.1768166886131628,
  "Brent Rooker": 0.14655870637791665,
  "Cedric Mullins": 0.09465754545362037,
  "Colton Cowser": 0.07823766534968866,
  "Darell Hernaiz": 0.06666683093744405,
  "Esteury Ruiz": 0.08160485996116261,
  "Gunnar Henderson": 0.12515259857741806,
  "James McCann": 0.12179096557366174,
  "JJ Bleday": 0.07619297012642103,
  "Jordan Westburg": 0.13972197211885673,
  "Max Schuemann": 0.07329057102741313,
  "Ryan Mountcastle": 0.13313614630640072,
  "Shea Langeliers": 0.12031184534160724,
  "Tyler Nevin": 0.0901051137227029,
  "Seth Brown": 0.07361111111111111,
  "Jorge Mateo": 0.059422648454906524,
  "Lawrence Butler": 0.08392857142857142,
  "Nick Allen": 0.05867288961038961,
  "Ryan O'Hearn": 0.12000000000000001,
  "Ryan Noda": 0.060000000000000005,
  "Christian Encarnacion-Strand": 0.1710142028679036,
  "Corey Seager": 0.20207525114357414,
  "Elly De La Cruz": 0.1569791943425344,
  "Evan Carter": 0.1306489518317057,
  "Jonah Heim": 0.1310647957007237,
  "Josh Smith": 0.10228960065627034,
  "Leody Taveras": 0.08399702210095818,
  "Marcus Semien": 0.14484970120611335,
  "Nathaniel Lowe": 0.12576315257474677,
  "Spencer Steer": 0.1166317809174952,
  "Travis Jankowski": 0.07041037455171194,
  "Will Benson": 0.1456435041549087,
  "Wyatt Langford": 0.11908536943501978,
  "Adolis Garcia": 0.2318991742720556,
  "Jonathan India": 0.08091307758087554,
  "Tyler Stephenson": 0.0951849519100089,
  "Ezequiel Duran": 0.08392857142857142,
  "Nick Martini": 0.1209236036549418,
  "Jeimer Candelario": 0.08392857142857142,
  "Jake Fraley": 0.08157152924594785,
  "Santiago Espinal": 0.07692307692307693,
  "Alec Burleson": 0.09580666356694383,
  "Brandon Nimmo": 0.09022083524102183,
  "Brendan Donovan": 0.09614750490106298,
  "Brett Baty": 0.07333545104299102,
  "DJ Stewart": 0.11180469027896439,
  "Francisco Lindor": 0.11503138355920095,
  "J. D. Martinez": 0.14409904321819825,
  "Jeff McNeil": 0.06635050454015971,
  "Lars Nootbaar": 0.101348524850829,
  "Masyn Winn": 0.07755801216327532,
  "Michael Siani": 0.086337513061651,
  "Nolan Arenado": 0.11658424524783972,
  "Nolan Gorman": 0.13565515369792852,
  "Paul Goldschmidt": 0.10986819864457506,
  "Pete Alonso": 0.13844221295075407,
  "Tyrone Taylor": 0.11736241621299093,
  "Willson Contreras": 0.12486304428683843,
  "Ivan Herrera": 0.08392857142857142,
  "Starling Marte": 0.060000000000000005,
  "Harrison Bader": 0.060000000000000005,
  "Omar Narvaez": 0.0633813642333979,
  "Bobby Dalbec": 0.10799007194356032,
  "Ceddanne Rafaela": 0.09677350278954557,
  "Christopher Morel": 0.16021231521336513,
  "Connor Wong": 0.10023758289412232,
  "Dansby Swanson": 0.12106332479062502,
  "Enmanuel Valdez": 0.11350478953218679,
  "Ian Happ": 0.11421456859244879,
  "Jarren Duran": 0.09427538694518464,
  "Masataka Yoshida": 0.07692258428313113,
  "Matt Mervis": 0.12137553720434156,
  "Michael Busch": 0.11143229437803082,
  "Mike Tauchman": 0.0786602612400347,
  "Nico Hoerner": 0.08304580202676506,
  "Rafael Devers": 0.170718424609527,
  "Tyler O'Neill": 0.13793815968676987,
  "Wilyer Abreu": 0.10679146685162727,
  "Pete Crow-Armstrong": 0.08209746267846417,
  "Yan Gomes": 0.0663751877969991,
  "Nick Madrigal": 0.05007062146892655,
  "Reese McGuire": 0.060000000000000005,
  "Rob Refsnyder": 0.060000000000000005,
  "Miguel Amaya": 0.060000000000000005,
  "Avisail Garcia": 0.11208500494214779,
  "Bryan De La Cruz": 0.11822874876446306,
  "Christian Bethancourt": 0.10089589101620464,
  "CJ Abrams": 0.10475170800486269,
  "Eddie Rosario": 0.086813204836536,
  "Emmanuel Rivera": 0.08912436056323439,
  "Jazz Chisholm Jr.": 0.12198083806993638,
  "Jesse Winker": 0.07963670022178769,
  "Joey Gallo": 0.20972222222222223,
  "Joey Meneses": 0.08409114734804128,
  "Josh Bell": 0.11826969767445958,
  "Keibert Ruiz": 0.08377209071640711,
  "Luis Garcia Jr.": 0.08299263863370741,
  "Nick Senzel": 0.08282241478795906,
  "Tim Anderson": 0.09026611753796093,
  "Trey Lipscomb": 0.08066933066933067,
  "Vidal Brujan": 0.10358120908853409,
  "Jesus Sanchez": 0.08392857142857142,
  "Riley Adams": 0.07361111111111111,
  "Nick Fortes": 0.060000000000000005,
  "Ildemaro Vargas": 0.05007062146892655,
  "Luis Arraez": 0.06976027595592814,
  "Jacob Young": 0.061054324028461955,
  "Nick Gordon": 0.060000000000000005,
  "Alex Bregman": 0.19048700256213674,
  "Brendan Rodgers": 0.14762186642398395,
  "Brenton Doyle": 0.17744875370902086,
  "Charlie Blackmon": 0.19590313801232298,
  "Chas McCormick": 0.15393343716325084,
  "Elehuris Montero": 0.2284426393298071,
  "Elias Diaz": 0.18159930411392666,
  "Ezequiel Tovar": 0.18646022356999262,
  "Hunter Goodman": 0.22788423856111203,
  "Jeremy Pena": 0.1683147892936997,
  "Jose Abreu": 0.15978340294714025,
  "Jose Altuve": 0.2094669545850273,
  "Kyle Tucker": 0.23261486557030528,
  "Nolan Jones": 0.21077183551738632,
  "Ryan McMahon": 0.2416840513232067,
  "Trey Cabbage": 0.23034218821325267,
  "Yainer Diaz": 0.2443277244373891,
  "Yordan Alvarez": 0.31218920220020985,
  "Jake Meyers": 0.12000000000000001,
  "Sean Bouchard": 0.2173913043478261,
  "Adam Frazier": 0.0712797619047619,
  "Bobby Witt Jr.": 0.13812233338682453,
  "Colt Keith": 0.09250793511577995,
  "Dairon Blanco": 0.08181136665694226,
  "Hunter Renfroe": 0.12504401916166621,
  "Jake Rogers": 0.09751013099412931,
  "Javier Baez": 0.09376241572448928,
  "Kerry Carpenter": 0.12088842742317034,
  "Kyle Isbel": 0.08334195358492033,
  "Maikel Garcia": 0.08551747397901245,
  "Mark Canha": 0.09547959621576614,
  "Michael Massey": 0.09448855567862723,
  "Riley Greene": 0.11483868314225457,
  "Salvador Perez": 0.15820235753030112,
  "Spencer Torkelson": 0.14775834530668042,
  "Vinnie Pasquantino": 0.11105286794941968,
  "Wenceel Perez": 0.09093550997715033,
  "Zach McKinstry": 0.09967084330438368,
  "MJ Melendez": 0.10757575757575757,
  "Freddy Fermin": 0.07361111111111111,
  "Parker Meadows": 0.07361111111111111,
  "Nelson Velazquez": 0.09761904761904762,
  "Matt Vierling": 0.060000000000000005,
  "Carson Kelly": 0.05007062146892655,
  "Buddy Kennedy": 0.060000000000000005,
  "Garrett Hampson": 0.05007062146892655,
  "Amed Rosario": 0.10727081031675655,
  "Andrew Benintendi": 0.07338438717675903,
  "Andrew Vaughn": 0.13830591088109886,
  "Austin Shenton": 0.16122312974554776,
  "Ben Rortvedt": 0.11845862318724161,
  "Curtis Mead": 0.11933311537108963,
  "Danny Mendick": 0.08826870416782698,
  "Eloy Jimenez": 0.1426880908405013,
  "Gavin Sheets": 0.12677314528505004,
  "Isaac Paredes": 0.18701777540297634,
  "Jose Caballero": 0.11802542584537383,
  "Jose Siri": 0.16510305488229252,
  "Martin Maldonado": 0.1083087036372345,
  "Paul DeJong": 0.12344823887304579,
  "Randy Arozarena": 0.1796202054653235,
  "Richie Palacios": 0.13822611289701872,
  "Tommy Pham": 0.16104375642087365,
  "Yandy Diaz": 0.12000000000000001,
  "Harold Ramirez": 0.08392857142857142,
  "Rene Pinto": 0.09761904761904762,
  "Nicky Lopez": 0.06759275465350946,