{
  "Matt Olson": 0.13203958257579113,
  "Byron Buxton": 0.13932050694495682,
  "Austin Riley": 0.11096070468321106,
  "Marcell Ozuna": 0.11550939973199055,
  "Michael Harris II": 0.09350467579611214,
  "Ryan Jeffers": 0.07550934436936521,
  "Alex Verdugo": 0.07065283671224265,
  "Carlos Correa": 0.08038019771694568,
  "Drake Baldwin": 0.06683278524633249,
  "Ozzie Albies": 0.0717631284495971,
  "Ty France": 0.07348983453592929,
  "Harrison Bader": 0.06589677707678201,
  "Trevor Larnach": 0.07529128302028135,
  "Edouard Julien": 0.056241140493913,
  "Jarred Kelenic": 0.07115200456899133,
  "Brooks Lee": 0.06141286628391914,
  "Luke Keaschall": 0.050328856337608155,
  "Nick Allen": 0.040566845727766476,
  "Sean Murphy": 0.09761904761904762,
  "DaShawn Keirsey Jr.": 0.060000000000000005,
  "Gunnar Henderson": 0.0897957638231264,
  "Cedric Mullins": 0.07768449744484603,
  "Elly De La Cruz": 0.07572811145813428,
  "Jordan Westburg": 0.06809459105703237,
  "Ramon Laureano": 0.07386527503042194,
  "Adley Rutschman": 0.06603993447315816,
  "Austin Hays": 0.06708978532872281,
  "Ryan Mountcastle": 0.06377225900755312,
  "Matt McLain": 0.0627197119556693,
  "Spencer Steer": 0.06012085557944705,
  "Ramon Urias": 0.0698729127514144,
  "Ryan O'Hearn": 0.05607742898160097,
  "Noelvi Marte": 0.05133062413802799,
  "TJ Friedl": 0.05491882497195029,
  "Jackson Holliday": 0.04790072159088086,
  "Gavin Lux": 0.04896425226404408,
  "Jake Fraley": 0.04724846790391743,
  "Austin Wynns": 0.0365491452991453,
  "Jeimer Candelario": 0.060000000000000005,
  "Santiago Espinal": 0.060000000000000005,
  "Tyler O'Neill": 0.10757575757575757,
  "Rafael Devers": 0.18195283783519078,
  "Wilyer Abreu": 0.16972790907109847,
  "Jarren Duran": 0.12142248109286083,
  "Triston Casas": 0.10898511973959545,
  "Alex Bregman": 0.10405472333861081,
  "Kristian Campbell": 0.08864896367107031,
  "Nick Maton": 0.0869295409083437,
  "Ceddanne Rafaela": 0.08179675068505814,
  "Blake Sabol": 0.125785538662251,
  "Andrew Benintendi": 0.08299814383147716,
  "Luis Robert Jr.": 0.0715222731782623,
  "David Hamilton": 0.1015032679738562,
  "Matt Thaiss": 0.07663795055976186,
  "Joshua Palacios": 0.07372533247533247,
  "Andrew Vaughn": 0.06197623190862837,
  "Miguel Vargas": 0.053933198923203925,
  "Lenyn Sosa": 0.05045069674425602,
  "Jacob Amaya": 0.057383458646616536,
  "Trevor Story": 0.08392857142857142,
  "Brooks Baldwin": 0.043003003003003006,
  "Edgar Quero": 0.060000000000000005,
  "Carlos Narvaez": 0.060000000000000005,
  "Chase Meidroth": 0.006622516556291391,
  "Jose Ramirez": 0.09020238997232327,
  "Alexander Canario": 0.0963807485500285,
  "Andrew McCutchen": 0.08708285939977574,
  "Kyle Manzardo": 0.08769689197773753,
  "Bryan Reynolds": 0.08118065226809358,
  "Carlos Santana": 0.08869652265332326,
  "Joey Bart": 0.07752741242050046,
  "Gabriel Arias": 0.05375332873071065,
  "Nolan Jones": 0.05949924170921698,
  "Jared Triolo": 0.054293464438183184,
  "Ke'Bryan Hayes": 0.0616556133924555,
  "Tommy Pham": 0.06660063468545398,
  "Angel Martinez": 0.05489258896383868,
  "Austin Hedges": 0.04799793567202899,
  "Adam Frazier": 0.045761715619716974,
  "Brayan Rocchio": 0.04687306538036708,
  "Isiah Kiner-Falefa": 0.06273015873015872,
  "Steven Kwan": 0.044533708745087094,
  "Oneil Cruz": 0.10757575757575757,
  "Jhonkensy Noel": 0.09761904761904762,
  "Lane Thomas": 0.07361111111111111,
  "Enmanuel Valdez": 0.060000000000000005,
  "Kyle Schwarber": 0.13492603378719936,
  "Bryce Harper": 0.1172197803456518,
  "Trea Turner": 0.10492971933914319,
  "Nick Castellanos": 0.10513843181153434,
  "Eric Wagaman": 0.07379331162664496,
  "Max Kepler": 0.08260402667997374,
  "Connor Norby": 0.08044359369136932,
  "Bryson Stott": 0.06544277406042112,
  "Alec Bohm": 0.06982070116604294,
  "Matt Mervis": 0.07003550908974486,
  "Dane Myers": 0.0622994994754984,
  "Kyle Stowers": 0.050280132806796274,
  "Rafael Marchan": 0.058263997882872655,
  "Johan Rojas": 0.06289700894233734,
  "Otto Lopez": 0.04939656569012497,
  "Javier Sanoja": 0.053841847997477134,
  "Xavier Edwards": 0.04357744511719876,
  "Rob Brantly": 0.05194260160204433,
  "Jesus Sanchez": 0.060000000000000005,
  "J.T. Realmuto": 0.08392857142857142,
  "Griffin Conine": 0.09761904761904762,
  "Cal Raleigh": 0.17470015950512427,
  "Julio Rodriguez": 0.11765958512012162,
  "Anthony Santander": 0.14718438487050228,
  "Vladimir Guerrero Jr.": 0.11420944941185183,
  "Randy Arozarena": 0.11893810015220689,
  "Mitch Garver": 0.10368852694797773,
  "Dylan Moore": 0.1079173367446122,
  "Luke Raley": 0.10561741173536948,
  "Addison Barger": 0.09257007358954437,
  "Andres Gimenez": 0.07962305104486235,
  "George Springer": 0.08122445777303175,
  "Will Wagner": 0.05947357964926481,
  "Bo Bichette": 0.07346707386404196,
  "Ben Williamson": 0.07063872447068696,
  "Nathan Lukes": 0.06915811977208079,
  "Donovan Solano": 0.0682862525353603,
  "Tyler Heineman": 0.07881481481481481,
  "Leo Rivas": 0.06356853435459828,
  "J.P. Crawford": 0.060000000000000005,
  "Alejandro Kirk": 0.060000000000000005,
  "Ernie Clement": 0.060000000000000005,
  "Myles Straw": 0.060000000000000005,
  "Alan Roden": 0.07361111111111111,
  "Kerry Carpenter": 0.09909401409825425,
  "Bobby Witt Jr.": 0.08351347046098269,
  "Spencer Torkelson": 0.08456777732034239,
  "Salvador Perez": 0.08418824166697172,
  "Riley Greene": 0.07306917348259519,
  "Dillon Dingler": 0.0630261774104077,
  "Hunter Renfroe": 0.06319505228314527,
  "Trey Sweeney": 0.0653459506255109,
  "Javier Baez": 0.0668108234664526,
  "Mark Canha": 0.06432798220772655,
  "Colt Keith": 0.050955824321630414,
  "Zach McKinstry": 0.05137710657823763,
  "Jonathan India": 0.04802344085176894,
  "Gleyber Torres": 0.06321431094158367,
  "Vinnie Pasquantino": 0.04896550576614413,
  "Drew Waters": 0.045439969798413506,
  "Maikel Garcia": 0.05640053567458286,
  "Freddy Fermin": 0.053613547758284606,
  "Michael Massey": 0.060000000000000005,
  "Ryan Kreidler": 0.060000000000000005,
  "Pete Alonso": 0.14121279319513758,
  "Juan Soto": 0.12094598042839023,
  "Francisco Lindor": 0.09959146258923789,
  "Nolan Gorman": 0.09117218983416167,
  "Willson Contreras": 0.08685610125881384,
  "Brandon Nimmo": 0.08971475039993948,
  "Jordan Walker": 0.07193101200576045,
  "Thomas Saggese": 0.09519607843137254,
  "Lars Nootbaar": 0.0667330670474669,
  "Brendan Donovan": 0.05964883564183817,
  "Tyrone Taylor": 0.07410135171393989,
  "Alec Burleson": 0.06131946806119351,
  "Brett Baty": 0.06432640932172329,
  "Jesse Winker": 0.0566639638115264,
  "Pedro Pages": 0.06642571964706352,
  "Victor Scott II": 0.06393149170095803,
  "Luisangel Acu\u00f1a": 0.04996962832655913,
  "Hayden Senger": 0.053613547758284606,
  "Nolan Arenado": 0.060000000000000005,
  "Aaron Judge": 0.2146389151263365,
  "Trent Grisham": 0.13706306765130294,
  "Jazz Chisholm Jr.": 0.10211998829382499,
  "Jasson Dom\u00ednguez": 0.09072991659465676,
  "Christopher Morel": 0.09868310628645917,
  "Paul Goldschmidt": 0.10394716249480748,
  "Austin Wells": 0.09655551566067751,
  "Cody Bellinger": 0.08722097369843271,
  "Junior Caminero": 0.0777604922071561,
  "Yandy Diaz": 0.07996578936658685,
  "Anthony Volpe": 0.07010178474279885,
  "Danny Jansen": 0.08933949070828431,
  "Jonathan Aranda": 0.058636966221309095,
  "Chandler Simpson": 0.06108923961193959,
  "Oswaldo Cabrera": 0.06923868816283527,
  "Curtis Mead": 0.06249532162971208,
  "Jose Caballero": 0.05664553331004759,
  "Jake Mangum": 0.06195454545454545,
  "Taylor Walls": 0.042207505518763795,
  "Ben Rice": 0.12000000000000001,
  "Brent Rooker": 0.14709260915529618,
  "Shea Langeliers": 0.135026986230328,
  "Tyler Soderstrom": 0.13076803262097378,
  "Rhys Hoskins": 0.12191678857937371,
  "Lawrence Butler": 0.12510481397075957,
  "JJ Bleday": 0.10884151361893088,
  "William Contreras": 0.10360474259641277,
  "Christian Yelich": 0.10246026158116321,
  "Jackson Chourio": 0.09798775558677433,
  "Eric Haase": 0.11135544738485915,