{
  "Kody Clemens": 0.17554443643196785,
  "Salvador Perez": 0.1303098369650958,
  "Mike Yastrzemski": 0.1201507337256261,
  "Vinnie Pasquantino": 0.12291160644864219,
  "Ryan Jeffers": 0.10778766719781702,
  "Brooks Lee": 0.09004774106048269,
  "Trevor Larnach": 0.10776858724583871,
  "Ryan Fitzgerald": 0.07978965244568346,
  "Luke Maile": 0.08077538618917857,
  "Mickey Gasper": 0.0838457651712806,
  "John Rave": 0.08592864843163543,
  "Luke Keaschall": 0.08178938917230782,
  "Maikel Garcia": 0.08327837252484782,
  "Jonathan India": 0.07986539965769644,
  "Alan Roden": 0.07574013377854644,
  "Austin Martin": 0.06328196963200879,
  "Kyle Isbel": 0.06822397310543862,
  "Adam Frazier": 0.06654721599007192,
  "Sean Murphy": 0.11678385483996084,
  "Matt Olson": 0.12332891513444824,
  "Marcell Ozuna": 0.11578507181041285,
  "Michael Harris II": 0.09733784466968168,
  "Kyle Stowers": 0.09875398655334265,
  "Heriberto Hernandez": 0.09043303987862458,
  "Jurickson Profar": 0.09069201385167212,
  "Eric Wagaman": 0.07557083436625005,
  "Derek Hill": 0.0819061563019047,
  "Otto Lopez": 0.07406057145247835,
  "Dane Myers": 0.07547080312780796,
  "Eli White": 0.0840961691661732,
  "Ozzie Albies": 0.07546313102127424,
  "Nacho Alvarez Jr.": 0.058356078342195375,
  "Liam Hicks": 0.06222221415689956,
  "Javier Sanoja": 0.061033002061836664,
  "Xavier Edwards": 0.05777136982731784,
  "Nick Allen": 0.06738235294117648,
  "Brent Rooker": 0.1538768712993903,
  "Shea Langeliers": 0.1494111631026599,
  "Nick Kurtz": 0.1395146321193171,
  "Gunnar Henderson": 0.14197808630266684,
  "Jordan Westburg": 0.10890678515554283,
  "JJ Bleday": 0.10764369373200645,
  "Adley Rutschman": 0.10519403569768011,
  "Jackson Holliday": 0.10306824474189163,
  "Ryan Mountcastle": 0.09679526534449207,
  "Willie MacIver": 0.08397868391767474,
  "Colby Thomas": 0.09714605040964731,
  "Jeremiah Jackson": 0.10163887225250678,
  "Alex Jackson": 0.10170954247313939,
  "Greg Allen": 0.09430288984689693,
  "Jordyn Adams": 0.08699910384515942,
  "Darell Hernaiz": 0.07547323455381033,
  "Gio Urshela": 0.06973424168219607,
  "Max Schuemann": 0.06473783044410183,
  "Oneil Cruz": 0.13367860025564146,
  "Jack Suwinski": 0.10061977164767634,
  "Austin Hays": 0.09258148892973057,
  "Elly De La Cruz": 0.0975697743177779,
  "Bryan Reynolds": 0.09168514868310734,
  "TJ Friedl": 0.08430176264973982,
  "Noelvi Marte": 0.08017263807864826,
  "Spencer Horwitz": 0.0832800133664278,
  "Spencer Steer": 0.07859154693952412,
  "Miguel Andujar": 0.0694975173192995,
  "Henry Davis": 0.080291371933046,
  "Tommy Pham": 0.07316131613027572,
  "Gavin Lux": 0.06892920286041024,
  "Nick Gonzales": 0.06907186709498332,
  "Jared Triolo": 0.06680317476065184,
  "Ke'Bryan Hayes": 0.0575455432570727,
  "Jose Trevino": 0.06476363135462014,
  "Isiah Kiner-Falefa": 0.05206122176989435,
  "Aaron Judge": 0.20397468063045185,
  "Trent Grisham": 0.15057941791672255,
  "Ben Rice": 0.15977881976067687,
  "Cody Bellinger": 0.1402711822027644,
  "Jazz Chisholm Jr.": 0.15213661473767434,
  "Austin Wells": 0.1139259998209408,
  "Ryan McMahon": 0.12135843282799756,
  "Jasson Dom\u00ednguez": 0.10490287100726343,
  "Christian Walker": 0.10922906028651345,
  "Jose Altuve": 0.08753599169217877,
  "Jesus Sanchez": 0.08178081684522907,
  "Anthony Volpe": 0.09251685197653005,
  "Carlos Correa": 0.09418147502400918,
  "Jeremy Pena": 0.07134555181604957,
  "Victor Caratini": 0.07504095894681136,
  "Cam Smith": 0.0709572961708106,
  "Chas McCormick": 0.07584403858474285,
  "Mauricio Dubon": 0.06780245363669989,
  "Cooper Hummel": 0.060000000000000005,
  "Mike Trout": 0.14549397039449524,
  "Kerry Carpenter": 0.13831201330021797,
  "Riley Greene": 0.12504040132565408,
  "Jo Adell": 0.11665363869450318,
  "Spencer Torkelson": 0.11180733796336385,
  "Taylor Ward": 0.10103710484802814,
  "Logan O'Hoppe": 0.09748557387349689,
  "Zach Neto": 0.0976470237874696,
  "Dillon Dingler": 0.07492272937711983,
  "Colt Keith": 0.08039525463198333,
  "Gleyber Torres": 0.08705918835661731,
  "Zach McKinstry": 0.07281651764523964,
  "Nolan Schanuel": 0.06846562690312691,
  "Christian Moore": 0.061279859161935284,
  "Javier Baez": 0.07057824802529629,
  "Trey Sweeney": 0.07370726189420568,
  "Luis Rengifo": 0.07469154991356694,
  "Bryce Teodosio": 0.07610021786492374,
  "Matt Vierling": 0.07361111111111111,
  "Gustavo Campero": 0.060000000000000005,
  "Jahmai Jones": 0.060000000000000005,
  "Jose Ramirez": 0.1495658921899586,
  "Kyle Manzardo": 0.13257368342199885,
  "Colson Montgomery": 0.11836860183140639,
  "Luis Robert Jr.": 0.12853667787486353,
  "Andrew Benintendi": 0.12958052545425128,
  "Lenyn Sosa": 0.11509620974928919,
  "Daniel Schneemann": 0.1113827307822445,
  "Mike Tauchman": 0.11622772533607034,
  "Brooks Baldwin": 0.09954945250018134,
  "Angel Martinez": 0.09062632879186952,
  "Gabriel Arias": 0.10524306461022158,
  "C. J. Kayfus": 0.10501152267454282,
  "Kyle Teel": 0.09551347635601051,
  "Curtis Mead": 0.09225833317851344,
  "Steven Kwan": 0.07550106876746224,
  "Austin Hedges": 0.06973608492761718,
  "Josh Rojas": 0.07309222067700542,
  "Brayan Rocchio": 0.0756807925475144,
  "Bo Naylor": 0.12000000000000001,
  "Michael A. Taylor": 0.09761904761904762,
  "Nolan Jones": 0.07361111111111111,
  "Juan Soto": 0.14522375711292038,
  "Pete Alonso": 0.13120078457109308,
  "Andrew Vaughn": 0.12464759951925809,
  "Francisco Lindor": 0.11278721589645958,
  "Brandon Nimmo": 0.10519834879494393,
  "William Contreras": 0.1040178660080541,
  "Cedric Mullins": 0.09296947804090987,
  "Ronny Mauricio": 0.09410641132182353,
  "Danny Jansen": 0.08698861938163535,
  "Isaac Collins": 0.09047114565173414,
  "Brett Baty": 0.07287441178530288,
  "Caleb Durbin": 0.07084772007818979,
  "Jeff McNeil": 0.07522341585673864,
  "Brandon Lockridge": 0.06516455181699773,
  "Joey Ortiz": 0.07607411784396048,
  "Blake Perkins": 0.07237338753039237,
  "Andruw Monasterio": 0.06886472035078667,
  "Luis Torrens": 0.06782555168463739,
  "Christian Yelich": 0.09761904761904762,
  "Starling Marte": 0.07361111111111111,
  "Brice Turang": 0.060000000000000005,
  "Sal Frelick": 0.060000000000000005,
  "Kyle Schwarber": 0.17900196925344705,
  "Bryce Harper": 0.13477218463111723,
  "Corey Seager": 0.12653999497108404,
  "Adolis Garcia": 0.10481640131473857,
  "Nick Castellanos": 0.10390690072673468,
  "Harrison Bader": 0.099746429944667,
  "J.T. Realmuto": 0.10322535042801172,
  "Joc Pederson": 0.10508830819208591,
  "Trea Turner": 0.09927922129808607,
  "Marcus Semien": 0.09028268179775996,
  "Wyatt Langford": 0.08683397330267081,
  "Josh Smith": 0.07398047525425352,
  "Edmundo Sosa": 0.0799486791406882,
  "Rowdy Tellez": 0.08687546146526871,
  "Kyle Higashioka": 0.0760106209171477,
  "Weston Wilson": 0.08530671222199579,
  "Bryson Stott": 0.07687289562289562,
  "Josh Jung": 0.07171022050405695,
  "Jonah Heim": 0.07361111111111111,
  "James Wood": 0.11230470015502662,
  "Willy Adames": 0.10704988424643394,
  "Rafael Devers": 0.10642806203550545,
  "Josh Bell": 0.09549367971137707,
  "Matt Chapman": 0.11077377389291758,
  "Heliot Ramos": 0.09773617229275659,
  "Nathaniel Lowe": 0.07666377119333326,
  "CJ Abrams": 0.0766046584386901,
  "Casey Schmitt": 0.08351559108565312,
  "Paul DeJong": 0.09507724447299287,
  "Riley Adams": 0.07832042624860304,
  "Wilmer Flores": 0.07817355097333095,
  "Patrick Bailey": 0.07419372294372294,
  "Daylen Lile": 0.06307373438605221,
  "Brady House": 0.06862239431046104,
  "Drew Gilbert": 0.08291402714932126,
  "Jung Hoo Lee": 0.07704200851038027,
  "Jacob Young": 0.052093694779341046,
  "Luis Garcia Jr.": 0.07361111111111111,
  "Drew Millas": 0.060000000000000005,
  "Grant McCray": 0.060000000000000005,
  "Corbin Carroll": 0.1854394317970477,
  "Ketel Marte": 0.13806760529212556,
  "Hunter Goodman": 0.12166839821420673,
  "Lourdes Gurriel Jr.": 0.11296531580883867,
  "Tyler Locklear": 0.09414308400709444,
  "Mickey Moniak": 0.11056400894368457,