{
  "Pete Crow-Armstrong": 0.12669585151546298,
  "Seiya Suzuki": 0.12612347601017382,
  "Wilyer Abreu": 0.1234687596109092,
  "Alex Bregman": 0.11092155176411836,
  "Michael Busch": 0.11623649784185565,
  "Jarren Duran": 0.10372151284658646,
  "Kyle Tucker": 0.10536018484338898,
  "Trevor Story": 0.09714023696652316,
  "Ian Happ": 0.09107062632945456,
  "Carson Kelly": 0.0878076915345377,
  "Dansby Swanson": 0.08614155360879668,
  "Roman Anthony": 0.08933833962341878,
  "Marcelo Mayer": 0.07524599126041757,
  "Carlos Narvaez": 0.07850507557921188,
  "Ceddanne Rafaela": 0.07532413742352588,
  "Abraham Toro": 0.07931400560784206,
  "Matt Shaw": 0.06388467972060241,
  "Nico Hoerner": 0.05691716806559075,
  "Pete Alonso": 0.14371594494356643,
  "Francisco Lindor": 0.1277707418116482,
  "Mark Vientos": 0.10907539888790405,
  "Ronny Mauricio": 0.08675069541128447,
  "Austin Hays": 0.09579101714441798,
  "Juan Soto": 0.10509933384680764,
  "Elly De La Cruz": 0.09975355285710136,
  "Tyler Stephenson": 0.0933353482445192,
  "Matt McLain": 0.09571473691613096,
  "Noelvi Marte": 0.08273488050400325,
  "Spencer Steer": 0.08568320002887372,
  "Brandon Nimmo": 0.08188437527867654,
  "Tyrone Taylor": 0.07800056150357952,
  "TJ Friedl": 0.06739093678487618,
  "Jose Trevino": 0.07144183636002914,
  "Luis Torrens": 0.07516114660742704,
  "Jeff McNeil": 0.07095035646627186,
  "Santiago Espinal": 0.06323342687230979,
  "Kyle Stowers": 0.1322105962787706,
  "Agust\u00edn Ram\u00edrez": 0.11877320715004012,
  "Bobby Witt Jr.": 0.1091602842355874,
  "Jesus Sanchez": 0.11293529027475833,
  "Salvador Perez": 0.10846053108672342,
  "Vinnie Pasquantino": 0.10140994488442187,
  "Jac Caglianone": 0.09390254333597993,
  "Otto Lopez": 0.07961614956230026,
  "Jonathan India": 0.07682601661456977,
  "Dane Myers": 0.07233612094785573,
  "Liam Hicks": 0.07449845313166753,
  "Graham Pauley": 0.07736552892324264,
  "Maikel Garcia": 0.06588017498896327,
  "Nick Loftin": 0.0608025914994771,
  "Kyle Isbel": 0.0644443521104949,
  "Nick Fortes": 0.06579533690946734,
  "John Rave": 0.06946519447623221,
  "Xavier Edwards": 0.05992556303457838,
  "Junior Caminero": 0.13748167621867655,
  "Brandon Lowe": 0.12431736106980118,
  "Jordan Westburg": 0.1242742079996982,
  "Colton Cowser": 0.1098597026036728,
  "Gunnar Henderson": 0.1311406455767745,
  "Cedric Mullins": 0.10085643595119917,
  "Jackson Holliday": 0.09877558850006549,
  "Ramon Laureano": 0.10735176166910204,
  "Jonathan Aranda": 0.1036750432629672,
  "Yandy Diaz": 0.1071388088982259,
  "Ryan O'Hearn": 0.10150694907836354,
  "Danny Jansen": 0.09992897273064477,
  "Josh Lowe": 0.0913681218029044,
  "Coby Mayo": 0.07249157300545592,
  "Chandler Simpson": 0.0783664979481593,
  "Jacob Stallings": 0.06636105086708319,
  "Ha-Seong Kim": 0.07334261588645233,
  "Jake Mangum": 0.06323283214897495,
  "Spencer Torkelson": 0.14703313135223703,
  "Corey Seager": 0.13862454127525403,
  "Riley Greene": 0.11706567513046395,
  "Rowdy Tellez": 0.12267262791852955,
  "Jahmai Jones": 0.10485375436427505,
  "Adolis Garcia": 0.11061944624185294,
  "Gleyber Torres": 0.10339165131982812,
  "Wenceel Perez": 0.09537676947352391,
  "Wyatt Langford": 0.09902197561212424,
  "Dillon Dingler": 0.09540310574325436,
  "Marcus Semien": 0.0927880028695876,
  "Kyle Higashioka": 0.09821047008547008,
  "Javier Baez": 0.08709848163754791,
  "Matt Vierling": 0.08073386871671759,
  "Josh Smith": 0.08065074822222837,
  "Evan Carter": 0.07383926248344325,
  "Zach McKinstry": 0.062471229469574584,
  "Jonah Heim": 0.07444213711645811,
  "Ezequiel Duran": 0.060000000000000005,
  "Alejandro Osuna": 0.07361111111111111,
  "Byron Buxton": 0.2046489698732484,
  "Mickey Moniak": 0.1363836203265018,
  "Michael Toglia": 0.12941935037353003,
  "Ryan McMahon": 0.1181625500662881,
  "Ryan Jeffers": 0.13393386353912226,
  "Royce Lewis": 0.12035857186731132,
  "Carlos Correa": 0.1139334097563234,
  "Harrison Bader": 0.11284487092803525,
  "Ty France": 0.10324359434170577,
  "Jordan Beck": 0.10633088520921617,
  "Willi Castro": 0.09754130438037227,
  "Brooks Lee": 0.08268657603455322,
  "Ezequiel Tovar": 0.10080587195162306,
  "Tyler Freeman": 0.08217273554753543,
  "Yanquiel Fern\u00e1ndez": 0.09650626046236357,
  "Christian Vazquez": 0.07666936533828288,
  "Ryan Ritter": 0.08133881832393455,
  "Austin Nola": 0.06605660290871067
}