{
  "Addison Barger": 0.14183135508894662,
  "Vladimir Guerrero Jr.": 0.11969089153211182,
  "Luis Robert Jr.": 0.13428460620005053,
  "Miguel Vargas": 0.11036567696906102,
  "Austin Slater": 0.09793646754281518,
  "Tim Elko": 0.119668911335578,
  "Bo Bichette": 0.09501089356274478,
  "Lenyn Sosa": 0.08742881760940609,
  "Michael A. Taylor": 0.10745179404872429,
  "Colson Montgomery": 0.09609408212349389,
  "Chase Meidroth": 0.07868305193457806,
  "Will Wagner": 0.09148942751883928,
  "Edgar Quero": 0.08619001348340014,
  "Joey Loperfido": 0.08510464628917219,
  "Nathan Lukes": 0.08380477221948131,
  "Leo Jimenez": 0.08408697158697159,
  "Tyler Heineman": 0.07659075224292615,
  "Myles Straw": 0.07224561403508771,
  "Shohei Ohtani": 0.17158678523955762,
  "Christian Yelich": 0.09575079714298919,
  "Will Smith": 0.10396018309453099,
  "Andy Pages": 0.09594519037978856,
  "Freddie Freeman": 0.10098730256086332,
  "Jackson Chourio": 0.09797233504927204,
  "Jake Bauers": 0.08824975587547401,
  "Mookie Betts": 0.10061321587900293,
  "William Contreras": 0.09346586531492324,
  "James Outman": 0.0983058608058608,
  "Tommy Edman": 0.08596897535890397,
  "Miguel Rojas": 0.08686656777565868,
  "Joey Ortiz": 0.07164202792704454,
  "Isaac Collins": 0.07614347173246724,
  "Sal Frelick": 0.07500550955602121,
  "Brice Turang": 0.06921203679330819,
  "Esteury Ruiz": 0.08162599469496021,
  "Caleb Durbin": 0.06986603926579174,
  "Hyeseong Kim": 0.060000000000000005,
  "Kyle Schwarber": 0.14164841901177544,
  "Matt Chapman": 0.1099521916857095,
  "Bryce Harper": 0.10778892013904738,
  "Rafael Devers": 0.09262460629352383,
  "Heliot Ramos": 0.10359377320012084,
  "Willy Adames": 0.08979133435367675,
  "Max Kepler": 0.08809209124211186,
  "Trea Turner": 0.08158691011537464,
  "Luis Matos": 0.08054407713498622,
  "Casey Schmitt": 0.07257200792248233,
  "Alec Bohm": 0.0733888918566514,
  "Wilmer Flores": 0.08417630383925799,
  "Nick Castellanos": 0.07385371282036894,
  "J.T. Realmuto": 0.07373847111881962,
  "Bryson Stott": 0.07168172957646642,
  "Brandon Marsh": 0.0898128078817734,
  "Andrew Knizner": 0.09343907050803603,
  "Jung Hoo Lee": 0.0717274569402229,
  "Mike Yastrzemski": 0.060000000000000005,
  "Patrick Bailey": 0.060000000000000005,
  "Dominic Smith": 0.060000000000000005,
  "Riley Greene": 0.1356200982541574,
  "Junior Caminero": 0.11410537115119501,
  "Spencer Torkelson": 0.12634384470154225,
  "Colt Keith": 0.09875381185736037,
  "Jonathan Aranda": 0.10073462762832167,
  "Josh Lowe": 0.07915772192814136,
  "Yandy Diaz": 0.08725028786888081,
  "Gleyber Torres": 0.08904326822144501,
  "Jake Rogers": 0.09624274563849404,
  "Danny Jansen": 0.10268801605435268,
  "Zach McKinstry": 0.09283303102803506,
  "Wenceel Perez": 0.08910678770721209,
  "Parker Meadows": 0.0950437849410452,
  "Matt Vierling": 0.08296128758260596,
  "Ha-Seong Kim": 0.06645937772585206,
  "Taylor Walls": 0.07699145299145299,
  "Jake Mangum": 0.06589530839960293,
  "Chandler Simpson": 0.05913751756397044,
  "Javier Baez": 0.09761904761904762,
  "Dillon Dingler": 0.09761904761904762,
  "Aaron Judge": 0.2254688919541031,
  "Cal Raleigh": 0.25046252438493816,
  "Giancarlo Stanton": 0.15354754910821475,
  "Austin Wells": 0.1408244499799113,
  "Jazz Chisholm Jr.": 0.13857121915864773,
  "Jorge Polanco": 0.13972938910203705,
  "Cody Bellinger": 0.1228982104263595,
  "Randy Arozarena": 0.12353959883553484,
  "Dominic Canzone": 0.12890348091277243,
  "Luke Raley": 0.1252759397877752,
  "Jasson Dom\u00ednguez": 0.12769727048126367,
  "Julio Rodriguez": 0.10930326943363894,
  "Paul Goldschmidt": 0.10213309955878494,
  "Anthony Volpe": 0.08008945209170297,
  "J.P. Crawford": 0.08128221156332954,
  "Oswald Peraza": 0.07382673371778076,
  "Ben Williamson": 0.06152670122694522,
  "Cole Young": 0.07911799202439597,
  "Trent Grisham": 0.13333333333333333,
  "Wilyer Abreu": 0.11852555466770426,
  "Ryan McMahon": 0.09757760379738206,
  "Trevor Story": 0.10888605629040737,
  "Brenton Doyle": 0.08940613513351046,
  "Michael Toglia": 0.09047687864294808,
  "Orlando Arcia": 0.07305686975548463,
  "Jarren Duran": 0.09362889781144437,
  "Romy Gonzalez": 0.0704393622293895,
  "Carlos Narvaez": 0.09127177830528378,
  "Jordan Beck": 0.08680261752785776,
  "Masataka Yoshida": 0.0675807331302786,
  "Roman Anthony": 0.07436006896890056,
  "Marcelo Mayer": 0.07433349644773089,
  "Yanquiel Fern\u00e1ndez": 0.07977966762726665,
  "Kyle Farmer": 0.06963378742500058,
  "Tyler Freeman": 0.0724592218454111,
  "Austin Nola": 0.06744059942817707,
  "David Hamilton": 0.061309999768228804,
  "Agust\u00edn Ram\u00edrez": 0.1364293309030151,
  "Elly De La Cruz": 0.13141350263137289,
  "Matt McLain": 0.11264710836786132,
  "Spencer Steer": 0.09910325363576311,
  "Will Benson": 0.11718998663990259,
  "Connor Norby": 0.10619579949614316,
  "Austin Hays": 0.1084536585557484,
  "Dane Myers": 0.1069176776584184,
  "Heriberto Hernandez": 0.0967222599143947,
  "TJ Friedl": 0.09488774877240422,
  "Eric Wagaman": 0.10620903539694136,
  "Otto Lopez": 0.09286448017698533,
  "Tyler Stephenson": 0.09973757554216067,
  "Noelvi Marte": 0.092967809450115,
  "Nick Fortes": 0.0721797197050621,
  "Derek Hill": 0.07996199587242131,
  "Gavin Lux": 0.0845998207425398,
  "Xavier Edwards": 0.057009760425909495,
  "Byron Buxton": 0.16351238398041737,
  "Seiya Suzuki": 0.13916374018518976,
  "Kyle Tucker": 0.13799671574991906,
  "Michael Busch": 0.13235015571718942,
  "Pete Crow-Armstrong": 0.13882863681592136,
  "Matt Wallner": 0.12110468724906791,
  "Ian Happ": 0.12251873324561208,
  "Dansby Swanson": 0.10488591253153648,
  "Trevor Larnach": 0.09771282237994387,
  "Royce Lewis": 0.11520021100903453,
  "Carlos Correa": 0.0922176974845145,
  "Ryan Jeffers": 0.09705956959934749,
  "Harrison Bader": 0.08323366366844627,
  "Reese McGuire": 0.07067353959403586,
  "Willi Castro": 0.07389941683952095,
  "Ty France": 0.07536940608308791,
  "Nico Hoerner": 0.05820064572499157,
  "Jon Berti": 0.06069616483468998,
  "Bobby Witt Jr.": 0.14212050233113233,
  "Salvador Perez": 0.125900911610226,
  "Oneil Cruz": 0.08604754971588581,
  "Vinnie Pasquantino": 0.09983330530550154,
  "Jac Caglianone": 0.08606521682516584,
  "Jonathan India": 0.07956427568533281,
  "Andrew McCutchen": 0.08069520798414409,
  "Nick Gonzales": 0.07335768747484354,
  "Maikel Garcia": 0.07743424280828767,
  "Bryan Reynolds": 0.07841122395457914,
  "Freddy Fermin": 0.06238921204017191,
  "Nick Loftin": 0.0765021339760659,
  "Tommy Pham": 0.0882235350280463,
  "Ke'Bryan Hayes": 0.06879355260574002,
  "Joey Bart": 0.08360954310802335,
  "Jared Triolo": 0.06192310658719039,
  "Tyler Tolbert": 0.061203444588537756,
  "Isiah Kiner-Falefa": 0.0682849548112706,
  "Willson Contreras": 0.09502509007975574,
  "CJ Abrams": 0.07483565626685108,
  "Pedro Pages": 0.06924296385179544,
  "Riley Adams": 0.06112335807114271,
  "Alec Burleson": 0.10524142828025083,
  "James Wood": 0.10946104128135958,
  "Nolan Arenado": 0.09747191284944508,
  "Lars Nootbaar": 0.09204030336276713,
  "Yohel Pozo": 0.08549325125703193,
  "Brendan Donovan": 0.08492614801184041,
  "Josh Bell": 0.08244488051030982,
  "Masyn Winn": 0.09762916268807285,
  "Nathaniel Lowe": 0.07207785734998653,
  "Amed Rosario": 0.06783520458859986,
  "Victor Scott II": 0.06984153249247661,
  "Brady House": 0.06657058965785545,
  "Alex Call": 0.06055477841275993,
  "Jacob Young": 0.0509011848389808,
  "Jose Ramirez": 0.1233280124882853,
  "Isaac Paredes": 0.12258611719375241,
  "Victor Caratini": 0.10180673529147902,
  "Jose Altuve": 0.10436116758059283,
  "Yainer Diaz": 0.10004108671945405,
  "Carlos Santana": 0.09720463076713592,
  "Taylor Trammell": 0.09836140222368735,
  "David Fry": 0.08990462033940294,
  "Angel Martinez": 0.07610512378413081,
  "Johnathan Rodriguez": 0.07581039320804607,
  "Cooper Hummel": 0.07721344931489858,
  "Cam Smith": 0.09453658295202928,
  "Mauricio Dubon": 0.07130292706293298,
  "Jake Meyers": 0.08249964279452066,