{
  "Corey Seager": 0.16477939463234834,
  "Gunnar Henderson": 0.13724876584212337,
  "Gary Sanchez": 0.13022570190710045,
  "Jackson Holliday": 0.11370514425000175,
  "Cedric Mullins": 0.10982422767563005,
  "Ramon Laureano": 0.10199232516309982,
  "Wyatt Langford": 0.10842887327273776,
  "Kyle Higashioka": 0.07626155229581638,
  "Josh Smith": 0.09109171005624284,
  "Evan Carter": 0.09204589217036888,
  "Dylan Carlson": 0.07589594893555289,
  "Ramon Urias": 0.0829390812418431,
  "Adolis Garcia": 0.1014577816005344,
  "Marcus Semien": 0.08769033498567877,
  "Coby Mayo": 0.07482994984975183,
  "Josh Jung": 0.08027992221317211,
  "Ryan O'Hearn": 0.09193163983626082,
  "Alejandro Osuna": 0.0672931868753188,
  "Vladimir Guerrero Jr.": 0.1541334048017685,
  "Jose Ramirez": 0.16094777703400653,
  "Bo Bichette": 0.11895168818305779,
  "Alejandro Kirk": 0.11015328007943877,
  "George Springer": 0.11668469916314869,
  "Lane Thomas": 0.12117325110566483,
  "David Fry": 0.11349993741229784,
  "Davis Schneider": 0.09244936831503543,
  "Carlos Santana": 0.11945245510546436,
  "Ernie Clement": 0.08093888122184109,
  "Angel Martinez": 0.09581090369633509,
  "Gabriel Arias": 0.09648809825932356,
  "Johnathan Rodriguez": 0.08689960532408329,
  "Jonatan Clase": 0.07917926087177021,
  "Andres Gimenez": 0.06589655145126541,
  "Steven Kwan": 0.08255754146843255,
  "Austin Hedges": 0.06967101848524775,
  "Myles Straw": 0.05773809523809524,
  "Kerry Carpenter": 0.12463333609406105,
  "Brent Rooker": 0.11204896662485761,
  "Riley Greene": 0.11245595895455643,
  "Tyler Soderstrom": 0.06954174894235587,
  "Wenceel Perez": 0.07866588034781419,
  "Colt Keith": 0.08028663941955365,
  "Dillon Dingler": 0.07926495142499558,
  "Trey Sweeney": 0.06924515731541267,
  "Zach McKinstry": 0.0647505149714436,
  "Gleyber Torres": 0.08450198084409616,
  "Nick Kurtz": 0.06382649806334016,
  "Parker Meadows": 0.07504992731308521,
  "Luis Urias": 0.06597007086137521,
  "Max Muncy (2002)": 0.05542772825709082,
  "Lawrence Butler": 0.06009851291729096,
  "Denzel Clarke": 0.057600858378778236,
  "Austin Wynns": 0.06061735695553927,
  "Jacob Wilson": 0.06314527758236367,
  "Ronald Acuna Jr.": 0.1731915041593062,
  "Matt Olson": 0.1767518054157184,
  "Austin Riley": 0.1590193178556783,
  "Pete Alonso": 0.16904701548260218,
  "Juan Soto": 0.16200428153717628,
  "Francisco Lindor": 0.15497783519039365,
  "Brandon Nimmo": 0.12736952462144277,
  "Marcell Ozuna": 0.13447123408619088,
  "Drake Baldwin": 0.10295520608916875,
  "Jeff McNeil": 0.09992698154819367,
  "Michael Harris II": 0.09289552165120647,
  "Ozzie Albies": 0.09204250003836996,
  "Ronny Mauricio": 0.09032419279496803,
  "Starling Marte": 0.07717544188110773,
  "Brett Baty": 0.08519614437807822,
  "Luis Torrens": 0.07605320109443821,
  "Alex Verdugo": 0.07326288521190698,
  "Nick Allen": 0.07334212687153864,
  "Aaron Judge": 0.2511833294285936,
  "Ben Rice": 0.17650323194628575,
  "Trent Grisham": 0.15710095814072902,
  "Jazz Chisholm Jr.": 0.14264487374749074,
  "Elly De La Cruz": 0.13952618355218133,
  "Matt McLain": 0.13124525967025474,
  "Austin Wells": 0.14322329003863837,
  "Cody Bellinger": 0.13902401170012887,
  "Paul Goldschmidt": 0.1296695460793013,
  "Christian Encarnacion-Strand": 0.13299987952982212,
  "Tyler Stephenson": 0.12454734902858686,
  "Spencer Steer": 0.10386170462410756,
  "Anthony Volpe": 0.1107166627396023,
  "TJ Friedl": 0.09683432369407123,
  "Rece Hinds": 0.1076867860678014,
  "Oswald Peraza": 0.08806543554780312,
  "Jose Trevino": 0.08953674029067307,
  "Santiago Espinal": 0.06992667826001159,
  "Jake Fraley": 0.07361111111111111,
  "Will Benson": 0.09761904761904762,
  "Gavin Lux": 0.08392857142857142,
  "Connor Joe": 0.08392857142857142,
  "Ketel Marte": 0.1542038426273235,
  "Randal Grichuk": 0.11094344654837081,
  "Andrew Benintendi": 0.1128718020803069,
  "Ryan Noda": 0.11634728909818297,
  "Luis Robert Jr.": 0.10992171941549185,
  "Miguel Vargas": 0.11852089037342166,
  "Lourdes Gurriel Jr.": 0.10341552887581631,
  "Mike Tauchman": 0.10130463824924714,
  "Pavin Smith": 0.0992496897380203,
  "Geraldo Perdomo": 0.09207205127105172,
  "Michael A. Taylor": 0.0794135419288091,
  "Alek Thomas": 0.07726782273226189,
  "Jake McCarthy": 0.059098117170175955,
  "Chase Meidroth": 0.0695192172313969,
  "Edgar Quero": 0.07847749516335903,
  "Ildemaro Vargas": 0.06329057212895597,
  "Josh Rojas": 0.06989302046553955,
  "Jose Herrera": 0.06111111111111111,
  "Andrew McCutchen": 0.10192635926705677,
  "Christian Yelich": 0.11860254567705256,
  "William Contreras": 0.1159336883116713,
  "Nick Gonzales": 0.07871408196464326,
  "Oneil Cruz": 0.12763807703374852,
  "Sal Frelick": 0.08313639487974721,
  "Ke'Bryan Hayes": 0.06473312091704764,
  "Bryan Reynolds": 0.10205600556928951,
  "Brice Turang": 0.08263935340022296,
  "Joey Ortiz": 0.09556137770423485,
  "Jackson Chourio": 0.11779164223829067,
  "Joey Bart": 0.08392857142857142,
  "Isiah Kiner-Falefa": 0.07685386473429952,
  "Rhys Hoskins": 0.15025357063500208,
  "Isaac Collins": 0.11133239055316978,
  "Caleb Durbin": 0.07845541508832933,
  "Spencer Horwitz": 0.07635877809562021,
  "Tommy Pham": 0.07361111111111111,
  "Henry Davis": 0.09364238308670385,
  "Adam Frazier": 0.07187679983150128,
  "Bobby Witt Jr.": 0.15455706251335763,
  "Junior Caminero": 0.12319125532698624,
  "Salvador Perez": 0.13297361334317856,
  "Yandy Diaz": 0.10789843225697271,
  "Danny Jansen": 0.12652164420925655,
  "Vinnie Pasquantino": 0.11124610586277603,
  "Jonathan India": 0.10272539242128795,
  "Jac Caglianone": 0.09877947629927827,
  "Jonathan Aranda": 0.08479005599086119,
  "Maikel Garcia": 0.08644261562908427,
  "John Rave": 0.09003951442836088,
  "Curtis Mead": 0.07649188749255072,
  "Jose Caballero": 0.07178210327126332,
  "Drew Waters": 0.07742570892323727,
  "Kyle Isbel": 0.08182685347034624,
  "Chandler Simpson": 0.07655172413793104,
  "Jake Mangum": 0.06151334930107308,
  "Taylor Walls": 0.07514855514855515,
  "Cal Raleigh": 0.2212676947849181,
  "Byron Buxton": 0.15758915256037034,
  "Matt Wallner": 0.14837615563156187,
  "Luke Raley": 0.12166366139036947,
  "Dominic Canzone": 0.12099331977664796,
  "Kody Clemens": 0.12934089419654782,
  "Julio Rodriguez": 0.10184857880224818,
  "Trevor Larnach": 0.09869431627086665,
  "Randy Arozarena": 0.09735227351894019,
  "Brooks Lee": 0.09599867422869705,
  "Ryan Jeffers": 0.10131809491781205,
  "Carlos Correa": 0.08518205708401787,
  "J.P. Crawford": 0.08272686596437129,
  "Ty France": 0.08260835762362481,
  "Donovan Solano": 0.08592959969090574,
  "Harrison Bader": 0.08182084135782738,
  "Ben Williamson": 0.0739605267394314,
  "Cole Young": 0.08087606837606838,
  "Jorge Polanco": 0.09761904761904762,
  "Seiya Suzuki": 0.1312857953481515,
  "Pete Crow-Armstrong": 0.1336486196407473,
  "Willson Contreras": 0.1342043982287417,
  "Kyle Tucker": 0.13115708434767587,
  "Alec Burleson": 0.13146340301002404,
  "Ian Happ": 0.12058271371533946,
  "Lars Nootbaar": 0.12304979595763617,
  "Michael Busch": 0.117063882953744,
  "Nolan Gorman": 0.1176188535750567,
  "Dansby Swanson": 0.10000329729315235,
  "Brendan Donovan": 0.10404262404262403,
  "Nolan Arenado": 0.09757277182662889,
  "Pedro Pages": 0.08456956318721023,
  "Masyn Winn": 0.08030182031708749,
  "Reese McGuire": 0.06274662743680072,
  "Victor Scott II": 0.06674301772127858,
  "Matt Shaw": 0.07795139659128718,
  "Nico Hoerner": 0.05671556106233225,
  "Kyle Schwarber": 0.1367588856860683,
  "Christian Walker": 0.10509531457144414,
  "Isaac Paredes": 0.09077197258754921,
  "Jose Altuve": 0.08581090918650727,
  "Trea Turner": 0.08800277431531385,
  "Yainer Diaz": 0.10612611449435916,
  "Nick Castellanos": 0.09618576365643697,
  "Jeremy Pena": 0.08076720919168714,
  "J.T. Realmuto": 0.07990480543454656,
  "Cam Smith": 0.09223548972292991,
  "Otto Kemp": 0.07670940304886721,
  "Alec Bohm": 0.08575872035211944,
  "Jake Meyers": 0.08776608374588928,
  "Edmundo Sosa": 0.06898225246311371,