{
  "Oneil Cruz": 0.10728906959604859,
  "Gunnar Henderson": 0.11557603869556334,
  "Colton Cowser": 0.11000744314973564,
  "Samuel Basallo": 0.1001002826592528,
  "Andrew McCutchen": 0.08893353165680616,
  "Ryan Mountcastle": 0.08301272181929777,
  "Jackson Holliday": 0.0964034231954817,
  "Spencer Horwitz": 0.08663088827503695,
  "Coby Mayo": 0.06815538571400999,
  "Cam Devanney": 0.059943401924468454,
  "Jeremiah Jackson": 0.08068038211662817,
  "Bryan Reynolds": 0.083564718388764,
  "Henry Davis": 0.06499611959328519,
  "Tommy Pham": 0.06408522852231462,
  "Emmanuel Rivera": 0.055405869012294086,
  "Dylan Beavers": 0.06887564271154795,
  "Jared Triolo": 0.05702096724823998,
  "Nick Gonzales": 0.05554969304969305,
  "Bobby Witt Jr.": 0.11125557654901423,
  "Jose Ramirez": 0.11184138450324324,
  "Salvador Perez": 0.11774453055831234,
  "Vinnie Pasquantino": 0.10018509567571679,
  "David Fry": 0.08926130661869106,
  "Randal Grichuk": 0.09429379226577034,
  "Nolan Jones": 0.06806460866244862,
  "Jhonkensy Noel": 0.09264713114200694,
  "Jac Caglianone": 0.08960311537869294,
  "Angel Martinez": 0.06894822661556765,
  "Maikel Garcia": 0.07448449738974362,
  "Daniel Schneemann": 0.06868228320434203,
  "Brayan Rocchio": 0.05957701196712955,
  "Austin Hedges": 0.057178555140511664,
  "Jonathan India": 0.06899884011872645,
  "Nick Loftin": 0.06233112332817414,
  "Kyle Isbel": 0.05208821070234114,
  "Steven Kwan": 0.056589590964590965,
  "Michael Massey": 0.060000000000000005,
  "Adam Frazier": 0.060000000000000005,
  "Luke Maile": 0.060000000000000005,
  "Tyler Tolbert": 0.060000000000000005,
  "Mike Yastrzemski": 0.08392857142857142,
  "James Wood": 0.12815250171084772,
  "Agust\u00edn Ram\u00edrez": 0.11864093565175561,
  "Jakob Marsee": 0.10000842689423811,
  "Josh Bell": 0.10052793967181496,
  "CJ Abrams": 0.09673302509932523,
  "Joey Wiemer": 0.09281307882831193,
  "Riley Adams": 0.08974737994190037,
  "Dylan Crews": 0.07616157827486804,
  "Maximo Acosta": 0.07905155651171017,
  "Luis Garcia Jr.": 0.07978878185698625,
  "Heriberto Hernandez": 0.08092827568382815,
  "Eric Wagaman": 0.08374575282847627,
  "Otto Lopez": 0.07836506727595836,
  "Daylen Lile": 0.07468095559760957,
  "Javier Sanoja": 0.06356429651679765,
  "Xavier Edwards": 0.0634965163182985,
  "Brady House": 0.06170407481271091,
  "Jacob Young": 0.049993492350191245,
  "Kyle Schwarber": 0.18622913934145197,
  "Pete Alonso": 0.13235963958535787,
  "Juan Soto": 0.12310047292243718,
  "Bryce Harper": 0.12111095968255498,
  "Nick Castellanos": 0.10787055284863648,
  "Harrison Bader": 0.10731438145165001,
  "Mark Vientos": 0.09857607747013714,
  "J.T. Realmuto": 0.09989941873631106,
  "Francisco Lindor": 0.10103553601361964,
  "Starling Marte": 0.06819344877100653,
  "Weston Wilson": 0.07547350985443183,
  "Edmundo Sosa": 0.07605247594762915,
  "Otto Kemp": 0.07700426953960197,
  "Francisco Alvarez": 0.0753301124336556,
  "Jose Siri": 0.06792318757159514,
  "Bryson Stott": 0.06405674509289432,
  "Brandon Nimmo": 0.06767049370962874,
  "Jeff McNeil": 0.057276404151404156,
  "Aaron Judge": 0.20293717252555102,
  "Giancarlo Stanton": 0.15976826431533883,
  "Ben Rice": 0.14741351646942913,
  "Trent Grisham": 0.1365361914915719,
  "Kerry Carpenter": 0.13180089739815914,
  "Riley Greene": 0.12474737457383157,
  "Cody Bellinger": 0.12181004350414808,
  "Jazz Chisholm Jr.": 0.1228772237472762,
  "Austin Wells": 0.1163354624277231,
  "Ryan McMahon": 0.10724063818275016,
  "Spencer Torkelson": 0.10206326321925498,
  "Gleyber Torres": 0.07174643375100676,
  "Anthony Volpe": 0.07934204676170979,
  "Trey Sweeney": 0.06868849458045219,
  "Wenceel Perez": 0.07395473918511865,
  "Dillon Dingler": 0.06857296015119227,
  "Parker Meadows": 0.06742755527568604,
  "Colt Keith": 0.07557480675373908,
  "Carlos Correa": 0.0813893713858308,
  "Vladimir Guerrero Jr.": 0.15095414601877552,
  "Jose Altuve": 0.09534091167734143,
  "Yordan Alvarez": 0.14501633340564912,
  "Yainer Diaz": 0.08281422446811974,
  "Alejandro Kirk": 0.09676790518813085,
  "George Springer": 0.15410639558213637,
  "Jeremy Pena": 0.071214802519748,
  "Jake Meyers": 0.05415901438628711,
  "Nathan Lukes": 0.06730666406568592,
  "Ernie Clement": 0.05966101382768049,
  "Addison Barger": 0.11076547183731561,
  "Andres Gimenez": 0.05153144908672679,
  "Daulton Varsho": 0.14526950305284325,
  "Christian Walker": 0.10897342900133089,
  "Jesus Sanchez": 0.0801656867681406,
  "Joey Loperfido": 0.07317242041664483,
  "Mauricio Dubon": 0.052221840659340664,
  "Michael Busch": 0.12521457478564615,
  "Matt Olson": 0.12008353583868457,
  "Ronald Acuna Jr.": 0.10957922010601334,
  "Seiya Suzuki": 0.1099149077189049,
  "Pete Crow-Armstrong": 0.10620837515440439,
  "Ian Happ": 0.10322543040791628,
  "Ozzie Albies": 0.09286937558867382,
  "Carson Kelly": 0.07695960704859413,
  "Michael Harris II": 0.08688754856522216,
  "Drake Baldwin": 0.0794457235290284,
  "Jurickson Profar": 0.08713331487042164,
  "Dansby Swanson": 0.08041742000055868,
  "Ha-Seong Kim": 0.06286818182018612,
  "Jake Fraley": 0.056798436544883826,
  "Willi Castro": 0.07039960364760592,
  "Matt Shaw": 0.0646657967557115,
  "Nacho Alvarez Jr.": 0.051328884604643556,
  "Nico Hoerner": 0.05148176291793313,
  "Junior Caminero": 0.16510112797107496,
  "Brandon Lowe": 0.1445542996692087,
  "Colson Montgomery": 0.12793936953013485,
  "Yandy Diaz": 0.09438992959636555,
  "Tristan Gray": 0.08764101081116116,
  "Kyle Teel": 0.07764037052580193,
  "Lenyn Sosa": 0.07818047162371235,
  "Mike Tauchman": 0.07514125121995993,
  "Josh Lowe": 0.08898536503226333,
  "Andrew Benintendi": 0.07998529611761249,
  "Brooks Baldwin": 0.0747269829485488,
  "Richie Palacios": 0.07329415233756555,
  "Edgar Quero": 0.06553134823704025,
  "Hunter Feduccia": 0.06481328400258791,
  "Curtis Mead": 0.05647163044946296,
  "Jake Mangum": 0.06281569384510562,
  "Chandler Simpson": 0.04196219511436902,
  "Chase Meidroth": 0.04525750583171295,
  "Christian Yelich": 0.10488575810029838,
  "Josh Smith": 0.07898825878334392,
  "Jonah Heim": 0.08041544189692337,
  "Josh Jung": 0.08244489629311419,
  "Jackson Chourio": 0.12517177579952868,
  "William Contreras": 0.09831714646855491,
  "Wyatt Langford": 0.12415760248075056,
  "Sal Frelick": 0.06409578707336992,
  "Joey Ortiz": 0.06155017881822005,
  "Brice Turang": 0.07052855489376172,
  "Isaac Collins": 0.07063052746166794,
  "Joc Pederson": 0.14202034979353312,
  "Jake Burger": 0.13339842947559044,
  "Alejandro Osuna": 0.08869692898595001,
  "Caleb Durbin": 0.06948710313483633,
  "Michael Helman": 0.09479611539842198,
  "Andrew Vaughn": 0.11298543801832074,
  "Cody Freeman": 0.09413768024879136,
  "Rhys Hoskins": 0.10757575757575757,
  "Byron Buxton": 0.19161069378652765,
  "Matt Wallner": 0.17119628215700697,
  "Mike Trout": 0.17018201199977923,
  "Yoan Moncada": 0.12804114606004127,
  "Zach Neto": 0.1286851222037805,
  "Taylor Ward": 0.1249409743827945,
  "Royce Lewis": 0.13240735430158088,
  "Trevor Larnach": 0.11008379420758602,
  "Brooks Lee": 0.08312570811242094,
  "Oswald Peraza": 0.0768136029536868,
  "Edouard Julien": 0.08122345781314028,
  "Sebastian Rivero": 0.05370741198231006,
  "Chris Taylor": 0.06325186484850351,
  "Luke Keaschall": 0.08197742496695455,
  "Jhonny Pereda": 0.06256010396361272,
  "Luis Rengifo": 0.06788021197189278,
  "Austin Martin": 0.06893397930514977,
  "Bryce Teodosio": 0.06706596644096643,
  "Travis d'Arnaud": 0.09761904761904762,
  "Kody Clemens": 0.13333333333333333,
  "Mickey Gasper": 0.08392857142857142,
  "Fernando Tatis Jr.": 0.1573566031017936,
  "Manny Machado": 0.14630890053392612,
  "Ramon Laureano": 0.1257102716979164,
  "Gavin Sheets": 0.11003059290550571,
  "Austin Hays": 0.09476373157754395,
  "Ryan O'Hearn": 0.10406524954160283,
  "Elly De La Cruz": 0.09111820419794515,
  "Will Benson": 0.08277245172498447,
  "Sal Stewart": 0.07640735760269672,
  "Jackson Merrill": 0.10133099235375558,
  "Matt McLain": 0.06978250302740181,