{
  "Geraldo Perdomo": 0.05261045383327992,
  "Pavin Smith": 0.09417928831611697,
  "Alek Thomas": 0.06286733161733161,
  "Xavier Edwards": 0.04271761257346486,
  "Gabriel Moreno": 0.04690318251369857,
  "Corbin Carroll": 0.10862824844099407,
  "Eugenio Suarez": 0.11377838450731706,
  "Lourdes Gurriel Jr.": 0.07821731065599448,
  "Derek Hill": 0.047526202576503224,
  "Griffin Conine": 0.07294467803204362,
  "Graham Pauley": 0.056061776061776064,
  "Kyle Stowers": 0.0790339272512996,
  "Liam Hicks": 0.0471777950310559,
  "Otto Lopez": 0.056035146989094356,
  "Tim Tawa": 0.09951381951381952,
  "Eric Wagaman": 0.058398647920706745,
  "Josh Naylor": 0.09081824683113683,
  "Matt Mervis": 0.0783335477949061,
  "Dylan Moore": 0.10488213042857171,
  "J.P. Crawford": 0.05709545834985243,
  "TJ Friedl": 0.07708067617510342,
  "Cal Raleigh": 0.1462270173563917,
  "Julio Rodriguez": 0.10638381870385562,
  "Jake Fraley": 0.06267442240312225,
  "Luke Raley": 0.06355648743583947,
  "Noelvi Marte": 0.07624624624624625,
  "Elly De La Cruz": 0.11749852245862884,
  "Santiago Espinal": 0.05066644791378834,
  "Spencer Steer": 0.07643176878428887,
  "Jeimer Candelario": 0.08879781934195934,
  "Mitch Garver": 0.09557514107542178,
  "Randy Arozarena": 0.11352739991851794,
  "Jose Trevino": 0.05206611570247934,
  "Gavin Lux": 0.0777289364633892,
  "Brandon Williamson": 0.052741730279898216,
  "Donovan Solano": 0.05465007402995938,
  "Andrew McCutchen": 0.08000669143510969,
  "Adam Frazier": 0.0521964416858165,
  "Josh Bell": 0.06824747052817227,
  "Ke'Bryan Hayes": 0.051732784553641976,
  "Luis Garcia Jr.": 0.05564820686614116,
  "Bryan Reynolds": 0.07281328320802005,
  "Alex Call": 0.052176617305969335,
  "Oneil Cruz": 0.09142553851783439,
  "Keibert Ruiz": 0.06657658474995937,
  "Endy Rodriguez": 0.0750877192982456,
  "Joey Bart": 0.05861590790162219,
  "James Wood": 0.07179263859539917,
  "Nasim Nunez": 0.04332443407341317,
  "Isiah Kiner-Falefa": 0.04749502487562189,
  "Paul DeJong": 0.06731074481074481,
  "Tommy Pham": 0.05364565052065052,
  "Enmanuel Valdez": 0.07794789188929593,
  "Dylan Crews": 0.06360025789813024,
  "Nathaniel Lowe": 0.05813000942951438,
  "J.T. Realmuto": 0.0860699106897801,
  "Wilmer Flores": 0.087855983478422,
  "Alec Bohm": 0.08250521083854417,
  "Bryce Harper": 0.1168050882110675,
  "Heliot Ramos": 0.11257616842245087,
  "Nick Castellanos": 0.0977206366736418,
  "Luis Matos": 0.06648652053413959,
  "Kyle Schwarber": 0.13394749316518212,
  "Bryson Stott": 0.07382032708585479,
  "Casey Schmitt": 0.060058909344623636,
  "Johan Rojas": 0.05491256569517439,
  "Trea Turner": 0.09609310819189336,
  "Patrick Bailey": 0.07837822671156004,
  "Willy Adames": 0.11094351536122639,
  "Jung Hoo Lee": 0.06561942639148521,
  "Tyler Fitzgerald": 0.07854066985645933,
  "Max Kepler": 0.09301472434157629,
  "Matt Chapman": 0.12647113502435334,
  "Carlos Santana": 0.07609917874501645,
  "Jose Ramirez": 0.08587728502840443,
  "Nolan Jones": 0.04844972776373059,
  "Ryan Mountcastle": 0.06795558608058608,
  "Ramon Urias": 0.06519383394383395,
  "Gabriel Arias": 0.05624795434088863,
  "Jorge Mateo": 0.056284771334276285,
  "Gunnar Henderson": 0.09010559295236453,
  "Steven Kwan": 0.049434296525627794,
  "Adley Rutschman": 0.06978541701580918,
  "Brayan Rocchio": 0.051478795164629665,
  "Jordan Westburg": 0.089556540284602,
  "Bo Naylor": 0.06586859777649251,
  "Kyle Manzardo": 0.0789462524015745,
  "Tyler O'Neill": 0.12716811447262494,
  "Ramon Laureano": 0.06920221608920969,
  "Gary Sanchez": 0.08915582535497606,
  "Lane Thomas": 0.058186907472621764,
  "Rafael Devers": 0.13385477051233705,
  "Brandon Lowe": 0.10558541895018878,
  "Jarren Duran": 0.09673249438115167,
  "Yandy Diaz": 0.09020852098720951,
  "Triston Casas": 0.08369067801872966,
  "Trevor Story": 0.0864343260266219,
  "Taylor Walls": 0.052015215738041826,
  "Jonathan Aranda": 0.10293032924632303,
  "Wilyer Abreu": 0.12258493894366466,
  "Ceddanne Rafaela": 0.07881874580818242,
  "Kameron Misner": 0.07085369112746022,
  "Christopher Morel": 0.09255831466585208,
  "Junior Caminero": 0.10919300332845629,
  "Jake Mangum": 0.05345743183434185,
  "Danny Jansen": 0.10787814703709216,
  "Carlos Narvaez": 0.06685443338074917,
  "Kristian Campbell": 0.0772871836609571,
  "Alex Bregman": 0.11242063492063492,
  "Kyle Isbel": 0.0703030303030303,
  "Aaron Judge": 0.21936839963155752,
  "Salvador Perez": 0.11013394125766249,
  "Maikel Garcia": 0.05729351807612677,
  "Oswaldo Cabrera": 0.060000000000000005,
  "Michael Massey": 0.05342953094861492,
  "Vinnie Pasquantino": 0.07408660295103957,
  "Bobby Witt Jr.": 0.10496414345348334,
  "Freddy Fermin": 0.04506313844258508,
  "Drew Waters": 0.054793388429752066,
  "Austin Wells": 0.10217535927414444,
  "Jasson Dom\u00ednguez": 0.10672161172161172,
  "Anthony Volpe": 0.06986128069461403,
  "Hunter Renfroe": 0.07499081948898494,
  "Jazz Chisholm Jr.": 0.11359064265167038,
  "Ben Rice": 0.11701208682483244,
  "Cody Bellinger": 0.09068104406706672,
  "Jonathan India": 0.06063817453523336,
  "Paul Goldschmidt": 0.10764010614850394,
  "Sean Murphy": 0.14349206349206348,
  "Ozzie Albies": 0.08921994671994672,
  "Austin Riley": 0.13536555086962485,
  "Vladimir Guerrero Jr.": 0.09076696861374019,
  "Bo Bichette": 0.06616438526977743,
  "Matt Olson": 0.1347791827577432,
  "George Springer": 0.06351571111092184,
  "Alejandro Kirk": 0.05024817993812262,
  "Eli White": 0.06777777777777778,
  "Michael Harris II": 0.11062413733609386,
  "Nathan Lukes": 0.06777777777777778,
  "Andres Gimenez": 0.05687763877739126,
  "Will Wagner": 0.04849211351392376,
  "Nick Allen": 0.051300398571116804,
  "Anthony Santander": 0.1186749147890753,
  "Jarred Kelenic": 0.08475432070061227,
  "Ernie Clement": 0.06388432288044858,
  "Bryan De La Cruz": 0.09063622170179547,
  "Drake Baldwin": 0.06559659255399224,
  "Alan Roden": 0.07065517261169435,
  "Stuart Fairchild": 0.0799752208575738,
  "Brent Rooker": 0.15012298966672094,
  "Shea Langeliers": 0.1362064596753592,
  "Tyler Soderstrom": 0.13060325119924257,
  "Lawrence Butler": 0.12101634070742273,
  "Andrew Vaughn": 0.10467196328746059,
  "Luis Robert Jr.": 0.09088145339769285,
  "JJ Bleday": 0.10650923176654263,
  "Lenyn Sosa": 0.07293154648546805,
  "Max Muncy (2002)": 0.08295350451021087,
  "Miguel Vargas": 0.08838864628324052,
  "Michael A. Taylor": 0.07931893791376464,
  "Miguel Andujar": 0.07036317357645958,
  "Chase Meidroth": 0.05933041969995871,
  "Jacob Wilson": 0.06198110940744378,
  "Gio Urshela": 0.0612626616888651,
  "Jacob Amaya": 0.05948028367265401,
  "Matt Thaiss": 0.0708225523177494,
  "Brooks Baldwin": 0.08240740740740742,
  "Joshua Palacios": 0.06553232744022218,
  "Javier Baez": 0.06963397893848591,
  "Kerry Carpenter": 0.13479421554237955,
  "Spencer Torkelson": 0.10528471012786124,
  "Riley Greene": 0.10883841443898508,
  "Christian Yelich": 0.09351488742292079,
  "William Contreras": 0.1046862062752914,
  "Garrett Mitchell": 0.06433560025283847,
  "Brice Turang": 0.053731910194259706,
  "Dillon Dingler": 0.08172246907541025,
  "Jackson Chourio": 0.11733426942896097,
  "Zach McKinstry": 0.07025262090496807,
  "Sal Frelick": 0.050873730386115076,
  "Rhys Hoskins": 0.11832649576596635,
  "Trey Sweeney": 0.07880868361260518,
  "Oliver Dunn": 0.07656339143634458,
  "Gleyber Torres": 0.08397950383528308,
  "Colt Keith": 0.07214991028716519,
  "Joey Ortiz": 0.06722342273868992,
  "Tomas Nido": 0.045483460559796435,
  "Juan Soto": 0.14809034582565261,
  "Pete Alonso": 0.14902106859811348,
  "Byron Buxton": 0.1331919296425816,
  "Francisco Lindor": 0.11292368615004861,
  "Matt Wallner": 0.11242707692143367,
  "Mark Vientos": 0.10698082944621387,
  "Brandon Nimmo": 0.10143822722999495,
  "Ryan Jeffers": 0.06912636319855571,
  "Starling Marte": 0.08207225742764958,
  "Trevor Larnach": 0.074432978090408,
  "Tyrone Taylor": 0.070979575989953,
  "Ty France": 0.06843437190530738,
  "Willi Castro": 0.06184230224059403,