{
  "Wilyer Abreu": 0.13499780483458018,
  "Rafael Devers": 0.1230506208245133,
  "Gunnar Henderson": 0.10648497715870306,
  "Jarren Duran": 0.10656966080239738,
  "Adley Rutschman": 0.08977120688655099,
  "Trevor Story": 0.08740196060218418,
  "Ryan O'Hearn": 0.07134017731920833,
  "Cedric Mullins": 0.08731200473681164,
  "Heston Kjerstad": 0.08550673999638685,
  "Ryan Mountcastle": 0.07528884326660926,
  "Carlos Narvaez": 0.08946326194562952,
  "Ceddanne Rafaela": 0.07372398282380457,
  "Jackson Holliday": 0.06349500871271206,
  "Abraham Toro": 0.061750890563591565,
  "Ramon Urias": 0.07341571937623512,
  "Nick Sogard": 0.05626235683487592,
  "David Hamilton": 0.058844451336361396,
  "Emmanuel Rivera": 0.08681644026471613,
  "Rob Refsnyder": 0.02,
  "Kristian Campbell": 0.07361111111111111,
  "Bobby Witt Jr.": 0.10019234863087936,
  "Vinnie Pasquantino": 0.09394436705971118,
  "Kody Clemens": 0.0884454961193328,
  "Royce Lewis": 0.08479321621194168,
  "Salvador Perez": 0.09425907396432573,
  "Trevor Larnach": 0.08488235180312645,
  "Michael Massey": 0.06665285812701142,
  "Brooks Lee": 0.07330044455923816,
  "Harrison Bader": 0.059468846941980104,
  "Jonathan India": 0.0639334342467735,
  "Willi Castro": 0.06082069832795986,
  "Drew Waters": 0.04753131127495883,
  "Ty France": 0.06444972251989796,
  "Mark Canha": 0.06873563218390805,
  "DaShawn Keirsey Jr.": 0.05239614116425711,
  "Freddy Fermin": 0.055087532148702364,
  "Christian Vazquez": 0.04568865464177219,
  "Maikel Garcia": 0.0519363285958042,
  "Ketel Marte": 0.10891080556031336,
  "Eugenio Suarez": 0.0949390368999147,
  "Lars Nootbaar": 0.08308391010166291,
  "Lourdes Gurriel Jr.": 0.07857360830369556,
  "Tim Tawa": 0.07611287395672264,
  "Nolan Arenado": 0.06258519883430466,
  "Jordan Walker": 0.07130096228344038,
  "Randal Grichuk": 0.08472917133440556,
  "Alec Burleson": 0.06404126002550117,
  "Gabriel Moreno": 0.056587785491294264,
  "Yohel Pozo": 0.06166142643684999,
  "Ivan Herrera": 0.06397506626930956,
  "Masyn Winn": 0.061674881063354996,
  "Brendan Donovan": 0.0629031218140129,
  "Geraldo Perdomo": 0.043965439482670045,
  "Josh Naylor": 0.0539703611179237,
  "Jordan Lawlar": 0.06358083109962809,
  "Victor Scott II": 0.05259062589041771,
  "Oneil Cruz": 0.09527459618657923,
  "Rhys Hoskins": 0.08168647536680979,
  "Andrew McCutchen": 0.07202409967203975,
  "Christian Yelich": 0.07103457993251999,
  "William Contreras": 0.07731991858736705,
  "Jake Bauers": 0.071749037571406,
  "Jackson Chourio": 0.06727030428196022,
  "Alexander Canario": 0.06743522739768765,
  "Bryan Reynolds": 0.05838873091439814,
  "Henry Davis": 0.05374397917629143,
  "Ke'Bryan Hayes": 0.04764141844794103,
  "Spencer Horwitz": 0.0474748858939617,
  "Brice Turang": 0.04439385778419283,
  "Joey Ortiz": 0.042430778626182136,
  "Caleb Durbin": 0.043809086359387,
  "Adam Frazier": 0.047669590643274855,
  "Sal Frelick": 0.04450127097150073,
  "Isiah Kiner-Falefa": 0.047391812865497075,
  "Joey Bart": 0.060000000000000005,
  "Isaac Collins": 0.060000000000000005,
  "Matt Chapman": 0.12039151123612557,
  "Willy Adames": 0.11522814526268173,
  "Mike Yastrzemski": 0.11498123176675892,
  "Heliot Ramos": 0.08965469657745431,
  "James Wood": 0.0693435570498695,
  "CJ Abrams": 0.07633072087855453,
  "Wilmer Flores": 0.07424889770723105,
  "LaMonte Wade Jr.": 0.08385196791924031,
  "Jung Hoo Lee": 0.08030554330141322,
  "Amed Rosario": 0.06543753139052885,
  "Patrick Bailey": 0.06554079444925048,
  "Tyler Fitzgerald": 0.06289340984674102,
  "Luis Garcia Jr.": 0.06405855172911704,
  "Nathaniel Lowe": 0.060653533714572806,
  "Keibert Ruiz": 0.05538582802623736,
  "Alex Call": 0.05550164107135622,
  "Robert Hassell III": 0.04621755216671847,
  "Daylen Lile": 0.06333333333333334,
  "Josh Bell": 0.07361111111111111,
  "Nasim Nunez": 0.060000000000000005,
  "Fernando Tatis Jr.": 0.1341007461240391,
  "Austin Riley": 0.11156004871426778,
  "Manny Machado": 0.115362188048641,
  "Marcell Ozuna": 0.1119245823668883,
  "Matt Olson": 0.1012971141633911,
  "Ronald Acuna Jr.": 0.09493789584987888,
  "Jackson Merrill": 0.09278467789727811,
  "Gavin Sheets": 0.06824101992660386,
  "Jake Cronenworth": 0.05703070792266554,
  "Ozzie Albies": 0.05787233032085094,
  "Drake Baldwin": 0.05901327443639105,
  "Elias Diaz": 0.05959867930418783,
  "Michael Harris II": 0.06285869648823342,
  "Xander Bogaerts": 0.0638848164809006,
  "Alex Verdugo": 0.04895635119868083,
  "Brandon Lockridge": 0.05170083759683337,
  "Luis Arraez": 0.0450540523709044,
  "Nick Allen": 0.045350877192982454,
  "Jason Heyward": 0.08392857142857142,
  "Kyle Tucker": 0.12826571776482784,
  "Seiya Suzuki": 0.11889649949523126,
  "Dansby Swanson": 0.10836984166607207,
  "Will Benson": 0.1075804384830795,
  "Pete Crow-Armstrong": 0.0918446675991433,
  "Austin Hays": 0.09578365619824086,
  "Tyler Stephenson": 0.09027721178674847,
  "Ian Happ": 0.08798582848475935,
  "Elly De La Cruz": 0.09510267617438511,
  "Miguel Amaya": 0.08267721163298349,
  "Spencer Steer": 0.07913485710010762,
  "Matt McLain": 0.07820093615856594,
  "Gavin Lux": 0.07069782404869959,
  "TJ Friedl": 0.07034385212262184,
  "Justin Turner": 0.06732294541662734,
  "Matt Shaw": 0.0608803170253552,
  "Nico Hoerner": 0.051479305816537785,
  "Santiago Espinal": 0.051086040528896454,
  "Carson Kelly": 0.12000000000000001,
  "Jake Burger": 0.1128908343697358,
  "Wyatt Langford": 0.10243905297367752,
  "Adolis Garcia": 0.10302988189783976,
  "Joc Pederson": 0.09290780316488051,
  "Josh Jung": 0.0804591791344487,
  "Luis Robert Jr.": 0.07479961255487236,
  "Miguel Vargas": 0.07296721236992493,
  "Andrew Benintendi": 0.07759612649705529,
  "Jonah Heim": 0.06808076560737407,
  "Josh Smith": 0.06943846557093056,
  "Lenyn Sosa": 0.05608039650351312,
  "Marcus Semien": 0.06535907674024828,
  "Joshua Palacios": 0.061343728361064845,
  "Sam Haggerty": 0.05035939680136624,
  "Mike Tauchman": 0.05868917786322684,
  "Chase Meidroth": 0.04829977987568987,
  "Matt Thaiss": 0.06868287191595462,
  "Josh Rojas": 0.050894214846314595,
  "Aaron Judge": 0.24009158482842693,
  "Paul Goldschmidt": 0.12322871953010694,
  "Trent Grisham": 0.1011319272613016,
  "Cody Bellinger": 0.09771788251597319,
  "Jasson Dom\u00ednguez": 0.09853534008482576,
  "Austin Wells": 0.09394948524104535,
  "Hunter Goodman": 0.08582902430130898,
  "Michael Toglia": 0.08962597522783933,
  "Anthony Volpe": 0.07757237348177692,
  "Ezequiel Tovar": 0.07592462321628989,
  "Jordan Beck": 0.07251167147821867,
  "Oswald Peraza": 0.06379828294940235,
  "Brenton Doyle": 0.06716166281195474,
  "Aaron Schunk": 0.04940110323089046,
  "Adael Amador": 0.05678919328380853,
  "DJ LeMahieu": 0.049242195356980364,
  "Tyler Freeman": 0.04312126243742908,
  "Jacob Stallings": 0.047797383534764246,
  "Cal Raleigh": 0.11217703927848856,
  "Christian Walker": 0.08685591619525646,
  "Julio Rodriguez": 0.08043547149510415,
  "Randy Arozarena": 0.08785494611386177,
  "Mitch Garver": 0.07376180124958315,
  "Isaac Paredes": 0.06733065531544086,
  "Dylan Moore": 0.07190320846203963,
  "Victor Caratini": 0.060752652764442715,
  "Jose Altuve": 0.05563704677786674,
  "Jeremy Pena": 0.05842112409165923,
  "Zach Dezenzo": 0.06146936231422508,
  "Ben Williamson": 0.04946910699584236,
  "J.P. Crawford": 0.04859954177845105,
  "Cam Smith": 0.05171674915993098,
  "Donovan Solano": 0.052010374453556274,
  "Jake Meyers": 0.04726517915926313,
  "Leo Rivas": 0.044075572217837415,
  "Mauricio Dubon": 0.04099060854090919,
  "Yainer Diaz": 0.07361111111111111,
  "Leody Taveras": 0.060000000000000005,
  "Vladimir Guerrero Jr.": 0.10781359112540365,
  "Junior Caminero": 0.09966167677549792,
  "Daulton Varsho": 0.11305022020611741,
  "Anthony Santander": 0.11707631616687143,
  "Danny Jansen": 0.11403959095599962,
  "Brandon Lowe": 0.09259799387640275,
  "Jonathan Aranda": 0.08844145338497597,
  "Josh Lowe": 0.09122754096185413,
  "Yandy Diaz": 0.08180232933660218,
  "Addison Barger": 0.0916172154038931,