{
  "Spencer Torkelson": 0.1484392059377841,
  "Christian Encarnacion-Strand": 0.11385764069210871,
  "Riley Greene": 0.1007818438645455,
  "Tyler Stephenson": 0.09632957815413955,
  "Dillon Dingler": 0.10168892485969952,
  "Elly De La Cruz": 0.10141760862594196,
  "Gleyber Torres": 0.09695105518107801,
  "Matt McLain": 0.09889675413088495,
  "Jahmai Jones": 0.09043715272557443,
  "Javier Baez": 0.07974967638259062,
  "Wenceel Perez": 0.07909383524277142,
  "Connor Joe": 0.07249183132328021,
  "TJ Friedl": 0.06938252161936373,
  "Gavin Lux": 0.06527685756115284,
  "Parker Meadows": 0.0715844746546501,
  "Jake Fraley": 0.05924043839794062,
  "Zach McKinstry": 0.058859917489454405,
  "Santiago Espinal": 0.051716166311009774,
  "Spencer Steer": 0.07361111111111111,
  "Will Benson": 0.09761904761904762,
  "Austin Riley": 0.17021023913607033,
  "Matt Olson": 0.1511119953398814,
  "Ronald Acuna Jr.": 0.1505051583991096,
  "Sean Murphy": 0.12350550735966784,
  "Hunter Goodman": 0.11515350335670754,
  "Marcell Ozuna": 0.13342188297371785,
  "Jordan Beck": 0.08755234513519113,
  "Michael Harris II": 0.09842074730510618,
  "Ryan McMahon": 0.09101239592436776,
  "Ozzie Albies": 0.09726505300985176,
  "Brenton Doyle": 0.07912946869884668,
  "Orlando Arcia": 0.05998169737317,
  "Braxton Fulford": 0.059952083480850384,
  "Tyler Freeman": 0.060811053651613975,
  "Ryan Ritter": 0.05769930431411674,
  "Eli White": 0.07514447784730169,
  "Thairo Estrada": 0.06597878537853785,
  "Nick Allen": 0.0712091503267974,
  "Sam Hilliard": 0.08392857142857142,
  "Mike Trout": 0.12385200984816591,
  "Jorge Soler": 0.11231365726812984,
  "Gary Sanchez": 0.12192875093405471,
  "Jordan Westburg": 0.11075495427894291,
  "Jo Adell": 0.10344524420022769,
  "Gunnar Henderson": 0.10869864190714673,
  "Ramon Laureano": 0.09515627051006077,
  "Cedric Mullins": 0.09808406107993099,
  "Zach Neto": 0.10045455944622961,
  "Taylor Ward": 0.09755148087331995,
  "Travis d'Arnaud": 0.08626810305976972,
  "Ramon Urias": 0.07716077927180381,
  "Coby Mayo": 0.0697398632053358,
  "Luis Rengifo": 0.06770639621645708,
  "Dylan Carlson": 0.06413471536508551,
  "Nolan Schanuel": 0.06558285610689872,
  "Kevin Newman": 0.05075600092762564,
  "Adley Rutschman": 0.07361111111111111,
  "Colton Cowser": 0.07361111111111111,
  "Jackson Holliday": 0.07361111111111111,
  "Aaron Judge": 0.19485802877223624,
  "Ben Rice": 0.10267309713278776,
  "Trent Grisham": 0.10187496251494643,
  "Rafael Devers": 0.09494635624428147,
  "Jazz Chisholm Jr.": 0.09417856880339362,
  "Cody Bellinger": 0.0875182305940358,
  "Jasson Dom\u00ednguez": 0.07601247761595924,
  "Rob Refsnyder": 0.07527520155179729,
  "J.C. Escarra": 0.061480445222479606,
  "Connor Wong": 0.06144834514316042,
  "Oswald Peraza": 0.07074586513994911,
  "Romy Gonzalez": 0.07947725229334425,
  "Abraham Toro": 0.06885515749504807,
  "Trevor Story": 0.08123440310010013,
  "Anthony Volpe": 0.07863322626637423,
  "Ceddanne Rafaela": 0.06916392183403135,
  "Jarren Duran": 0.06622872564901551,
  "Kristian Campbell": 0.06361614871552201,
  "Austin Wells": 0.09761904761904762,
  "Carlos Narvaez": 0.060000000000000005,
  "James Wood": 0.14166718902983472,
  "Agust\u00edn Ram\u00edrez": 0.10476548301061435,
  "Josh Bell": 0.11441236780222885,
  "CJ Abrams": 0.1230586608577213,
  "Luis Garcia Jr.": 0.0976928961438432,
  "Nathaniel Lowe": 0.10825771604938272,
  "Alex Call": 0.07379020871713143,
  "Eric Wagaman": 0.08347891013408255,
  "Dane Myers": 0.08185068587155873,
  "Jesus Sanchez": 0.07974642022076765,
  "Heriberto Hernandez": 0.07791356446583354,
  "Robert Hassell III": 0.06920180564085375,
  "Javier Sanoja": 0.05536323090026153,
  "Keibert Ruiz": 0.07532905982905982,
  "Otto Lopez": 0.06820897439914768,
  "Nick Fortes": 0.06709870641176732,
  "Jose Tena": 0.07116067224762877,
  "Xavier Edwards": 0.05157383568508888,
  "Connor Norby": 0.08392857142857142,
  "Kyle Stowers": 0.07361111111111111,
  "Kyle Schwarber": 0.15969001166754698,
  "Addison Barger": 0.11321333268069034,
  "Trea Turner": 0.10301742511293095,
  "Vladimir Guerrero Jr.": 0.09084042346542345,
  "Max Kepler": 0.10356630791592172,
  "J.T. Realmuto": 0.09965132798198635,
  "Bo Bichette": 0.08805706484873152,
  "Nick Castellanos": 0.09707518240805155,
  "Brandon Marsh": 0.07970396179595629,
  "Alec Bohm": 0.08191835437289982,
  "Otto Kemp": 0.07549181216706412,
  "Ernie Clement": 0.07046555267558402,
  "Alejandro Kirk": 0.07844254016044878,
  "Bryson Stott": 0.07257532030259303,
  "Andres Gimenez": 0.06818027756422196,
  "Alan Roden": 0.0661669016909443,
  "Jonatan Clase": 0.061245490127020664,
  "George Springer": 0.08392857142857142,
  "Pete Alonso": 0.14782528633536057,
  "Junior Caminero": 0.13140628356621933,
  "Brandon Lowe": 0.11707137444349722,
  "Juan Soto": 0.11139324448135914,
  "Francisco Lindor": 0.10625648435730191,
  "Jonathan Aranda": 0.10155452229526303,
  "Brandon Nimmo": 0.0949335506742914,
  "Josh Lowe": 0.08827335901409976,
  "Danny Jansen": 0.08126993592156775,
  "Francisco Alvarez": 0.081225771157278,
  "Luisangel Acu\u00f1a": 0.06182199819608388,
  "Kameron Misner": 0.0669299725024916,
  "Jeff McNeil": 0.06955228657214418,
  "Brett Baty": 0.06370739825362452,
  "Tyrone Taylor": 0.05973990666973123,
  "Jose Caballero": 0.05612103443998565,
  "Taylor Walls": 0.05185691827611717,
  "Jake Mangum": 0.05229414605713672,
  "Yandy Diaz": 0.08392857142857142,
  "Jared Young": 0.08392857142857142,
  "Matt Wallner": 0.09864554807657983,
  "Yainer Diaz": 0.10996383552850446,
  "Carlos Correa": 0.10327855105160118,
  "Ryan Jeffers": 0.09636335904100106,
  "Harrison Bader": 0.08040646723402499,
  "Jeremy Pena": 0.09546101248422972,
  "Jose Altuve": 0.09326060976703116,
  "Victor Caratini": 0.09180314688115321,
  "Ty France": 0.08635133519373313,
  "Cam Smith": 0.08740228497268071,
  "Willi Castro": 0.07574951113556344,
  "Jake Meyers": 0.07723879059927719,
  "Christian Vazquez": 0.0657194025774568,
  "Cooper Hummel": 0.08209687651177013,
  "Jonah Bride": 0.06516959064327485,
  "Brooks Lee": 0.0631369637536856,
  "Mauricio Dubon": 0.06300694637690164,
  "Cesar Salazar": 0.07361111111111111,
  "Christian Walker": 0.13333333333333333,
  "Salvador Perez": 0.11734319382003987,
  "Bobby Witt Jr.": 0.11439207100464707,
  "Brent Rooker": 0.11959898846109068,
  "Lawrence Butler": 0.07872395991929904,
  "Luis Urias": 0.07759970569338762,
  "Austin Wynns": 0.06297266569993842,
  "Nick Kurtz": 0.06688756314635674,
  "Max Muncy (2002)": 0.0691289289505558,
  "JJ Bleday": 0.06093631348950498,
  "Vinnie Pasquantino": 0.07105833237604134,
  "Jacob Wilson": 0.05711893948420237,
  "Nick Loftin": 0.06624790099938696,
  "Jac Caglianone": 0.056385055747355195,
  "Denzel Clarke": 0.05959447394014764,
  "Mark Canha": 0.05985107808861608,
  "Freddy Fermin": 0.06704204959969681,
  "Maikel Garcia": 0.07269431326249508,
  "Kyle Isbel": 0.05231278792950979,
  "Drew Waters": 0.060000000000000005,
  "Tyler Soderstrom": 0.07361111111111111,
  "Jonathan India": 0.060000000000000005,
  "Willie MacIver": 0.060000000000000005,
  "Rhys Hoskins": 0.11774161426335339,
  "Christian Yelich": 0.11116792048857753,
  "Nolan Gorman": 0.10234412118268801,
  "Jackson Chourio": 0.0918706385234854,
  "Alec Burleson": 0.09414323968191912,
  "Willson Contreras": 0.09063250765572489,
  "Ivan Herrera": 0.07542785767327197,
  "Sal Frelick": 0.0647704658823139,
  "Jordan Walker": 0.06935840826426069,
  "Brendan Donovan": 0.0744685957818556,
  "Nolan Arenado": 0.07026610389564082,
  "Caleb Durbin": 0.06043896644771826,
  "Jose Barrero": 0.0568428054321056,
  "Joey Ortiz": 0.05122653021532116,
  "Brice Turang": 0.06581317518817519,
  "Victor Scott II": 0.052105420504033696,
  "Pedro Pages": 0.060000000000000005,
  "Masyn Winn": 0.07361111111111111,
  "Isaac Collins": 0.07361111111111111,
  "Oneil Cruz": 0.11155487552039275,
  "Pete Crow-Armstrong": 0.10246408506891466,
  "Seiya Suzuki": 0.09676841270852675,
  "Michael Busch": 0.09061573861746126,