{
  "Colton Cowser": 0.12568843404808316,
  "Gunnar Henderson": 0.13607582339893046,
  "Jarren Duran": 0.11827925097068895,
  "Samuel Basallo": 0.11082980964384923,
  "Alex Bregman": 0.10621727628249367,
  "Trevor Story": 0.09285122948699218,
  "Roman Anthony": 0.11201239031614511,
  "Jeremiah Jackson": 0.08141125260333933,
  "Jackson Holliday": 0.09057564365218813,
  "Dylan Beavers": 0.07902814188353403,
  "Nathaniel Lowe": 0.08960071391561425,
  "Coby Mayo": 0.07810203338393774,
  "Ceddanne Rafaela": 0.06606630515992776,
  "Carlos Narvaez": 0.06299261626225365,
  "Masataka Yoshida": 0.08026737628684708,
  "David Hamilton": 0.06028471729789026,
  "Alex Jackson": 0.06359186674161922,
  "Vimael Machin": 0.062248906947582526,
  "Ronald Acuna Jr.": 0.13967000486846706,
  "Matt Olson": 0.13115778143162807,
  "Agust\u00edn Ram\u00edrez": 0.10005041636300395,
  "Michael Harris II": 0.1020081399194339,
  "Jurickson Profar": 0.09849664561599968,
  "Marcell Ozuna": 0.09992184902885627,
  "Heriberto Hernandez": 0.07963085104383937,
  "Ozzie Albies": 0.0834489199408221,
  "Sean Murphy": 0.08407557407203349,
  "Otto Lopez": 0.06856421732066727,
  "Javier Sanoja": 0.05346852534649566,
  "Jakob Marsee": 0.06989789423190193,
  "Troy Johnston": 0.061786753576780845,
  "Nacho Alvarez Jr.": 0.05088616159984344,
  "Derek Hill": 0.05179174056833632,
  "Xavier Edwards": 0.048134825071911164,
  "Liam Hicks": 0.053390252913545905,
  "Nick Allen": 0.04528677773839064,
  "Drake Baldwin": 0.08392857142857142,
  "Junior Caminero": 0.13826736801810116,
  "Brandon Lowe": 0.12227336447169045,
  "Kyle Manzardo": 0.11660397439535726,
  "Jose Ramirez": 0.1197957230056037,
  "David Fry": 0.08932973323203057,
  "C. J. Kayfus": 0.09383062972740842,
  "Yandy Diaz": 0.10557015058872654,
  "Christopher Morel": 0.09831894919389583,
  "Bo Naylor": 0.10119946854593125,
  "Steven Kwan": 0.06685965349781732,
  "Josh Lowe": 0.07344155941127402,
  "Carson Williams": 0.06938995361524457,
  "Everson Pereira": 0.07119217480894825,
  "Gabriel Arias": 0.06255914740740255,
  "Angel Martinez": 0.06477639512925565,
  "Nick Fortes": 0.05688899607732718,
  "Brayan Rocchio": 0.06136922133333616,
  "Chandler Simpson": 0.04900559808718206,
  "Aaron Judge": 0.1989739329340919,
  "Giancarlo Stanton": 0.17396621393859932,
  "James Wood": 0.13814389103104074,
  "Josh Bell": 0.11324489243524238,
  "Paul Goldschmidt": 0.11496232596962433,
  "Jazz Chisholm Jr.": 0.10475376739003675,
  "Trent Grisham": 0.10411048054289429,
  "CJ Abrams": 0.10849467036404845,
  "Cody Bellinger": 0.10561322459316806,
  "Luis Garcia Jr.": 0.10193771265957156,
  "Dylan Crews": 0.08197696834131031,
  "Austin Wells": 0.09588881712843812,
  "Riley Adams": 0.08760453025875911,
  "Amed Rosario": 0.0643482167474103,
  "Anthony Volpe": 0.07066648039687255,
  "Brady House": 0.06654076018659352,
  "Robert Hassell III": 0.06220640266596149,
  "Jacob Young": 0.050214433599526764,
  "George Springer": 0.15383724707330396,
  "Vladimir Guerrero Jr.": 0.1481327059989595,
  "Addison Barger": 0.12598886301883017,
  "Matt Wallner": 0.11834164992380544,
  "Alejandro Kirk": 0.09993655130540377,
  "Royce Lewis": 0.09376263390957336,
  "Bo Bichette": 0.1013277638413989,
  "Trevor Larnach": 0.07715034335339499,
  "Nathan Lukes": 0.07652888007054673,
  "James Outman": 0.07617107630235484,
  "Edouard Julien": 0.06203286610173622,
  "Ty France": 0.0804828416901832,
  "Andres Gimenez": 0.05999080733939209,
  "Mickey Gasper": 0.060610303855188764,
  "Ernie Clement": 0.06119084659609283,
  "Brooks Lee": 0.06208162261748031,
  "Austin Martin": 0.048539425746009716,
  "Luke Keaschall": 0.053633593523193274,
  "Kyle Schwarber": 0.16947751272895473,
  "Pete Alonso": 0.14047329326600372,
  "Francisco Lindor": 0.11784264591790636,
  "Juan Soto": 0.1048878447363903,
  "Bryce Harper": 0.10825690383543976,
  "Nick Castellanos": 0.09499625831112547,
  "Trea Turner": 0.09351298407978123,
  "Alec Bohm": 0.0907668146792595,
  "Mark Vientos": 0.09689617390045337,
  "J.T. Realmuto": 0.09116194162233375,
  "Harrison Bader": 0.08641934507357393,
  "Edmundo Sosa": 0.0711163923388425,
  "Starling Marte": 0.07462144914151524,
  "Weston Wilson": 0.06971068787452384,
  "Tyrone Taylor": 0.06595674750086515,
  "Brandon Nimmo": 0.06455811862698875,
  "Luis Torrens": 0.06805841808670662,
  "Jeff McNeil": 0.054442375806012175,
  "Corbin Carroll": 0.14188663948233773,
  "Andrew Vaughn": 0.12295826727984957,
  "Ketel Marte": 0.12672104815958873,
  "William Contreras": 0.10510751713316621,
  "Christian Yelich": 0.11006716747384826,
  "Brice Turang": 0.09349744237557074,
  "Lourdes Gurriel Jr.": 0.09958856174227995,
  "Pavin Smith": 0.09100944510035419,
  "Isaac Collins": 0.0813433459264846,
  "Gabriel Moreno": 0.07408218603229282,
  "Alek Thomas": 0.07004349119122438,
  "Anthony Seigler": 0.07181654498779735,
  "Geraldo Perdomo": 0.07248892503003825,
  "Andruw Monasterio": 0.0638770122514588,
  "Jake McCarthy": 0.059256583786145844,
  "Blaze Alexander": 0.07085630878680772,
  "Sal Frelick": 0.06672458787232106,
  "Blake Perkins": 0.0689803469579298,
  "Caleb Durbin": 0.08392857142857142,
  "Vinnie Pasquantino": 0.12502998756592015,
  "Colson Montgomery": 0.12358220900803443,
  "Salvador Perez": 0.13350828199880746,
  "Randal Grichuk": 0.11361025440857445,
  "Bobby Witt Jr.": 0.12307528472789064,
  "Lenyn Sosa": 0.11144824387535539,
  "Luis Robert Jr.": 0.10873903347660982,
  "Miguel Vargas": 0.10310743732926068,
  "Mike Tauchman": 0.09031986831520436,
  "Maikel Garcia": 0.08344194015415902,
  "Andrew Benintendi": 0.09742864790477748,
  "Kyle Teel": 0.08922080673365176,
  "Nick Loftin": 0.06523665484474066,
  "Jonathan India": 0.07416711892226356,
  "Brooks Baldwin": 0.07601218743399873,
  "Curtis Mead": 0.061219364178923,
  "Adam Frazier": 0.04851038248011636,
  "Tyler Tolbert": 0.05378946450375022,
  "Oneil Cruz": 0.09983446261947138,
  "Lars Nootbaar": 0.09677320169931575,
  "Alec Burleson": 0.09190405236233233,
  "Willson Contreras": 0.09894268223615375,
  "Nolan Gorman": 0.09843625124668177,
  "Spencer Horwitz": 0.06438278644406686,
  "Ivan Herrera": 0.07966591254335081,
  "Jack Suwinski": 0.07003786054692515,
  "Andrew McCutchen": 0.07169971081489811,
  "Thomas Saggese": 0.055668445984608406,
  "Yohel Pozo": 0.06565075777601591,
  "Jordan Walker": 0.06686244349322498,
  "Bryan Reynolds": 0.05657459407459407,
  "Jared Triolo": 0.05998823102010452,
  "Liover Peguero": 0.06355668168168169,
  "Masyn Winn": 0.06532738095238096,
  "Henry Davis": 0.0626127344877345,
  "Isiah Kiner-Falefa": 0.052139116959816316,
  "Nick Gonzales": 0.060000000000000005,
  "Joey Bart": 0.060000000000000005,
  "Tommy Pham": 0.07361111111111111,
  "Jo Adell": 0.15432908185106442,
  "Zach Neto": 0.12923075887802396,
  "Mike Trout": 0.13652738194570116,
  "Corey Seager": 0.131043839829766,
  "Wyatt Langford": 0.11968329180683979,
  "Taylor Ward": 0.11440172748433881,
  "Travis d'Arnaud": 0.1011648477443203,
  "Cody Freeman": 0.08799124884983185,
  "Adolis Garcia": 0.11227977191915964,
  "Kyle Higashioka": 0.10055506546494328,
  "Josh Jung": 0.08748236289419042,
  "Niko Kavadas": 0.07271422968398619,
  "Luis Rengifo": 0.08039993024429362,
  "Jonah Heim": 0.07188955777373467,
  "Christian Moore": 0.07408658834508733,
  "Bryce Teodosio": 0.05521387865137865,
  "Ezequiel Duran": 0.0677309121846937,
  "Michael Helman": 0.06653569184669664,
  "Yordan Alvarez": 0.1752972154679376,
  "Christian Walker": 0.1447504144233377,
  "Jesus Sanchez": 0.1251681775222731,
  "Carlos Correa": 0.11204128596757564,
  "Victor Caratini": 0.09858866312936776,
  "Hunter Goodman": 0.1006372010410308,
  "Jeremy Pena": 0.09904901766423682,
  "Mickey Moniak": 0.09243561255298345,
  "Jose Altuve": 0.10897511408710354,
  "Ezequiel Tovar": 0.0704689037138025,
  "Brenton Doyle": 0.0708657291106279,
  "Jordan Beck": 0.06570009063547291,
  "Jacob Melton": 0.07031089071769142,
  "Ryan Ritter": 0.05309767393100726,
  "Mauricio Dubon": 0.06695814527330754,