{
  "Corbin Carroll": 0.11704439493442051,
  "Eugenio Suarez": 0.10956817653399843,
  "Pavin Smith": 0.08842928869071943,
  "Connor Norby": 0.08177069635383503,
  "Griffin Conine": 0.0796265611987537,
  "Tim Tawa": 0.06371741300757826,
  "Josh Naylor": 0.07457450190164329,
  "Kyle Stowers": 0.07262075389526369,
  "Eric Wagaman": 0.06969459310801097,
  "Lourdes Gurriel Jr.": 0.06912212566045565,
  "Dane Myers": 0.06445954908843625,
  "Rob Brantly": 0.07020388854387953,
  "Alek Thomas": 0.05908694819042981,
  "Geraldo Perdomo": 0.05388445855194933,
  "Otto Lopez": 0.055280710423024085,
  "Xavier Edwards": 0.04613856490007503,
  "Javier Sanoja": 0.048647433801896046,
  "Jose Herrera": 0.04980701880382481,
  "Gabriel Moreno": 0.060000000000000005,
  "Liam Hicks": 0.060000000000000005,
  "Oneil Cruz": 0.10631187979263723,
  "Bryan Reynolds": 0.08046850461701022,
  "Joey Bart": 0.08444854274535404,
  "Enmanuel Valdez": 0.08097793279611462,
  "Ke'Bryan Hayes": 0.06682681252370637,
  "James Wood": 0.07051078888987479,
  "Tommy Pham": 0.07309722425876172,
  "Alex Call": 0.07148995129387287,
  "Andrew McCutchen": 0.09726477885463759,
  "Riley Adams": 0.08237735833558738,
  "Amed Rosario": 0.06324256729670921,
  "Nathaniel Lowe": 0.05826725377774735,
  "Dylan Crews": 0.11107313738892685,
  "Luis Garcia Jr.": 0.055445382432137404,
  "Nasim Nunez": 0.06090519338639639,
  "Jacob Young": 0.06024018379281537,
  "Isiah Kiner-Falefa": 0.050251562208225464,
  "Adam Frazier": 0.05031583061140911,
  "Keibert Ruiz": 0.060000000000000005,
  "Jack Suwinski": 0.07361111111111111,
  "Henry Davis": 0.07361111111111111,
  "Cal Raleigh": 0.17946459014486205,
  "Elly De La Cruz": 0.1416923218899963,
  "Julio Rodriguez": 0.140227174137112,
  "Jorge Polanco": 0.13130520199628865,
  "Austin Hays": 0.14350519334522616,
  "Randy Arozarena": 0.12514807623465488,
  "Luke Raley": 0.12059836896851624,
  "Dylan Moore": 0.10013709779499254,
  "Rowdy Tellez": 0.10236224498973406,
  "Jeimer Candelario": 0.09998242933537052,
  "Gavin Lux": 0.08679221281712443,
  "TJ Friedl": 0.08573478885038674,
  "Blake Dunn": 0.08531490348065836,
  "Santiago Espinal": 0.077490569758611,
  "Jake Fraley": 0.07199887093972555,
  "J.P. Crawford": 0.06811132561132562,
  "Miles Mastrobuoni": 0.06563504299859527,
  "Austin Wynns": 0.05825361485709648,
  "Donovan Solano": 0.060000000000000005,
  "Brent Rooker": 0.16259560787230828,
  "Andrew Vaughn": 0.1308524050665695,
  "Tyler Soderstrom": 0.12111952042057685,
  "Lawrence Butler": 0.11753352388606557,
  "Luis Robert Jr.": 0.10137878966667163,
  "JJ Bleday": 0.1092311646297966,
  "Michael A. Taylor": 0.10042164327405251,
  "Miguel Vargas": 0.10804916579426384,
  "Max Muncy (2002)": 0.08311420273715356,
  "Lenyn Sosa": 0.08667392560201244,
  "Edgar Quero": 0.07295601479812006,
  "Seth Brown": 0.10544868890316146,
  "Brooks Baldwin": 0.0726782950898553,
  "Chase Meidroth": 0.07565209770554635,
  "Jhonny Pereda": 0.07443039562185975,
  "Max Schuemann": 0.06735532011847802,
  "Jacob Wilson": 0.06551194297923206,
  "Jacob Amaya": 0.06265038475386638,
  "Shea Langeliers": 0.13333333333333333,
  "Miguel Andujar": 0.07361111111111111,
  "Gio Urshela": 0.060000000000000005,
  "Kyle Schwarber": 0.12609514835243407,
  "Matt Chapman": 0.12642647562800968,
  "Bryce Harper": 0.10225970556629597,
  "Willy Adames": 0.10045560583527516,
  "Heliot Ramos": 0.09767853125608762,
  "Nick Castellanos": 0.07532981119433882,
  "Tyler Fitzgerald": 0.0689158487980484,
  "Casey Schmitt": 0.07115131699116631,
  "J.T. Realmuto": 0.06219679435229696,
  "Sam Huff": 0.06828525931636,
  "Luis Matos": 0.06977313801887264,
  "Trea Turner": 0.0719642235269296,
  "Max Kepler": 0.07787265999552426,
  "Bryson Stott": 0.0591907734474935,
  "Alec Bohm": 0.057260124498303665,
  "Christian Koss": 0.08418665667166418,
  "Mike Yastrzemski": 0.06285944329422591,
  "Johan Rojas": 0.05024122807017544,
  "Wilmer Flores": 0.07361111111111111,
  "Brandon Marsh": 0.07361111111111111,
  "Jung Hoo Lee": 0.060000000000000005,
  "Gunnar Henderson": 0.10996215074586098,
  "Jose Ramirez": 0.10244559778139449,
  "Heston Kjerstad": 0.08616648553107385,
  "Carlos Santana": 0.08155337616152664,
  "Adley Rutschman": 0.073965560209386,
  "Jordan Westburg": 0.07262860754088823,
  "Cedric Mullins": 0.08220962726289925,
  "Gabriel Arias": 0.07141531990523071,
  "Ryan Mountcastle": 0.06591939884859584,
  "Ryan O'Hearn": 0.07150575373704827,
  "Lane Thomas": 0.07283281589999799,
  "Nolan Jones": 0.06574249869704415,
  "Daniel Schneemann": 0.09077922077922078,
  "Jackson Holliday": 0.0667519347390258,
  "Ramon Urias": 0.06474326710300952,
  "Brayan Rocchio": 0.06024018379281537,
  "Steven Kwan": 0.05107064178290982,
  "Austin Hedges": 0.06675925925925925,
  "Bo Naylor": 0.07361111111111111,
  "Kyle Manzardo": 0.08392857142857142,
  "Ramon Laureano": 0.060000000000000005,
  "Kyle Isbel": 0.0615725609477573,
  "Salvador Perez": 0.08389825210352254,
  "Javier Baez": 0.060000000000000005,
  "Maikel Garcia": 0.04613478139793929,
  "Bobby Witt Jr.": 0.0911094461164514,
  "MJ Melendez": 0.06204056437389771,
  "Riley Greene": 0.07656140521883513,
  "Spencer Torkelson": 0.08344501177834511,
  "Vinnie Pasquantino": 0.08133804985575292,
  "Michael Massey": 0.07225966468908379,
  "Dillon Dingler": 0.0708562425332862,
  "Drew Waters": 0.06549494990909929,
  "Colt Keith": 0.06056378951171245,
  "Kerry Carpenter": 0.10228247321345933,
  "Zach McKinstry": 0.059747283244045504,
  "Trey Sweeney": 0.08562090487927808,
  "Jonathan India": 0.05951282834118246,
  "Gleyber Torres": 0.05876434573516821,
  "Cavan Biggio": 0.08099392619000462,
  "Ryan Kreidler": 0.08202361782071928,
  "Aaron Judge": 0.2252305553325624,
  "Paul Goldschmidt": 0.11550062703582693,
  "Ben Rice": 0.11429513131559167,
  "Jonathan Aranda": 0.11286873112650565,
  "Junior Caminero": 0.11854172377093727,
  "Jazz Chisholm Jr.": 0.10773746989967757,
  "Brandon Lowe": 0.11323830383184329,
  "Yandy Diaz": 0.09665762634470396,
  "Jasson Dom\u00ednguez": 0.10737929499025436,
  "Cody Bellinger": 0.08929737609154152,
  "Anthony Volpe": 0.07309470867420781,
  "Kameron Misner": 0.0828298260183389,
  "J.C. Escarra": 0.08692675417274347,
  "Richie Palacios": 0.08981121374169503,
  "Ben Rortvedt": 0.08424653777594954,
  "Taylor Walls": 0.07125126646403242,
  "Oswaldo Cabrera": 0.06927849207069986,
  "Jake Mangum": 0.053652559162519875,
  "Austin Wells": 0.08392857142857142,
  "Christopher Morel": 0.08392857142857142,
  "Danny Jansen": 0.08392857142857142,
  "Pete Alonso": 0.12165551185247575,
  "Nolan Gorman": 0.1173094781272125,
  "Willson Contreras": 0.1100057617464218,
  "Juan Soto": 0.10856661856661858,
  "Jordan Walker": 0.09258864844436712,
  "Mark Vientos": 0.10408872798587962,
  "Francisco Lindor": 0.09243596364005566,
  "Lars Nootbaar": 0.09580549383228706,
  "Brendan Donovan": 0.07860737711022739,
  "Alec Burleson": 0.07282797223973694,
  "Brandon Nimmo": 0.0821512468764609,
  "Pedro Pages": 0.07909089938778105,
  "Nolan Arenado": 0.08115062278660543,
  "Victor Scott II": 0.08069336810823817,
  "Luis Torrens": 0.06207768839411885,
  "Tyrone Taylor": 0.07902501053209285,
  "Brett Baty": 0.08941035064604859,
  "Starling Marte": 0.08509661835748793,
  "Luisangel Acu\u00f1a": 0.060000000000000005,
  "Jesse Winker": 0.060000000000000005,
  "Mike Trout": 0.16082281812228336,
  "Adolis Garcia": 0.1368705104633742,
  "Jake Burger": 0.13567510625534107,
  "Corey Seager": 0.14812186370504649,
  "Joc Pederson": 0.11908789536781074,
  "Jorge Soler": 0.12531574141711121,
  "Taylor Ward": 0.11968810238131015,
  "Logan O'Hoppe": 0.11038480501007532,
  "Marcus Semien": 0.11113727963730603,
  "Dustin Harris": 0.11202244744822118,
  "Josh Jung": 0.08617065213750902,
  "Luis Rengifo": 0.07273878478887215,
  "Kyle Higashioka": 0.11862483112483113,
  "Kyren Paris": 0.07671421915646338,
  "Leody Taveras": 0.07268063032896807,
  "Nolan Schanuel": 0.062471902566388696,
  "Tim Anderson": 0.06501116975715907,