{
  "Ronald Acuna Jr.": 0.12912332830340761,
  "Spencer Torkelson": 0.1251408529741863,
  "Matt Olson": 0.12589028347815712,
  "Gleyber Torres": 0.09928830251651649,
  "Jahmai Jones": 0.10481109280360885,
  "Jurickson Profar": 0.09545788353076214,
  "Riley Greene": 0.09400600397255326,
  "Dillon Dingler": 0.09021351116102339,
  "Drake Baldwin": 0.08327859010664175,
  "Ozzie Albies": 0.07955699433769609,
  "Wenceel Perez": 0.09085375118708452,
  "Michael Harris II": 0.0736311219644553,
  "Andy Ibanez": 0.07238372290050003,
  "Sandy Le\u00f3n": 0.050694157588241556,
  "Ha-Seong Kim": 0.05772020023667457,
  "Parker Meadows": 0.05664655498663453,
  "Javier Baez": 0.061705269416962964,
  "Nacho Alvarez Jr.": 0.05039767261510263,
  "Byron Buxton": 0.15857383307353146,
  "Kyle Manzardo": 0.1423904763378337,
  "Jose Ramirez": 0.14159057945058562,
  "Kody Clemens": 0.12023165406365467,
  "Bo Naylor": 0.10590624988374735,
  "Royce Lewis": 0.10505682578151115,
  "Gabriel Arias": 0.0789178996586404,
  "George Valera": 0.092198199841878,
  "Trevor Larnach": 0.09087062412725734,
  "Angel Martinez": 0.08665330741088316,
  "Daniel Schneemann": 0.09032336231044626,
  "Ryan Fitzgerald": 0.0810667932797065,
  "James Outman": 0.08862014343444247,
  "Austin Martin": 0.05100908321911457,
  "Brayan Rocchio": 0.056204223704223705,
  "Steven Kwan": 0.058606737370569637,
  "Luke Keaschall": 0.06295989198202116,
  "Jhonny Pereda": 0.06125582119900302,
  "Nolan Jones": 0.12121212121212122,
  "David Fry": 0.07361111111111111,
  "Francisco Lindor": 0.10529615102050331,
  "Brandon Nimmo": 0.10633104654480968,
  "Pete Alonso": 0.16821811358389616,
  "Jeff McNeil": 0.07934806577508102,
  "Josh Bell": 0.08746656800935217,
  "Brett Baty": 0.07664490473858665,
  "CJ Abrams": 0.07667898970417847,
  "James Wood": 0.10299577467649187,
  "Francisco Alvarez": 0.12029961600184712,
  "Riley Adams": 0.06846230998917936,
  "Daylen Lile": 0.06086300630076676,
  "Robert Hassell III": 0.06448012736056215,
  "Brady House": 0.05858878358878358,
  "Dylan Crews": 0.0651384799310791,
  "Juan Soto": 0.16339767880496758,
  "Cedric Mullins": 0.09587945224918404,
  "Nasim Nunez": 0.0520285261986817,
  "Starling Marte": 0.091988189128712,
  "Shea Langeliers": 0.11894366501068855,
  "Oneil Cruz": 0.13665784470692832,
  "Bryan Reynolds": 0.0868786785325738,
  "Lawrence Butler": 0.09940880291918318,
  "Andrew McCutchen": 0.0895435060766594,
  "Henry Davis": 0.0683867517359188,
  "Nick Gonzales": 0.05835667390003859,
  "Jacob Wilson": 0.054148252110208635,
  "Jared Triolo": 0.06455997622195685,
  "Brent Rooker": 0.11286539860277954,
  "Tyler Soderstrom": 0.09369014505751595,
  "Brett Harris": 0.0561058310130649,
  "Darell Hernaiz": 0.05561966623638809,
  "JJ Bleday": 0.07204006511762287,
  "Nick Kurtz": 0.12752384609394019,
  "Nick Yorke": 0.06401317357833586,
  "Tommy Pham": 0.07218519366891635,
  "Spencer Horwitz": 0.07161566364598432,
  "Michael Busch": 0.19116275931702695,
  "Pete Crow-Armstrong": 0.156780645671491,
  "Ian Happ": 0.15844742371957168,
  "Will Benson": 0.1465401693681579,
  "Dansby Swanson": 0.12187827801953276,
  "Austin Hays": 0.1159058975159882,
  "Mois\u00e9s Ballesteros": 0.11265067637608399,
  "Elly De La Cruz": 0.10971542734173231,
  "Tyler Stephenson": 0.10767577405605282,
  "Spencer Steer": 0.10823739189871913,
  "Willi Castro": 0.0945904947078656,
  "Matt Shaw": 0.09651812568666399,
  "Reese McGuire": 0.08082132723431557,
  "Matt McLain": 0.09134203892782383,
  "Gavin Lux": 0.06968685568038711,
  "TJ Friedl": 0.0822111176011931,
  "Nico Hoerner": 0.06121786081502641,
  "Ke'Bryan Hayes": 0.08072649315549053,
  "Justin Turner": 0.07361111111111111,
  "Josh Smith": 0.07783077166519432,
  "Josh Jung": 0.09528128860787545,
  "Wyatt Langford": 0.15,
  "Xavier Edwards": 0.050924618859401465,
  "Otto Lopez": 0.07935921894235762,
  "Liam Hicks": 0.06347093837746516,
  "Agust\u00edn Ram\u00edrez": 0.11706046958529365,
  "Eric Wagaman": 0.08565707519341034,
  "Connor Norby": 0.08904348921112672,
  "Troy Johnston": 0.06835468435535873,
  "Heriberto Hernandez": 0.09271399510775896,
  "Alejandro Osuna": 0.07930028507942372,
  "Cody Freeman": 0.07271681840309291,
  "Michael Helman": 0.08069387451447738,
  "Joc Pederson": 0.17004720758483002,
  "Jakob Marsee": 0.0816558475127645,
  "Rowdy Tellez": 0.12651697242123983,
  "Ezequiel Duran": 0.06095706364523569,
  "Kyle Higashioka": 0.09500709933275021,
  "Aaron Judge": 0.2245858557230216,
  "Giancarlo Stanton": 0.16888167894470915,
  "Ben Rice": 0.14770251480063454,
  "Jazz Chisholm Jr.": 0.13768947469403367,
  "Tyler O'Neill": 0.12129834513003408,
  "Trent Grisham": 0.1373249441947785,
  "Cody Bellinger": 0.11792605610285668,
  "Ryan McMahon": 0.11470275646428721,
  "Jordan Westburg": 0.10294312733297567,
  "Ryan Mountcastle": 0.0958384153155125,
  "Gunnar Henderson": 0.09431500230556365,
  "Paul Goldschmidt": 0.08433785228660667,
  "Coby Mayo": 0.08211968988364787,
  "Anthony Volpe": 0.07517211472377165,
  "Jeremiah Jackson": 0.07525530485247045,
  "Alex Jackson": 0.07389458842326087,
  "Jackson Holliday": 0.06985156455744691,
  "Jorge Mateo": 0.05533031953544686,
  "Colton Cowser": 0.07361111111111111,
  "Samuel Basallo": 0.07361111111111111,
  "Junior Caminero": 0.14252000648875982,
  "Brandon Lowe": 0.11305394094396651,
  "Christopher Morel": 0.11089348396302094,
  "Yandy Diaz": 0.12069322227926854,
  "Alex Bregman": 0.09680444973225115,
  "Trevor Story": 0.1001838747939357,
  "Jarren Duran": 0.10501733483797131,
  "Carson Williams": 0.07475752008049213,
  "Masataka Yoshida": 0.06921398990026441,
  "Nathaniel Lowe": 0.07512182080809532,
  "Romy Gonzalez": 0.0757421968070241,
  "Carlos Narvaez": 0.07045476009303892,
  "Ceddanne Rafaela": 0.061516422868077396,
  "Josh Lowe": 0.06395672145203542,
  "Nick Fortes": 0.07172221863011337,
  "Nate Eaton": 0.057136269046094354,
  "Jake Mangum": 0.05755731192403378,
  "Chandler Simpson": 0.045344849896480334,
  "Fernando Tatis Jr.": 0.14749102661964772,
  "Colson Montgomery": 0.1322718580934345,
  "Manny Machado": 0.14726222273820821,
  "Jackson Merrill": 0.13278252754820333,
  "Ramon Laureano": 0.12173215195585878,
  "Gavin Sheets": 0.1070200775635132,
  "Miguel Vargas": 0.1000094786098351,
  "Lenyn Sosa": 0.09332040482424925,
  "Ryan O'Hearn": 0.09461550369596346,
  "Jake Cronenworth": 0.08703985962564452,
  "Kyle Teel": 0.08842713610391967,
  "Will Robertson": 0.07860627487010713,
  "Freddy Fermin": 0.06834290141307685,
  "Michael A. Taylor": 0.0750649416198819,
  "Mike Tauchman": 0.07653144559816133,
  "Edgar Quero": 0.07403440907751252,
  "Luis Arraez": 0.056589590964590965,
  "Chase Meidroth": 0.06091941955953714,
  "C. J. Kayfus": 0.12257972488193929,
  "Austin Hedges": 0.08848120419757848,
  "Carson McCusker": 0.0702098066949552,
  "Brooks Lee": 0.07853639816582371,
  "Edouard Julien": 0.07045688975993772,
  "Mickey Gasper": 0.059173587845137855,
  "Cal Raleigh": 0.16517891374792412,
  "Eugenio Suarez": 0.12553079593124722,
  "Isaac Paredes": 0.09707992321084706,
  "Jorge Polanco": 0.09132199252427636,
  "Randy Arozarena": 0.09941803702590363,
  "Julio Rodriguez": 0.09961510986856113,
  "Mitch Garver": 0.08576141050895066,
  "Jose Altuve": 0.08882635882635882,
  "Carlos Correa": 0.08154302404739382,
  "Jesus Sanchez": 0.08178990033042105,
  "Victor Caratini": 0.07515907790894036,
  "Yainer Diaz": 0.08695122181770847,
  "Josh Naylor": 0.0688035442677741,
  "Jeremy Pena": 0.06806332943587846,
  "Jake Meyers": 0.05587117016855579,
  "Cam Smith": 0.06525357105038235,
  "J.P. Crawford": 0.05505548086665108,
  "Victor Robles": 0.05460216521888707,
  "Daulton Varsho": 0.09036967315197078,
  "Bobby Witt Jr.": 0.10883287726765986,
  "Salvador Perez": 0.11053218600223733,
  "George Springer": 0.10818075634497082,
  "Davis Schneider": 0.09103564958364489,
  "Vladimir Guerrero Jr.": 0.09072063213300122,
  "Vinnie Pasquantino": 0.08905291118201916,
  "Alejandro Kirk": 0.06490580308030804,