{
  "Oneil Cruz": 0.10605077276100981,
  "Elly De La Cruz": 0.09651528905501264,
  "Liover Peguero": 0.07029682452211547,
  "Jack Suwinski": 0.07947393855955301,
  "Spencer Horwitz": 0.0737660007274087,
  "Tyler Stephenson": 0.07422929760159666,
  "Jake Fraley": 0.06609126239684945,
  "Miguel Andujar": 0.06748943210124154,
  "Austin Hays": 0.07364291984452974,
  "TJ Friedl": 0.06573368875773138,
  "Matt McLain": 0.07872241488158582,
  "Tommy Pham": 0.0841709151511804,
  "Bryan Reynolds": 0.07291291348311288,
  "Henry Davis": 0.06464915038175806,
  "Ke'Bryan Hayes": 0.06408730158730158,
  "Gavin Lux": 0.0665234717231732,
  "Jared Triolo": 0.08325318633200407,
  "Isiah Kiner-Falefa": 0.05437865045437356,
  "Nick Kurtz": 0.19266459383362203,
  "Shea Langeliers": 0.15608579860472208,
  "Brent Rooker": 0.15731382177488595,
  "Gunnar Henderson": 0.13501709540042686,
  "Carlos Cortes": 0.11978275112161864,
  "Tyler Soderstrom": 0.12007499124598606,
  "Jordan Westburg": 0.11209281558485329,
  "Adley Rutschman": 0.1102531004879277,
  "Lawrence Butler": 0.11048591472134639,
  "Ryan Mountcastle": 0.10700016990156234,
  "Jackson Holliday": 0.0989250300348039,
  "Dylan Carlson": 0.0902304119300819,
  "Luis Urias": 0.08262859994525068,
  "Coby Mayo": 0.07829107611032043,
  "Darell Hernaiz": 0.06497019984206855,
  "Gio Urshela": 0.06954578022927517,
  "Aaron Judge": 0.19186558097515063,
  "Christian Walker": 0.1257305477646067,
  "Ben Rice": 0.12095046455459006,
  "Jesus Sanchez": 0.11923560714872315,
  "Trent Grisham": 0.11067720211455793,
  "Yainer Diaz": 0.11020011504309273,
  "Jazz Chisholm Jr.": 0.11202965909181391,
  "Jose Altuve": 0.098100575128703,
  "Cody Bellinger": 0.10401022439656676,
  "Carlos Correa": 0.09743764433913822,
  "Austin Wells": 0.102847610578928,
  "Ryan McMahon": 0.10130372684718178,
  "Taylor Trammell": 0.09307609564984305,
  "Jasson Dom\u00ednguez": 0.09173581558940253,
  "Jeremy Pena": 0.09287284890904708,
  "Anthony Volpe": 0.07479746871830581,
  "Cam Smith": 0.08223042724507108,
  "Mauricio Dubon": 0.06922725124207263,
  "Kerry Carpenter": 0.1413581571736739,
  "Spencer Torkelson": 0.125279977657041,
  "Riley Greene": 0.11786235580401483,
  "Gleyber Torres": 0.1025837327165707,
  "Mike Trout": 0.10366169745738914,
  "Colt Keith": 0.08835271279829751,
  "Taylor Ward": 0.08273398421635546,
  "Jo Adell": 0.09136348868021832,
  "Wenceel Perez": 0.0840109547516955,
  "Dillon Dingler": 0.09062919094751591,
  "Javier Baez": 0.08176894085765879,
  "Zach Neto": 0.08667442435815362,
  "Logan O'Hoppe": 0.09447680076483322,
  "Zach McKinstry": 0.07554241321935944,
  "Christian Moore": 0.06231262674328944,
  "Luis Rengifo": 0.06785740550834962,
  "Bryce Teodosio": 0.06344460861267584,
  "Nolan Schanuel": 0.05806714939869051,
  "Kyle Stowers": 0.15820059659381933,
  "Matt Olson": 0.12841720459513217,
  "Agust\u00edn Ram\u00edrez": 0.12916610064478012,
  "Marcell Ozuna": 0.118020446736961,
  "Jurickson Profar": 0.09956395604562293,
  "Drake Baldwin": 0.10032484530928937,
  "Heriberto Hernandez": 0.09305216022763765,
  "Jakob Marsee": 0.08507493482746706,
  "Michael Harris II": 0.09235178646835379,
  "Otto Lopez": 0.0822824935436828,
  "Ozzie Albies": 0.08185470562752312,
  "Troy Johnston": 0.08280590755843978,
  "Dane Myers": 0.0718207228138855,
  "Graham Pauley": 0.07920664782077826,
  "Eli White": 0.06649809506703555,
  "Nacho Alvarez Jr.": 0.062188178136867396,
  "Xavier Edwards": 0.05857506361323155,
  "Nick Allen": 0.06419230769230769,
  "Jose Ramirez": 0.15843305045767428,
  "Kyle Manzardo": 0.13098612360418802,
  "Colson Montgomery": 0.11225890101151478,
  "Daniel Schneemann": 0.11154998866437035,
  "Andrew Benintendi": 0.11596622265519131,
  "Bo Naylor": 0.12136628152432136,
  "Lenyn Sosa": 0.10406658608006941,
  "Luis Robert Jr.": 0.11223645361100922,
  "C. J. Kayfus": 0.10177492107024765,
  "Gabriel Arias": 0.09766955740772043,
  "Mike Tauchman": 0.10137560680896725,
  "Carlos Santana": 0.10299538245609262,
  "Kyle Teel": 0.08839846947970426,
  "Curtis Mead": 0.08342534489404241,
  "Michael A. Taylor": 0.08381850388337822,
  "Brooks Baldwin": 0.08606835213190568,
  "Steven Kwan": 0.07556045006297124,
  "Brayan Rocchio": 0.06989782755405886,
  "Kyle Schwarber": 0.19675769302833662,
  "Bryce Harper": 0.14819147758854606,
  "Max Kepler": 0.10599118477054709,
  "Brandon Marsh": 0.09459570414471254,
  "Trea Turner": 0.0906735313706124,
  "Adolis Garcia": 0.10048208406525454,
  "Wyatt Langford": 0.09355836231777968,
  "Jake Burger": 0.09625655914259658,
  "Nick Castellanos": 0.08836521926551638,
  "Corey Seager": 0.10126485346366797,
  "J.T. Realmuto": 0.08906106338249883,
  "Marcus Semien": 0.08048846550310934,
  "Kyle Higashioka": 0.08879342871643192,
  "Josh Jung": 0.08178956280190317,
  "Otto Kemp": 0.07728162316301633,
  "Sam Haggerty": 0.07026856527328387,
  "Bryson Stott": 0.07889907068994945,
  "Ezequiel Duran": 0.07765079365079365,
  "Matt Wallner": 0.17369276779356357,
  "Kody Clemens": 0.1621858535158464,
  "Vinnie Pasquantino": 0.14144091554041752,
  "Bobby Witt Jr.": 0.12878971963220334,
  "Mike Yastrzemski": 0.13671826779828822,
  "Salvador Perez": 0.11714966534806796,
  "Royce Lewis": 0.11372843579348263,
  "John Rave": 0.09896949377023563,
  "Ryan Jeffers": 0.09904696787603999,
  "Brooks Lee": 0.09505586298735179,
  "Alan Roden": 0.08086669677009213,
  "Adam Frazier": 0.0664834121607415,
  "Maikel Garcia": 0.07700624179648691,
  "Kyle Isbel": 0.08263177652356356,
  "Luke Keaschall": 0.07325680442757046,
  "Edouard Julien": 0.08529686269883306,
  "Jonathan India": 0.07207638975720344,
  "Mickey Gasper": 0.08394084387142252,
  "Pete Alonso": 0.14843593064638497,
  "Juan Soto": 0.15016076025403444,
  "Francisco Lindor": 0.11788552369262195,
  "Christian Yelich": 0.11010786920408244,
  "Andrew Vaughn": 0.11473060264189662,
  "William Contreras": 0.10936760642144296,
  "Brandon Nimmo": 0.11320469434861247,
  "Ronny Mauricio": 0.09576859831003094,
  "Francisco Alvarez": 0.09261660491719209,
  "Cedric Mullins": 0.09064325070766294,
  "Isaac Collins": 0.08341576080887597,
  "Jeff McNeil": 0.08909439885527264,
  "Blake Perkins": 0.07627978805029463,
  "Sal Frelick": 0.07241396787255934,
  "Brice Turang": 0.06543346760912598,
  "Starling Marte": 0.06867234528606021,
  "Joey Ortiz": 0.06545561074333453,
  "Caleb Durbin": 0.07231507730679916,
  "Michael Busch": 0.13928147187697737,
  "Pete Crow-Armstrong": 0.1326956331305338,
  "Seiya Suzuki": 0.12235126155957711,
  "Ian Happ": 0.12905969840669476,
  "Willson Contreras": 0.11688511508351769,
  "Kyle Tucker": 0.12807807059162882,
  "Dansby Swanson": 0.08891120654667127,
  "Ivan Herrera": 0.09338224241265677,
  "Carson Kelly": 0.08276030282517716,
  "Alec Burleson": 0.07862811057589521,
  "Jordan Walker": 0.07213198933746137,
  "Masyn Winn": 0.07805034246733897,
  "Pedro Pages": 0.0722287579828537,
  "Willi Castro": 0.07238455539442075,
  "Brendan Donovan": 0.06248025458170386,
  "Thomas Saggese": 0.0792091169021947,
  "Nico Hoerner": 0.062069498178809475,
  "Garrett Hampson": 0.061518288474810216,
  "Ketel Marte": 0.19291840969697152,
  "Corbin Carroll": 0.14048259842350477,
  "Hunter Goodman": 0.12875397048478987,
  "Jordan Beck": 0.09188817593431077,
  "Tyler Locklear": 0.09779426634349306,
  "Lourdes Gurriel Jr.": 0.11168754219118661,
  "Ezequiel Tovar": 0.090810091707401,
  "James McCann": 0.10250987803157653,
  "Blaze Alexander": 0.08387401962126206,
  "Mickey Moniak": 0.0928485295501768,
  "Geraldo Perdomo": 0.07600158994442924,
  "Warming Bernabel": 0.07452658889607941,
  "Brenton Doyle": 0.07611054392728743,
  "Jorge Barrosa": 0.07506947734712376,
  "Tyler Freeman": 0.07094458084152641,
  "Connor Kaiser": 0.06766017975734535,
  "Adael Amador": 0.07361954781627433,
  "Alek Thomas": 0.09761904761904762,
  "Kyle Farmer": 0.060000000000000005,
  "Alex Bregman": 0.13119522560484642,
  "Fernando Tatis Jr.": 0.13260455780038327,
  "Trevor Story": 0.12201899423608255,