{
  "Kyle Schwarber": 0.2017561268957604,
  "Bryce Harper": 0.19378927333577825,
  "Manny Machado": 0.13276277400161487,
  "Max Kepler": 0.13872748660402864,
  "Jackson Merrill": 0.13952376779456943,
  "Trea Turner": 0.12182562877554472,
  "Fernando Tatis Jr.": 0.1259590121718268,
  "Gavin Sheets": 0.11024681497827046,
  "Nick Castellanos": 0.11047051729962289,
  "Jake Cronenworth": 0.10600428924070743,
  "Brandon Marsh": 0.09775652271876438,
  "Alec Bohm": 0.09772082245227792,
  "J.T. Realmuto": 0.10898494691312371,
  "Bryce Johnson": 0.06398693792977722,
  "Bryson Stott": 0.08347699196083914,
  "Xander Bogaerts": 0.08112519650467791,
  "Luis Arraez": 0.0671847469255302,
  "Martin Maldonado": 0.06470410575101651,
  "Willson Contreras": 0.1422917507332633,
  "Oneil Cruz": 0.1306308078520062,
  "Nolan Gorman": 0.11756869202937656,
  "Nolan Arenado": 0.10799046868705306,
  "Bryan Reynolds": 0.10760818310945933,
  "Alec Burleson": 0.1012909247959079,
  "Masyn Winn": 0.10099329229680554,
  "Thomas Saggese": 0.09225453143797414,
  "Andrew McCutchen": 0.1047037590936877,
  "Pedro Pages": 0.08813030032067543,
  "Spencer Horwitz": 0.08263069697637067,
  "Brendan Donovan": 0.07644174449262617,
  "Nick Gonzales": 0.08761195217312238,
  "Joey Bart": 0.06440244040079263,
  "Tommy Pham": 0.06835881546308913,
  "Ke'Bryan Hayes": 0.06678958435177176,
  "Victor Scott II": 0.06016467577369112,
  "Isiah Kiner-Falefa": 0.060521206690561526,
  "Aaron Judge": 0.2392227560048843,
  "Giancarlo Stanton": 0.15498245827467183,
  "Jazz Chisholm Jr.": 0.12873888256830315,
  "Vladimir Guerrero Jr.": 0.12780135513256757,
  "Trent Grisham": 0.12578836932765233,
  "Ben Rice": 0.12144709571981033,
  "Cody Bellinger": 0.10619936273409691,
  "George Springer": 0.10727217695719281,
  "Alejandro Kirk": 0.09249333910572642,
  "Addison Barger": 0.0836840829612635,
  "Davis Schneider": 0.08576690942608038,
  "Anthony Volpe": 0.08614212413821265,
  "J.C. Escarra": 0.07361975226748546,
  "Jonatan Clase": 0.07891387683147898,
  "Ernie Clement": 0.0762687857058718,
  "DJ LeMahieu": 0.06354718473312376,
  "Will Wagner": 0.06943932883159402,
  "Myles Straw": 0.05509259259259259,
  "Bo Bichette": 0.09761904761904762,
  "Austin Wells": 0.09761904761904762,
  "Andres Gimenez": 0.060000000000000005,
  "Wilyer Abreu": 0.12489303351282678,
  "Carlos Narvaez": 0.10461577337948692,
  "Trevor Story": 0.1070065653999927,
  "Matt McLain": 0.09235087677969955,
  "Jarren Duran": 0.09807005117359968,
  "Roman Anthony": 0.08803542117039857,
  "Elly De La Cruz": 0.08152547880142319,
  "Austin Hays": 0.08339226590358137,
  "Christian Encarnacion-Strand": 0.0807092225455739,
  "Abraham Toro": 0.08415659026362046,
  "Ceddanne Rafaela": 0.09151886269438604,
  "Spencer Steer": 0.07290458525752644,
  "Marcelo Mayer": 0.07752440042135783,
  "Tyler Stephenson": 0.0780428544697283,
  "David Hamilton": 0.059763301163257516,
  "Rece Hinds": 0.065930379558819,
  "Santiago Espinal": 0.06845234414836168,
  "TJ Friedl": 0.05974702380952381,
  "Junior Caminero": 0.14488776655443322,
  "Yandy Diaz": 0.13085683881046203,
  "Brent Rooker": 0.1165284993080758,
  "Christopher Morel": 0.13302859225886898,
  "Nick Kurtz": 0.1159932980391219,
  "Shea Langeliers": 0.1042923133115717,
  "Lawrence Butler": 0.1015945070667033,
  "Danny Jansen": 0.09989159683579193,
  "Jonathan Aranda": 0.09358139838885485,
  "Tyler Soderstrom": 0.09419629144030345,
  "Curtis Mead": 0.08520760321199569,
  "Jose Caballero": 0.07103259180460879,
  "Luis Urias": 0.08286307041015595,
  "Jake Mangum": 0.06673438319929795,
  "Max Muncy (2002)": 0.061019585382849295,
  "Taylor Walls": 0.06365667134284156,
  "Jacob Wilson": 0.07781512605042017,
  "Denzel Clarke": 0.06910600431877027,
  "Corey Seager": 0.14375692169789026,
  "Gary Sanchez": 0.13875227608111204,
  "Gunnar Henderson": 0.11503393964358148,
  "Ramon Laureano": 0.10307439506081326,
  "Adolis Garcia": 0.11498541119820133,
  "Ramon Urias": 0.09789216553778948,
  "Cedric Mullins": 0.09573268513259682,
  "Jackson Holliday": 0.09331720434409221,
  "Marcus Semien": 0.09613437043761633,
  "Colton Cowser": 0.0954749267729866,
  "Josh Jung": 0.0884922572315705,
  "Coby Mayo": 0.08800487574735157,
  "Kyle Higashioka": 0.09223793869688962,
  "Jonah Heim": 0.09482794128689222,
  "Chadwick Tromp": 0.0798117230905697,
  "Sam Haggerty": 0.0660000418407575,
  "Justin Foscue": 0.09024504829556132,
  "Ryan O'Hearn": 0.07361111111111111,
  "Ezequiel Duran": 0.060000000000000005,
  "Rafael Devers": 0.16264537313686322,
  "Heliot Ramos": 0.10342664948915464,
  "Willy Adames": 0.10227525977273356,
  "Eugenio Suarez": 0.09892232411148282,
  "Ketel Marte": 0.09090586089077984,
  "Pavin Smith": 0.07587863880212957,
  "Daniel Johnson": 0.07674739964435706,
  "Tim Tawa": 0.06475039840773678,
  "Dominic Smith": 0.07984149992448873,
  "Patrick Bailey": 0.06307060444964611,
  "Lourdes Gurriel Jr.": 0.06387188250097765,
  "Tyler Fitzgerald": 0.06338712167785159,
  "Christian Koss": 0.07388488407577934,
  "Jung Hoo Lee": 0.08221846298200977,
  "Geraldo Perdomo": 0.06672718447213974,
  "Alek Thomas": 0.06956152666386717,
  "Jake McCarthy": 0.05851133635108954,
  "Jose Herrera": 0.054005636070853465,
  "Wilmer Flores": 0.07361111111111111,
  "Mike Yastrzemski": 0.09761904761904762,
  "Casey Schmitt": 0.07361111111111111,
  "Randal Grichuk": 0.060000000000000005,
  "Cal Raleigh": 0.2015850764169207,
  "Julio Rodriguez": 0.11013924102339266,
  "Bobby Witt Jr.": 0.1165628967703336,
  "Dominic Canzone": 0.12177511968062722,
  "Randy Arozarena": 0.11524889654091774,
  "Vinnie Pasquantino": 0.09884265283715256,
  "Salvador Perez": 0.09737533824827377,
  "Mitch Garver": 0.0945046770844857,
  "Jac Caglianone": 0.0829192336664761,
  "Donovan Solano": 0.06403153521046753,
  "J.P. Crawford": 0.0736666987900594,
  "Jonathan India": 0.07035446370244088,
  "Maikel Garcia": 0.06137973709475867,
  "John Rave": 0.06867932828360195,
  "Cole Young": 0.08019607843137255,
  "Drew Waters": 0.073495115995116,
  "Kyle Isbel": 0.06226467775380819,
  "Miles Mastrobuoni": 0.05805311890838207,
  "Jorge Polanco": 0.09761904761904762,
  "Mark Canha": 0.060000000000000005,
  "Ben Williamson": 0.060000000000000005
}