{
  "Ozzie Albies": 0.08823021081001943,
  "Michael Harris II": 0.10603108282453776,
  "Matt Olson": 0.15166403249126592,
  "Xavier Edwards": 0.05794951231623417,
  "Sean Murphy": 0.10603386201495789,
  "Eli White": 0.07281381072489511,
  "Agust\u00edn Ram\u00edrez": 0.11323902099861081,
  "Nacho Alvarez Jr.": 0.062427094116386646,
  "Kyle Stowers": 0.13889444989123143,
  "Graham Pauley": 0.07160115455863163,
  "Liam Hicks": 0.05920618176145947,
  "Nick Allen": 0.06741787439613527,
  "Jurickson Profar": 0.10672634099756677,
  "Drake Baldwin": 0.10315937239514307,
  "Jakob Marsee": 0.07574142145484805,
  "Troy Johnston": 0.06948887945299428,
  "Dane Myers": 0.076439485956651,
  "Javier Sanoja": 0.07063792116696127,
  "Aaron Judge": 0.19143142150971643,
  "Giancarlo Stanton": 0.12996478781494417,
  "Christian Walker": 0.11981536370098925,
  "Jesus Sanchez": 0.1104038631292072,
  "Jose Altuve": 0.09911303211854817,
  "Yainer Diaz": 0.10260055855321984,
  "Paul Goldschmidt": 0.09541890026593611,
  "Cody Bellinger": 0.09126949452429693,
  "Ben Rice": 0.09491522300029125,
  "Ramon Urias": 0.0888722903702196,
  "Carlos Correa": 0.09301119191679195,
  "Jeremy Pena": 0.08502015534287805,
  "Trent Grisham": 0.08310158048646987,
  "Taylor Trammell": 0.08090286898376693,
  "Ryan McMahon": 0.07028774714452805,
  "Anthony Volpe": 0.07078303266981958,
  "Chas McCormick": 0.07541542377315587,
  "Jose Caballero": 0.06018670202439518,
  "Rafael Devers": 0.13261273055973263,
  "Matt Chapman": 0.10901469611472323,
  "Willy Adames": 0.10602033320828594,
  "James Wood": 0.09916925613486906,
  "Paul DeJong": 0.09083140274766684,
  "Heliot Ramos": 0.08043586097030408,
  "Josh Bell": 0.08504824390183084,
  "Drew Gilbert": 0.07611328715289112,
  "Dominic Smith": 0.07354684266209575,
  "Casey Schmitt": 0.0771915547396271,
  "CJ Abrams": 0.08042166159718495,
  "Riley Adams": 0.08787772282041867,
  "Brady House": 0.07113808076488501,
  "Drew Millas": 0.07300790159661127,
  "Daylen Lile": 0.08617008797653959,
  "Jung Hoo Lee": 0.06769367394904319,
  "Andrew Knizner": 0.06512551562627429,
  "Jacob Young": 0.0695532212885154,
  "Patrick Bailey": 0.060000000000000005,
  "Mike Trout": 0.1476578529176797,
  "Spencer Torkelson": 0.1359164012623589,
  "Taylor Ward": 0.1163601844154269,
  "Jo Adell": 0.12136572106910824,
  "Gleyber Torres": 0.11358084560130596,
  "Wenceel Perez": 0.09524389635357258,
  "Zach Neto": 0.09848169864263992,
  "Yoan Moncada": 0.08833514840872579,
  "Jake Rogers": 0.10506035161832263,
  "Travis d'Arnaud": 0.07984074866238736,
  "Andy Ibanez": 0.07351388785956155,
  "Dillon Dingler": 0.0814235071707496,
  "Javier Baez": 0.07966086877390859,
  "Jahmai Jones": 0.08090930185492032,
  "Matt Vierling": 0.07948483509434107,
  "Gustavo Campero": 0.07083246811384032,
  "Nolan Schanuel": 0.07383864624353043,
  "Luis Rengifo": 0.061251854952480506,
  "Logan O'Hoppe": 0.12000000000000001,
  "Bryce Teodosio": 0.060000000000000005,
  "Christian Moore": 0.060000000000000005,
  "Oneil Cruz": 0.12534932910194288,
  "Elly De La Cruz": 0.09327814071224122,
  "Liover Peguero": 0.08640650079642939,
  "Andrew McCutchen": 0.0921445846804775,
  "Matt McLain": 0.07859703480257442,
  "Noelvi Marte": 0.07476476533496473,
  "Miguel Andujar": 0.08114751951385614,
  "Bryan Reynolds": 0.07991431561523397,
  "Spencer Horwitz": 0.0768795551141177,
  "Tyler Stephenson": 0.07385847651548134,
  "Joey Bart": 0.07000529835112315,
  "Tommy Pham": 0.07710199461844199,
  "TJ Friedl": 0.06759863233149283,
  "Nick Gonzales": 0.07066699629327407,
  "Jared Triolo": 0.06769495053094103,
  "Spencer Steer": 0.06335251969017991,
  "Gavin Lux": 0.06757627886884428,
  "Ke'Bryan Hayes": 0.061295944712157865,
  "Isiah Kiner-Falefa": 0.060000000000000005,
  "Nick Kurtz": 0.19123738478247174,
  "Gunnar Henderson": 0.1527182865744106,
  "Shea Langeliers": 0.14930750000057263,
  "Tyler Soderstrom": 0.1242820795404914,
  "Lawrence Butler": 0.12247350325338098,
  "Jordan Westburg": 0.12598639158707245,
  "Brent Rooker": 0.13671234197590595,
  "Adley Rutschman": 0.11923740729300493,
  "Ryan Mountcastle": 0.1082474598911805,
  "JJ Bleday": 0.1145395765205112,
  "Jackson Holliday": 0.10384443366936043,
  "Coby Mayo": 0.08599090716643051,
  "Jeremiah Jackson": 0.0852925428723515,
  "Dylan Carlson": 0.07984394326369104,
  "Luis Urias": 0.07489938290230815,
  "Darell Hernaiz": 0.06837665447388261,
  "Greg Allen": 0.06568845346957145,
  "Gio Urshela": 0.06705124824813644,
  "Jose Ramirez": 0.14898665547753034,
  "Kyle Manzardo": 0.13740311228576457,
  "Luis Robert Jr.": 0.1296260685270354,
  "Bo Naylor": 0.12150246488919908,
  "Lenyn Sosa": 0.11013191463793376,
  "Daniel Schneemann": 0.10250254391209211,
  "Michael A. Taylor": 0.10999116559860901,
  "Gabriel Arias": 0.0987560407275825,
  "Edgar Quero": 0.09413346732923908,
  "C. J. Kayfus": 0.09398021329382668,
  "Curtis Mead": 0.08427678751135009,
  "Kyle Teel": 0.08633633001750315,
  "Brooks Baldwin": 0.08241345832892243,
  "Corey Julks": 0.07898172753219426,
  "Brayan Rocchio": 0.06844230299885115,
  "Steven Kwan": 0.07090640256571087,
  "Jacob Amaya": 0.07008021599642915,
  "Nolan Jones": 0.07110391102825456,
  "Josh Rojas": 0.060000000000000005,
  "Bobby Witt Jr.": 0.1587154229577648,
  "Salvador Perez": 0.14845500004608794,
  "Vinnie Pasquantino": 0.13447527020319347,
  "Kody Clemens": 0.1208063233751498,
  "Royce Lewis": 0.10756982109426802,
  "Ryan Jeffers": 0.10529294683363012,
  "Mike Yastrzemski": 0.11627379084690447,
  "Maikel Garcia": 0.09358837767739704,
  "Randal Grichuk": 0.11482858030404582,
  "Jonathan India": 0.09543322351829177,
  "Carson McCusker": 0.0789205922249577,
  "Nick Loftin": 0.08050413533687144,
  "Brooks Lee": 0.07297953874415414,
  "Mickey Gasper": 0.07687830687830688,
  "Alan Roden": 0.07661763564989371,
  "Luke Keaschall": 0.06910307099558638,
  "Kyle Isbel": 0.061995483126722144,
  "Austin Martin": 0.06593872887104113,
  "John Rave": 0.08392857142857142,
  "Juan Soto": 0.1641052400855596,
  "Pete Alonso": 0.16338057462000208,
  "Francisco Lindor": 0.13285495501681865,
  "Andrew Vaughn": 0.11296270448885087,
  "Brandon Nimmo": 0.12265465376536361,
  "Mark Vientos": 0.12092284613413046,
  "Christian Yelich": 0.09950998464790767,
  "Francisco Alvarez": 0.10254257956684909,
  "Cedric Mullins": 0.09692644374606846,
  "William Contreras": 0.10242601085206875,
  "Isaac Collins": 0.08892283795091259,
  "Starling Marte": 0.10204699041332704,
  "Jeff McNeil": 0.08231931802023637,
  "Blake Perkins": 0.07364304824707302,
  "Joey Ortiz": 0.08757415172978088,
  "Sal Frelick": 0.0791792053481229,
  "Brice Turang": 0.07860164365945008,
  "Anthony Seigler": 0.08372984773846842,
  "Marcell Ozuna": 0.1028954280523974,
  "Heriberto Hernandez": 0.10742777586074687,
  "Otto Lopez": 0.07330774112448463,
  "Eric Wagaman": 0.07739377079583265,
  "Derek Hill": 0.0707115958966368,
  "Luke Williams": 0.07421929824561403,
  "Kyle Tucker": 0.11987061232384268,
  "Michael Busch": 0.11257545368682313,
  "Seiya Suzuki": 0.12361388876235112,
  "Willson Contreras": 0.11718589787949435,
  "Pete Crow-Armstrong": 0.11618054644642006,
  "Nolan Gorman": 0.1180224034830823,
  "Lars Nootbaar": 0.11957413542824434,
  "Alec Burleson": 0.1162072329704328,
  "Ian Happ": 0.11056566329302629,
  "Dansby Swanson": 0.09100048709030682,
  "Ivan Herrera": 0.09506323894002722,
  "Carson Kelly": 0.09139504084062554,
  "Matt Shaw": 0.07360577894787743,
  "Yohel Pozo": 0.0893097492146523,
  "Jordan Walker": 0.08073542240478548,
  "Masyn Winn": 0.07296962186811592,
  "Thomas Saggese": 0.0781460017598856,
  "Nico Hoerner": 0.06163109102517499,
  "Brendan Donovan": 0.09761904761904762,
  "Kyle Schwarber": 0.19303269322555724,
  "Bryce Harper": 0.14902102612309928,
  "Corey Seager": 0.11861642465106775,
  "Wyatt Langford": 0.11000713433287063,
  "Jake Burger": 0.11182198013592899,
  "Adolis Garcia": 0.10467829034596264,
  "Max Kepler": 0.09478428558400082,
  "Josh Jung": 0.09213839861900747,