{
  "Elly De La Cruz": 0.11988437153972034,
  "Jose Ramirez": 0.12714690153942107,
  "Christian Encarnacion-Strand": 0.11430426533968303,
  "Will Benson": 0.10507084153981826,
  "Lane Thomas": 0.10272929204170177,
  "Bo Naylor": 0.09512462476117987,
  "David Fry": 0.09439655898176395,
  "Carlos Santana": 0.0928313831414779,
  "Matt McLain": 0.08649859692095317,
  "Tyler Stephenson": 0.08189898092690294,
  "TJ Friedl": 0.0791072979608063,
  "Johnathan Rodriguez": 0.0723334997446467,
  "Jake Fraley": 0.06387665073232084,
  "Gabriel Arias": 0.07919137539397868,
  "Gavin Lux": 0.07160926387796257,
  "Angel Martinez": 0.06370119064846722,
  "Santiago Espinal": 0.06412184073474397,
  "Steven Kwan": 0.064796088785117,
  "Oneil Cruz": 0.15499136710108175,
  "Kyle Stowers": 0.1213029693796889,
  "Andrew McCutchen": 0.11398312250116889,
  "Agust\u00edn Ram\u00edrez": 0.1070338486468626,
  "Jesus Sanchez": 0.11276791562558466,
  "Bryan Reynolds": 0.10555963572900787,
  "Spencer Horwitz": 0.09794216650347348,
  "Connor Norby": 0.10331914698856716,
  "Nick Gonzales": 0.07738721850486556,
  "Eric Wagaman": 0.07486341120741018,
  "Otto Lopez": 0.07365907394203382,
  "Dane Myers": 0.0903207364607959,
  "Jared Triolo": 0.07727432328776113,
  "Adam Frazier": 0.06371005758473788,
  "Liam Hicks": 0.060505535307906845,
  "Ke'Bryan Hayes": 0.06328531819638539,
  "Xavier Edwards": 0.04756556245686681,
  "Kyle Schwarber": 0.16561279134231538,
  "Seiya Suzuki": 0.10520090011657478,
  "Kyle Tucker": 0.11451107481373389,
  "J.T. Realmuto": 0.10022595290887973,
  "Pete Crow-Armstrong": 0.10154373876454757,
  "Michael Busch": 0.09852288298640827,
  "Trea Turner": 0.09734745579996754,
  "Nick Castellanos": 0.09761499329214716,
  "Ian Happ": 0.09304780435448042,
  "Dansby Swanson": 0.0782188336355003,
  "Alec Bohm": 0.0943022398485053,
  "Edmundo Sosa": 0.07992831806557298,
  "Otto Kemp": 0.09206015096166612,
  "Carson Kelly": 0.07522831660504477,
  "Weston Wilson": 0.06936680376912821,
  "Matt Shaw": 0.060738976643421316,
  "Johan Rojas": 0.0564633999872054,
  "Nico Hoerner": 0.050114582064709944,
  "Rafael Devers": 0.12066283497113041,
  "Junior Caminero": 0.1083723505441518,
  "Brandon Lowe": 0.092845812181988,
  "Jonathan Aranda": 0.07518267794595428,
  "Jarren Duran": 0.08374440525955677,
  "Trevor Story": 0.08473878635291526,
  "Yandy Diaz": 0.0721519264654452,
  "Connor Wong": 0.07034336721000672,
  "Kristian Campbell": 0.06847000421325374,
  "Ceddanne Rafaela": 0.06862229929075685,
  "Abraham Toro": 0.06396290768100275,
  "Josh Lowe": 0.06807296327941871,
  "Danny Jansen": 0.07598801710566416,
  "Kameron Misner": 0.05949534788912816,
  "Marcelo Mayer": 0.06202538397345747,
  "Taylor Walls": 0.051224184561156585,
  "Jake Mangum": 0.04646033282760972,
  "David Hamilton": 0.060000000000000005,
  "Matt Olson": 0.15603135522799952,
  "Austin Riley": 0.14051125702015602,
  "Ronald Acuna Jr.": 0.14353257188768426,
  "Marcell Ozuna": 0.11738511728117298,
  "Rhys Hoskins": 0.09872523597899027,
  "Drake Baldwin": 0.09125909491144607,
  "Michael Harris II": 0.09430089093644081,
  "Ozzie Albies": 0.08212422042486797,
  "William Contreras": 0.08021108611693167,
  "Christian Yelich": 0.068399085896848,
  "Jackson Chourio": 0.07279890724037956,
  "Daz Cameron": 0.06317127889240758,
  "Alex Verdugo": 0.05652396358489398,
  "Joey Ortiz": 0.05109170919885723,
  "Caleb Durbin": 0.05227183342245971,
  "Sal Frelick": 0.048882214078654534,
  "Brice Turang": 0.04729862079931668,
  "Nick Allen": 0.04652712389173106,
  "Lars Nootbaar": 0.10406110052460862,
  "Alec Burleson": 0.08603478814008678,
  "Nolan Gorman": 0.10031718829872385,
  "George Springer": 0.08054978536285251,
  "Vladimir Guerrero Jr.": 0.08810934609820162,
  "Willson Contreras": 0.10570959420168471,
  "Addison Barger": 0.08397229425922124,
  "Ivan Herrera": 0.07751517565930134,
  "Masyn Winn": 0.07343361038459077,
  "Nolan Arenado": 0.07561504541038919,
  "Bo Bichette": 0.06903856065977279,
  "Brendan Donovan": 0.07527920662694093,
  "Davis Schneider": 0.06719189771760123,
  "Victor Scott II": 0.05272659861128044,
  "Alejandro Kirk": 0.05611469958624106,
  "Jonatan Clase": 0.049242379556389215,
  "Ernie Clement": 0.045439969798413506,
  "Andres Gimenez": 0.05068923511905968,
  "Mike Trout": 0.1498516076944611,
  "Brent Rooker": 0.14130623730309494,
  "Taylor Ward": 0.11892112058063842,
  "Zach Neto": 0.1195791174273229,
  "Jo Adell": 0.12361517040833929,
  "Tyler Soderstrom": 0.1033519528108039,
  "Lawrence Butler": 0.09628749878839589,
  "Travis d'Arnaud": 0.10674379354707224,
  "Nick Kurtz": 0.09296695671402931,
  "Scott Kingery": 0.08285809129809603,
  "Luis Urias": 0.08400289185381632,
  "Max Muncy (2002)": 0.0778964600125129,
  "Jacob Wilson": 0.06916269847827511,
  "Willie MacIver": 0.06804181082612455,
  "Denzel Clarke": 0.0639607789699246,
  "Chris Taylor": 0.06121458456711511,
  "Nolan Schanuel": 0.0627283605444525,
  "Kevin Newman": 0.04853265348346755,
  "Luis Rengifo": 0.0492024202420242,
  "Logan O'Hoppe": 0.10757575757575757,
  "Cal Raleigh": 0.14675812682981465,
  "Ketel Marte": 0.12253739494792326,
  "J.P. Crawford": 0.054306158254081194,
  "Geraldo Perdomo": 0.05490134061253016,
  "Pavin Smith": 0.07141597037412853,
  "Lourdes Gurriel Jr.": 0.06663822507144876,
  "Alek Thomas": 0.052950670642058204,
  "Corbin Carroll": 0.1319047512613296,
  "Julio Rodriguez": 0.07853777412316626,
  "Gabriel Moreno": 0.060000000000000005,
  "Jorge Polanco": 0.08023089594001656,
  "Josh Naylor": 0.07650142521797451,
  "Rowdy Tellez": 0.0720890173733311,
  "Cole Young": 0.048281888153756856,
  "Ben Williamson": 0.04647317271917446,
  "Randy Arozarena": 0.07752756993578477,
  "Eugenio Suarez": 0.10824975550167366,
  "Jose Herrera": 0.054939268896846034,
  "Miles Mastrobuoni": 0.05256516466943833,
  "Shohei Ohtani": 0.2123835607117341,
  "Max Muncy": 0.11649165596919127,
  "Manny Machado": 0.10834417661271337,
  "Fernando Tatis Jr.": 0.1195257441845446,
  "Andy Pages": 0.09678569031638239,
  "Mookie Betts": 0.09442116226006107,
  "Teoscar Hernandez": 0.1050156563119889,
  "Freddie Freeman": 0.10364760428999217,
  "Will Smith": 0.09242062752446256,
  "Jackson Merrill": 0.08982759859177165,
  "Tommy Edman": 0.07336607988041643,
  "Gavin Sheets": 0.07082468756733462,
  "Jake Cronenworth": 0.06189490792477077,
  "Xander Bogaerts": 0.057691124903304566,
  "Elias Diaz": 0.057231848352770794,
  "Ha-Seong Kim": 0.05117010508930398,
  "Luis Arraez": 0.046781654242782945,
  "Tyler Wade": 0.043839808777468625,
  "Brandon Lockridge": 0.060000000000000005,
  "Michael Conforto": 0.08392857142857142
}