{
  "Ian Happ": 0.11455574027185281,
  "Brandon Lowe": 0.13629042067216598,
  "Josh Lowe": 0.0972257957719753,
  "Nico Hoerner": 0.05633711660924579,
  "Yandy Diaz": 0.10960277535376349,
  "Dansby Swanson": 0.08772171245526272,
  "Pete Crow-Armstrong": 0.11107382576692039,
  "Richie Palacios": 0.06964351897752669,
  "Junior Caminero": 0.17653728446941544,
  "Michael Busch": 0.12778964415227193,
  "Carson Kelly": 0.08813402578911621,
  "Carson Williams": 0.07714238247054223,
  "Matt Shaw": 0.06770491177576159,
  "Hunter Feduccia": 0.06145881401005598,
  "Chandler Simpson": 0.0469888599875302,
  "Bob Seymour": 0.0858668524662815,
  "Mois\u00e9s Ballesteros": 0.08358590443903975,
  "Owen Caissie": 0.10117967446070547,
  "Vladimir Guerrero Jr.": 0.14146477553893766,
  "Gunnar Henderson": 0.11878208967710968,
  "Addison Barger": 0.1284417710655714,
  "Nathan Lukes": 0.07788854988337629,
  "George Springer": 0.152009253056161,
  "Ernie Clement": 0.06150462181433564,
  "Daulton Varsho": 0.14670045226044648,
  "Colton Cowser": 0.11121317730628948,
  "Andres Gimenez": 0.055209648282167366,
  "Jackson Holliday": 0.0879722615715602,
  "Coby Mayo": 0.06679685899781593,
  "Emmanuel Rivera": 0.05938244331715122,
  "Dylan Beavers": 0.090041335679,
  "Samuel Basallo": 0.10961444894716227,
  "Tyler O'Neill": 0.13537772382877747,
  "Tyler Heineman": 0.05946823534199668,
  "Davis Schneider": 0.12183102109497558,
  "Dylan Carlson": 0.06715655588450298,
  "CJ Abrams": 0.09680847506792246,
  "Luis Garcia Jr.": 0.08087851570256133,
  "Liover Peguero": 0.07361111111111111,
  "Andrew McCutchen": 0.10353609209729477,
  "Bryan Reynolds": 0.09721004369478549,
  "Josh Bell": 0.12050692984511552,
  "James Wood": 0.12488681978750797,
  "Dylan Crews": 0.08322866503524444,
  "Jared Triolo": 0.07214065765180173,
  "Robert Hassell III": 0.05672541307545224,
  "Nick Yorke": 0.07930316210711516,
  "Henry Davis": 0.09181671495879146,
  "Nick Gonzales": 0.08441352038115363,
  "Alexander Canario": 0.10537849033389675,
  "Brady House": 0.06633311925623588,
  "Tommy Pham": 0.09681235512322149,
  "Daylen Lile": 0.06335977021759473,
  "Jorge Alfaro": 0.08086004994335483,
  "Cam Devanney": 0.07728124026620543,
  "Trevor Story": 0.09132918714727757,
  "Rob Refsnyder": 0.06777882357563488,
  "Aaron Judge": 0.206625704215395,
  "Ceddanne Rafaela": 0.06278502059942045,
  "Trent Grisham": 0.11537540974515359,
  "Ben Rice": 0.10691794039869783,
  "Nick Sogard": 0.05322154352576538,
  "Jazz Chisholm Jr.": 0.1018903796783771,
  "Carlos Narvaez": 0.06545770334094342,
  "Romy Gonzalez": 0.08086004994335483,
  "Austin Wells": 0.09577644312679962,
  "Ryan McMahon": 0.0791760754399077,
  "Alex Bregman": 0.07902666385070947,
  "Nate Eaton": 0.06189615308933491,
  "Cody Bellinger": 0.09665425851585643,
  "Jose Caballero": 0.0580899644989608,
  "Connor Wong": 0.057742604617604616,
  "Jasson Dom\u00ednguez": 0.06502645753371906,
  "Spencer Torkelson": 0.12103120667738976,
  "Parker Meadows": 0.09569277113974403,
  "Kerry Carpenter": 0.14885512049845348,
  "Riley Greene": 0.1466591904700267,
  "Victor Mesa": 0.06690561623962393,
  "Zach McKinstry": 0.0737228346366805,
  "Wenceel Perez": 0.09006856955000976,
  "Agust\u00edn Ram\u00edrez": 0.10800418661884988,
  "Colt Keith": 0.07968693112317718,
  "Otto Lopez": 0.07277506825721552,
  "Liam Hicks": 0.05912019632414369,
  "Maximo Acosta": 0.06748498090801687,
  "Gleyber Torres": 0.08736695694208331,
  "Heriberto Hernandez": 0.08040045181344015,
  "Troy Johnston": 0.06287185196353279,
  "Jakob Marsee": 0.08921416911276381,
  "Dillon Dingler": 0.07658315399979222,
  "Javier Sanoja": 0.05737997948425314,
  "Brandon Nimmo": 0.09303734734755467,
  "Jeff McNeil": 0.06604661701964835,
  "Pete Alonso": 0.16998366786373278,
  "Starling Marte": 0.07978878185698625,
  "Mark Vientos": 0.12476996068337422,
  "Francisco Lindor": 0.13146132841036687,
  "Josh Jung": 0.09209915937858136,
  "Josh Smith": 0.06268591158942036,
  "Francisco Alvarez": 0.1112903906503245,
  "Jose Siri": 0.10585756583564948,
  "Wyatt Langford": 0.11968921575623931,
  "Juan Soto": 0.14093160147567838,
  "Michael Helman": 0.08298745835782873,
  "Joc Pederson": 0.11777120622953413,
  "Jake Burger": 0.13155384466147874,
  "Cody Freeman": 0.06994234791993076,
  "Alejandro Osuna": 0.06291889762284499,
  "Jonah Heim": 0.07611339737722964,
  "Salvador Perez": 0.14758568058585622,
  "Kyle Isbel": 0.06373929738703059,
  "Bryce Harper": 0.19370012218028565,
  "Bobby Witt Jr.": 0.15154523736012873,
  "Maikel Garcia": 0.09108328289349023,
  "J.T. Realmuto": 0.11446300741447644,
  "Kyle Schwarber": 0.22955052898704553,
  "Vinnie Pasquantino": 0.13473673813235648,
  "Bryson Stott": 0.09626589084905182,
  "Adam Frazier": 0.05862705753326258,
  "Brandon Marsh": 0.11111045998058154,
  "Max Kepler": 0.1404752849428808,
  "Jonathan India": 0.09100944510035419,
  "Otto Kemp": 0.10004252372468359,
  "Harrison Bader": 0.12152623249444182,
  "Mike Yastrzemski": 0.1369692718535247,
  "Carter Jensen": 0.07280705922887053,
  "Donnie Walton": 0.06905305915206907,
  "Jose Ramirez": 0.11879606105166296,
  "Brayan Rocchio": 0.055233137177581625,
  "Gabriel Arias": 0.08001153466316649,
  "Bo Naylor": 0.09780747606692346,
  "Nolan Jones": 0.07867281825595693,
  "Steven Kwan": 0.06221435413245758,
  "Lenyn Sosa": 0.07559440106443194,
  "Colson Montgomery": 0.09761904761904762,
  "Daniel Schneemann": 0.09541494164651784,
  "Brooks Baldwin": 0.060000000000000005,
  "Chase Meidroth": 0.05699899797202931,
  "Michael A. Taylor": 0.07611458775654996,
  "Miguel Vargas": 0.06880181984360743,
  "Korey Lee": 0.060000000000000005,
  "Kyle Manzardo": 0.12551651830723207,
  "C. J. Kayfus": 0.07338601298436846,
  "Curtis Mead": 0.056581573255501456,
  "Edgar Quero": 0.061418880033010465,
  "Will Robertson": 0.058049363365455325,
  "Mike Tauchman": 0.06779023320942122,
  "Andrew Benintendi": 0.07918745936218272,
  "Byron Buxton": 0.1975763426763005,
  "Geraldo Perdomo": 0.10056939255695474,
  "Alek Thomas": 0.08064681641887525,
  "Jake McCarthy": 0.06447144392274279,
  "Royce Lewis": 0.13584364950221078,
  "Trevor Larnach": 0.11233750928135562,
  "Ildemaro Vargas": 0.07436426116838489,
  "Blaze Alexander": 0.0784405339412926,
  "Corbin Carroll": 0.18315484899455353,
  "Gabriel Moreno": 0.09306377264710598,
  "Brooks Lee": 0.08050270740379849,
  "Austin Martin": 0.05807095529861988,
  "Adrian Del Castillo": 0.14410256410256408,
  "Kody Clemens": 0.14618126801193382,
  "Luke Keaschall": 0.07623707686014188,
  "Tim Tawa": 0.09936041083099907,
  "Ketel Marte": 0.1389214310513123,
  "Jordan Lawlar": 0.08061507936507936,
  "James Outman": 0.09987279419735559,
  "Jhonny Pereda": 0.0600049287899423,
  "Ronald Acuna Jr.": 0.11141174256263771,
  "Jose Altuve": 0.095261562906204,
  "Carlos Correa": 0.0943704830298009,
  "Jake Meyers": 0.06628989460505688,
  "Yordan Alvarez": 0.16929909717079758,
  "Ozzie Albies": 0.09121292116061584,
  "Marcell Ozuna": 0.077980014984588,
  "Jeremy Pena": 0.07460389602116468,
  "Matt Olson": 0.10984475181057371,
  "Christian Walker": 0.11893863141627471,
  "Nacho Alvarez Jr.": 0.04933506093570483,
  "Yainer Diaz": 0.08547823762737772,
  "Michael Harris II": 0.088210468161123,
  "Drake Baldwin": 0.07876110757580056,
  "Jurickson Profar": 0.09017631782425789,
  "Jesus Sanchez": 0.10137196871094925,
  "Ha-Seong Kim": 0.06584247221235712,
  "Zach Cole": 0.08133576507526087,
  "Lars Nootbaar": 0.11008136949245424,
  "Ivan Herrera": 0.09142254655563789,
  "Christian Yelich": 0.10417603186766931,
  "Brice Turang": 0.0737379641899633,
  "Alec Burleson": 0.10412274087786576,
  "Brendan Donovan": 0.08576141050895066,
  "Nolan Gorman": 0.11232893353712015,
  "Willson Contreras": 0.10801629425673366,
  "Sal Frelick": 0.06252432264768325,
  "Victor Scott II": 0.06863816738816739,
  "Isaac Collins": 0.06594766016270158,
  "Joey Ortiz": 0.07927115740583233,
  "Caleb Durbin": 0.10059572025008934,
  "Thomas Saggese": 0.06853836686954781,