{
  "Javier Baez": 0.06376086936224394,
  "Riley Greene": 0.106390413163629,
  "Kerry Carpenter": 0.10426939558379537,
  "Steven Kwan": 0.05832387913504935,
  "Kyle Manzardo": 0.10291006961678349,
  "Gleyber Torres": 0.07199423298668749,
  "Brayan Rocchio": 0.05818839387558129,
  "Zach McKinstry": 0.059627364967925284,
  "Jose Ramirez": 0.10901669892170068,
  "Wenceel Perez": 0.08918932577472789,
  "Gabriel Arias": 0.0643185462124856,
  "Parker Meadows": 0.061396153365151536,
  "Dillon Dingler": 0.07317269446034354,
  "C. J. Kayfus": 0.06904658504725941,
  "Bo Naylor": 0.09672811764091138,
  "Spencer Torkelson": 0.10014322412492997,
  "Chase DeLauter": 0.10293323023798817,
  "George Valera": 0.07971178698908583,
  "Seiya Suzuki": 0.10335335540684581,
  "Luis Arraez": 0.056148970710140925,
  "Matt Shaw": 0.056361615138210884,
  "Carson Kelly": 0.07256729509614951,
  "Nico Hoerner": 0.05621664436072833,
  "Kyle Tucker": 0.09531604934311244,
  "Michael Busch": 0.11357316247674848,
  "Ian Happ": 0.08728454231294756,
  "Xander Bogaerts": 0.07164202253398015,
  "Freddy Fermin": 0.060261524822695034,
  "Gavin Sheets": 0.07511673924257728,
  "Manny Machado": 0.12457548746060972,
  "Ryan O'Hearn": 0.06907256880941091,
  "Fernando Tatis Jr.": 0.12223192786319208,
  "Dansby Swanson": 0.07973071765642048,
  "Jake Cronenworth": 0.06112380885108158,
  "Jackson Merrill": 0.09007446710253884,
  "Pete Crow-Armstrong": 0.09132540299206965,
  "Nathaniel Lowe": 0.07200916827300054,
  "Ceddanne Rafaela": 0.06946639744813835,
  "Alex Bregman": 0.09390205436033434,
  "Wilyer Abreu": 0.08850556509096721,
  "Anthony Volpe": 0.07283670129064866,
  "Masataka Yoshida": 0.06851732728842108,
  "Romy Gonzalez": 0.057920882838864846,
  "Carlos Narvaez": 0.0692970468967844,
  "Aaron Judge": 0.1778796143826282,
  "Jarren Duran": 0.0855726872168359,
  "Jazz Chisholm Jr.": 0.08162179257882077,
  "Giancarlo Stanton": 0.1334355197242392,
  "Cody Bellinger": 0.09140339548670036,
  "Trevor Story": 0.08231004615179745,
  "Trent Grisham": 0.09215360995109284,
  "Ben Rice": 0.1006118288539045,
  "Amed Rosario": 0.06273027912491651,
  "Austin Wells": 0.09424958561695651,
  "Ryan McMahon": 0.07361111111111111,
  "Kyle Schwarber": 0.1932189206920221,
  "Shohei Ohtani": 0.13978913805603405,
  "Bryce Harper": 0.13336734745775017,
  "Teoscar Hernandez": 0.10126774663201837,
  "Trea Turner": 0.08993897340298866,
  "Max Kepler": 0.08155813620976804,
  "Mookie Betts": 0.08023405598705234,
  "Freddie Freeman": 0.07671405120368992,
  "J.T. Realmuto": 0.08488004461043676,
  "Tommy Edman": 0.07374593409307123,
  "Alec Bohm": 0.06912234977317037,
  "Enrique Hernandez": 0.0726515841289434,
  "Brandon Marsh": 0.06829642375438627,
  "Andy Pages": 0.06789282081593744,
  "Alex Call": 0.052213500633040866,
  "Harrison Bader": 0.0666902328142678,
  "Bryson Stott": 0.0660834017515052,
  "Ben Rortvedt": 0.04830965535385425,
  "Miguel Rojas": 0.060000000000000005
}