{
  "Salvador Perez": 0.1742575254203161,
  "Bobby Witt Jr.": 0.14286198969409405,
  "Brent Rooker": 0.14115303606381163,
  "Nick Kurtz": 0.13871932963160016,
  "Mike Yastrzemski": 0.15131741677816257,
  "Vinnie Pasquantino": 0.13389294711824984,
  "Colby Thomas": 0.11937771188241292,
  "Tyler Soderstrom": 0.10198620462536818,
  "Carter Jensen": 0.12090548426101516,
  "Maikel Garcia": 0.1078111197947078,
  "JJ Bleday": 0.10061887188586395,
  "Michael Massey": 0.08814078979641893,
  "Brett Harris": 0.08567599757174597,
  "John Rave": 0.0845155839113323,
  "Willie MacIver": 0.08185742335843492,
  "Darell Hernaiz": 0.06594224713109355,
  "Adam Frazier": 0.060631236428224294,
  "Max Muncy (2002)": 0.08768024889029455,
  "Aaron Judge": 0.20045710033528263,
  "Giancarlo Stanton": 0.1710306047266977,
  "Ben Rice": 0.1440046528220706,
  "Gunnar Henderson": 0.13425753527898487,
  "Trent Grisham": 0.13527583836327622,
  "Tyler O'Neill": 0.16102693602693602,
  "Austin Wells": 0.1416017120488665,
  "Jordan Westburg": 0.1213799937319101,
  "Colton Cowser": 0.14039862098685627,
  "Cody Bellinger": 0.12072708095583912,
  "Adley Rutschman": 0.11045916126661467,
  "Ryan McMahon": 0.11864275144145348,
  "Jackson Holliday": 0.09540960512705227,
  "Dylan Beavers": 0.09490973119400403,
  "Coby Mayo": 0.10126334039169288,
  "Ryan Mountcastle": 0.09115752276284488,
  "Anthony Volpe": 0.0830868211366732,
  "Jose Caballero": 0.05796246148396686,
  "Wilyer Abreu": 0.152552595305417,
  "Kerry Carpenter": 0.1506986890978075,
  "Trevor Story": 0.12705653981711984,
  "Jarren Duran": 0.12122565136941654,
  "Wenceel Perez": 0.11294665468276578,
  "Parker Meadows": 0.1024461698453134,
  "Jake Rogers": 0.1112078456522901,
  "Ceddanne Rafaela": 0.08429892628149709,
  "Zach McKinstry": 0.0922872306535673,
  "Justyn-Henry Malloy": 0.09833720954565102,
  "Javier Baez": 0.09564793167014927,
  "Nathaniel Lowe": 0.08047139701156371,
  "Trey Sweeney": 0.0798956419512369,
  "Masataka Yoshida": 0.08127445362385421,
  "Andy Ibanez": 0.0799401845454477,
  "David Hamilton": 0.07233962659695162,
  "Connor Wong": 0.08122943722943723,
  "Nick Sogard": 0.07529935032483757,
  "Colson Montgomery": 0.13329713417907127,
  "James Wood": 0.13094689293371992,
  "Josh Bell": 0.1129249247905116,
  "CJ Abrams": 0.10050062447781621,
  "Miguel Vargas": 0.09256230349279385,
  "Kyle Teel": 0.08150953460321651,
  "Daylen Lile": 0.09089600571900294,
  "Luis Garcia Jr.": 0.08331692813122717,
  "Dylan Crews": 0.08983601648016516,
  "Brooks Baldwin": 0.08731582711787053,
  "Lenyn Sosa": 0.08666351139706167,
  "Michael A. Taylor": 0.08666793203679209,
  "Riley Adams": 0.08193671676076238,
  "Dominic Fletcher": 0.07217703320644497,
  "Brady House": 0.07530627644379766,
  "Edgar Quero": 0.0606498851547685,
  "Chase Meidroth": 0.05893750419370288,
  "Jacob Young": 0.0626954261954262,
  "Rafael Devers": 0.16651515144278342,
  "Willy Adames": 0.11921128838008634,
  "Matt Chapman": 0.10990863149902051,
  "Heliot Ramos": 0.09144831973992121,
  "Hunter Goodman": 0.07576299644927095,
  "Drew Gilbert": 0.0804374109090107,
  "Wilmer Flores": 0.09732154571484132,
  "Patrick Bailey": 0.0793428129803342,
  "Christian Koss": 0.07261150289376096,
  "Ezequiel Tovar": 0.06008688451928458,
  "Blaine Crim": 0.05589157339157339,
  "Jordan Beck": 0.05382674260333835,
  "Brenton Doyle": 0.061141292426305935,
  "Jung Hoo Lee": 0.06061325642442664,
  "Yanquiel Fern\u00e1ndez": 0.05685607610474632,
  "Kyle Karros": 0.05238473223122853,
  "Warming Bernabel": 0.05623346560846561,
  "Ryan Ritter": 0.05011489167739168,
  "Kyle Schwarber": 0.24523918087127405,
  "Bryce Harper": 0.1640830826807248,
  "Trea Turner": 0.10712014766712445,
  "Nick Castellanos": 0.10696667268554211,
  "Max Kepler": 0.10295497089767987,
  "Brandon Marsh": 0.09675883118951481,
  "Royce Lewis": 0.0971793134635863,
  "Ryan Jeffers": 0.08891429330883595,
  "Alec Bohm": 0.09388366968041456,
  "Bryson Stott": 0.07292811040441219,
  "Kody Clemens": 0.07126077487754831,
  "Rafael Marchan": 0.06416451064823332,
  "Brooks Lee": 0.06868189672111241,
  "Christian Vazquez": 0.06540612233266872,
  "James Outman": 0.05893242620046743,
  "Ryan Fitzgerald": 0.059035167567041066,
  "Carson McCusker": 0.06442624689907299,
  "Austin Martin": 0.0593130390303319,
  "J.T. Realmuto": 0.09761904761904762,
  "Harrison Bader": 0.12000000000000001,
  "Jo Adell": 0.1630815502214518,
  "Mike Trout": 0.15299925879956,
  "Yainer Diaz": 0.14501364180593343,
  "Victor Caratini": 0.1129619494836886,
  "Zach Cole": 0.12778687437224023,
  "Ramon Urias": 0.11953216857351341,
  "Jesus Sanchez": 0.10325699711909934,
  "Christian Moore": 0.09303228618499876,
  "Cam Smith": 0.09365181002687911,
  "Luis Rengifo": 0.10284805971080481,
  "Brice Matthews": 0.11300544861334888,
  "Chris Taylor": 0.10126334039169288,
  "Jacob Melton": 0.10126735271285321,
  "Carter Kieboom": 0.09813896237507348,
  "Mauricio Dubon": 0.10196412058207832,
  "Denzer Guzman": 0.09447123283756947,
  "Sebastian Rivero": 0.086210185605934,
  "Bryce Teodosio": 0.07358465608465609,
  "Junior Caminero": 0.1957629509663554,
  "Vladimir Guerrero Jr.": 0.131860054239246,
  "George Springer": 0.13098890944617922,
  "Anthony Santander": 0.13529893872164345,
  "Davis Schneider": 0.1283427047422402,
  "Alejandro Kirk": 0.09728125103828286,
  "Daulton Varsho": 0.09276519216790474,
  "Jonathan Aranda": 0.09381558210718356,
  "Addison Barger": 0.08368560959876413,
  "Josh Lowe": 0.08989343309847941,
  "Tristan Gray": 0.09250962545328704,
  "Richie Palacios": 0.08027703505644683,
  "Carson Williams": 0.0833240352814535,
  "Ernie Clement": 0.07267218557478256,
  "Hunter Feduccia": 0.07271540822273324,
  "Bob Seymour": 0.09100989653621232,
  "Myles Straw": 0.05397580227743271,
  "Jake Mangum": 0.052924079907794935,
  "Yandy Diaz": 0.09761904761904762,
  "Brandon Lowe": 0.09761904761904762,
  "Chandler Simpson": 0.060000000000000005,
  "Ketel Marte": 0.19096048452109057,
  "Manny Machado": 0.14695063498992753,
  "Fernando Tatis Jr.": 0.14531548764630922,
  "Jackson Merrill": 0.1320868453267238,
  "James McCann": 0.09775172942315105,
  "Tim Tawa": 0.09566724321126265,
  "Gavin Sheets": 0.09452258475406623,
  "Jordan Lawlar": 0.09097125133187511,
  "Ryan O'Hearn": 0.08813783348778227,
  "Jake Cronenworth": 0.0807391587333547,
  "Xander Bogaerts": 0.07568724602515237,
  "Geraldo Perdomo": 0.08002203789947618,
  "Alek Thomas": 0.06671190713502376,
  "Ildemaro Vargas": 0.07251541554296813,
  "Jorge Barrosa": 0.064761084430323,
  "Freddy Fermin": 0.07082556588325688,
  "Jake McCarthy": 0.0571883608815427,
  "Luis Arraez": 0.060000000000000005,
  "Gabriel Moreno": 0.10757575757575757,
  "Corbin Carroll": 0.13333333333333333,
  "Bryce Johnson": 0.060000000000000005,
  "Jose Iglesias": 0.06083333333333333,
  "Jose Ramirez": 0.116901551404657,
  "Jake Burger": 0.10650953574227232,
  "Adolis Garcia": 0.09516309773959368,
  "Jhonkensy Noel": 0.08879500597549633,
  "Johnathan Rodriguez": 0.08324689967368323,
  "Bo Naylor": 0.10946290771448615,
  "Josh Jung": 0.08070017356786525,
  "Michael Helman": 0.0739085035056691,
  "Angel Martinez": 0.0773810267695007,
  "Gabriel Arias": 0.07130399738242875,
  "Jonah Heim": 0.07284397446642328,
  "Cody Freeman": 0.06519398232222627,
  "Dylan Moore": 0.07858883319409635,
  "Daniel Schneemann": 0.08666793203679209,
  "Brayan Rocchio": 0.06749223254992355,
  "Steven Kwan": 0.060271727208914626,
  "Alejandro Osuna": 0.07033699633699633,
  "Ezequiel Duran": 0.0636264367816092,
  "Austin Hedges": 0.060000000000000005,
  "Kyle Manzardo": 0.10757575757575757,
  "Donovan Solano": 0.060000000000000005,
  "Eugenio Suarez": 0.13405878466833285,
  "Freddie Freeman": 0.11401086641353762,
  "Mookie Betts": 0.09758981812186626,
  "Cal Raleigh": 0.19012521134344473,
  "Shohei Ohtani": 0.20230007973316308,
  "Andy Pages": 0.11626555800166911,
  "Mitch Garver": 0.1049924576316212,
  "Teoscar Hernandez": 0.11178690216401937,