{
  "Michael Busch": 0.13364916127405835,
  "Seiya Suzuki": 0.12846397898101528,
  "Kyle Tucker": 0.11844217213763716,
  "Pete Crow-Armstrong": 0.11391351773193359,
  "Bryan Reynolds": 0.09190865664349336,
  "Jack Suwinski": 0.09160913126084658,
  "Dansby Swanson": 0.08931654563943742,
  "Andrew McCutchen": 0.09576574936270617,
  "Ian Happ": 0.1042747918542349,
  "Matt Shaw": 0.08843512105098779,
  "Nick Gonzales": 0.07414260245588808,
  "Spencer Horwitz": 0.0832957836980684,
  "Ronny Simon": 0.07100843158084942,
  "Henry Davis": 0.08116721405264546,
  "Reese McGuire": 0.05935519897745978,
  "Nico Hoerner": 0.052441058285792166,
  "Jared Triolo": 0.07755826552441734,
  "Isiah Kiner-Falefa": 0.053238251822468115,
  "Carson Kelly": 0.09761904761904762,
  "Owen Caissie": 0.08392857142857142,
  "Christian Yelich": 0.1302107107328822,
  "Andrew Vaughn": 0.12125552928677616,
  "William Contreras": 0.10712074834325473,
  "Joey Ortiz": 0.08017832605989055,
  "Miguel Andujar": 0.08459707622204697,
  "Austin Hays": 0.09198860463812494,
  "TJ Friedl": 0.08676199261064826,
  "Sal Frelick": 0.08701665278111988,
  "Tyler Stephenson": 0.10549325205122306,
  "Brice Turang": 0.09125842547917673,
  "Spencer Steer": 0.08614571796581005,
  "Noelvi Marte": 0.10414599927038942,
  "Elly De La Cruz": 0.09817151293159829,
  "Brandon Lockridge": 0.08165532018150336,
  "Caleb Durbin": 0.06968264547117863,
  "Ke'Bryan Hayes": 0.08677849927849927,
  "Gavin Lux": 0.058839378313321075,
  "Tyler Black": 0.08392857142857142,
  "Kyle Schwarber": 0.17868289538744084,
  "Bryce Harper": 0.11589348378422311,
  "James Wood": 0.10395346610843308,
  "Nick Castellanos": 0.10952256647871032,
  "J.T. Realmuto": 0.09729074672638954,
  "CJ Abrams": 0.08674025412416159,
  "Trea Turner": 0.09761430151500042,
  "Josh Bell": 0.09125842547917673,
  "Harrison Bader": 0.09420826396395912,
  "Paul DeJong": 0.081408316358217,
  "Edmundo Sosa": 0.08527337205513165,
  "Weston Wilson": 0.0798411278389737,
  "Otto Kemp": 0.08435145834558126,
  "Riley Adams": 0.07250393695140073,
  "Dylan Crews": 0.07476493954222424,
  "Luis Garcia Jr.": 0.06811807597760194,
  "Daylen Lile": 0.07024198188276745,
  "Robert Hassell III": 0.05780638140462324,
  "Josh Smith": 0.06760062562352437,
  "Alejandro Kirk": 0.07243487153029322,
  "Bo Bichette": 0.09648087606018363,
  "Marcus Semien": 0.09246455216752851,
  "Vladimir Guerrero Jr.": 0.11718428317169735,
  "Corey Seager": 0.13102805940073753,
  "Josh Jung": 0.07118047027148047,
  "Nathan Lukes": 0.06370239383875308,
  "Addison Barger": 0.10837806362634739,
  "Daulton Varsho": 0.10502372346324326,
  "Evan Carter": 0.06803720670084208,
  "Ernie Clement": 0.06448758884603255,
  "Rowdy Tellez": 0.09292207706330499,
  "Kyle Higashioka": 0.08132525358808784,
  "Wyatt Langford": 0.10023448028856488,
  "Joc Pederson": 0.10562738724898176,
  "Andres Gimenez": 0.05922620014214842,
  "Ty France": 0.060000000000000005,
  "Joey Loperfido": 0.06340053896375857,
  "Matt Olson": 0.12667940993342122,
  "Jose Ramirez": 0.12334526066604538,
  "Ronald Acuna Jr.": 0.12521025087694732,
  "Kyle Manzardo": 0.1190295678337285,
  "Marcell Ozuna": 0.1019772900885412,
  "Sean Murphy": 0.09991428274547129,
  "Bo Naylor": 0.10097780826742575,
  "Jurickson Profar": 0.08748082942387234,
  "Michael Harris II": 0.0917528575067903,
  "Daniel Schneemann": 0.0937631923442718,
  "Carlos Santana": 0.07780743112572838,
  "Ozzie Albies": 0.08645778940256799,
  "C. J. Kayfus": 0.08628364660547437,
  "Gabriel Arias": 0.07775163125110737,
  "Nacho Alvarez Jr.": 0.0544761764315916,
  "Steven Kwan": 0.06938928069086116,
  "Brayan Rocchio": 0.05862095774377647,
  "Nick Allen": 0.07003174603174603,
  "Agust\u00edn Ram\u00edrez": 0.10590648625874358,
  "Kyle Stowers": 0.09945887867539294,
  "Wilyer Abreu": 0.1009158937431692,
  "Alex Bregman": 0.1014114927973695,
  "Trevor Story": 0.09879114795933572,
  "Jarren Duran": 0.09620172277177108,
  "Ceddanne Rafaela": 0.0698480984869814,
  "Roman Anthony": 0.06972786607508231,
  "Carlos Narvaez": 0.07968159967332153,
  "Romy Gonzalez": 0.08920660856935365,
  "Jakob Marsee": 0.07343324991839843,
  "Otto Lopez": 0.06877364189036374,
  "Abraham Toro": 0.07447487100712907,
  "Eric Wagaman": 0.08589906180112365,
  "Graham Pauley": 0.06483232540559491,
  "Liam Hicks": 0.0517390811111722,
  "Dane Myers": 0.08552073732718893,
  "Xavier Edwards": 0.05311217741024121,
  "Masataka Yoshida": 0.060000000000000005,
  "Cal Raleigh": 0.17824692930294778,
  "Eugenio Suarez": 0.1344421134512711,
  "Juan Soto": 0.1352092998249411,
  "Pete Alonso": 0.12642100923781668,
  "Randy Arozarena": 0.1202770386794777,
  "Julio Rodriguez": 0.11850620049175609,
  "Francisco Lindor": 0.10858584169453736,
  "Brandon Nimmo": 0.10582464942242861,
  "Mitch Garver": 0.09941061248652913,
  "Cedric Mullins": 0.08926039233802378,
  "Francisco Alvarez": 0.08430090242718521,
  "Mark Vientos": 0.08865971828474109,
  "Ronny Mauricio": 0.08418287000064739,
  "Dominic Canzone": 0.0776828161443161,
  "Jeff McNeil": 0.07540246111318961,
  "Cole Young": 0.06165743360649822,
  "J.P. Crawford": 0.0691527711884489,
  "Donovan Solano": 0.0714245718050066,
  "Josh Naylor": 0.09761904761904762,
  "Christian Walker": 0.12418501917014058,
  "Yainer Diaz": 0.09780376867817768,
  "Jose Altuve": 0.0984740318552926,
  "Carlos Correa": 0.0986321761801036,
  "Jesus Sanchez": 0.10464971434798176,
  "Ramon Urias": 0.09100425115790278,
  "Jordan Westburg": 0.08506359351382342,
  "Gunnar Henderson": 0.07503083200058851,
  "Taylor Trammell": 0.080430598346891,
  "Mauricio Dubon": 0.08891274811241807,
  "Coby Mayo": 0.06829337876207173,
  "Jackson Holliday": 0.0566278100152791,
  "Jeremiah Jackson": 0.060110766428787155,
  "Adley Rutschman": 0.06724357874944815,
  "Ryan Mountcastle": 0.06675258243164975,
  "Cam Smith": 0.06816683743046358,
  "Daniel Johnson": 0.06297860593512768,
  "Dylan Carlson": 0.06145642921512357,
  "Jeremy Pena": 0.09761904761904762,
  "Alex Jackson": 0.08392857142857142,
  "Jacob Melton": 0.07361111111111111,
  "Greg Allen": 0.060000000000000005,
  "Bobby Witt Jr.": 0.13861141202328361,
  "Salvador Perez": 0.1232429446499976,
  "Colson Montgomery": 0.08969313077259713,
  "Luis Robert Jr.": 0.10288353104086241,
  "Mike Yastrzemski": 0.10290914558936222,
  "Vinnie Pasquantino": 0.10344041144051072,
  "Lenyn Sosa": 0.08169834991286826,
  "Miguel Vargas": 0.09195078125465818,
  "Maikel Garcia": 0.07402608789321749,
  "Curtis Mead": 0.06991122127835088,
  "Jonathan India": 0.08156911802337141,
  "Edgar Quero": 0.08004009100964267,
  "Mike Tauchman": 0.06421484238501743,
  "Michael A. Taylor": 0.0754109894772472,
  "Adam Frazier": 0.06251629506662162,
  "Kyle Isbel": 0.06029961945516827,
  "Nick Loftin": 0.06392969373510528,
  "Chase Meidroth": 0.06938250431480189,
  "Andrew Benintendi": 0.060000000000000005,
  "Brooks Baldwin": 0.07361111111111111,
  "Kyle Teel": 0.08392857142857142,
  "Kerry Carpenter": 0.1576218746928129,
  "Riley Greene": 0.1394667218572992,
  "Byron Buxton": 0.1357611367127496,
  "Kody Clemens": 0.1281800137266049,
  "Spencer Torkelson": 0.11391311310346305,
  "Matt Wallner": 0.12106900978514334,
  "Trevor Larnach": 0.0952807306017254,
  "Wenceel Perez": 0.09527625545329085,
  "Colt Keith": 0.0983143080694796,
  "Royce Lewis": 0.09271202401857018,
  "Gleyber Torres": 0.09062963371250506,
  "Javier Baez": 0.07262384584067816,
  "Luke Keaschall": 0.08339353373798805,
  "Zach McKinstry": 0.08362264155490862,
  "Dillon Dingler": 0.07865546486575017,
  "Brooks Lee": 0.06916461375913635,
  "Edouard Julien": 0.07570887445887446,
  "Mickey Gasper": 0.06673261252971398,
  "Ryan Jeffers": 0.09761904761904762,
  "Jake Rogers": 0.08392857142857142,
  "Trey Sweeney": 0.07361111111111111,
  "Alan Roden": 0.060000000000000005,
  "Aaron Judge": 0.17090967811977387,
  "Lars Nootbaar": 0.10755131143366439,
  "Jazz Chisholm Jr.": 0.10572617042301109,
  "Nolan Gorman": 0.09730491020527408,
  "Ben Rice": 0.10462181619537694,