{
  "Kyle Schwarber": 0.22006612496769185,
  "Bryce Harper": 0.14473870523118,
  "Elly De La Cruz": 0.12746370649709157,
  "Nick Castellanos": 0.11547913184010092,
  "Tyler Stephenson": 0.11237460864515478,
  "Trea Turner": 0.10762471369704558,
  "Otto Kemp": 0.09675976265330224,
  "J.T. Realmuto": 0.10564072392471263,
  "Harrison Bader": 0.09334563979669776,
  "Miguel Andujar": 0.09041805541048306,
  "Matt McLain": 0.09457631782870335,
  "Noelvi Marte": 0.09860728895132306,
  "Spencer Steer": 0.09763941148172935,
  "TJ Friedl": 0.08667083303211866,
  "Edmundo Sosa": 0.07852551709269917,
  "Weston Wilson": 0.081970571467822,
  "Gavin Lux": 0.08126552220673826,
  "Ke'Bryan Hayes": 0.0660407266574485,
  "Aaron Judge": 0.21636208263683512,
  "Giancarlo Stanton": 0.16829623124441473,
  "Trent Grisham": 0.14474737305788188,
  "Byron Buxton": 0.14573154992544038,
  "Jazz Chisholm Jr.": 0.13320659324335796,
  "Kody Clemens": 0.13168224363079362,
  "Cody Bellinger": 0.12397661899016624,
  "Ben Rice": 0.13122276144520476,
  "Ryan McMahon": 0.11623396275797532,
  "Royce Lewis": 0.10179142395181552,
  "Paul Goldschmidt": 0.09286837553530994,
  "Ryan Jeffers": 0.08881593520895581,
  "Trevor Larnach": 0.08904929380182602,
  "Anthony Volpe": 0.08485731325289834,
  "Brooks Lee": 0.0764062675400783,
  "Luke Keaschall": 0.07287428315560011,
  "Edouard Julien": 0.067226896342659,
  "Ryan Fitzgerald": 0.08833330823368774,
  "Kerry Carpenter": 0.11993021613989356,
  "Riley Greene": 0.12109353961774197,
  "Spencer Torkelson": 0.12836142530744749,
  "Colson Montgomery": 0.11070529432967907,
  "Luis Robert Jr.": 0.11576453725277663,
  "Andrew Benintendi": 0.1071125654067643,
  "Gleyber Torres": 0.09688885531420953,
  "Lenyn Sosa": 0.09591375813589552,
  "Wenceel Perez": 0.09125624593522298,
  "Brooks Baldwin": 0.08537171581225268,
  "Javier Baez": 0.0814198664650622,
  "Mike Tauchman": 0.1006236802993315,
  "Andy Ibanez": 0.08498369360653946,
  "Dillon Dingler": 0.08697900563522638,
  "Michael A. Taylor": 0.08219479729201352,
  "Curtis Mead": 0.07187137178634577,
  "Kyle Teel": 0.07472219926334206,
  "Zach McKinstry": 0.0672711196863115,
  "Bobby Witt Jr.": 0.11722745080623344,
  "James Wood": 0.09082258893718412,
  "Salvador Perez": 0.10495007685248661,
  "Paul DeJong": 0.09350088073062722,
  "Mike Yastrzemski": 0.08855163153580928,
  "Vinnie Pasquantino": 0.08703602077844842,
  "Riley Adams": 0.09630082609805421,
  "Josh Bell": 0.08518146887013855,
  "Randal Grichuk": 0.08320168217835433,
  "CJ Abrams": 0.07358941023073003,
  "Nathaniel Lowe": 0.06774630778224952,
  "Luis Garcia Jr.": 0.0546972511350482,
  "Maikel Garcia": 0.06376103440250873,
  "Daylen Lile": 0.0667092694787358,
  "Nick Loftin": 0.06916210208241226,
  "Kyle Isbel": 0.051281875280767504,
  "Adam Frazier": 0.053397456928049626,
  "Jacob Young": 0.04630773186673808,
  "Jonathan India": 0.07361111111111111,
  "John Rave": 0.060000000000000005,
  "Andrew Vaughn": 0.1425894931696389,
  "Christian Yelich": 0.12490877950413383,
  "William Contreras": 0.12227148272659512,
  "Isaac Collins": 0.1015541564994748,
  "Andrew McCutchen": 0.09313397754050273,
  "Liover Peguero": 0.0800964519114994,
  "Bryan Reynolds": 0.08905234317731393,
  "Joey Ortiz": 0.0845799161461322,
  "Caleb Durbin": 0.08859705344892638,
  "Tommy Pham": 0.07697718522443577,
  "Nick Gonzales": 0.07844764202657493,
  "Brice Turang": 0.08129670921535986,
  "Jared Triolo": 0.06788718995875373,
  "Alexander Canario": 0.06779772483625798,
  "Joey Bart": 0.06687860718919916,
  "Sal Frelick": 0.06289105013442521,
  "Brandon Lockridge": 0.06639940224426501,
  "Isiah Kiner-Falefa": 0.05854151070316484,
  "Blake Perkins": 0.09761904761904762,
  "Danny Jansen": 0.12000000000000001,
  "Anthony Seigler": 0.09761904761904762,
  "Hunter Goodman": 0.12099437571493506,
  "Nolan Gorman": 0.10710678479263186,
  "Alec Burleson": 0.10591172482156877,
  "Willson Contreras": 0.10004364440401978,
  "Lars Nootbaar": 0.10848438654841094,
  "Mickey Moniak": 0.10683120011518882,
  "Ezequiel Tovar": 0.0839251225479684,
  "Masyn Winn": 0.07586807817990629,
  "Thomas Saggese": 0.0634173136718407,
  "Ivan Herrera": 0.07738398716127186,
  "Jordan Beck": 0.08046482242607375,
  "Warming Bernabel": 0.07228645717534009,
  "Pedro Pages": 0.0644004440886457,
  "Brenton Doyle": 0.07314564169901748,
  "Kyle Karros": 0.06403903735798873,
  "Victor Scott II": 0.059797888607604224,
  "Adael Amador": 0.06172432848571495,
  "Tyler Freeman": 0.06796176529148665,
  "Geraldo Perdomo": 0.07222642558434877,
  "Corey Seager": 0.15316808461078646,
  "Jose Herrera": 0.060000000000000005,
  "Adolis Garcia": 0.12219398699141437,
  "Ketel Marte": 0.12226000455132406,
  "Marcus Semien": 0.10576382047574487,
  "Jonah Heim": 0.07251222277366069,
  "Alek Thomas": 0.07532480408556168,
  "Josh Jung": 0.09297558560130374,
  "Lourdes Gurriel Jr.": 0.09029748658360358,
  "Josh Smith": 0.08345198786557328,
  "Corbin Carroll": 0.14795424140345423,
  "Wyatt Langford": 0.11535393537570852,
  "Blaze Alexander": 0.06270874553600127,
  "Rowdy Tellez": 0.11044966178441316,
  "Joc Pederson": 0.12079364563686551,
  "Tyler Locklear": 0.06627334533248512,
  "Adrian Del Castillo": 0.09657112078881815,
  "Jake McCarthy": 0.06563444705625836,
  "Wilyer Abreu": 0.14308627494022477,
  "Alex Bregman": 0.14542478575004741,
  "Trevor Story": 0.13549382300672164,
  "Jarren Duran": 0.12690908909532567,
  "Roman Anthony": 0.10434099423699998,
  "Christian Walker": 0.09845407645748479,
  "Ceddanne Rafaela": 0.09208653333468812,
  "Romy Gonzalez": 0.09688246571153782,
  "Carlos Narvaez": 0.10115555201650372,
  "Jose Altuve": 0.09354597065525293,
  "Carlos Correa": 0.08603157118722896,
  "Yainer Diaz": 0.09325521145441415,
  "Jeremy Pena": 0.07153873560234784,
  "Abraham Toro": 0.08149528068728976,
  "Ramon Urias": 0.06595990986611493,
  "Chas McCormick": 0.06356422580341155,
  "Mauricio Dubon": 0.06389711774052184,
  "Cam Smith": 0.06902791143169616,
  "Masataka Yoshida": 0.07361111111111111,
  "Shohei Ohtani": 0.21665228366697306,
  "Mike Trout": 0.15354450571775782,
  "Jo Adell": 0.12549631715726794,
  "Max Muncy": 0.12454246164162984,
  "Taylor Ward": 0.1107784011536524,
  "Zach Neto": 0.11007421936631978,
  "Will Smith": 0.09947150238822937,
  "Freddie Freeman": 0.10671103528314635,
  "Andy Pages": 0.09565507725116378,
  "Mookie Betts": 0.0950286654092981,
  "Travis d'Arnaud": 0.09150620886606277,
  "Yoan Moncada": 0.08634981848243511,
  "Michael Conforto": 0.08282456540165749,
  "Alex Freeland": 0.07169578130759074,
  "Nolan Schanuel": 0.06290594451363124,
  "Alex Call": 0.06603374003728973,
  "Luis Rengifo": 0.06391682785299807,
  "Bryce Teodosio": 0.061737623345604856,
  "Logan O'Hoppe": 0.09761904761904762,
  "Christian Moore": 0.060000000000000005,
  "Teoscar Hernandez": 0.09761904761904762,
  "Rafael Devers": 0.13067948235184826,
  "Willy Adames": 0.11819645677867464,
  "Matt Chapman": 0.10630678213128215,
  "Fernando Tatis Jr.": 0.08520375529917229,
  "Manny Machado": 0.08832351829691454,
  "Heliot Ramos": 0.09443603415548232,
  "Jackson Merrill": 0.08068239312174874,
  "Ryan O'Hearn": 0.0633046043471543,
  "Dominic Smith": 0.07544739044003208,
  "Drew Gilbert": 0.07180654470977052,
  "Christian Koss": 0.06177389120175276,
  "Jung Hoo Lee": 0.06440218150216014,
  "Patrick Bailey": 0.07029792016579464,
  "Jake Cronenworth": 0.0759297052154195,
  "Xander Bogaerts": 0.06652095548587024,
  "Gavin Sheets": 0.07130865390985332,
  "Luis Arraez": 0.05679461540874584,
  "Freddy Fermin": 0.056631755392944655,
  "Casey Schmitt": 0.08392857142857142,
  "Ramon Laureano": 0.060000000000000005,
  "Josh Lowe": 0.0894295576732854,
  "Brent Rooker": 0.16992702783046493,
  "Tyler Soderstrom": 0.1261873862305615,
  "Junior Caminero": 0.1721743785634554,
  "Brandon Lowe": 0.15540876819306754,
  "Lawrence Butler": 0.11089774995610657,
  "Shea Langeliers": 0.1758474199896121,
  "Yandy Diaz": 0.1482052497963377,