{
  "Aaron Judge": 0.21660875535940224,
  "Paul Goldschmidt": 0.10412320495862591,
  "William Contreras": 0.08900107880982198,
  "Austin Wells": 0.09390381474704067,
  "Jazz Chisholm Jr.": 0.10315159722571889,
  "Jasson Dom\u00ednguez": 0.08880245765303237,
  "Cody Bellinger": 0.08193012325674881,
  "Christian Yelich": 0.07769451099716031,
  "Jackson Chourio": 0.07877408896135046,
  "Ben Rice": 0.07902079902079902,
  "Jake Bauers": 0.07432637596725221,
  "Anthony Volpe": 0.0599173919448643,
  "Garrett Mitchell": 0.060112138018709536,
  "Oliver Dunn": 0.05039944182801326,
  "Joey Ortiz": 0.06701899488892547,
  "Oswaldo Cabrera": 0.06647295895416196,
  "Brice Turang": 0.051511099544676864,
  "Sal Frelick": 0.04931888220257043,
  "Vinny Capra": 0.07361111111111111,
  "Rhys Hoskins": 0.12000000000000001,
  "Kyle Schwarber": 0.16261682670455269,
  "Bryce Harper": 0.13647121604773316,
  "CJ Abrams": 0.11150497717290843,
  "Nick Castellanos": 0.11659983102871557,
  "Alec Bohm": 0.10907878130106745,
  "James Wood": 0.09527985805856787,
  "Keibert Ruiz": 0.09707893920388586,
  "Luis Garcia Jr.": 0.08218710782488091,
  "Paul DeJong": 0.081360212235332,
  "Edmundo Sosa": 0.09015413715871017,
  "Brandon Marsh": 0.08427869942304325,
  "Josh Bell": 0.088019321796592,
  "Rafael Marchan": 0.074850542741216,
  "Nathaniel Lowe": 0.0763169516990824,
  "Bryson Stott": 0.06727119493586883,
  "Dylan Crews": 0.0673727392054032,
  "Johan Rojas": 0.05607818616287373,
  "Jacob Young": 0.05978549978549979,
  "J.T. Realmuto": 0.08392857142857142,
  "Trea Turner": 0.13333333333333333,
  "Alex Call": 0.07361111111111111,
  "Max Kepler": 0.08392857142857142,
  "Anthony Santander": 0.15789938944997578,
  "Tyler O'Neill": 0.1159433145238772,
  "Colton Cowser": 0.13848306374697192,
  "Vladimir Guerrero Jr.": 0.11868778018197881,
  "Adley Rutschman": 0.10501995664475182,
  "Cedric Mullins": 0.08358063925288683,
  "George Springer": 0.09458950032513251,
  "Bo Bichette": 0.09155392454979447,
  "Jordan Westburg": 0.07403176299009633,
  "Jackson Holliday": 0.07170736721069773,
  "Ramon Urias": 0.09562908496732025,
  "Ryan O'Hearn": 0.07514038709049387,
  "Ryan Mountcastle": 0.0689817939091517,
  "Alan Roden": 0.0757501514244785,
  "Will Wagner": 0.08600338229103138,
  "Tyler Heineman": 0.05961135369811725,
  "Andres Gimenez": 0.06861310691133396,
  "Alejandro Kirk": 0.060000000000000005,
  "Nathan Lukes": 0.049999999999999996,
  "Ernie Clement": 0.060000000000000005,
  "Jorge Mateo": 0.05258217751060497,
  "Matt Chapman": 0.16705266474327007,
  "Willy Adames": 0.16481045703938688,
  "Jeimer Candelario": 0.12282759447519173,
  "Elly De La Cruz": 0.11021555536427119,
  "Matt McLain": 0.10839572454682932,
  "Christian Encarnacion-Strand": 0.11347733386877132,
  "Heliot Ramos": 0.11822569051622558,
  "Wilmer Flores": 0.09357694687109777,
  "Sam Huff": 0.10727779903239043,
  "LaMonte Wade Jr.": 0.10945883026914227,
  "Spencer Steer": 0.09729943310705562,
  "Tyler Fitzgerald": 0.1023193695462298,
  "Jung Hoo Lee": 0.0868307448418057,
  "Santiago Espinal": 0.08368336513826011,
  "Blake Dunn": 0.07851395228173662,
  "Luis Matos": 0.07977449837743955,
  "Gavin Lux": 0.07399705457461232,
  "Austin Wynns": 0.07565121751332776,
  "Mike Yastrzemski": 0.12000000000000001,
  "Patrick Bailey": 0.07361111111111111,
  "Jake Fraley": 0.049999999999999996,
  "TJ Friedl": 0.12000000000000001,
  "Jose Trevino": 0.08392857142857142,
  "Michael Toglia": 0.09734880420126321,
  "Hunter Goodman": 0.11301613468690934,
  "Brandon Lowe": 0.1130560349072378,
  "Ezequiel Tovar": 0.09413535098781001,
  "Brenton Doyle": 0.08517504873923007,
  "Jonathan Aranda": 0.10192789862899101,
  "Ryan McMahon": 0.08747396000037243,
  "Yandy Diaz": 0.08395606406954116,
  "Kameron Misner": 0.08032302003286357,
  "Nick Martini": 0.07189048053303919,
  "Jacob Stallings": 0.056363795511011464,
  "Jonny Deluca": 0.0567237503896352,
  "Jordan Beck": 0.07136608987504128,
  "Jose Caballero": 0.06417892930806304,
  "Ben Rortvedt": 0.05706591646332361,
  "Taylor Walls": 0.0747706464009676,
  "Tyler Freeman": 0.06312321730291316,
  "Kris Bryant": 0.07361111111111111,
  "Junior Caminero": 0.08392857142857142,
  "Christopher Morel": 0.09761904761904762,
  "Kyle Farmer": 0.060000000000000005,
  "Danny Jansen": 0.09761904761904762,
  "Jack Suwinski": 0.10139817944612466,
  "Andrew McCutchen": 0.09070087834471002,
  "Eric Wagaman": 0.0815668069371773,
  "Dane Myers": 0.08143931990574459,
  "Bryan Reynolds": 0.08286802284143106,
  "Enmanuel Valdez": 0.08108494214473078,
  "Endy Rodriguez": 0.0738538507961047,
  "Griffin Conine": 0.07184769621433573,
  "Jonah Bride": 0.06233311400118149,
  "Tommy Pham": 0.08003460942044259,
  "Javier Sanoja": 0.06057148976302531,
  "Derek Hill": 0.05922879413666118,
  "Otto Lopez": 0.05539747392750196,
  "Jared Triolo": 0.06452312016502969,
  "Adam Frazier": 0.05996372624802153,
  "Nick Fortes": 0.06256261552328209,
  "Xavier Edwards": 0.0535821290723445,
  "Isiah Kiner-Falefa": 0.04790143285290264,
  "Ke'Bryan Hayes": 0.060000000000000005,
  "Oneil Cruz": 0.09761904761904762,
  "Joey Bart": 0.07361111111111111,
  "Kyle Stowers": 0.07361111111111111,
  "Matt Mervis": 0.060000000000000005,
  "Graham Pauley": 0.07361111111111111,
  "Mike Trout": 0.167253551679314,
  "Jorge Soler": 0.13626033711587043,
  "Travis d'Arnaud": 0.10844226523540194,
  "Taylor Ward": 0.12031829586972091,
  "Andrew Vaughn": 0.10218596433968256,
  "Luis Robert Jr.": 0.10368757027767578,
  "Andrew Benintendi": 0.09226898251490606,
  "Nick Maton": 0.08794482734753992,
  "Nolan Schanuel": 0.06832174651603669,
  "Luis Rengifo": 0.07431231742178007,
  "Yoan Moncada": 0.08732597411001167,
  "Brooks Baldwin": 0.08414020896084176,
  "Miguel Vargas": 0.07972841434627832,
  "Matt Thaiss": 0.08309558426125213,
  "Jacob Amaya": 0.06338268811305722,
  "Kyren Paris": 0.060297644558533495,
  "Tim Anderson": 0.09545247217661011,
  "Jo Adell": 0.07361111111111111,
  "Lenyn Sosa": 0.07361111111111111,
  "Logan O'Hoppe": 0.08392857142857142,
  "Korey Lee": 0.07361111111111111,
  "Kevin Newman": 0.060000000000000005,
  "Austin Slater": 0.060000000000000005,
  "Michael A. Taylor": 0.07361111111111111,
  "Bobby Witt Jr.": 0.10560193146182058,
  "Salvador Perez": 0.0925714588438442,
  "Kyle Manzardo": 0.08795253115780159,
  "Carlos Santana": 0.08385137241555374,
  "Vinnie Pasquantino": 0.08382086973952006,
  "Lane Thomas": 0.0706652076559709,
  "Hunter Renfroe": 0.08293936243936244,
  "Michael Massey": 0.08236957900702804,
  "Bo Naylor": 0.074183322996024,
  "Jonathan India": 0.07352865618655093,
  "Nolan Jones": 0.05676459723894467,
  "Gabriel Arias": 0.06828469654866542,
  "Steven Kwan": 0.053168538178143356,
  "Daniel Schneemann": 0.05523371890866179,
  "Freddy Fermin": 0.05845169903315703,
  "Maikel Garcia": 0.04815321457241347,
  "Brayan Rocchio": 0.051821997706679536,
  "Kyle Isbel": 0.05353916942385125,
  "Jose Ramirez": 0.06408246225319396,
  "MJ Melendez": 0.07361111111111111,
  "Cavan Biggio": 0.07361111111111111,
  "Byron Buxton": 0.12526632356623074,
  "Willson Contreras": 0.11248516273725953,
  "Matt Wallner": 0.11042871765343541,
  "Nolan Gorman": 0.115017944261393,
  "Carlos Correa": 0.07573429499878885,
  "Lars Nootbaar": 0.09533837789734805,
  "Ryan Jeffers": 0.07064445476566689,
  "Harrison Bader": 0.06363853320474817,
  "Trevor Larnach": 0.07288570271270076,
  "Alec Burleson": 0.072843915911098,
  "Nolan Arenado": 0.0751670993330455,
  "Victor Scott II": 0.0804539546177818,
  "Masyn Winn": 0.060146635738412016,
  "Pedro Pages": 0.08971124961791198,
  "Brendan Donovan": 0.0684577709419752,
  "Ty France": 0.06333708218287323,
  "Jose Miranda": 0.06339026108506922,
  "Willi Castro": 0.06532510208071353,
  "Ivan Herrera": 0.060000000000000005,
  "Jordan Walker": 0.07361111111111111,
  "Rafael Devers": 0.14377455431024405,
  "Kristian Campbell": 0.07663665726165726,
  "Wilyer Abreu": 0.11377354980956506,
  "Joc Pederson": 0.12170684435390318,