{
  "Kyle Schwarber": 0.19797035719268974,
  "Bryce Harper": 0.14686322425898155,
  "Jackson Chourio": 0.10589040474634338,
  "J.T. Realmuto": 0.0976989196176849,
  "Trea Turner": 0.10040942783734469,
  "Andrew Vaughn": 0.09482524475128998,
  "Brandon Marsh": 0.09142254655563789,
  "Max Kepler": 0.09450878458662978,
  "William Contreras": 0.09583468159225736,
  "Danny Jansen": 0.09594733650234834,
  "Harrison Bader": 0.08351350454283532,
  "Isaac Collins": 0.07724533939336571,
  "Alec Bohm": 0.07392694050827611,
  "Bryson Stott": 0.06319513143264792,
  "Andruw Monasterio": 0.060775636879389645,
  "Joey Ortiz": 0.058819262985929655,
  "Caleb Durbin": 0.06364423738052265,
  "Blake Perkins": 0.06040191977691978,
  "Christian Yelich": 0.07361111111111111,
  "Brice Turang": 0.07361111111111111,
  "Sal Frelick": 0.060000000000000005,
  "Shohei Ohtani": 0.16703805110681755,
  "Teoscar Hernandez": 0.07269539199843994,
  "Michael Conforto": 0.07671405120368992,
  "Mookie Betts": 0.072137774251064,
  "Freddie Freeman": 0.08994742494743514,
  "Tommy Pham": 0.061299657734365645,
  "Henry Davis": 0.05967776221622288,
  "Andrew McCutchen": 0.06603976005468187,
  "Andy Pages": 0.0708633906237392,
  "Nick Gonzales": 0.06681378276773013,
  "Bryan Reynolds": 0.07712117539323422,
  "Nick Yorke": 0.05537487671326055,
  "Alexander Canario": 0.06127616817025214,
  "Dalton Rushing": 0.06103820044802575,
  "Jared Triolo": 0.060680930075014045,
  "Cam Devanney": 0.05666761788216582,
  "Miguel Rojas": 0.0458723776486312,
  "Hyeseong Kim": 0.046090711394933245,
  "Jose Ramirez": 0.1252165355037194,
  "Brandon Lowe": 0.13020588310636325,
  "Nolan Jones": 0.07734268934726235,
  "Yandy Diaz": 0.13218172915900026,
  "Josh Lowe": 0.07361111111111111,
  "Gabriel Arias": 0.06908996940436926,
  "Brayan Rocchio": 0.05757959468386835,
  "Kyle Manzardo": 0.13103540257840207,
  "Junior Caminero": 0.16901955026885915,
  "Steven Kwan": 0.062401836811662115,
  "Daniel Schneemann": 0.09426161896300861,
  "Bo Naylor": 0.10723340664355646,
  "Everson Pereira": 0.09094211582327856,
  "Nick Fortes": 0.07057605654577116,
  "Chandler Simpson": 0.03880516309087738,
  "Christopher Morel": 0.13554823326453513,
  "C. J. Kayfus": 0.07041490348507892,
  "Carson Williams": 0.08396289222898794,
  "Jake Mangum": 0.07122474747474748,
  "Matt Wallner": 0.14149986997300867,
  "Colson Montgomery": 0.12499434421411483,
  "Royce Lewis": 0.11285004311906786,
  "Kody Clemens": 0.12015457328524198,
  "Lenyn Sosa": 0.09762008233429659,
  "Trevor Larnach": 0.09588910926592754,
  "Andrew Benintendi": 0.09799861591284542,
  "Brooks Baldwin": 0.09194421238280888,
  "James Outman": 0.09247261258998347,
  "Ryan Jeffers": 0.08270276422017213,
  "Ryan Fitzgerald": 0.09249878963931252,
  "Edgar Quero": 0.07487623786120302,
  "Curtis Mead": 0.07005472094667857,
  "Michael A. Taylor": 0.07213032397027684,
  "Luke Keaschall": 0.07645377329516331,
  "Kyle Teel": 0.07524304723787364,
  "Austin Martin": 0.051338399320122394,
  "Chase Meidroth": 0.05777172720891463,
  "Mike Tauchman": 0.09761904761904762,
  "Brooks Lee": 0.049774114774114774,
  "Aaron Judge": 0.21991060669290333,
  "Giancarlo Stanton": 0.1824894802359656,
  "Ben Rice": 0.1473277968599488,
  "Yordan Alvarez": 0.14461338688499714,
  "Jazz Chisholm Jr.": 0.1351946507695869,
  "Trent Grisham": 0.13801803701712242,
  "Christian Walker": 0.12717757632311577,
  "Austin Wells": 0.12112476606679513,
  "Cody Bellinger": 0.12002894848727638,
  "Yainer Diaz": 0.09737497734083309,
  "Ryan McMahon": 0.10725063471291181,
  "Carlos Correa": 0.09762464225146053,
  "Jose Altuve": 0.0973433319264929,
  "Anthony Volpe": 0.09390205436033434,
  "Jeremy Pena": 0.0791301149550837,
  "Ramon Urias": 0.07222829978811394,
  "Cam Smith": 0.0690819045535167,
  "Mauricio Dubon": 0.05398405229522251,
  "Jesus Sanchez": 0.08392857142857142,
  "Jo Adell": 0.15650031128292,
  "Bobby Witt Jr.": 0.14571162031701432,
  "Salvador Perez": 0.13461851480618547,
  "Vinnie Pasquantino": 0.1266492610616779,
  "Zach Neto": 0.12141392940440618,
  "Mike Yastrzemski": 0.11378228391382024,
  "Mike Trout": 0.1179785746187207,
  "Taylor Ward": 0.10146428695671994,
  "Logan O'Hoppe": 0.09289265367215925,
  "Michael Massey": 0.07840286850909871,
  "Maikel Garcia": 0.08144793942013319,
  "Luis Rengifo": 0.07604774673402125,
  "Chris Taylor": 0.06855029497408596,
  "Oswald Peraza": 0.06682893960106878,
  "Bryce Teodosio": 0.07616211665818441,
  "Adam Frazier": 0.05757835569507755,
  "Kyle Isbel": 0.056725656589787024,
  "Jac Caglianone": 0.09761904761904762,
  "Travis d'Arnaud": 0.09761904761904762
}