{
  "Matt Olson": 0.16509582389511912,
  "Corbin Carroll": 0.15176986794635683,
  "Ronald Acuna Jr.": 0.12908842089331754,
  "Austin Riley": 0.1357957193527636,
  "Marcell Ozuna": 0.1174389449004457,
  "Ketel Marte": 0.1184436184434105,
  "Eugenio Suarez": 0.11901349140360165,
  "Ozzie Albies": 0.09444318342168616,
  "Drake Baldwin": 0.10070949920493188,
  "Josh Naylor": 0.09841847151648814,
  "Michael Harris II": 0.08836158095731729,
  "Lourdes Gurriel Jr.": 0.08164416129579313,
  "Pavin Smith": 0.08415747653238287,
  "Alex Verdugo": 0.06788459339454761,
  "Geraldo Perdomo": 0.06840244963849429,
  "Jose Herrera": 0.057273634139246785,
  "Alek Thomas": 0.06694981761792107,
  "Nick Allen": 0.043048459007131584,
  "Bobby Witt Jr.": 0.12219720500964155,
  "Salvador Perez": 0.10275500177491695,
  "Masyn Winn": 0.09586530244472725,
  "Lars Nootbaar": 0.09493456792512928,
  "Nolan Arenado": 0.08965616441420242,
  "Vinnie Pasquantino": 0.09351835672173475,
  "Jac Caglianone": 0.09085293865783567,
  "Willson Contreras": 0.09404926722295165,
  "Ivan Herrera": 0.08184695550881971,
  "Alec Burleson": 0.07553967211186462,
  "Pedro Pages": 0.07390148858233964,
  "Michael Massey": 0.06147990366798448,
  "Jonathan India": 0.06456274576687561,
  "Brendan Donovan": 0.07652423290503786,
  "Ryan Vilade": 0.05669607772872651,
  "Maikel Garcia": 0.06327366327366327,
  "Kyle Isbel": 0.05406232810256863,
  "Drew Waters": 0.05676257948985222,
  "Kerry Carpenter": 0.1610108112755608,
  "Spencer Torkelson": 0.13055570693790294,
  "Andrew Benintendi": 0.09122230222195721,
  "Gleyber Torres": 0.09385157475880278,
  "Joshua Palacios": 0.0953839027406683,
  "Parker Meadows": 0.10732171983618527,
  "Javier Baez": 0.1108961037547625,
  "Mike Tauchman": 0.0876100212960992,
  "Wenceel Perez": 0.11374760799509354,
  "Tim Elko": 0.09679298391673448,
  "Edgar Quero": 0.08568477052280604,
  "Jake Rogers": 0.10126497938997939,
  "Trey Sweeney": 0.1088336987687637,
  "Zach McKinstry": 0.08428853947470968,
  "Josh Rojas": 0.07725343004948268,
  "Michael A. Taylor": 0.08122771401203081,
  "Chase Meidroth": 0.0656847443336805,
  "Vinny Capra": 0.07606430606430607,
  "Kyle Schwarber": 0.16281271388866228,
  "Bryce Harper": 0.13216129377133845,
  "Vladimir Guerrero Jr.": 0.12062309200167101,
  "Max Kepler": 0.09880086489351113,
  "George Springer": 0.09883935927034146,
  "Bo Bichette": 0.08591650523598097,
  "Nick Castellanos": 0.0829225442720451,
  "Brandon Marsh": 0.07505965486357644,
  "Trea Turner": 0.07704965832416813,
  "Alejandro Kirk": 0.07578854069468062,
  "Davis Schneider": 0.08040002290031391,
  "Alec Bohm": 0.07019488005116971,
  "Bryson Stott": 0.06860617052836032,
  "Ernie Clement": 0.06168250388097569,
  "Jonatan Clase": 0.06556785906303447,
  "Rafael Marchan": 0.06528475168826046,
  "Tyler Heineman": 0.05548593932742882,
  "Myles Straw": 0.04487121844195173,
  "Matt Wallner": 0.14981771617537168,
  "Byron Buxton": 0.14787417836637065,
  "Brent Rooker": 0.12268120457643074,
  "Kody Clemens": 0.1250839056616851,
  "Shea Langeliers": 0.1206764547418626,
  "Lawrence Butler": 0.113191712290977,
  "Tyler Soderstrom": 0.11094945426975229,
  "Ryan Jeffers": 0.10192396224318749,
  "Trevor Larnach": 0.09905647774928034,
  "Brooks Lee": 0.07488033577910488,
  "Willi Castro": 0.07943936916202321,
  "Willie MacIver": 0.06582233870248334,
  "Harrison Bader": 0.0681388279304946,
  "Max Muncy (2002)": 0.05946991889646529,
  "Denzel Clarke": 0.06193089576157702,
  "Max Schuemann": 0.05363279246028012,
  "Jacob Wilson": 0.05420802661223812,
  "Ty France": 0.06793747537650327,
  "Cal Raleigh": 0.1548972716165137,
  "Gunnar Henderson": 0.12525231579144114,
  "Julio Rodriguez": 0.10380063699255333,
  "Jorge Polanco": 0.09414317649563551,
  "Adley Rutschman": 0.08435837731197098,
  "Ryan O'Hearn": 0.09887544934486887,
  "Randy Arozarena": 0.09317215452369318,
  "Jackson Holliday": 0.0807723214171234,
  "Heston Kjerstad": 0.09901372494063099,
  "Rowdy Tellez": 0.07970311048600523,
  "Leody Taveras": 0.059716418736883936,
  "J.P. Crawford": 0.061241543854753555,
  "Dylan Carlson": 0.07078049494062932,
  "Jorge Mateo": 0.076023988005997,
  "Cole Young": 0.052207258321388755,
  "Emmanuel Rivera": 0.06938461538461539,
  "Miles Mastrobuoni": 0.043177433370803535,
  "Maverick Handley": 0.05452631578947369,
  "Dylan Moore": 0.008264462809917356,
  "Manny Machado": 0.10571895720011928,
  "Fernando Tatis Jr.": 0.09008518170044935,
  "Matt Chapman": 0.10123629919781618,
  "Jackson Merrill": 0.08068428039807754,
  "Heliot Ramos": 0.08201493627418796,
  "Willy Adames": 0.06848631916401589,
  "Jake Cronenworth": 0.06205585640710729,
  "Jerar Encarnaci\u00f3n": 0.0804397063417682,
  "Gavin Sheets": 0.057203299389768036,
  "Dominic Smith": 0.06163579091855666,
  "Jung Hoo Lee": 0.06485319323776854,
  "Tyler Fitzgerald": 0.06364794186928574,
  "Jose Iglesias": 0.05252034066442463,
  "Martin Maldonado": 0.06284869976359338,
  "Brandon Lockridge": 0.05367408557625949,
  "Luis Arraez": 0.045637613851295694,
  "Bryce Johnson": 0.11428571428571428,
  "Wilmer Flores": 0.038264721208963,
  "Mike Yastrzemski": 0.049774114774114774,
  "Shohei Ohtani": 0.18108867227801623,
  "Pete Alonso": 0.1821907221907222,
  "Juan Soto": 0.1582677456006128,
  "Brandon Nimmo": 0.1240337138641168,
  "Andy Pages": 0.09726098239725176,
  "Teoscar Hernandez": 0.1146378243115502,
  "Francisco Alvarez": 0.10388656302176875,
  "Brett Baty": 0.08701270343852321,
  "Will Smith": 0.09579838078884764,
  "Mookie Betts": 0.08921120938541247,
  "Tyrone Taylor": 0.0885336008273263,
  "Jeff McNeil": 0.08680587405157648,
  "Enrique Hernandez": 0.09964896214896214,
  "Tommy Edman": 0.09754972426343393,
  "Starling Marte": 0.08240154698468566,
  "Michael Conforto": 0.08784723637664815,
  "Luisangel Acu\u00f1a": 0.05938557687748693,
  "Miguel Rojas": 0.05644535519125683,
  "Freddie Freeman": 0.06509031198686371,
  "Max Muncy": 0.06951910408432148,
  "Christian Walker": 0.09542842107540356,
  "Isaac Paredes": 0.07472527583662711,
  "Oneil Cruz": 0.0790979208003346,
  "Cam Smith": 0.05839797413094465,
  "Jacob Melton": 0.06610666606121152,
  "Yainer Diaz": 0.06400469118720392,
  "Jeremy Pena": 0.06144442180119876,
  "Andrew McCutchen": 0.0639103450567224,
  "Jose Altuve": 0.056172258084352146,
  "Jake Meyers": 0.051635716590262046,
  "Bryan Reynolds": 0.05822433324413523,
  "Nick Gonzales": 0.053590589670355133,
  "Ke'Bryan Hayes": 0.05370545309220143,
  "Jared Triolo": 0.05249349235019125,
  "Mauricio Dubon": 0.05590681785534727,
  "Henry Davis": 0.054569597033711864,
  "Tommy Pham": 0.050699123528486094,
  "Isiah Kiner-Falefa": 0.03723664358121561,
  "Endy Rodriguez": 0.04275482093663912,
  "Victor Caratini": 0.07361111111111111,
  "Alexander Canario": 0.044115226337448556,
  "Kyle Tucker": 0.13482128462689597,
  "Seiya Suzuki": 0.13123586539553161,
  "Pete Crow-Armstrong": 0.1196280861675126,
  "James Wood": 0.12158652406913051,
  "Ian Happ": 0.12095625010354794,
  "Michael Busch": 0.12211795240886472,
  "CJ Abrams": 0.10642416209511332,
  "Dansby Swanson": 0.09089666059260919,
  "Josh Bell": 0.09825079148315743,
  "Luis Garcia Jr.": 0.07929266672215829,
  "Nathaniel Lowe": 0.08493047900137453,
  "Keibert Ruiz": 0.06627615099109631,
  "Alex Call": 0.05454491270696805,
  "Robert Hassell III": 0.05618484239788948,
  "Amed Rosario": 0.0658830287046901,
  "Matt Shaw": 0.05469535569113826,
  "Reese McGuire": 0.054705416872138854,
  "Nico Hoerner": 0.046969673686896626,
  "Jose Tena": 0.060000000000000005,
  "Daylen Lile": 0.060000000000000005,
  "Aaron Judge": 0.22006777724486012,
  "Ben Rice": 0.16694639770396413,
  "Trent Grisham": 0.15755366788472452,
  "Jazz Chisholm Jr.": 0.1287023673027117,
  "Austin Wells": 0.12904428681335983,
  "Cody Bellinger": 0.12555145960286287,
  "Jasson Dom\u00ednguez": 0.1114489866100183,
  "Jose Ramirez": 0.10139153318817991,
  "Anthony Volpe": 0.08751368556408928,
  "Bo Naylor": 0.08041900351110878,