{
  "Rafael Devers": 0.1483702857891369,
  "Matt Chapman": 0.1427601667113614,
  "Willy Adames": 0.13782134973689442,
  "Vladimir Guerrero Jr.": 0.12435849599963375,
  "George Springer": 0.12477504513736398,
  "Heliot Ramos": 0.1194879917512069,
  "Mike Yastrzemski": 0.10950957165299896,
  "Bo Bichette": 0.10862772553309406,
  "Davis Schneider": 0.09700616585092907,
  "Alejandro Kirk": 0.09256117237712745,
  "Addison Barger": 0.09027243893160988,
  "Jung Hoo Lee": 0.07625216033777478,
  "Ernie Clement": 0.08663954640982846,
  "Andrew Knizner": 0.07313988217413386,
  "Leo Jimenez": 0.0747850135531295,
  "Dominic Smith": 0.0768730404874918,
  "Brett Wisely": 0.08170449569179516,
  "Myles Straw": 0.049531921424186616,
  "Will Wagner": 0.08392857142857142,
  "Jordan Westburg": 0.13313120887919497,
  "Junior Caminero": 0.137117616320095,
  "Gunnar Henderson": 0.12756787049583934,
  "Tyler O'Neill": 0.14212548458457025,
  "Yandy Diaz": 0.12543359925108774,
  "Christopher Morel": 0.12320222141153583,
  "Colton Cowser": 0.11361858297267997,
  "Ramon Laureano": 0.1092719761703662,
  "Danny Jansen": 0.09914588911700689,
  "Ryan O'Hearn": 0.10194375351731427,
  "Cedric Mullins": 0.1167183876065455,
  "Jackson Holliday": 0.10103301413656264,
  "Ha-Seong Kim": 0.08824528999798432,
  "Alex Jackson": 0.08051448858371778,
  "Jose Caballero": 0.06425317442053696,
  "Taylor Walls": 0.06503427128427129,
  "Jake Mangum": 0.0636189544341167,
  "Chandler Simpson": 0.06152534113060429,
  "Aaron Judge": 0.2329636926859149,
  "Giancarlo Stanton": 0.15305943631734548,
  "Ronald Acuna Jr.": 0.1376756248785259,
  "Matt Olson": 0.14974805912289585,
  "Jazz Chisholm Jr.": 0.11895168383841884,
  "Cody Bellinger": 0.11495866653491588,
  "Drake Baldwin": 0.09817572303981101,
  "Ben Rice": 0.1104556062161269,
  "Ozzie Albies": 0.09454295882733735,
  "Marcell Ozuna": 0.11031249152528166,
  "Paul Goldschmidt": 0.10521129260739506,
  "Jurickson Profar": 0.09139957123560401,
  "Jasson Dom\u00ednguez": 0.09840472576779752,
  "Michael Harris II": 0.08888226547241411,
  "Nacho Alvarez Jr.": 0.0697771106381085,
  "Anthony Volpe": 0.08179925282111153,
  "Jorbit Vivas": 0.061876397753591994,
  "Nick Allen": 0.06703065355696934,
  "Oneil Cruz": 0.1354270983488813,
  "Luis Robert Jr.": 0.1151469316556711,
  "Miguel Vargas": 0.10138988069554657,
  "Bryan Reynolds": 0.10210717266283853,
  "Michael A. Taylor": 0.11316421490032601,
  "Austin Slater": 0.09489932155393196,
  "Spencer Horwitz": 0.09482684865690073,
  "Andrew McCutchen": 0.10023261530928315,
  "Jack Suwinski": 0.11412476412476413,
  "Lenyn Sosa": 0.09127611593907826,
  "Joey Bart": 0.08180085064324857,
  "Colson Montgomery": 0.08905547314638224,
  "Edgar Quero": 0.08949261253008838,
  "Nick Gonzales": 0.083531988263834,
  "Chase Meidroth": 0.07284102145275623,
  "Mike Tauchman": 0.09102899884595432,
  "Ke'Bryan Hayes": 0.06481113528437855,
  "Isiah Kiner-Falefa": 0.06163626953046816,
  "Kyle Schwarber": 0.1694944605522521,
  "Mike Trout": 0.13210124736492376,
  "Jorge Soler": 0.1241039872739219,
  "Bryce Harper": 0.13676603123971545,
  "Jo Adell": 0.12604928737986612,
  "Zach Neto": 0.11521088630899776,
  "Taylor Ward": 0.11477034508982624,
  "Logan O'Hoppe": 0.10387912374521951,
  "Trea Turner": 0.09454775894767063,
  "Max Kepler": 0.0971898990267744,
  "Nick Castellanos": 0.09638505761997657,
  "Rafael Marchan": 0.06937686841847847,
  "Otto Kemp": 0.08616938140726323,
  "Brandon Marsh": 0.09644795861340495,
  "Nolan Schanuel": 0.0648043209400219,
  "Luis Rengifo": 0.07363477906956167,
  "Bryson Stott": 0.06368299666623622,
  "Kevin Newman": 0.07090094176343137,
  "Manny Machado": 0.14188940957752583,
  "James Wood": 0.1251000674332865,
  "Fernando Tatis Jr.": 0.11688050404141742,
  "CJ Abrams": 0.10091635930978662,
  "Luis Garcia Jr.": 0.10460241190879971,
  "Nathaniel Lowe": 0.0908526871318785,
  "Paul DeJong": 0.09714319794835093,
  "Riley Adams": 0.0925126375085566,
  "Jackson Merrill": 0.08425165975269948,
  "Xander Bogaerts": 0.07737825642981248,
  "Gavin Sheets": 0.07469322486290955,
  "Daylen Lile": 0.07830636895157404,
  "Jake Cronenworth": 0.08006343980080963,
  "Alex Call": 0.06536077716141551,
  "Elias Diaz": 0.07160233954366763,
  "Jacob Young": 0.06539111965856577,
  "Jose Iglesias": 0.0623887691712196,
  "Luis Arraez": 0.0678415475223002,
  "Francisco Lindor": 0.14133641724821772,
  "Juan Soto": 0.13522550982917073,
  "Mark Vientos": 0.12894010013192367,
  "Brandon Nimmo": 0.109271882200059,
  "Austin Hays": 0.09694305568458045,
  "Matt McLain": 0.0941624240428409,
  "Elly De La Cruz": 0.09061638293752572,
  "Tyler Stephenson": 0.09442877510222862,
  "Noelvi Marte": 0.09070779426568931,
  "Spencer Steer": 0.08154787021678775,
  "Brett Baty": 0.08315048425423702,
  "Tyrone Taylor": 0.08383908794007154,
  "Luis Torrens": 0.0909800701847218,
  "TJ Friedl": 0.07142195225220643,
  "Jeff McNeil": 0.06882010072130165,
  "Luisangel Acu\u00f1a": 0.076750675275253,
  "Connor Joe": 0.060744294424467306,
  "Santiago Espinal": 0.07077216724053902,
  "Nick Kurtz": 0.1453563713267721,
  "Jose Ramirez": 0.1194277656301741,
  "Brent Rooker": 0.11545455102634666,
  "Shea Langeliers": 0.11477583483148505,
  "David Fry": 0.10385850182755728,
  "Lawrence Butler": 0.10910924884070433,
  "Carlos Santana": 0.10722520098891454,
  "Tyler Soderstrom": 0.09901057249229196,
  "Johnathan Rodriguez": 0.08210145475314881,
  "Austin Hedges": 0.07463747603819419,
  "Nolan Jones": 0.08413761875596869,
  "Will Wilson": 0.0674537341095773,
  "Angel Martinez": 0.09249929073733598,
  "Denzel Clarke": 0.06696641802969001,
  "Gio Urshela": 0.069001145213411,
  "Max Schuemann": 0.06981001685682815,
  "Brayan Rocchio": 0.06706543833191266,
  "Jacob Wilson": 0.06476983623075892,
  "Miguel Andujar": 0.060000000000000005,
  "Max Muncy (2002)": 0.08392857142857142,
  "Bobby Witt Jr.": 0.12120472924820752,
  "Agust\u00edn Ram\u00edrez": 0.10418018000761639,
  "Vinnie Pasquantino": 0.09960110018240126,
  "Kyle Stowers": 0.10266529697501658,
  "Salvador Perez": 0.10697793828619923,
  "Jonathan India": 0.08822927954253937,
  "Jac Caglianone": 0.09300400265528702,
  "Heriberto Hernandez": 0.07037852818601481,
  "Eric Wagaman": 0.07969612527807735,
  "Otto Lopez": 0.0723341717229839,
  "Jesus Sanchez": 0.07204388517512177,
  "Dane Myers": 0.07711733942327448,
  "Adam Frazier": 0.06392403535608428,
  "Maikel Garcia": 0.06444277002489429,
  "Freddy Fermin": 0.06852444710774651,
  "Kyle Isbel": 0.07151953678156382,
  "Javier Sanoja": 0.07303540903540903,
  "Xavier Edwards": 0.059492827250264314,
  "Ian Happ": 0.061891579966442706,
  "Nico Hoerner": 0.06795669134178452,
  "Jarren Duran": 0.09249148189139358,
  "Trevor Story": 0.0866388767997679,
  "Seiya Suzuki": 0.08791639276681715,
  "Ceddanne Rafaela": 0.08404755014483375,
  "Wilyer Abreu": 0.09905638356032138,
  "Pete Crow-Armstrong": 0.07720872055669774,
  "Dansby Swanson": 0.063349528119913,
  "Kyle Tucker": 0.0787451149132799,
  "Marcelo Mayer": 0.06913640134708425,
  "Carlos Narvaez": 0.08043075032166572,
  "Roman Anthony": 0.0799083857620228,
  "Carson Kelly": 0.07109718566080975,
  "Romy Gonzalez": 0.06282000228500383,
  "Masataka Yoshida": 0.06412645571832779,
  "Matt Shaw": 0.06157407407407408,
  "Justin Turner": 0.05998211279837052,
  "Matt Wallner": 0.17336666083227473,
  "Kody Clemens": 0.18446990719717993,
  "Hunter Goodman": 0.1564868673418452,
  "Mickey Moniak": 0.13430630322990336,
  "Michael Toglia": 0.12824942866112213,
  "Ryan McMahon": 0.12922826787766659,
  "Royce Lewis": 0.13684469213204845,
  "Trevor Larnach": 0.12637412775093934,
  "Carlos Correa": 0.11705875905848094,
  "Willi Castro": 0.10458984648354053,
  "Jordan Beck": 0.10297041987578841,
  "Yanquiel Fern\u00e1ndez": 0.09460168010271981,
  "Harrison Bader": 0.1017816817686821,
  "Ty France": 0.09916176119434411,
  "Orlando Arcia": 0.07637880751450848,
  "Kyle Farmer": 0.08716042318983495,
  "Austin Nola": 0.062359381625452924,