{
  "Bryan Reynolds": 0.10412523271206628,
  "Jack Suwinski": 0.10724368241830987,
  "Ronny Simon": 0.08028354134284409,
  "Mickey Moniak": 0.08144772496987629,
  "Hunter Goodman": 0.09580407700726738,
  "Andrew McCutchen": 0.10152805176018743,
  "Ezequiel Tovar": 0.06468963665275441,
  "Jared Triolo": 0.07690814772800729,
  "Spencer Horwitz": 0.09221317173213557,
  "Henry Davis": 0.07922298671384964,
  "Nick Gonzales": 0.07657650796068219,
  "Brenton Doyle": 0.06427136794231392,
  "Jordan Beck": 0.06913093795375837,
  "Warming Bernabel": 0.07531454361241595,
  "Kyle Karros": 0.05942138156373781,
  "Braxton Fulford": 0.07102147300822798,
  "Tyler Freeman": 0.053333318148930144,
  "Isiah Kiner-Falefa": 0.057539682539682536,
  "Junior Caminero": 0.1493453543706564,
  "Yandy Diaz": 0.12548702319935046,
  "Willson Contreras": 0.13091175649245598,
  "Brandon Lowe": 0.11035355997573898,
  "Christopher Morel": 0.14584147051769625,
  "Alec Burleson": 0.11640084761687516,
  "Nolan Gorman": 0.11313655575735916,
  "Lars Nootbaar": 0.11855055509586539,
  "Ivan Herrera": 0.10335358249238435,
  "Everson Pereira": 0.0890115871203503,
  "Thomas Saggese": 0.07738675751339556,
  "Carson Williams": 0.08611079085722283,
  "Pedro Pages": 0.09905702257924016,
  "Jordan Walker": 0.09141371202713833,
  "Masyn Winn": 0.07936773897954842,
  "Josh Lowe": 0.08466479000841261,
  "Nick Fortes": 0.07783188171490771,
  "Chandler Simpson": 0.054179091638575,
  "Nathan Church": 0.060000000000000005,
  "Juan Soto": 0.14548509734942877,
  "Pete Alonso": 0.15299981288468623,
  "Francisco Lindor": 0.11764927553680594,
  "Ronald Acuna Jr.": 0.11815763820081347,
  "Matt Olson": 0.11116109225967398,
  "Sean Murphy": 0.09799311409750654,
  "Mark Vientos": 0.1073981169682022,
  "Marcell Ozuna": 0.09635197405451991,
  "Brett Baty": 0.08742353491709148,
  "Cedric Mullins": 0.0888908549267341,
  "Ronny Mauricio": 0.09137802415830176,
  "Jurickson Profar": 0.08131019433658902,
  "Jeff McNeil": 0.08489558349230947,
  "Ozzie Albies": 0.07406448256750059,
  "Michael Harris II": 0.0736800818122244,
  "Luis Torrens": 0.07135153830283716,
  "Nacho Alvarez Jr.": 0.05650143796236065,
  "Nick Allen": 0.057867521367521366,
  "Brandon Nimmo": 0.07361111111111111,
  "Starling Marte": 0.060000000000000005,
  "Gunnar Henderson": 0.14475120119390303,
  "Colton Cowser": 0.15111824955840236,
  "Christian Walker": 0.1287158732599994,
  "Samuel Basallo": 0.10898575296256165,
  "Ryan Mountcastle": 0.10169772444451337,
  "Jeremiah Jackson": 0.08827034491796008,
  "Yainer Diaz": 0.09481632638624311,
  "Carlos Correa": 0.09691388253489785,
  "Jose Altuve": 0.08956163697354035,
  "Dylan Beavers": 0.1045050719581236,
  "Jeremy Pena": 0.08005288446254273,
  "Alex Jackson": 0.09833720954565102,
  "Chas McCormick": 0.07371321042573244,
  "Luis Vazquez": 0.08579975579975581,
  "Ramon Urias": 0.07501868897336876,
  "Cam Smith": 0.06658932280330682,
  "Mauricio Dubon": 0.057136269046094354,
  "Jackson Holliday": 0.09761904761904762,
  "Coby Mayo": 0.09761904761904762,
  "Dylan Carlson": 0.07361111111111111,
  "Kyle Schwarber": 0.2668944860154526,
  "Bryce Harper": 0.20584279129445235,
  "Paul DeJong": 0.11364280178475074,
  "Nick Castellanos": 0.11654982113910792,
  "James Wood": 0.11858247737677365,
  "Brandon Marsh": 0.12096750048537858,
  "Trea Turner": 0.10549016162330421,
  "Harrison Bader": 0.0989185640477846,
  "Riley Adams": 0.10688742795229468,
  "Alec Bohm": 0.09774976472881898,
  "Dylan Crews": 0.09354071737776398,
  "Bryson Stott": 0.09480553951215133,
  "Andr\u00e9s Chaparro": 0.10135683937488893,
  "CJ Abrams": 0.0970591691215101,
  "Robert Hassell III": 0.08043292193393349,
  "Rafael Marchan": 0.07979337654645764,
  "Brady House": 0.07720638158226487,
  "Jacob Young": 0.04773351648351648,
  "Josh Bell": 0.10757575757575757,
  "Kerry Carpenter": 0.13907033235513946,
  "Bobby Witt Jr.": 0.13157177325378547,
  "Riley Greene": 0.12110615745733014,
  "Salvador Perez": 0.10926256895897914,
  "Vinnie Pasquantino": 0.11848588138619953,
  "Spencer Torkelson": 0.1187274331109538,
  "Mike Yastrzemski": 0.09857448122795827,
  "Wenceel Perez": 0.10040340583045715,
  "Dillon Dingler": 0.08659691874499223,
  "Zach McKinstry": 0.07727212387154034,
  "Jahmai Jones": 0.08210825468511763,
  "Javier Baez": 0.07113924592293058,
  "Trey Sweeney": 0.07303482235561763,
  "Jonathan India": 0.07013081389958556,
  "Maikel Garcia": 0.06655077505883174,
  "Kyle Isbel": 0.05562689447733136,
  "Luke Maile": 0.0570620796216574,
  "Adam Frazier": 0.055900931299714476,
  "Colt Keith": 0.08392857142857142,
  "Gleyber Torres": 0.08392857142857142,
  "Daulton Varsho": 0.1480764922048805,
  "George Springer": 0.14334438508920747,
  "Agust\u00edn Ram\u00edrez": 0.11445996082127025,
  "Bo Bichette": 0.10340924366563073,
  "Troy Johnston": 0.07839352705972806,
  "Ty France": 0.07870014371806501,
  "Nathan Lukes": 0.0771134725265541,
  "Heriberto Hernandez": 0.08507483116581253,
  "Davis Schneider": 0.09947904283712865,
  "Jakob Marsee": 0.07800763619570783,
  "Andres Gimenez": 0.07707368167894484,
  "Otto Lopez": 0.07149257226363152,
  "Ernie Clement": 0.07916348542437772,
  "Eric Wagaman": 0.07654220779220779,
  "Liam Hicks": 0.07087186229097299,
  "Javier Sanoja": 0.07805797101449276,
  "Tyler Heineman": 0.0844920634920635,
  "Xavier Edwards": 0.05454709006097297,
  "Willy Adames": 0.14287840686281938,
  "Matt Chapman": 0.1274587627995343,
  "Andrew Vaughn": 0.11829538190213469,
  "Christian Yelich": 0.09646621602675859,
  "Danny Jansen": 0.10984132510036766,
  "William Contreras": 0.10818401464517448,
  "Heliot Ramos": 0.09793506550070999,
  "Casey Schmitt": 0.09728831859639969,
  "Caleb Durbin": 0.08610945327031835,
  "Dominic Smith": 0.08187394715219912,
  "Luis Matos": 0.07151111349100295,
  "Wilmer Flores": 0.08282030294280235,
  "Brandon Lockridge": 0.06829375392959927,
  "Andruw Monasterio": 0.06578924662781312,
  "Brice Turang": 0.06597923483968443,
  "Andrew Knizner": 0.07051727602460103,
  "Sal Frelick": 0.0620143504220063,
  "Jung Hoo Lee": 0.07183642367629173,
  "Byron Buxton": 0.1738704674672002,
  "Kody Clemens": 0.1355030968515327,
  "Colson Montgomery": 0.1272099137264971,
  "Royce Lewis": 0.12877089726546512,
  "Trevor Larnach": 0.11793439411827866,
  "Ryan Jeffers": 0.10406983321776468,
  "Miguel Vargas": 0.1192811274507063,
  "Luis Robert Jr.": 0.12639314650524885,
  "Andrew Benintendi": 0.10875524359032605,
  "Brooks Lee": 0.1022412543854002,
  "Luke Keaschall": 0.08374066934786575,
  "Mike Tauchman": 0.09399050023008818,
  "Kyle Teel": 0.09398419492163097,
  "Edouard Julien": 0.08446639347778177,
  "Edgar Quero": 0.08042971340953528,
  "Austin Martin": 0.059740835405729026,
  "Curtis Mead": 0.11555977229601518,
  "Chase Meidroth": 0.10047846889952154,
  "Corey Seager": 0.13294299509997523,
  "Jose Ramirez": 0.12395363500072229,
  "Adolis Garcia": 0.11862777358325757,
  "Kyle Manzardo": 0.1156444240597354,
  "Kyle Higashioka": 0.10974885966963815,
  "Joc Pederson": 0.11483626506576412,
  "Wyatt Langford": 0.12407445940261419,
  "Bo Naylor": 0.09826978933982153,
  "C. J. Kayfus": 0.0908984438263995,
  "Daniel Schneemann": 0.08969351207538442,
  "Gabriel Arias": 0.08400700109567898,
  "Rowdy Tellez": 0.09118235917289369,
  "Angel Martinez": 0.07568446417051866,
  "Josh Smith": 0.06914578918071525,
  "Josh Jung": 0.07427861171796733,
  "Ezequiel Duran": 0.053975090117784646,
  "Steven Kwan": 0.06434992941778533,
  "Brayan Rocchio": 0.06437922644196728,
  "Carlos Santana": 0.09761904761904762,
  "Cody Freeman": 0.08392857142857142,
  "Jo Adell": 0.1905587625943357,
  "Mike Trout": 0.17499112519627294,
  "Michael Busch": 0.1693489342063715,
  "Pete Crow-Armstrong": 0.1593238165708877,
  "Taylor Ward": 0.13887589209520562,
  "Zach Neto": 0.14646748268062929,
  "Seiya Suzuki": 0.16841436472787288,
  "Kyle Tucker": 0.16029535872636222,
  "Ian Happ": 0.1412223143788781,
  "Dansby Swanson": 0.10666438744579482,