{
  "Matt Olson": 0.15821846484421895,
  "Austin Riley": 0.13449970397375727,
  "Marcell Ozuna": 0.14436638970073923,
  "Nolan Gorman": 0.14341206777144888,
  "Michael Harris II": 0.11436875760405173,
  "Willson Contreras": 0.10555982055323293,
  "Jarred Kelenic": 0.10322264347389903,
  "Lars Nootbaar": 0.09807577326273541,
  "Ozzie Albies": 0.09204530786632899,
  "Jordan Walker": 0.08800993966046387,
  "Alec Burleson": 0.08083573003552559,
  "Yohel Pozo": 0.06952885696201204,
  "Drake Baldwin": 0.08166684350823353,
  "Eli White": 0.06757214497128944,
  "Nolan Arenado": 0.07398930849868363,
  "Victor Scott II": 0.07381053879304639,
  "Masyn Winn": 0.06031315313450007,
  "Nick Allen": 0.049254332640110914,
  "Sean Murphy": 0.12568542568542568,
  "Pedro Pages": 0.08444444444444445,
  "Alex Verdugo": 0.10035612535612536,
  "Matt Mervis": 0.10401762735509396,
  "Jesus Sanchez": 0.10349374346279357,
  "Jeimer Candelario": 0.0822693203782555,
  "Matt McLain": 0.0829070082100385,
  "Elly De La Cruz": 0.09756672669057385,
  "Kyle Stowers": 0.08643946089473133,
  "Eric Wagaman": 0.06722462285375994,
  "Gavin Lux": 0.06177059677562047,
  "TJ Friedl": 0.06422292559470927,
  "Noelvi Marte": 0.061453445732412466,
  "Liam Hicks": 0.053062679774058125,
  "Spencer Steer": 0.06421683018517899,
  "Austin Wynns": 0.04927366319838284,
  "Otto Lopez": 0.06009756723660259,
  "Jake Fraley": 0.05895689730699644,
  "Graham Pauley": 0.06395069867939852,
  "Xavier Edwards": 0.054829593575387095,
  "Dane Myers": 0.08166666666666667,
  "Connor Norby": 0.10035612535612536,
  "Jose Trevino": 0.060000000000000005,
  "Austin Hays": 0.10462962962962963,
  "Agust\u00edn Ram\u00edrez": 0.08761904761904761,
  "Aaron Judge": 0.2020760360219458,
  "Ben Rice": 0.11913248833807931,
  "Jazz Chisholm Jr.": 0.11101394472069326,
  "Jose Ramirez": 0.12018585250542148,
  "Cody Bellinger": 0.09333024448887102,
  "Austin Wells": 0.09438022168279853,
  "Paul Goldschmidt": 0.0878537746378122,
  "Carlos Santana": 0.09091824030420521,
  "Jasson Dom\u00ednguez": 0.08842753550955043,
  "Jhonkensy Noel": 0.10043600030077995,
  "Gabriel Arias": 0.0787886878975988,
  "Austin Hedges": 0.06759829905355323,
  "Angel Martinez": 0.06282094701174153,
  "Anthony Volpe": 0.06368145809333306,
  "Oswaldo Cabrera": 0.06063338249197343,
  "Brayan Rocchio": 0.05705236308917474,
  "Steven Kwan": 0.05435759935992825,
  "Kyle Manzardo": 0.1272727272727273,
  "Spencer Torkelson": 0.1355403976973778,
  "Fernando Tatis Jr.": 0.11541816652953597,
  "Gleyber Torres": 0.08535739055978743,
  "Riley Greene": 0.08497707083767438,
  "Manny Machado": 0.08135325355395778,
  "Andy Ibanez": 0.08936597765001418,
  "Justyn-Henry Malloy": 0.07573277030334473,
  "Javier Baez": 0.08778153567603922,
  "Dillon Dingler": 0.07518892585546277,
  "Tirso Ornelas": 0.06494095404652589,
  "Trey Sweeney": 0.06215370746810733,
  "Zach McKinstry": 0.05742010508930399,
  "Gavin Sheets": 0.06205244633203873,
  "Martin Maldonado": 0.05951834420315326,
  "Xander Bogaerts": 0.06286147737030756,
  "Oscar Gonzalez": 0.05633357528149822,
  "Tyler Wade": 0.04250009080672697,
  "Jose Iglesias": 0.04374254337068982,
  "Connor Joe": 0.08166666666666667,
  "Tomas Nido": 0.08444444444444445,
  "Pete Alonso": 0.12520180264838737,
  "Kyle Schwarber": 0.11596574626216943,
  "Juan Soto": 0.13391670492130803,
  "Francisco Lindor": 0.1266069253185273,
  "Mark Vientos": 0.09776525362882432,
  "Bryce Harper": 0.09476359150810337,
  "Brandon Nimmo": 0.09987479182791735,
  "Trea Turner": 0.09050099060221904,
  "Nick Castellanos": 0.08894254904377748,
  "Jesse Winker": 0.06418812095995893,
  "J.T. Realmuto": 0.07567166992441174,
  "Alec Bohm": 0.07349478649250757,
  "Tyrone Taylor": 0.06498947034763801,
  "Brett Baty": 0.06238520370283023,
  "Weston Wilson": 0.06353397903735535,
  "Edmundo Sosa": 0.06500447567433214,
  "Hayden Senger": 0.05733772299143671,
  "Johan Rojas": 0.05131847620978056,
  "Luisangel Acu\u00f1a": 0.09074074074074073,
  "Tyler O'Neill": 0.14793648167524712,
  "Gunnar Henderson": 0.1272794694806615,
  "James Wood": 0.109691928194602,
  "Cedric Mullins": 0.10623602028893332,
  "Heston Kjerstad": 0.1048479156399591,
  "Adley Rutschman": 0.10604966495100304,
  "Jordan Westburg": 0.09904837242801391,
  "Keibert Ruiz": 0.08800654949632715,
  "Josh Bell": 0.08960486549781393,
  "Ryan O'Hearn": 0.0852153814453575,
  "Luis Garcia Jr.": 0.07835187951087776,
  "Dylan Crews": 0.0793143482271807,
  "Nathaniel Lowe": 0.07948580861369484,
  "Jose Tena": 0.0781166219701303,
  "Jackson Holliday": 0.06854495501614619,
  "Ramon Urias": 0.07960064648883687,
  "Nasim Nunez": 0.06039416430393874,
  "Jacob Young": 0.06130227529608334,
  "Ryan Mountcastle": 0.12568542568542568,
  "Rafael Devers": 0.14043139316322095,
  "Dylan Moore": 0.09413963754686555,
  "Trevor Story": 0.09696063206669586,
  "Cal Raleigh": 0.13973643840561029,
  "Jarren Duran": 0.09621429366227408,
  "J.P. Crawford": 0.055265373423261,
  "Julio Rodriguez": 0.09655627369789119,
  "Triston Casas": 0.0952088285147123,
  "Ceddanne Rafaela": 0.07716857605072448,
  "Wilyer Abreu": 0.14200482286802807,
  "Randy Arozarena": 0.10299330953687434,
  "Luke Raley": 0.08444444444444445,
  "Mitch Garver": 0.09331773828359403,
  "Carlos Narvaez": 0.09128205128205129,
  "Kristian Campbell": 0.10035612535612536,
  "Ben Williamson": 0.060011668788264534,
  "Alex Bregman": 0.11068453827812118,
  "Donovan Solano": 0.06226897718004437,
  "Blake Sabol": 0.07170644069754568,
  "Romy Gonzalez": 0.06595465774468501,
  "Leo Rivas": 0.05103490185719767,
  "Teoscar Hernandez": 0.14631578309033608,
  "Kyle Tucker": 0.14827246167744942,
  "Shohei Ohtani": 0.15003720933734543,
  "Tommy Edman": 0.12236791721595276,
  "Mookie Betts": 0.12388814566609233,
  "Ian Happ": 0.11251738475607749,
  "Andy Pages": 0.1114919846394443,
  "Michael Busch": 0.10958458549647075,
  "Dansby Swanson": 0.10624437056502274,
  "Carson Kelly": 0.09471254966036483,
  "Justin Turner": 0.13509615384615387,
  "Freddie Freeman": 0.07777152812692029,
  "Pete Crow-Armstrong": 0.07701313559936232,
  "Michael Conforto": 0.0875094431234782,
  "Miguel Rojas": 0.06635305345831662,
  "Nico Hoerner": 0.05741847312562382,
  "Jon Berti": 0.053902920049009574,
  "Austin Barnes": 0.061471854264062056,
  "Byron Buxton": 0.16760983569189675,
  "Luke Keaschall": 0.08471506380597289,
  "Ryan Jeffers": 0.09174694627984101,
  "Trevor Larnach": 0.09586493213550931,
  "Andrew Vaughn": 0.0893224290647466,
  "Andrew Benintendi": 0.08560010165273323,
  "Carlos Correa": 0.09202873998822558,
  "Luis Robert Jr.": 0.09797218181718927,
  "Joshua Palacios": 0.08091554368631877,
  "Edouard Julien": 0.073522296602306,
  "Ty France": 0.08159318783018915,
  "Harrison Bader": 0.08256961311980335,
  "Edgar Quero": 0.07201184348243171,
  "Brooks Lee": 0.07381685542605732,
  "Miguel Vargas": 0.07332443987511264,
  "Brooks Baldwin": 0.06244049504577065,
  "Matt Thaiss": 0.06463402725012632,
  "Jacob Amaya": 0.05531788865411952,
  "Nick Maton": 0.10035612535612536,
  "Lenyn Sosa": 0.08166666666666667,
  "Bobby Witt Jr.": 0.12297664701891665,
  "Salvador Perez": 0.10964129127381367,
  "Mickey Moniak": 0.09432015336729681,
  "Vinnie Pasquantino": 0.1035514067031117,
  "Hunter Goodman": 0.1036334991602924,
  "Brenton Doyle": 0.08997417080432647,
  "Michael Toglia": 0.0961232356743531,
  "Hunter Renfroe": 0.08020260108837149,
  "Cavan Biggio": 0.07146809656400449,
  "Drew Waters": 0.06417838009188434,
  "Ryan McMahon": 0.07462847951730935,
  "Freddy Fermin": 0.06790158114848412,
  "Aaron Schunk": 0.06372503622695375,
  "Jordan Beck": 0.06461433994306784,
  "Kyle Isbel": 0.07497577972001357,
  "Adael Amador": 0.0677888428978506,
  "Nick Martini": 0.06533376621409878,
  "Maikel Garcia": 0.06735076336394283,
  "Michael Massey": 0.07361111111111111,
  "Jonathan India": 0.07361111111111111,
  "Kyle Farmer": 0.060000000000000005,
  "Yordan Alvarez": 0.1682548968567973,
  "Christian Walker": 0.15115868614275427,