{
  "Byron Buxton": 0.15554367235401229,
  "Matt Wallner": 0.12504127853670188,
  "Royce Lewis": 0.119949593240065,
  "Agust\u00edn Ram\u00edrez": 0.11837505489679402,
  "Jesus Sanchez": 0.1068735219015443,
  "Kyle Stowers": 0.10818923803731555,
  "Brooks Lee": 0.09653109639090748,
  "Trevor Larnach": 0.09636188729178674,
  "Liam Hicks": 0.08565920704565072,
  "Ty France": 0.08687367621934991,
  "Connor Norby": 0.08834140606459788,
  "Harrison Bader": 0.08249330598249173,
  "Otto Lopez": 0.08075628381914074,
  "Willi Castro": 0.0820545714002451,
  "Eric Wagaman": 0.07615963524021102,
  "Derek Hill": 0.0638604506001401,
  "Christian Vazquez": 0.0629686437807358,
  "Xavier Edwards": 0.06613251818462992,
  "Dane Myers": 0.07361111111111111,
  "Christian Walker": 0.15370740876305247,
  "Isaac Paredes": 0.12998903706253842,
  "Jordan Beck": 0.11676975469793148,
  "Jose Altuve": 0.11114859736179833,
  "Victor Caratini": 0.11369260837762424,
  "Cam Smith": 0.11713015111125596,
  "Ryan McMahon": 0.09650038647150423,
  "Shay Whitcomb": 0.09932139301836575,
  "Kyle Farmer": 0.08307690232299084,
  "Brenton Doyle": 0.10475684014118805,
  "Tyler Freeman": 0.08545890803871665,
  "Jake Meyers": 0.0985661902413237,
  "Orlando Arcia": 0.09407574034543775,
  "Thairo Estrada": 0.08411219689992068,
  "Cooper Hummel": 0.08386681974822545,
  "Ryan Ritter": 0.08048306829495427,
  "Mauricio Dubon": 0.07699165694523774,
  "Riley Greene": 0.15666234878032093,
  "Spencer Torkelson": 0.12897745571658614,
  "James Wood": 0.12954082885658585,
  "Colt Keith": 0.11074196253224154,
  "CJ Abrams": 0.1011594916720541,
  "Paul DeJong": 0.10327222956039371,
  "Wenceel Perez": 0.10188864060088226,
  "Javier Baez": 0.09807693098154141,
  "Riley Adams": 0.09281105258133464,
  "Nathaniel Lowe": 0.0875430356459358,
  "Dillon Dingler": 0.09398742017519914,
  "Parker Meadows": 0.09011101606280497,
  "Gleyber Torres": 0.09402595085399212,
  "Brady House": 0.0876364547323204,
  "Amed Rosario": 0.0856624425015104,
  "Alex Call": 0.07724282851942427,
  "Zach McKinstry": 0.08083254140200415,
  "Jacob Young": 0.06475165399685165,
  "Aaron Judge": 0.20451276479682162,
  "Vladimir Guerrero Jr.": 0.13723785063570368,
  "Ben Rice": 0.1232868803666125,
  "George Springer": 0.12257221973313309,
  "Trent Grisham": 0.11070002185413742,
  "Jazz Chisholm Jr.": 0.1177567306849075,
  "Austin Wells": 0.11405897921801905,
  "Cody Bellinger": 0.10559449510501578,
  "Addison Barger": 0.10142162877336865,
  "Jasson Dom\u00ednguez": 0.09496674176998766,
  "Davis Schneider": 0.09081806516373886,
  "Anthony Volpe": 0.08372804204026292,
  "Alejandro Kirk": 0.09201212524342389,
  "Oswald Peraza": 0.0810209534119901,
  "Will Wagner": 0.06373506140968549,
  "Nathan Lukes": 0.06140409881288184,
  "Leo Jimenez": 0.08441930979781144,
  "Ernie Clement": 0.07907563687251853,
  "Giancarlo Stanton": 0.15,
  "DJ LeMahieu": 0.060000000000000005,
  "Pete Alonso": 0.15636258408968973,
  "Juan Soto": 0.1300427358698295,
  "Francisco Lindor": 0.13513558469643178,
  "Rhys Hoskins": 0.11660868871589226,
  "Mark Vientos": 0.11174082325936285,
  "Starling Marte": 0.08854182063634324,
  "Brandon Nimmo": 0.09802136339889563,
  "Luis Torrens": 0.09054469491141677,
  "William Contreras": 0.09641961655144804,
  "Jackson Chourio": 0.08965795393254498,
  "Christian Yelich": 0.080150452222016,
  "Tyrone Taylor": 0.08509402998494539,
  "Isaac Collins": 0.07740785952530119,
  "Brett Baty": 0.07825492456766021,
  "Joey Ortiz": 0.0935024154589372,
  "Caleb Durbin": 0.08019607843137255,
  "Brice Turang": 0.058616749565438823,
  "Sal Frelick": 0.0624534949440342,
  "Jeff McNeil": 0.060000000000000005,
  "Mike Trout": 0.1475930790428195,
  "Taylor Ward": 0.12380227933915178,
  "Jo Adell": 0.12343062506183074,
  "Ronald Acuna Jr.": 0.11909496519307664,
  "Matt Olson": 0.12081128493907202,
  "Zach Neto": 0.11797188074009037,
  "Logan O'Hoppe": 0.11508086981232529,
  "Austin Riley": 0.11277595125545498,
  "Marcell Ozuna": 0.09939339667571287,
  "Sean Murphy": 0.09222747314470861,
  "Jorge Soler": 0.10281056487272006,
  "Michael Harris II": 0.08206101350190877,
  "Jurickson Profar": 0.06774152002181899,
  "Ozzie Albies": 0.06796341541894349,
  "Luis Rengifo": 0.06948767403187293,
  "Nolan Schanuel": 0.06304964367191311,
  "Nick Allen": 0.06741787439613527,
  "Kevin Newman": 0.060000000000000005,
  "Seiya Suzuki": 0.13322825283588804,
  "Kyle Tucker": 0.13122953120448544,
  "Pete Crow-Armstrong": 0.11342784654917522,
  "Jose Ramirez": 0.10678340743144935,
  "Ian Happ": 0.11167923476286015,
  "Michael Busch": 0.09550213586452319,
  "Lane Thomas": 0.09780772599232418,
  "Bo Naylor": 0.10360527365883172,
  "Kyle Manzardo": 0.10698806800674426,
  "Dansby Swanson": 0.09833373732471605,
  "Carlos Santana": 0.09276879889300159,
  "Daniel Schneemann": 0.08329565910127418,
  "Reese McGuire": 0.06475946387266092,
  "Nolan Jones": 0.07304126321366443,
  "Steven Kwan": 0.07016021429307093,
  "Matt Shaw": 0.07559102584555287,
  "Brayan Rocchio": 0.061120470110142315,
  "Nico Hoerner": 0.06491330227743271,
  "Angel Martinez": 0.060000000000000005,
  "Carson Kelly": 0.08392857142857142,
  "Justin Turner": 0.07361111111111111,
  "Ketel Marte": 0.1449024459238955,
  "Rafael Devers": 0.1464105871394874,
  "Eugenio Suarez": 0.12304425473893262,
  "Willy Adames": 0.1069536526322848,
  "Heliot Ramos": 0.10418558350257573,
  "Mike Yastrzemski": 0.10621900328729697,
  "Lourdes Gurriel Jr.": 0.0942924636149827,
  "Randal Grichuk": 0.10339981998996861,
  "James McCann": 0.08340527564446139,
  "Blaze Alexander": 0.06950634054327423,
  "Tim Tawa": 0.07884185738539688,
  "Dominic Smith": 0.07631294236374339,
  "Alek Thomas": 0.06251439727892544,
  "Jung Hoo Lee": 0.071111699303034,
  "Brett Wisely": 0.07045224977043159,
  "Tyler Fitzgerald": 0.07584040410418479,
  "Andrew Knizner": 0.0676344587033992,
  "Geraldo Perdomo": 0.05644691457153182,
  "Wilmer Flores": 0.07361111111111111,
  "Patrick Bailey": 0.07361111111111111,
  "Shohei Ohtani": 0.2701848821051407,
  "Teoscar Hernandez": 0.14993302767815084,
  "Andy Pages": 0.1414496424007399,
  "Freddie Freeman": 0.13451441741992498,
  "Mookie Betts": 0.12351788411910114,
  "Michael Conforto": 0.12191723388228078,
  "Miguel Vargas": 0.10842901713766435,
  "Tommy Edman": 0.09397957712948882,
  "Dalton Rushing": 0.09708194094422608,
  "Mike Tauchman": 0.08369141712566794,
  "Andrew Benintendi": 0.088734808925144,
  "Kyle Teel": 0.07345702206875684,
  "Lenyn Sosa": 0.0790830820914728,
  "Brooks Baldwin": 0.07763058198577404,
  "Ryan Noda": 0.07300940437078486,
  "Chase Meidroth": 0.07639352710781282,
  "Miguel Rojas": 0.06521052973729853,
  "Josh Rojas": 0.06604356214993758,
  "Michael A. Taylor": 0.07361111111111111,
  "Will Smith": 0.15,
  "Cal Raleigh": 0.18629179580782818,
  "Bobby Witt Jr.": 0.12051282320093944,
  "Randy Arozarena": 0.11331221178218424,
  "Luke Raley": 0.10222652912457103,
  "Julio Rodriguez": 0.09914815971550008,
  "Vinnie Pasquantino": 0.11129426102400244,
  "Salvador Perez": 0.10629385803346209,
  "Dominic Canzone": 0.10574755885110737,
  "Jorge Polanco": 0.09768835626220967,
  "Jonathan India": 0.08335542254743161,
  "J.P. Crawford": 0.072627902431333,
  "Freddy Fermin": 0.06253565347824747,
  "Nick Loftin": 0.06549470183217825,
  "John Rave": 0.07306201225402131,
  "Maikel Garcia": 0.0716549685659103,
  "Cole Young": 0.06583005439332637,
  "Kyle Isbel": 0.06871773639962053,
  "Ben Williamson": 0.06746891324097207,
  "Drew Waters": 0.060000000000000005,
  "Jac Caglianone": 0.08392857142857142
}