{
  "Michael Busch": 0.172503305163125,
  "Kyle Tucker": 0.1473894710217036,
  "Seiya Suzuki": 0.13967410104951516,
  "Lars Nootbaar": 0.1188426713315898,
  "Ian Happ": 0.12452648927342905,
  "Alec Burleson": 0.12008732813080639,
  "Pete Crow-Armstrong": 0.12039792348584585,
  "Nolan Gorman": 0.11644091540643266,
  "Ivan Herrera": 0.10984270698983337,
  "Jordan Walker": 0.09222550998946798,
  "Dansby Swanson": 0.09916919074581637,
  "Nolan Arenado": 0.09059907594971665,
  "Pedro Pages": 0.07309151004161682,
  "Reese McGuire": 0.0825046685340803,
  "Matt Shaw": 0.08449620267767631,
  "Nico Hoerner": 0.05677471209080404,
  "Thomas Saggese": 0.06776264360255835,
  "Victor Scott II": 0.05844833800950822,
  "James Wood": 0.12661645126644283,
  "Colson Montgomery": 0.11438528407695785,
  "Josh Bell": 0.10530507957883822,
  "Paul DeJong": 0.09987867599921929,
  "Dylan Crews": 0.09538408307831298,
  "Brooks Baldwin": 0.08482697660640867,
  "Lenyn Sosa": 0.09421549968066606,
  "Daylen Lile": 0.09619214309999909,
  "CJ Abrams": 0.09603021865528776,
  "Riley Adams": 0.09187145709319199,
  "Miguel Vargas": 0.09355838046109304,
  "Kyle Teel": 0.07270619704020474,
  "Luis Garcia Jr.": 0.08517391595197955,
  "Will Robertson": 0.072798250489098,
  "Dominic Fletcher": 0.06410572170055548,
  "Robert Hassell III": 0.07648388610204916,
  "Chase Meidroth": 0.0587390094399278,
  "Edgar Quero": 0.06131098234285585,
  "Kyle Schwarber": 0.21235199199157742,
  "Byron Buxton": 0.16457359489396103,
  "Bryce Harper": 0.16434473873954228,
  "Kody Clemens": 0.13349585177642345,
  "Harrison Bader": 0.10484851507727325,
  "Nick Castellanos": 0.10587496775902573,
  "J.T. Realmuto": 0.09423664866741643,
  "Trevor Larnach": 0.09738628703699335,
  "Royce Lewis": 0.09836248285322359,
  "Brandon Marsh": 0.09080249726448557,
  "Ryan Jeffers": 0.0866261369920783,
  "James Outman": 0.08892137355100317,
  "Alec Bohm": 0.08198647674202922,
  "Brooks Lee": 0.08115235065534701,
  "Bryson Stott": 0.07528714805756748,
  "Edouard Julien": 0.07301801152606821,
  "Edmundo Sosa": 0.06926882733900278,
  "Christian Vazquez": 0.0632301566322185,
  "Aaron Judge": 0.23242382001043124,
  "Giancarlo Stanton": 0.185453917336192,
  "Tyler O'Neill": 0.1307729764722972,
  "Gunnar Henderson": 0.11465209545488035,
  "Paul Goldschmidt": 0.11253074295901107,
  "Jordan Westburg": 0.10829355341017542,
  "Cody Bellinger": 0.09511149491697023,
  "Colton Cowser": 0.09467462614636103,
  "Adley Rutschman": 0.09073106419334516,
  "Jackson Holliday": 0.08834338315768218,
  "Austin Wells": 0.0955090254827185,
  "Samuel Basallo": 0.08897649490190504,
  "Anthony Volpe": 0.07191839122143917,
  "Dylan Beavers": 0.07970964241043597,
  "Coby Mayo": 0.07057683968396139,
  "Amed Rosario": 0.07411110313071097,
  "Austin Slater": 0.07764912173664129,
  "Jose Caballero": 0.06488546176046177,
  "Daulton Varsho": 0.13282228357595657,
  "Junior Caminero": 0.1522154670315884,
  "Anthony Santander": 0.12210020245762568,
  "George Springer": 0.12258132244185127,
  "Brandon Lowe": 0.1025748922729078,
  "Vladimir Guerrero Jr.": 0.0987023736788073,
  "Yandy Diaz": 0.08194269020878592,
  "Addison Barger": 0.09653327444060161,
  "Jonathan Aranda": 0.09030873934382706,
  "Carson Williams": 0.06671523975691235,
  "Alejandro Kirk": 0.07093051465600485,
  "Josh Lowe": 0.06765166810598384,
  "Ernie Clement": 0.053497274330607664,
  "Andres Gimenez": 0.055781756938990824,
  "Nathan Lukes": 0.06522540089350434,
  "Hunter Feduccia": 0.07075324675324676,
  "Jake Mangum": 0.049838897515527954,
  "Chandler Simpson": 0.04102747733276219,
  "Spencer Torkelson": 0.12540115775307414,
  "Gleyber Torres": 0.10269812975695329,
  "Jarren Duran": 0.10143760004415742,
  "Wilyer Abreu": 0.11532344918555142,
  "Trevor Story": 0.10084068102404387,
  "Alex Bregman": 0.10344120241839415,
  "Jahmai Jones": 0.09371042185338783,
  "Dillon Dingler": 0.08971293003472723,
  "Riley Greene": 0.08855997688510325,
  "Wenceel Perez": 0.09258202418734629,
  "Javier Baez": 0.07423124456915091,
  "Romy Gonzalez": 0.07378761229566899,
  "Carlos Narvaez": 0.08250339760962781,
  "Ceddanne Rafaela": 0.07432339362644158,
  "Masataka Yoshida": 0.0698239624064035,
  "Nathaniel Lowe": 0.07423563736777995,
  "Andy Ibanez": 0.07155411638335935,
  "Parker Meadows": 0.06518595518595519,
  "Jose Ramirez": 0.13135510948653348,
  "Kyle Manzardo": 0.12645316686825547,
  "Joc Pederson": 0.12828422777339396,
  "Rowdy Tellez": 0.11749061140042454,
  "Bo Naylor": 0.10508154328452152,
  "Jonah Heim": 0.0939002074085788,
  "George Valera": 0.07166361752170333,
  "Josh Jung": 0.08602774507522797,
  "Daniel Schneemann": 0.08455849320293457,
  "Billy McKinney": 0.0702423895454375,
  "C. J. Kayfus": 0.07261449347549134,
  "Gabriel Arias": 0.07386391023645926,
  "Brayan Rocchio": 0.05199376077035652,
  "Michael Helman": 0.07243815708101423,
  "Ezequiel Duran": 0.05443115939527423,
  "Cody Freeman": 0.0813663596751832,
  "Alejandro Osuna": 0.05500076522803796,
  "Steven Kwan": 0.06047071449284368,
  "Josh Smith": 0.047705524140930836,
  "Juan Soto": 0.1548610409524515,
  "Francisco Lindor": 0.12149396316042191,
  "Pete Alonso": 0.12467085974250663,
  "Agust\u00edn Ram\u00edrez": 0.11271586680834439,
  "Heriberto Hernandez": 0.08293773007907503,
  "Brandon Nimmo": 0.09691083626497567,
  "Brett Baty": 0.07863667495497345,
  "Francisco Alvarez": 0.08413954582936753,
  "Jakob Marsee": 0.07774857468465453,
  "Cedric Mullins": 0.09668669295368502,
  "Griffin Conine": 0.07805127925230428,
  "Troy Johnston": 0.0818401116304157,
  "Otto Lopez": 0.06916650241140121,
  "Graham Pauley": 0.06570119233923537,
  "Jeff McNeil": 0.07405257104739746,
  "Liam Hicks": 0.05378954781128695,
  "Luis Torrens": 0.054839277911797,
  "Xavier Edwards": 0.05231046492661149,
  "Tyrone Taylor": 0.060000000000000005,
  "Starling Marte": 0.05050960978450786,
  "Matt Olson": 0.14405790662359813,
  "Ronald Acuna Jr.": 0.14040507368219082,
  "Bryan Reynolds": 0.10050560158263892,
  "Jurickson Profar": 0.10469731344750398,
  "Michael Harris II": 0.10145427029283711,
  "Marcell Ozuna": 0.09609216399707118,
  "Tommy Pham": 0.09144831973992121,
  "Drake Baldwin": 0.09566724321126265,
  "Andrew McCutchen": 0.09699303804202018,
  "Alexander Canario": 0.08188014652203175,
  "Henry Davis": 0.07607229831652274,
  "Jared Triolo": 0.07519175938378103,
  "Brett Wisely": 0.06594124334542649,
  "Nick Gonzales": 0.07272156025232826,
  "Spencer Horwitz": 0.07111867629339964,
  "Nick Yorke": 0.05872178599943242,
  "Ha-Seong Kim": 0.06692763217325626,
  "Nacho Alvarez Jr.": 0.05744218664477285,
  "Jackson Chourio": 0.12946804052319047,
  "Jake Bauers": 0.11414327812046984,
  "Andrew Vaughn": 0.10448548056980501,
  "William Contreras": 0.10417731630478971,
  "Christian Yelich": 0.1009812475308118,
  "Noelvi Marte": 0.0801035707226076,
  "TJ Friedl": 0.0790064852562906,
  "Spencer Steer": 0.07446696666298015,
  "Tyler Stephenson": 0.07744859047377924,
  "Miguel Andujar": 0.07178137950318678,
  "Elly De La Cruz": 0.07408218603229282,
  "Andruw Monasterio": 0.06821788797823655,
  "Brice Turang": 0.08070655032643337,
  "Matt McLain": 0.0659071115933861,
  "Joey Ortiz": 0.062491391184573,
  "Gavin Lux": 0.06270292207792208,
  "Sal Frelick": 0.0634818366499401,
  "Ke'Bryan Hayes": 0.05730051796862142,
  "Caleb Durbin": 0.060000000000000005,
  "Blake Perkins": 0.060000000000000005,
  "Jose Altuve": 0.11966990986760719,
  "Jo Adell": 0.13470568844686856,
  "Bryce Teodosio": 0.06825396825396825,
  "Nolan Schanuel": 0.075456110902734,
  "Mike Trout": 0.12806234216766793,
  "Mauricio Dubon": 0.08122943722943723,
  "Logan O'Hoppe": 0.11013016562909649,
  "Christian Walker": 0.14279824104655311,
  "Isaac Paredes": 0.12361265868430557,
  "Christian Moore": 0.07188827706300042,
  "Jesus Sanchez": 0.12000000000000001,
  "Yoan Moncada": 0.10757575757575757,
  "Zach Cole": 0.106707652743668,
  "Denzer Guzman": 0.08652331860579283,
  "Yainer Diaz": 0.11490122061102828,