{
  "Eugenio Suarez": 0.14556387401268078,
  "Julio Rodriguez": 0.14465856030709257,
  "Randy Arozarena": 0.1445986661183528,
  "Josh Naylor": 0.12469317150136937,
  "Jorge Polanco": 0.12156332716069249,
  "Jordan Westburg": 0.1146844931125922,
  "Gunnar Henderson": 0.1344090235750224,
  "Dominic Canzone": 0.11214378027543667,
  "Coby Mayo": 0.08631976929969579,
  "Jackson Holliday": 0.10373191982500515,
  "Ryan Mountcastle": 0.09327814071224122,
  "Mitch Garver": 0.0964810954938607,
  "Daniel Johnson": 0.09244218283105698,
  "Jeremiah Jackson": 0.08332087757191729,
  "Cole Young": 0.07444422131807536,
  "J.P. Crawford": 0.07782059278404783,
  "Dylan Carlson": 0.07558862575831043,
  "Alex Jackson": 0.07930472942809003,
  "Seiya Suzuki": 0.1531633833494485,
  "Michael Busch": 0.1471198161097941,
  "Kyle Tucker": 0.14106654004899968,
  "Vladimir Guerrero Jr.": 0.14093360433604335,
  "Pete Crow-Armstrong": 0.13172044617748618,
  "Davis Schneider": 0.12865550409101942,
  "Carson Kelly": 0.10706614990416999,
  "Dansby Swanson": 0.10208570875246345,
  "Bo Bichette": 0.11958645985615499,
  "Addison Barger": 0.10295241455021498,
  "Owen Caissie": 0.1514285714285714,
  "Ty France": 0.09378326761585927,
  "Matt Shaw": 0.116240625282371,
  "Ernie Clement": 0.08431297232685524,
  "Joey Loperfido": 0.07402784751766141,
  "Nico Hoerner": 0.0660422135880233,
  "Myles Straw": 0.05928453739355274,
  "Tyler Heineman": 0.07415887336687813,
  "Ian Happ": 0.09761904761904762,
  "Kyle Stowers": 0.11943219274555927,
  "Jose Ramirez": 0.11617916930402208,
  "Kyle Manzardo": 0.11264388328094443,
  "Agust\u00edn Ram\u00edrez": 0.10372361918780676,
  "David Fry": 0.08733500488598088,
  "Jakob Marsee": 0.07578659455376702,
  "Angel Martinez": 0.08312776152206278,
  "Gabriel Arias": 0.07449590641977162,
  "Troy Johnston": 0.08536996127202312,
  "Heriberto Hernandez": 0.08008620178458842,
  "Liam Hicks": 0.06041138209269262,
  "C. J. Kayfus": 0.07904980831274207,
  "Graham Pauley": 0.07267007075757452,
  "Otto Lopez": 0.07349575116815238,
  "Austin Hedges": 0.07596360153256705,
  "Brayan Rocchio": 0.06535692055029071,
  "Steven Kwan": 0.07220978876591078,
  "Xavier Edwards": 0.059703807665764184,
  "Bo Naylor": 0.09761904761904762,
  "Carlos Santana": 0.07361111111111111,
  "Daniel Schneemann": 0.07361111111111111,
  "Kyle Schwarber": 0.2008133588502637,
  "Bryce Harper": 0.14206194161470276,
  "James Wood": 0.09805292689864141,
  "Paul DeJong": 0.1008609081716045,
  "Josh Bell": 0.09358489076714466,
  "Riley Adams": 0.09534898603598164,
  "Max Kepler": 0.09639254936024672,
  "Brandon Marsh": 0.08722980157547527,
  "Dylan Crews": 0.086512292240249,
  "Trea Turner": 0.08566403552829217,
  "J.T. Realmuto": 0.08540436703448875,
  "Brady House": 0.07479533905140702,
  "Bryson Stott": 0.06922667333164263,
  "Nick Castellanos": 0.08216848652367857,
  "Daylen Lile": 0.06727644468644406,
  "Edmundo Sosa": 0.07289122262633094,
  "Jose Tena": 0.06639703331020125,
  "Jacob Young": 0.04912337329240042,
  "Juan Soto": 0.16503227586068472,
  "Pete Alonso": 0.15767625658773274,
  "Matt Olson": 0.12769954182481286,
  "Francisco Lindor": 0.1345512837285521,
  "Marcell Ozuna": 0.12190541043280959,
  "Cedric Mullins": 0.1021134362479157,
  "Brandon Nimmo": 0.1115454537471871,
  "Brett Baty": 0.09573597877035729,
  "Drake Baldwin": 0.09005325085840384,
  "Ronny Mauricio": 0.0988209325691901,
  "Michael Harris II": 0.1002947285259305,
  "Jurickson Profar": 0.0932895109356202,
  "Ozzie Albies": 0.08531417259986357,
  "Jeff McNeil": 0.0832544095826541,
  "Vidal Brujan": 0.05739191506159975,
  "Nacho Alvarez Jr.": 0.06154536338228094,
  "Luis Torrens": 0.06858755341199174,
  "Nick Allen": 0.06648102466793168,
  "Kerry Carpenter": 0.1948202162386223,
  "Riley Greene": 0.17084506745973724,
  "Spencer Torkelson": 0.1330914468688241,
  "Byron Buxton": 0.12707880960732942,
  "Colt Keith": 0.1195611916952355,
  "Gleyber Torres": 0.10065093429694004,
  "Zach McKinstry": 0.10184193472081286,
  "Dillon Dingler": 0.09391429273486679,
  "Javier Baez": 0.0856993239333051,
  "Trey Sweeney": 0.09059965928083243,
  "Ryan Jeffers": 0.07957157696348387,
  "Trevor Larnach": 0.07121358608545478,
  "Royce Lewis": 0.08475973166070533,
  "Luke Keaschall": 0.06639801104862415,
  "Brooks Lee": 0.06895318382393793,
  "Alan Roden": 0.063642452888207,
  "Austin Martin": 0.06334203491537524,
  "Edouard Julien": 0.05939592589236517,
  "Mickey Gasper": 0.060000000000000005,
  "Kody Clemens": 0.07361111111111111,
  "Corbin Carroll": 0.22013556367004644,
  "Ketel Marte": 0.16808229100719219,
  "Hunter Goodman": 0.16798800371983633,
  "Ezequiel Tovar": 0.12087473610689993,
  "Lourdes Gurriel Jr.": 0.13380301166692818,
  "Tyler Locklear": 0.11288758192832925,
  "Brenton Doyle": 0.10963116548711072,
  "Adrian Del Castillo": 0.13102670210222078,
  "Jordan Beck": 0.11988237074031215,
  "Geraldo Perdomo": 0.10039335991822086,
  "Alek Thomas": 0.09631117116413268,
  "Blaze Alexander": 0.1062748492547745,
  "Braxton Fulford": 0.10058279256213165,
  "Tyler Freeman": 0.09228399939932826,
  "Kyle Farmer": 0.08449690200821748,
  "Kyle Karros": 0.0758861948070319,
  "Aaron Schunk": 0.07317800125889921,
  "Jose Herrera": 0.06618010416479761
}