{
  "Austin Riley": 0.139329197390504,
  "Matt Olson": 0.11930153412209162,
  "Oneil Cruz": 0.11340687026985449,
  "Marcell Ozuna": 0.11604457820012234,
  "Sean Murphy": 0.09791632090883694,
  "Ozzie Albies": 0.09593414978097614,
  "Bryan Reynolds": 0.07631966174176257,
  "Michael Harris II": 0.07527343476099695,
  "Andrew McCutchen": 0.07709148665218492,
  "Eli White": 0.06170159450739084,
  "Matt Gorski": 0.06825259513056545,
  "Joey Bart": 0.0640433107291746,
  "Stuart Fairchild": 0.06859841676652022,
  "Tommy Pham": 0.06241310180704121,
  "Jared Triolo": 0.059546820070862684,
  "Ke'Bryan Hayes": 0.060191575862111005,
  "Adam Frazier": 0.05130275349346278,
  "Nick Allen": 0.04826662563849434,
  "Enmanuel Valdez": 0.07361111111111111,
  "Alex Verdugo": 0.04803282959874935,
  "Spencer Torkelson": 0.15017507341345424,
  "Andy Ibanez": 0.1016871506526679,
  "Gleyber Torres": 0.10108659753984352,
  "Riley Greene": 0.08512423378562418,
  "Dillon Dingler": 0.09157163389557756,
  "Justyn-Henry Malloy": 0.09911699714978403,
  "Wyatt Langford": 0.07527105643491379,
  "Adolis Garcia": 0.08624861546614285,
  "Jonah Heim": 0.06922806883331187,
  "Javier Baez": 0.08316425426668111,
  "Marcus Semien": 0.070161294898137,
  "Trey Sweeney": 0.06104011004397852,
  "Josh Smith": 0.0634932441015114,
  "Josh Jung": 0.06491198262428496,
  "Colt Keith": 0.06167632751057375,
  "Blaine Crim": 0.05431824492687684,
  "Ezequiel Duran": 0.05656270392525028,
  "Corey Seager": 0.07361111111111111,
  "Kerry Carpenter": 0.09761904761904762,
  "Evan Carter": 0.060000000000000005,
  "Tucker Barnhart": 0.060000000000000005,
  "Nolan Arenado": 0.09412982692830064,
  "CJ Abrams": 0.09404048659142554,
  "Willson Contreras": 0.09929834342020502,
  "James Wood": 0.09322007365538565,
  "Masyn Winn": 0.08559176020843037,
  "Jordan Walker": 0.08496889568470378,
  "Ivan Herrera": 0.07499256680814344,
  "Josh Bell": 0.07473480885602098,
  "Keibert Ruiz": 0.06910822241233812,
  "Pedro Pages": 0.06770753432874645,
  "Lars Nootbaar": 0.06677056337185205,
  "Nathaniel Lowe": 0.07232113074981963,
  "Luis Garcia Jr.": 0.06536190652219202,
  "Dylan Crews": 0.06678973146573039,
  "Amed Rosario": 0.06155436890283555,
  "Brendan Donovan": 0.05835109062836075,
  "Victor Scott II": 0.051204210929020805,
  "Jacob Young": 0.04437516423316559,
  "Alec Burleson": 0.060000000000000005,
  "Jose Tena": 0.060000000000000005,
  "Rhys Hoskins": 0.13549426528315703,
  "Jackson Chourio": 0.12746653605276556,
  "Christopher Morel": 0.13184274957097725,
  "Jake Bauers": 0.12515279141430152,
  "Christian Yelich": 0.11062002214486685,
  "William Contreras": 0.11085871797124103,
  "Junior Caminero": 0.0996407835731973,
  "Yandy Diaz": 0.1018390595815722,
  "Brandon Lowe": 0.09085266722965031,
  "Danny Jansen": 0.09267691318720675,
  "Jose Caballero": 0.06319167868461383,
  "Caleb Durbin": 0.06439213151541512,
  "Brice Turang": 0.055817812392932376,
  "Joey Ortiz": 0.057118640264573285,
  "Curtis Mead": 0.06440329351898195,
  "Taylor Walls": 0.05402777625258613,
  "Sal Frelick": 0.05636238036624884,
  "Chandler Simpson": 0.057720588235294114,
  "Jonathan Aranda": 0.09761904761904762,
  "Isaac Collins": 0.07361111111111111,
  "Kameron Misner": 0.07361111111111111,
  "Pete Alonso": 0.17488763366682503,
  "Juan Soto": 0.14662039977756178,
  "Francisco Lindor": 0.12718399702891153,
  "Kyle Tucker": 0.1087714819697358,
  "Brandon Nimmo": 0.11068364454574676,
  "Francisco Alvarez": 0.0961652803805309,
  "Michael Busch": 0.10044583224911094,
  "Pete Crow-Armstrong": 0.08540892792328077,
  "Seiya Suzuki": 0.0930046211389495,
  "Ian Happ": 0.09493640175632513,
  "Brett Baty": 0.08405945062832075,
  "Dansby Swanson": 0.07493906964495199,
  "Luisangel Acu\u00f1a": 0.06801433115052041,
  "Carson Kelly": 0.08979152942640915,
  "Jeff McNeil": 0.07092773790880444,
  "Tyrone Taylor": 0.07321012780729341,
  "Nico Hoerner": 0.04853107225268629,
  "Nicky Lopez": 0.044806763285024157,
  "Miguel Amaya": 0.060000000000000005,
  "Starling Marte": 0.060000000000000005,
  "Mark Vientos": 0.09761904761904762,
  "Jon Berti": 0.060000000000000005,
  "Kyle Schwarber": 0.14648935362377336,
  "Jose Ramirez": 0.11603985291964831,
  "Bryce Harper": 0.11684340342706206,
  "Kyle Manzardo": 0.1005122882065181,
  "Carlos Santana": 0.10179593554593554,
  "Bo Naylor": 0.09210402331685587,
  "Max Kepler": 0.09161217799742434,
  "Nick Castellanos": 0.08041042283008586,
  "Nolan Jones": 0.06984432890750686,
  "Trea Turner": 0.07506835414242823,
  "Daniel Schneemann": 0.0706675110906277,
  "Angel Martinez": 0.0598583959381614,
  "Alec Bohm": 0.0630019054660203,
  "Bryson Stott": 0.06140644001278907,
  "Steven Kwan": 0.06275664110580816,
  "Gabriel Arias": 0.057406165904145254,
  "Johan Rojas": 0.06069862155388472,
  "Rafael Marchan": 0.057720588235294114,
  "J.T. Realmuto": 0.08392857142857142,
  "Brandon Marsh": 0.060000000000000005,
  "Alex Bregman": 0.10151630517297941,
  "Rafael Devers": 0.09602162327360635,
  "Bobby Witt Jr.": 0.09513898672168837,
  "Wilyer Abreu": 0.09761375015884526,
  "Salvador Perez": 0.08421550849635405,
  "Vinnie Pasquantino": 0.0806168452088397,
  "Jonathan India": 0.06199745768115901,
  "Jarren Duran": 0.07019859265164453,
  "Trevor Story": 0.07437770197690294,
  "Michael Massey": 0.06304196743327178,
  "Ceddanne Rafaela": 0.06263761311196055,
  "Kristian Campbell": 0.06803785104926577,
  "Connor Wong": 0.06121697342086734,
  "Maikel Garcia": 0.05318508897100972,
  "Mark Canha": 0.0603737547404766,
  "Abraham Toro": 0.05998913935586121,
  "Freddy Fermin": 0.053194359421472784,
  "Kyle Isbel": 0.0632095073542442,
  "Carlos Narvaez": 0.060000000000000005,
  "Drew Waters": 0.060000000000000005,
  "Romy Gonzalez": 0.060000000000000005,
  "Jesus Sanchez": 0.11075959706375775,
  "Kyle Stowers": 0.09618721656010128,
  "Connor Norby": 0.10198782911077993,
  "Agust\u00edn Ram\u00edrez": 0.10199735300818893,
  "Luis Robert Jr.": 0.08524654268173627,
  "Miguel Vargas": 0.07837895634706375,
  "Eric Wagaman": 0.0939323253647391,
  "Andrew Vaughn": 0.08889363450950673,
  "Dane Myers": 0.07395145673577046,
  "Matt Thaiss": 0.07626227930149498,
  "Josh Rojas": 0.06700039277054107,
  "Lenyn Sosa": 0.0682401231644521,
  "Xavier Edwards": 0.0505354349111618,
  "Brooks Baldwin": 0.06616222335361091,
  "Michael A. Taylor": 0.06596294289276745,
  "Liam Hicks": 0.06893859518332339,
  "Javier Sanoja": 0.05699113243271628,
  "Jacob Amaya": 0.05841503267973857,
  "Matt Mervis": 0.09761904761904762,
  "Chase Meidroth": 0.042207505518763795,
  "Joshua Palacios": 0.07361111111111111,
  "Edgar Quero": 0.07361111111111111,
  "Nick Maton": 0.07361111111111111,
  "Christian Walker": 0.11892776000266914,
  "Yainer Diaz": 0.08415567155251413,
  "Jeremy Pena": 0.08779120219840711,
  "Isaac Paredes": 0.07551788461413551,
  "Zach Dezenzo": 0.08719976974947719,
  "Austin Hays": 0.08659146845303464,
  "Matt McLain": 0.06960264375781618,
  "Elly De La Cruz": 0.07449772403386408,
  "Tyler Stephenson": 0.07208174483163407,
  "Jose Altuve": 0.06987559818817311,
  "Spencer Steer": 0.06757644375445974,
  "Brendan Rodgers": 0.06805125798587999,
  "Jake Meyers": 0.06364047104403828,
  "Gavin Lux": 0.05573923090765104,
  "TJ Friedl": 0.054036067669854485,
  "Jake Fraley": 0.06092060168438236,
  "Mauricio Dubon": 0.06098255696713047,
  "Santiago Espinal": 0.04495718462823726,
  "Rece Hinds": 0.07361111111111111,
  "Jose Trevino": 0.060000000000000005,
  "Cam Smith": 0.060000000000000005,
  "Matt Chapman": 0.13316825877770405,
  "Mike Yastrzemski": 0.11285771645234562,
  "Willy Adames": 0.1251696863388873,
  "Byron Buxton": 0.11847841864018334,
  "Heliot Ramos": 0.0924938462711122,
  "Wilmer Flores": 0.081596902684344,
  "Ryan Jeffers": 0.07597961689401668,
  "LaMonte Wade Jr.": 0.0839198768823182,
  "Trevor Larnach": 0.07937049172377096,
  "Jung Hoo Lee": 0.07904948299171943,
  "Christian Koss": 0.06245502164707243,
  "Kody Clemens": 0.07157863837650708,