{
  "James Wood": 0.11202022478778628,
  "Matt McLain": 0.12145169240461742,
  "Spencer Steer": 0.11655757246733138,
  "Elly De La Cruz": 0.12195123255629596,
  "CJ Abrams": 0.10919425506051476,
  "Tyler Stephenson": 0.12826501793619294,
  "Nathaniel Lowe": 0.09736072713239377,
  "Luis Garcia Jr.": 0.08918132836696405,
  "Noelvi Marte": 0.10031567481783328,
  "Josh Bell": 0.09325194904016401,
  "Keibert Ruiz": 0.08631484751440892,
  "Blake Dunn": 0.08328506047163972,
  "Dylan Crews": 0.07590967439191769,
  "Santiago Espinal": 0.07758351182232907,
  "Jose Tena": 0.082321238640727,
  "Jose Trevino": 0.07961863459132161,
  "TJ Friedl": 0.05807840673356783,
  "Jacob Young": 0.04529782637604245,
  "Austin Wynns": 0.07361111111111111,
  "Gavin Lux": 0.060000000000000005,
  "Fernando Tatis Jr.": 0.1466683707578566,
  "Oneil Cruz": 0.14490990902973935,
  "Manny Machado": 0.10523394842567764,
  "Andrew McCutchen": 0.09717009009420634,
  "Bryan Reynolds": 0.08569656809857258,
  "Enmanuel Valdez": 0.08365288440066003,
  "Gavin Sheets": 0.08369371781986024,
  "Jason Heyward": 0.09499436580717369,
  "Joey Bart": 0.08256566764588154,
  "Xander Bogaerts": 0.06523976037681857,
  "Alexander Canario": 0.10493811999581099,
  "Ke'Bryan Hayes": 0.057596362124808766,
  "Martin Maldonado": 0.06360851459621111,
  "Jared Triolo": 0.0883859649122807,
  "Adam Frazier": 0.05213274551079053,
  "Luis Arraez": 0.054297999126721126,
  "Tyler Wade": 0.04753654970760234,
  "Jose Iglesias": 0.051063673247445526,
  "Isiah Kiner-Falefa": 0.060000000000000005,
  "Tommy Pham": 0.060000000000000005,
  "Kyle Schwarber": 0.18196256418929818,
  "Ketel Marte": 0.15771961683038843,
  "Bryce Harper": 0.14897009859478486,
  "Eugenio Suarez": 0.13512515160997982,
  "Randal Grichuk": 0.11905798434339757,
  "Max Kepler": 0.11234381330184828,
  "Nick Castellanos": 0.10538011585934462,
  "J.T. Realmuto": 0.10056700501617535,
  "Lourdes Gurriel Jr.": 0.09904837781255088,
  "Trea Turner": 0.10346891874836768,
  "Corbin Carroll": 0.09362515745124442,
  "Bryson Stott": 0.07758655379042713,
  "Alec Bohm": 0.0796790648947624,
  "Josh Naylor": 0.08210634469508508,
  "Gabriel Moreno": 0.07579886063868921,
  "Alek Thomas": 0.06583890143672752,
  "Cal Stevenson": 0.06628632382942728,
  "Geraldo Perdomo": 0.05395374460657452,
  "Johan Rojas": 0.060000000000000005,
  "Tim Tawa": 0.08392857142857142,
  "Bobby Witt Jr.": 0.13619287067058464,
  "Vinnie Pasquantino": 0.13239171527119659,
  "Gunnar Henderson": 0.14712164631407137,
  "Cedric Mullins": 0.12150726119357379,
  "Ramon Laureano": 0.10537192028987438,
  "Ryan Mountcastle": 0.10215578895906766,
  "Michael Massey": 0.09685538575631454,
  "Adley Rutschman": 0.09931983525406647,
  "Ryan O'Hearn": 0.0944206367445804,
  "Heston Kjerstad": 0.09611868366954439,
  "Jonathan India": 0.09408527739201954,
  "Drew Waters": 0.07476907714652813,
  "Emmanuel Rivera": 0.09782234105763518,
  "Jackson Holliday": 0.07653389880194003,
  "Freddy Fermin": 0.07749599941567248,
  "Maikel Garcia": 0.06790647063374336,
  "Mark Canha": 0.10126630679262258,
  "Kyle Isbel": 0.06517663567432783,
  "Ramon Urias": 0.06190476190476191,
  "Salvador Perez": 0.12000000000000001,
  "Hunter Renfroe": 0.08392857142857142,
  "Aaron Judge": 0.22853457726006746,
  "Ben Rice": 0.14880551479763443,
  "Trent Grisham": 0.13567061985042744,
  "Austin Wells": 0.1231215205885621,
  "Christopher Morel": 0.10979784529849963,
  "Paul Goldschmidt": 0.1117646393841577,
  "Junior Caminero": 0.09142717304244069,
  "Cody Bellinger": 0.09075610250405333,
  "Yandy Diaz": 0.08881822317116435,
  "Danny Jansen": 0.08653187330558912,
  "Anthony Volpe": 0.07758697494387014,
  "Jonathan Aranda": 0.07609076407572923,
  "Oswaldo Cabrera": 0.06623348914622147,
  "Kameron Misner": 0.06229382659825676,
  "Jorbit Vivas": 0.07496121435347955,
  "Curtis Mead": 0.056787696684276544,
  "Jose Caballero": 0.06402075433011552,
  "Chandler Simpson": 0.05338056418219462,
  "Brandon Lowe": 0.08392857142857142,
  "Taylor Walls": 0.060000000000000005,
  "Oswald Peraza": 0.07361111111111111,
  "Vladimir Guerrero Jr.": 0.14473483876486185,
  "Anthony Santander": 0.15251517373570758,
  "Kyle Manzardo": 0.1305988869629614,
  "Jose Ramirez": 0.1292464528119758,
  "George Springer": 0.09587075363471162,
  "Carlos Santana": 0.09840894595296538,
  "Alejandro Kirk": 0.08655130125858919,
  "Bo Naylor": 0.09412447670732271,
  "Jhonkensy Noel": 0.08704538043085336,
  "Bo Bichette": 0.08299469690558799,
  "Gabriel Arias": 0.07982727609110836,
  "Addison Barger": 0.07466779535406987,
  "Angel Martinez": 0.06487517008647374,
  "Brayan Rocchio": 0.06465464604361493,
  "Ernie Clement": 0.0636420142145333,
  "Steven Kwan": 0.06530148911367653,
  "Andres Gimenez": 0.05926662052780979,
  "Myles Straw": 0.049621759025363144,
  "Daulton Varsho": 0.09761904761904762,
  "Daniel Schneemann": 0.060000000000000005,
  "Agust\u00edn Ram\u00edrez": 0.07864895060261998,
  "Connor Norby": 0.08494925370821638,
  "Eric Wagaman": 0.0699759032147624,
  "Kyle Stowers": 0.09108514361797816,
  "Liam Hicks": 0.06441326409413263,
  "Matt Mervis": 0.10444046370114612,
  "Otto Lopez": 0.057200822828619616,
  "Xavier Edwards": 0.05469889805757379,
  "Brent Rooker": 0.1345061764480839,
  "Gio Urshela": 0.05567449373469061,
  "JJ Bleday": 0.09261037126680328,
  "Jacob Wilson": 0.05706353749832011,
  "Lawrence Butler": 0.07984725301798473,
  "Luis Urias": 0.08987239439562807,
  "Nick Kurtz": 0.06318979976199227,
  "Shea Langeliers": 0.12523452955182213,
  "Tyler Soderstrom": 0.10436504206855797,
  "Seth Brown": 0.1031863263845802,
  "Dane Myers": 0.06516419563790049,
  "Jesus Sanchez": 0.10757575757575757,
  "Rafael Devers": 0.15400276260367757,
  "Alex Bregman": 0.12269652765822661,
  "Byron Buxton": 0.12668887783230443,
  "Wilyer Abreu": 0.14592574603823716,
  "Jarren Duran": 0.10460730074675798,
  "Trevor Larnach": 0.08785395177267724,
  "Triston Casas": 0.0947116171136678,
  "Trevor Story": 0.08840764752854917,
  "Ryan Jeffers": 0.0786363935206452,
  "Carlos Correa": 0.07277475375699706,
  "Brooks Lee": 0.07225982414419416,
  "Ty France": 0.06510648162830068,
  "David Hamilton": 0.06831293781975235,
  "Harrison Bader": 0.0638615312947812,
  "Edouard Julien": 0.05780257596709669,
  "Ceddanne Rafaela": 0.07914402660252616,
  "Mickey Gasper": 0.07186738788889327,
  "Connor Wong": 0.07650598368919297,
  "Shohei Ohtani": 0.16860825698916498,
  "Teoscar Hernandez": 0.1082753482917852,
  "Andy Pages": 0.10038733097164176,
  "Freddie Freeman": 0.11295918843672374,
  "Marcell Ozuna": 0.11061050842720821,
  "Sean Murphy": 0.08718188942156349,
  "Max Muncy": 0.10712704212650523,
  "Mookie Betts": 0.09774530284913788,
  "Will Smith": 0.09383867734033434,
  "Austin Riley": 0.10828758079919265,
  "Matt Olson": 0.09365030244177436,
  "Michael Conforto": 0.08426398171354312,
  "Michael Harris II": 0.07193818671729357,
  "Ozzie Albies": 0.060240424835031635,
  "Miguel Rojas": 0.07233234378654577,
  "Alex Verdugo": 0.05761612326885626,
  "Eli White": 0.06801441370068821,
  "Nick Allen": 0.04564327545616752,
  "Tommy Edman": 0.07361111111111111,
  "Yordan Alvarez": 0.16635986887323786,
  "Christian Walker": 0.11611864819155518,
  "Brendan Rodgers": 0.1004372037008006,
  "Jeremy Pena": 0.09147323072286077,
  "Isaac Paredes": 0.07949354240320541,
  "Yainer Diaz": 0.08630448092743175,
  "Andrew Vaughn": 0.07729044994834469,
  "Jose Altuve": 0.07630980153879988,
  "Bobby Dalbec": 0.07687333511131114,
  "Luis Robert Jr.": 0.06867076862531409,
  "Miguel Vargas": 0.07346060387604864,
  "Cam Smith": 0.06685875719599157,
  "Jake Meyers": 0.07024683722790376,
  "Michael A. Taylor": 0.05880855671212394,
  "Lenyn Sosa": 0.06054989560517331,
  "Edgar Quero": 0.06497514945790808,
  "Chase Meidroth": 0.05553549120602634,
  "Brooks Baldwin": 0.055463769576845845,
  "Mauricio Dubon": 0.060000000000000005,
  "Andrew Benintendi": 0.09761904761904762,
  "Cal Raleigh": 0.15713676205583613,