{
  "Oneil Cruz": 0.1406417818488288,
  "Kyle Tucker": 0.1071551825449328,
  "Ian Happ": 0.08888232238020709,
  "Andrew McCutchen": 0.10471302131295665,
  "Michael Busch": 0.09086920922215039,
  "Alexander Canario": 0.09296590105800633,
  "Enmanuel Valdez": 0.08935150982896885,
  "Seiya Suzuki": 0.08558492390319959,
  "Bryan Reynolds": 0.08764555216330497,
  "Pete Crow-Armstrong": 0.07576331085974818,
  "Henry Davis": 0.0770490360648885,
  "Dansby Swanson": 0.07084340598301343,
  "Ke'Bryan Hayes": 0.06468587674652783,
  "Miguel Amaya": 0.05844845198805595,
  "Jared Triolo": 0.07062967335694609,
  "Adam Frazier": 0.05622998346197815,
  "Nico Hoerner": 0.04986192323336244,
  "Joey Bart": 0.08392857142857142,
  "Isiah Kiner-Falefa": 0.060000000000000005,
  "Tommy Pham": 0.07361111111111111,
  "Jon Berti": 0.060000000000000005,
  "Willson Contreras": 0.14139395028403767,
  "Nolan Arenado": 0.12891214345869162,
  "Matt McLain": 0.1166471492417784,
  "Masyn Winn": 0.11016073809479514,
  "Jordan Walker": 0.1109735295246462,
  "Elly De La Cruz": 0.1115553444237963,
  "Lars Nootbaar": 0.10228230624704866,
  "Luken Baker": 0.1168231074811461,
  "Noelvi Marte": 0.09933111424053809,
  "Spencer Steer": 0.11161801818261266,
  "Yohel Pozo": 0.10742459726066284,
  "Brendan Donovan": 0.08353284522568852,
  "Jose Trevino": 0.08162983190377951,
  "Blake Dunn": 0.0766941381848053,
  "Santiago Espinal": 0.06652838380646302,
  "TJ Friedl": 0.058511148767792856,
  "Gavin Lux": 0.0658798957959037,
  "Nolan Gorman": 0.10757575757575757,
  "Pedro Pages": 0.09761904761904762,
  "Victor Scott II": 0.07361111111111111,
  "Austin Hays": 0.13333333333333333,
  "Pete Alonso": 0.13489853286147818,
  "Corbin Carroll": 0.11629058952132032,
  "Juan Soto": 0.11703539627233006,
  "Eugenio Suarez": 0.1208064539158992,
  "Mark Vientos": 0.09812028371170785,
  "Francisco Lindor": 0.0983692644553749,
  "Brandon Nimmo": 0.08361618065560475,
  "Pavin Smith": 0.0803023293055209,
  "Lourdes Gurriel Jr.": 0.07149982082438223,
  "Jeff McNeil": 0.07200118800186237,
  "Alek Thomas": 0.06161081379274763,
  "Josh Naylor": 0.0739284792279572,
  "Tim Tawa": 0.07538710601058443,
  "Jesse Winker": 0.06780588062148346,
  "Tyrone Taylor": 0.0667716512087373,
  "Geraldo Perdomo": 0.059485586876891226,
  "Luis Torrens": 0.07143738247353965,
  "Jose Herrera": 0.057378894998690755,
  "Starling Marte": 0.060000000000000005,
  "Francisco Alvarez": 0.08392857142857142,
  "Gabriel Moreno": 0.060000000000000005,
  "Luisangel Acu\u00f1a": 0.060000000000000005,
  "Byron Buxton": 0.17007526822664915,
  "Jhonkensy Noel": 0.15975203205275668,
  "Jose Ramirez": 0.1346420598225402,
  "Kyle Manzardo": 0.140100034225731,
  "Trevor Larnach": 0.11850762302212517,
  "Gabriel Arias": 0.11388771580519241,
  "Carlos Correa": 0.10472769714467742,
  "Ty France": 0.08982358246633526,
  "Daniel Schneemann": 0.08535777793644732,
  "Edouard Julien": 0.08706168272630022,
  "Brooks Lee": 0.08859515941002657,
  "Harrison Bader": 0.08856648800005598,
  "Will Wilson": 0.09965024029591692,
  "Christian Vazquez": 0.06462018414664757,
  "Brayan Rocchio": 0.07082472451790633,
  "Steven Kwan": 0.06799758665955849,
  "Austin Hedges": 0.06884950878441246,
  "Nolan Jones": 0.08392857142857142,
  "Carlos Santana": 0.09761904761904762,
  "Ryan Jeffers": 0.09761904761904762,
  "Bo Naylor": 0.09761904761904762,
  "Angel Martinez": 0.07361111111111111,
  "Mickey Gasper": 0.08392857142857142,
  "Salvador Perez": 0.11515797421784495,
  "Junior Caminero": 0.11608751199227003,
  "Brandon Lowe": 0.11387246295904159,
  "Vinnie Pasquantino": 0.10849033887854942,
  "Jonathan Aranda": 0.1235673434841615,
  "Bobby Witt Jr.": 0.10569087081363451,
  "Kameron Misner": 0.08852614052614052,
  "Michael Massey": 0.08390750888545005,
  "Yandy Diaz": 0.08389689382981522,
  "Jonathan India": 0.08086131796605178,
  "Drew Waters": 0.06006919221344173,
  "Jose Caballero": 0.0753807423436126,
  "Freddy Fermin": 0.06341527786094156,
  "Mark Canha": 0.06294573115215146,
  "Maikel Garcia": 0.059701433667602465,
  "Ben Rortvedt": 0.06455493399300072,
  "Chandler Simpson": 0.06407163894739762,
  "Travis Jankowski": 0.04119128466327108,
  "Taylor Walls": 0.060000000000000005,
  "Kyle Isbel": 0.060000000000000005,
  "Christopher Morel": 0.10757575757575757,
  "Hunter Renfroe": 0.09761904761904762,
  "Danny Jansen": 0.10757575757575757,
  "Rhys Hoskins": 0.14141999291981053,
  "Luis Robert Jr.": 0.12640326252005707,
  "Jackson Chourio": 0.13218600798075522,
  "William Contreras": 0.12380360318551593,
  "Andrew Benintendi": 0.12740848726802034,
  "Andrew Vaughn": 0.11582328662973825,
  "Jake Bauers": 0.12102324288578006,
  "Miguel Vargas": 0.09403607383712782,
  "Brooks Baldwin": 0.09747583905895785,
  "Edgar Quero": 0.09684904106429158,
  "Lenyn Sosa": 0.08189158756383515,
  "Caleb Durbin": 0.08509667829891837,
  "Michael A. Taylor": 0.0852989528250439,
  "Chase Meidroth": 0.08438401286440501,
  "Eric Haase": 0.09195190859771799,
  "Joey Ortiz": 0.07174649667889314,
  "Brice Turang": 0.06650771650771652,
  "Sal Frelick": 0.06322832101591011,
  "Christian Yelich": 0.09761904761904762,
  "Joshua Palacios": 0.09761904761904762,
  "Matt Thaiss": 0.09761904761904762,
  "Jacob Amaya": 0.060000000000000005,
  "Brent Rooker": 0.13959631856777827,
  "Tyler Soderstrom": 0.1085092361055094,
  "Wyatt Langford": 0.11466807964871092,
  "Lawrence Butler": 0.10609256593835144,
  "Adolis Garcia": 0.11995734976845754,
  "Jake Burger": 0.11652538119910712,
  "Jonah Heim": 0.09597704821985044,
  "Kevin Pillar": 0.09857418135502691,
  "Marcus Semien": 0.08832715900466158,
  "JJ Bleday": 0.09166095307960283,
  "Luis Urias": 0.09066993834377504,
  "Josh Jung": 0.08877152265627765,
  "Nick Kurtz": 0.06420722491509363,
  "Miguel Andujar": 0.08070634231157654,
  "Jhonny Pereda": 0.0529310136059057,
  "Nick Ahmed": 0.08177370763248626,
  "Jacob Wilson": 0.06434825516341744,
  "Max Schuemann": 0.060000000000000005,
  "Kyle Higashioka": 0.13333333333333333,
  "Kyle Schwarber": 0.19074390821036846,
  "Bryce Harper": 0.17071487195659382,
  "James Wood": 0.1181787708697783,
  "CJ Abrams": 0.13278275164667977,
  "Max Kepler": 0.11960129812619785,
  "Josh Bell": 0.10615219656886324,
  "Trea Turner": 0.096247747444502,
  "Nathaniel Lowe": 0.09893467247962887,
  "Keibert Ruiz": 0.09527115045486141,
  "Luis Garcia Jr.": 0.09449465857669935,
  "Nick Castellanos": 0.09570189304233204,
  "Jose Tena": 0.11087217576943603,
  "Dylan Crews": 0.08958705721454628,
  "Bryson Stott": 0.07726973426503943,
  "Alec Bohm": 0.07948982289188475,
  "Johan Rojas": 0.06556238808783338,
  "Rafael Marchan": 0.06286637931034483,
  "Jacob Young": 0.05370070475333633,
  "J.T. Realmuto": 0.13174603174603175,
  "Rafael Devers": 0.14391720516048595,
  "Anthony Santander": 0.1158377433287577,
  "Wilyer Abreu": 0.11595264887699268,
  "Alex Bregman": 0.11364759199852367,
  "Vladimir Guerrero Jr.": 0.09872055137844613,
  "Jarren Duran": 0.09588383661205059,
  "Trevor Story": 0.08603335031413567,
  "Daulton Varsho": 0.08777618170155341,
  "Triston Casas": 0.08498273745620882,
  "Rob Refsnyder": 0.08807687911648307,
  "Addison Barger": 0.0685771069394064,
  "Carlos Narvaez": 0.06346073589989272,
  "Alan Roden": 0.06574822712055964,
  "Bo Bichette": 0.060486834301063545,
  "David Hamilton": 0.060155764103132524,
  "Ernie Clement": 0.058885617755124714,
  "Alejandro Kirk": 0.06235793850801535,
  "Nathan Lukes": 0.04799615498373262,
  "George Springer": 0.10035612535612536,
  "Ceddanne Rafaela": 0.10035612535612536,
  "Andres Gimenez": 0.08166666666666667,
  "Kristian Campbell": 0.08991228070175439,
  "Spencer Torkelson": 0.13327837583291652,
  "Jorge Soler": 0.11254166089259257,
  "Riley Greene": 0.10155322448593526,
  "Logan O'Hoppe": 0.09763409460998661,
  "Zach Neto": 0.1012637906474239,
  "Andy Ibanez": 0.09978655044552528,
  "Travis d'Arnaud": 0.09803014822952155,
  "Taylor Ward": 0.09287563968827149,
  "Jo Adell": 0.08610529689586544,