{
  "Carlos Santana": 0.10226323139226365,
  "Jose Ramirez": 0.1181690934873751,
  "Christian Yelich": 0.08385600521545034,
  "Steven Kwan": 0.05496373383790602,
  "Nolan Jones": 0.060000000000000005,
  "Gabriel Arias": 0.07258378263972466,
  "Bo Naylor": 0.09976036898799949,
  "Brice Turang": 0.05681868651435574,
  "Angel Martinez": 0.06400441173168446,
  "Sal Frelick": 0.060000000000000005,
  "William Contreras": 0.10188330653762163,
  "Jackson Chourio": 0.0958432627184342,
  "Rhys Hoskins": 0.13872323597407715,
  "Joey Ortiz": 0.05987588981319389,
  "Kyle Manzardo": 0.1141299647317281,
  "Isaac Collins": 0.060000000000000005,
  "Daniel Schneemann": 0.08258655621149162,
  "Caleb Durbin": 0.043003003003003006,
  "Will Brennan": 0.06173984745413317,
  "Daz Cameron": 0.08238574172942364,
  "Andruw Monasterio": 0.06944157085972348,
  "Eric Haase": 0.10151689885450912,
  "Wilyer Abreu": 0.11506850698080248,
  "Rafael Devers": 0.10903025665482839,
  "Alex Bregman": 0.09797570702056455,
  "Kerry Carpenter": 0.09184490892755037,
  "Jarren Duran": 0.08249866909754008,
  "Riley Greene": 0.08469588817813148,
  "Kristian Campbell": 0.06759873223974634,
  "Spencer Torkelson": 0.06907768380777106,
  "Ceddanne Rafaela": 0.06706670649860255,
  "Trey Sweeney": 0.06513321941921377,
  "Carlos Narvaez": 0.06450996443429338,
  "Zach McKinstry": 0.0545340762425567,
  "David Hamilton": 0.06967796165440145,
  "Dillon Dingler": 0.06937288101104483,
  "Gleyber Torres": 0.061588276378243795,
  "Jace Jung": 0.06433200949499786,
  "Javier Baez": 0.06050235988910822,
  "Nick Sogard": 0.06410203544227608,
  "Connor Wong": 0.04275482093663912,
  "Trevor Story": 0.07361111111111111,
  "Abraham Toro": 0.07361111111111111,
  "Colt Keith": 0.060000000000000005,
  "Luis Robert Jr.": 0.12383075056988099,
  "Tyler Stephenson": 0.12674773503132844,
  "TJ Friedl": 0.0802971896344216,
  "Lenyn Sosa": 0.09097898671972746,
  "Andrew Vaughn": 0.140760521173783,
  "Elly De La Cruz": 0.12196740441838481,
  "Spencer Steer": 0.12066704293942918,
  "Will Benson": 0.10757575757575757,
  "Matt McLain": 0.11046900711374395,
  "Michael A. Taylor": 0.095008197332141,
  "Brooks Baldwin": 0.07361111111111111,
  "Gavin Lux": 0.07793007418886778,
  "Austin Hays": 0.1411535921490155,
  "Santiago Espinal": 0.06816041082542973,
  "Miguel Vargas": 0.11639880656975825,
  "Edgar Quero": 0.09728332467870864,
  "Chase Meidroth": 0.07504127808049377,
  "Tim Elko": 0.09938045794441394,
  "Josh Rojas": 0.06546090933079424,
  "Connor Joe": 0.07580976683588624,
  "Vladimir Guerrero Jr.": 0.10301057377119494,
  "Bo Bichette": 0.0746817649440388,
  "Taylor Walls": 0.0509718803672002,
  "Tyler Heineman": 0.05202936376927547,
  "Jonathan Aranda": 0.09272696417689195,
  "Brandon Lowe": 0.085224988707232,
  "George Springer": 0.08000031328320802,
  "Daulton Varsho": 0.10438205228310467,
  "Ernie Clement": 0.06470948199937786,
  "Jonatan Clase": 0.060000000000000005,
  "Addison Barger": 0.09206146934026571,
  "Junior Caminero": 0.09585329239814991,
  "Kameron Misner": 0.06532946190165442,
  "Danny Jansen": 0.08053631762601207,
  "Anthony Santander": 0.12757674742913908,
  "Chandler Simpson": 0.045829496623695516,
  "Travis Jankowski": 0.04212424163840621,
  "Nathan Lukes": 0.06789140015841426,
  "Jose Caballero": 0.07082472451790633,
  "Brandon Nimmo": 0.09789095565491364,
  "Adam Frazier": 0.05592524730093364,
  "Andrew McCutchen": 0.08392857142857142,
  "Bryan Reynolds": 0.0754908374954105,
  "Jeff McNeil": 0.06636179664291461,
  "Francisco Lindor": 0.11773981128202315,
  "Pete Alonso": 0.1354495354914882,
  "Ke'Bryan Hayes": 0.06464695449796069,
  "Mark Vientos": 0.09368627665057039,
  "Tyrone Taylor": 0.06457387913504935,
  "Jared Triolo": 0.059495899833134205,
  "Luisangel Acu\u00f1a": 0.07361111111111111,
  "Brett Baty": 0.06331513796609783,
  "Francisco Alvarez": 0.07487805712569671,
  "Matt Gorski": 0.060000000000000005,
  "Isiah Kiner-Falefa": 0.05193223156693119,
  "Juan Soto": 0.12131413418041112,
  "Alexander Canario": 0.07208575081078475,
  "Joey Bart": 0.07238800038553361,
  "Tommy Pham": 0.060000000000000005,
  "Ji Hwan Bae": 0.05787258165677618,
  "Henry Davis": 0.06675503652205061,
  "Keibert Ruiz": 0.06477002965647116,
  "Josh Bell": 0.07719699638346503,
  "Austin Riley": 0.13491666176424397,
  "Matt Olson": 0.12338625155072136,
  "Marcell Ozuna": 0.14375799449065327,
  "Ozzie Albies": 0.07804269127925043,
  "CJ Abrams": 0.09104117176175332,
  "Jacob Young": 0.051297958757912994,
  "Sean Murphy": 0.09761904761904762,
  "Michael Harris II": 0.07970571716406173,
  "Eli White": 0.06896764203313144,
  "Jose Tena": 0.06442284898321791,
  "Nick Allen": 0.05518518518518519,
  "James Wood": 0.09586122241033192,
  "Dylan Crews": 0.06415830153220183,
  "Alex Verdugo": 0.059961413926020245,
  "Nathaniel Lowe": 0.07018317790088126,
  "Drake Baldwin": 0.08781835197398112,
  "Amed Rosario": 0.06322189401303681,
  "Nico Hoerner": 0.05378650018645653,
  "Miguel Amaya": 0.08392857142857142,
  "Jesus Sanchez": 0.07624213810352205,
  "Seiya Suzuki": 0.13679936065189596,
  "Xavier Edwards": 0.0452654226300298,
  "Pete Crow-Armstrong": 0.1041376779831352,
  "Connor Norby": 0.07265176595588166,
  "Michael Busch": 0.10306339846895798,
  "Derek Hill": 0.053861298211875325,
  "Dansby Swanson": 0.11076048188521799,
  "Kyle Stowers": 0.06157871226588239,
  "Carson Kelly": 0.1164439603679821,
  "Eric Wagaman": 0.0675092121012066,
  "Javier Sanoja": 0.047902233330410125,
  "Matt Mervis": 0.07263074722044167,
  "Agust\u00edn Ram\u00edrez": 0.08160105822188565,
  "Kyle Tucker": 0.1253902140240966,
  "Jon Berti": 0.060000000000000005,
  "Nicky Lopez": 0.06405172413793103,
  "Mois\u00e9s Ballesteros": 0.04489458355068684,
  "Alan Trejo": 0.056266997280435126,
  "Ryan McMahon": 0.11328472095370973,
  "Adolis Garcia": 0.12526274268308235,
  "Jonah Heim": 0.0996575584498814,
  "Marcus Semien": 0.0991912448470904,
  "Ezequiel Duran": 0.07213402287288205,
  "Hunter Goodman": 0.12159545431075655,
  "Josh Jung": 0.10541502280129215,
  "Brenton Doyle": 0.0990749562193693,
  "Adael Amador": 0.06936340931795477,
  "Wyatt Langford": 0.11872166547778532,
  "Michael Toglia": 0.10496455224202257,
  "Sam Haggerty": 0.06967910969437688,
  "Jake Burger": 0.14043044660258597,
  "Jordan Beck": 0.08900084257990236,
  "Nick Martini": 0.06401607529241264,
  "Mickey Moniak": 0.09192177611791884,
  "Kyle Higashioka": 0.14218155593444276,
  "Jose Altuve": 0.08116662962023881,
  "Salvador Perez": 0.11754480707477422,
  "Jeremy Pena": 0.07106045884477256,
  "Vinnie Pasquantino": 0.0711766215900433,
  "Jake Meyers": 0.07464028216008414,
  "Bobby Witt Jr.": 0.10578556739919101,
  "Maikel Garcia": 0.057399070043884004,
  "Freddy Fermin": 0.054140498386135716,
  "Victor Caratini": 0.07361111111111111,
  "Hunter Renfroe": 0.08286367670386752,
  "Drew Waters": 0.060000000000000005,
  "Yainer Diaz": 0.08029171182908675,
  "Jonathan India": 0.05626605890646824,
  "Zach Dezenzo": 0.07361111111111111,
  "Cam Smith": 0.06398040690808551,
  "Mark Canha": 0.06713035077808398,
  "Isaac Paredes": 0.07098317437636323,
  "Christian Walker": 0.10816745186566554,
  "Brendan Rodgers": 0.06947088788443512,
  "Kyle Isbel": 0.05070085929108486,
  "Chas McCormick": 0.07030169156048516,
  "Fernando Tatis Jr.": 0.1121683286723432,
  "Taylor Ward": 0.08615392354124748,
  "Jake Cronenworth": 0.06495104074848891,
  "Manny Machado": 0.0881726853814058,
  "Jo Adell": 0.07569407844497414,
  "Logan O'Hoppe": 0.0823862445153525,
  "Xander Bogaerts": 0.05575133696843858,
  "Kyren Paris": 0.05100144388599387,
  "Nolan Schanuel": 0.059366618236125185,
  "Luis Arraez": 0.047817386585502525,
  "Zach Neto": 0.09154389320172775,
  "Jackson Merrill": 0.09236706333667469,
  "Elias Diaz": 0.060000000000000005,
  "Jorge Soler": 0.09449013809790043,
  "Gavin Sheets": 0.06481349797035814,
  "Tim Anderson": 0.060000000000000005,
  "Jason Heyward": 0.06788719796741188,
  "Yoan Moncada": 0.06548938122688655,