{
  "Aaron Judge": 0.16546096060726162,
  "Jake Burger": 0.1033336526861117,
  "Cody Bellinger": 0.08714611202104591,
  "Trent Grisham": 0.11918740981240981,
  "Wyatt Langford": 0.08925476387143404,
  "Kyle Higashioka": 0.08684584160405756,
  "Adolis Garcia": 0.08928325917195007,
  "Josh Jung": 0.08573649165877831,
  "Marcus Semien": 0.0833228283066099,
  "Jonah Heim": 0.07723375688538872,
  "Jasson Dom\u00ednguez": 0.08764176428451709,
  "Paul Goldschmidt": 0.06804440871885253,
  "Sam Haggerty": 0.05208570149128174,
  "J.C. Escarra": 0.05686451344872134,
  "Ezequiel Duran": 0.05267335324587233,
  "Anthony Volpe": 0.04996454213625931,
  "Jorbit Vivas": 0.05714990329300975,
  "Oswald Peraza": 0.06485576923076923,
  "DJ LeMahieu": 0.060000000000000005,
  "Josh Smith": 0.07361111111111111,
  "Austin Wells": 0.08392857142857142,
  "Ben Rice": 0.12000000000000001,
  "Kevin Pillar": 0.07361111111111111,
  "Fernando Tatis Jr.": 0.1808209365833987,
  "Manny Machado": 0.1434715339891639,
  "Jackson Merrill": 0.14715546086255468,
  "Daulton Varsho": 0.11020775271832657,
  "Gavin Sheets": 0.10522169130811657,
  "Vladimir Guerrero Jr.": 0.0928188100622588,
  "Addison Barger": 0.08868132421216976,
  "Jake Cronenworth": 0.09107381296858531,
  "Elias Diaz": 0.0835568868108196,
  "Bo Bichette": 0.07293239777676117,
  "Ernie Clement": 0.05689927312040181,
  "Luis Arraez": 0.05676130804734536,
  "Nathan Lukes": 0.05928317740817741,
  "Jonatan Clase": 0.05580136874463115,
  "Brandon Lockridge": 0.053026860174422756,
  "Tyler Heineman": 0.0479108329204381,
  "Jose Iglesias": 0.054890357349986534,
  "Myles Straw": 0.04247845559517745,
  "Kyle Schwarber": 0.20217206741121013,
  "Bryce Harper": 0.1567290531469636,
  "Max Kepler": 0.11621036758853662,
  "Hunter Goodman": 0.10672052592366359,
  "Nick Castellanos": 0.1097311283382699,
  "Jordan Beck": 0.08983035131027556,
  "Ezequiel Tovar": 0.08037241776926035,
  "Brenton Doyle": 0.08989188730912398,
  "Trea Turner": 0.09096620319571139,
  "Ryan McMahon": 0.07885430584504659,
  "Brandon Marsh": 0.09244623924951795,
  "Bryson Stott": 0.07298723107878037,
  "Alec Bohm": 0.0723741333283419,
  "Aaron Schunk": 0.06502656533592652,
  "Kyle Farmer": 0.062189595628643735,
  "Jacob Stallings": 0.05355820471336581,
  "Tyler Freeman": 0.051030278941539574,
  "Rafael Marchan": 0.06828571428571428,
  "Brent Rooker": 0.17701066102381893,
  "Taylor Ward": 0.1329894587328633,
  "Logan O'Hoppe": 0.12409409785495196,
  "Zach Neto": 0.12953227707593357,
  "Jorge Soler": 0.12389803639553328,
  "Tyler Soderstrom": 0.12975894684176234,
  "Jo Adell": 0.11061332359172625,
  "JJ Bleday": 0.11218906799743036,
  "Nick Kurtz": 0.09178608285364584,
  "Miguel Andujar": 0.09221952660385496,
  "Max Schuemann": 0.08659595798520253,
  "Kyren Paris": 0.06394327521538452,
  "Nolan Schanuel": 0.06323624772559136,
  "Jacob Wilson": 0.07066907058181354,
  "Gio Urshela": 0.07392869705374559,
  "Jhonny Pereda": 0.07172221863011337,
  "Tim Anderson": 0.0472236870955558,
  "Kevin Newman": 0.05174243300559091,
  "Kerry Carpenter": 0.11621678419651613,
  "Jose Ramirez": 0.09810311733133131,
  "Kyle Manzardo": 0.08866263308539081,
  "Spencer Torkelson": 0.08961163852151634,
  "Riley Greene": 0.0938395359881761,
  "Lane Thomas": 0.10041524567386635,
  "Carlos Santana": 0.07884892991592986,
  "Javier Baez": 0.07748854865365813,
  "Bo Naylor": 0.08024333764157708,
  "Dillon Dingler": 0.09397540887266914,
  "Gleyber Torres": 0.06635013795339924,
  "Angel Martinez": 0.06554819720382635,
  "Trey Sweeney": 0.06042171169804905,
  "Zach McKinstry": 0.052360964860964865,
  "Colt Keith": 0.060568902235568906,
  "Daniel Schneemann": 0.058152600974383156,
  "Nolan Jones": 0.06536465949509428,
  "Steven Kwan": 0.05103404605100958,
  "Oneil Cruz": 0.181256038647343,
  "Rhys Hoskins": 0.10677232950360169,
  "Jackson Chourio": 0.09199890941088124,
  "William Contreras": 0.0938376358608531,
  "Christian Yelich": 0.07903040336462279,
  "Andrew McCutchen": 0.13177821265492498,
  "Bryan Reynolds": 0.1077418659771601,
  "Jake Bauers": 0.07143316189204059,
  "Spencer Horwitz": 0.0980532212885154,
  "Joey Bart": 0.10507680491551459,
  "Ke'Bryan Hayes": 0.07623978919631094,
  "Tommy Pham": 0.08936007695535826,
  "Adam Frazier": 0.06605128205128205,
  "Isiah Kiner-Falefa": 0.06521794871794871,
  "Caleb Durbin": 0.05979619671109033,
  "Joey Ortiz": 0.056102668017561634,
  "Brice Turang": 0.04638521784559693,
  "Sal Frelick": 0.045036198399157804,
  "Alexander Canario": 0.08392857142857142,
  "Henry Davis": 0.060000000000000005,
  "Marcell Ozuna": 0.13629660558131806,
  "Austin Riley": 0.13844682351911833,
  "Matt Olson": 0.1239422338593587,
  "James Wood": 0.09279551095252143,
  "CJ Abrams": 0.08472457585537936,
  "Michael Harris II": 0.08598413705539172,
  "Josh Bell": 0.0743432718775447,
  "Nathaniel Lowe": 0.06172064197629448,
  "Ozzie Albies": 0.06433878250037613,
  "Luis Garcia Jr.": 0.06289093494986614,
  "Drake Baldwin": 0.06349938449577773,
  "Keibert Ruiz": 0.06255209792488174,
  "Eli White": 0.05698913641364137,
  "Jose Tena": 0.055856098698875124,
  "Alex Call": 0.06484942084942084,
  "Alex Verdugo": 0.05873526061323093,
  "Robert Hassell III": 0.04624549480124939,
  "Nick Allen": 0.04321448657334446,
  "Cal Raleigh": 0.13909152970527122,
  "Julio Rodriguez": 0.10736974094848857,
  "Christian Walker": 0.09418362837697748,
  "Jorge Polanco": 0.08916640685698349,
  "Randy Arozarena": 0.09349383597576849,
  "Rowdy Tellez": 0.07900060975454255,
  "Yainer Diaz": 0.07012585222370853,
  "Isaac Paredes": 0.07782184608476364,
  "Dylan Moore": 0.08716586830268923,
  "Victor Caratini": 0.0630458801934081,
  "Jose Altuve": 0.06042006870645391,
  "J.P. Crawford": 0.05463702313040062,
  "Leody Taveras": 0.05563496198945116,
  "Jake Meyers": 0.05515990584155228,
  "Jeremy Pena": 0.06923419898418036,
  "Cam Smith": 0.06468048476340132,
  "Ben Williamson": 0.056102668017561634,
  "Mauricio Dubon": 0.04963621780111142
}