{
  "Kerry Carpenter": 0.08727639851123326,
  "Spencer Torkelson": 0.08554577586965528,
  "Luis Robert Jr.": 0.07489722061801599,
  "Riley Greene": 0.07614203814661115,
  "Dillon Dingler": 0.10045603148656583,
  "Justyn-Henry Malloy": 0.06425427993745488,
  "Javier Baez": 0.08693075796129232,
  "Andrew Vaughn": 0.07013876706108622,
  "Miguel Vargas": 0.07101917542179836,
  "Andrew Benintendi": 0.05886802184759253,
  "Trey Sweeney": 0.06394224285301316,
  "Nick Maton": 0.06151117429623757,
  "Brooks Baldwin": 0.06145047270584194,
  "Matt Thaiss": 0.06297206124234281,
  "Zach McKinstry": 0.054212755618147736,
  "Colt Keith": 0.0639221120390221,
  "Lenyn Sosa": 0.07003913594822686,
  "Travis Jankowski": 0.05012654734189648,
  "Rafael Devers": 0.11720398630011257,
  "Willson Contreras": 0.10022794442507471,
  "Wilyer Abreu": 0.09068751189341902,
  "Alex Bregman": 0.09350512998661148,
  "Jarren Duran": 0.08576483141754399,
  "Jordan Walker": 0.08432903508203143,
  "Lars Nootbaar": 0.08090293555398595,
  "Triston Casas": 0.07648880716105474,
  "Nolan Arenado": 0.0788081487119506,
  "Alec Burleson": 0.0708943192973624,
  "Kristian Campbell": 0.05885544905448658,
  "Trevor Story": 0.07288947630477502,
  "Brendan Donovan": 0.0627843177022997,
  "Victor Scott II": 0.08107177114993394,
  "Ceddanne Rafaela": 0.06348677877938427,
  "Ivan Herrera": 0.06674284472722036,
  "Masyn Winn": 0.0928658267020336,
  "Carlos Narvaez": 0.08784188034188034,
  "Fernando Tatis Jr.": 0.11706445163981306,
  "Manny Machado": 0.11950976291556002,
  "Kyle Tucker": 0.11012861882612185,
  "Seiya Suzuki": 0.0955601585072888,
  "Ian Happ": 0.08677181862981637,
  "Michael Busch": 0.08580736580667041,
  "Dansby Swanson": 0.07964870997258938,
  "Xander Bogaerts": 0.07654348854806155,
  "Jackson Merrill": 0.078264073212116,
  "Pete Crow-Armstrong": 0.06733585035417154,
  "Yuli Gurriel": 0.06172513235656681,
  "Matt Shaw": 0.0713369577091459,
  "Jake Cronenworth": 0.07183820279215015,
  "Martin Maldonado": 0.1094034225613173,
  "Miguel Amaya": 0.07714307739747148,
  "Brandon Lockridge": 0.07337082066869301,
  "Nico Hoerner": 0.05044767922771355,
  "Luis Arraez": 0.056422937412312225,
  "Pete Alonso": 0.13520791379012512,
  "Anthony Santander": 0.12830299977317214,
  "Juan Soto": 0.13246833458460455,
  "Mark Vientos": 0.11172108430958201,
  "Francisco Lindor": 0.11470269044885065,
  "Vladimir Guerrero Jr.": 0.10043814117513082,
  "Brandon Nimmo": 0.10889467424144582,
  "Alejandro Kirk": 0.060765897404061214,
  "Starling Marte": 0.07299508684046968,
  "Jose Siri": 0.07223793614378855,
  "George Springer": 0.07447655176806052,
  "Ernie Clement": 0.06837809497351667,
  "Bo Bichette": 0.06804258781801137,
  "Andres Gimenez": 0.0598381367611229,
  "Will Wagner": 0.06422882664041361,
  "Luis Torrens": 0.06303555722756629,
  "Alan Roden": 0.05746547060304668,
  "Luisangel Acu\u00f1a": 0.06541630751886311,
  "Brent Rooker": 0.1114838287600436,
  "Michael Toglia": 0.10854217108075703,
  "Mickey Moniak": 0.09268915268954724,
  "Hunter Goodman": 0.09848804415342506,
  "Lawrence Butler": 0.09872833066204634,
  "Shea Langeliers": 0.09685995860509473,
  "JJ Bleday": 0.09641171723432179,
  "Tyler Soderstrom": 0.08832696677259781,
  "Ryan McMahon": 0.0908718749138881,
  "Ezequiel Tovar": 0.0828168980583437,
  "Brenton Doyle": 0.08356512247543213,
  "Max Muncy (2002)": 0.05264283912516897,
  "Gio Urshela": 0.059765457530624004,
  "Miguel Andujar": 0.061362399014827075,
  "Jordan Beck": 0.0699416072925471,
  "Kyle Farmer": 0.05394703649253707,
  "Jacob Stallings": 0.06312979565348598,
  "Jacob Wilson": 0.059072816449726465,
  "Aaron Judge": 0.19925237914768193,
  "Jazz Chisholm Jr.": 0.09883929064256933,
  "Ben Rice": 0.09298407604876045,
  "Paul Goldschmidt": 0.08753974195471013,
  "Austin Wells": 0.07984473449578489,
  "Oneil Cruz": 0.06676098316449193,
  "Jasson Dom\u00ednguez": 0.07902016452424161,
  "Bryan Reynolds": 0.05963823881460847,
  "Anthony Volpe": 0.06225768403415666,
  "Trent Grisham": 0.07266679324123837,
  "Endy Rodriguez": 0.0667253622843685,
  "Andrew McCutchen": 0.06111571661256464,
  "Joey Bart": 0.061600363596073966,
  "Oswaldo Cabrera": 0.05300095103154571,
  "Tommy Pham": 0.061962249522015504,
  "Ke'Bryan Hayes": 0.051072837391553244,
  "Isiah Kiner-Falefa": 0.05496327884387586,
  "Jared Triolo": 0.051202439242424534,
  "Cal Raleigh": 0.1061363524941572,
  "Willy Adames": 0.10534722715050585,
  "Matt Chapman": 0.10495328753176691,
  "Julio Rodriguez": 0.10187688447968686,
  "Mike Yastrzemski": 0.0867294982109797,
  "Luke Raley": 0.08639059454330711,
  "LaMonte Wade Jr.": 0.07020738412472516,
  "Heliot Ramos": 0.08476131547490381,
  "Randy Arozarena": 0.08730938084990156,
  "Jorge Polanco": 0.08060583662074963,
  "Rowdy Tellez": 0.06496078235729365,
  "J.P. Crawford": 0.05393882404661257,
  "Tyler Fitzgerald": 0.06408226689924226,
  "Ryan Bliss": 0.06962543200240502,
  "Wilmer Flores": 0.06456698357891959,
  "Jung Hoo Lee": 0.05490336076760891,
  "Victor Robles": 0.05914779773346549,
  "Patrick Bailey": 0.06201699287126653,
  "Shohei Ohtani": 0.1543596448744712,
  "Kyle Schwarber": 0.13756201225264375,
  "Teoscar Hernandez": 0.12356252968174425,
  "Mookie Betts": 0.11440596590618424,
  "Bryce Harper": 0.11178747036803302,
  "Tommy Edman": 0.09993773526401276,
  "Will Smith": 0.10549955991600746,
  "Nick Castellanos": 0.09274229250302919,
  "Enrique Hernandez": 0.08367796802164994,
  "Andy Pages": 0.08332747291061159,
  "Trea Turner": 0.0835329290826792,
  "Michael Conforto": 0.08370861898675244,
  "Max Kepler": 0.07861588015529027,
  "J.T. Realmuto": 0.0702015763516532,
  "Alec Bohm": 0.06637456575800102,
  "Brandon Marsh": 0.062125458792125464,
  "Bryson Stott": 0.058096115606921434,
  "Miguel Rojas": 0.06652257565301044,
  "Ketel Marte": 0.12763379282966333,
  "Eugenio Suarez": 0.1257280802210931,
  "Pavin Smith": 0.10896629468230923,
  "Corbin Carroll": 0.11246715788174257,
  "James Wood": 0.09708101530347835,
  "CJ Abrams": 0.1021777699085439,
  "Keibert Ruiz": 0.09449350752770669,
  "Josh Bell": 0.08502034464939284,
  "Josh Naylor": 0.08805742989953516,
  "Jose Tena": 0.08265474830450079,
  "Lourdes Gurriel Jr.": 0.07697861013397522,
  "Luis Garcia Jr.": 0.07404432667566929,
  "Dylan Crews": 0.06660362363856687,
  "Nathaniel Lowe": 0.07650918479035355,
  "Geraldo Perdomo": 0.06727688619809205,
  "Gabriel Moreno": 0.06223364261718125,
  "Jake McCarthy": 0.05776069088727768,
  "Jacob Young": 0.042920000998978254,
  "Marcell Ozuna": 0.16012127293377898,
  "Austin Riley": 0.12902868216634622,
  "Matt Olson": 0.12734758421137868,
  "Michael Harris II": 0.09999888118148591,
  "Ozzie Albies": 0.08855659867192117,
  "Bryan De La Cruz": 0.0935890651310783,
  "Jarred Kelenic": 0.0945862326913992,
  "Griffin Conine": 0.08721416313027558,
  "Matt Mervis": 0.09095883985976866,
  "Kyle Stowers": 0.08491214559733468,
  "Graham Pauley": 0.06718971422355996,
  "Otto Lopez": 0.06087573049818751,
  "Drake Baldwin": 0.07617101254320073,
  "Dane Myers": 0.07634810165910644,
  "Jonah Bride": 0.062162406784863795,
  "Liam Hicks": 0.05922464638029124,
  "Xavier Edwards": 0.052098348348348346,
  "Nick Allen": 0.05310028803351663,
  "Tyler O'Neill": 0.10165713501712238,
  "Bobby Witt Jr.": 0.10057519498937488,
  "Salvador Perez": 0.09238575729544218,
  "Gunnar Henderson": 0.08117746716448902,
  "Michael Massey": 0.07353807100218585,
  "Vinnie Pasquantino": 0.07585824625061882,
  "Jordan Westburg": 0.0722012753494235,
  "MJ Melendez": 0.06959385785152011,
  "Jonathan India": 0.06649408550900732,
  "Adley Rutschman": 0.0634398707225558,
  "Heston Kjerstad": 0.06378718962729299,
  "Cedric Mullins": 0.061612305781316094,
  "Ryan Mountcastle": 0.0657685223665537,
  "Ryan O'Hearn": 0.05686468733719287,
  "Jackson Holliday": 0.06638910573643061,
  "Cavan Biggio": 0.05922404121026254,
  "Kyle Isbel": 0.05683250200665061,
  "Maikel Garcia": 0.051177527151211356,
  "Corey Seager": 0.17817096986360742,