{
  "Seiya Suzuki": 0.08897513245994396,
  "Elly De La Cruz": 0.0783847084170422,
  "Carson Kelly": 0.07620825631327914,
  "Ian Happ": 0.07694357923507071,
  "Kyle Tucker": 0.07857869224535892,
  "Tyler Stephenson": 0.0661444391919108,
  "Dansby Swanson": 0.07322340734461946,
  "Justin Turner": 0.0740916511601125,
  "Will Benson": 0.06493577602179752,
  "Pete Crow-Armstrong": 0.053183237133747084,
  "Spencer Steer": 0.057669285360672916,
  "Matt McLain": 0.058066164715100885,
  "TJ Friedl": 0.05551774790529314,
  "Matt Shaw": 0.07059238631373019,
  "Nico Hoerner": 0.05388759201463776,
  "Gavin Lux": 0.05343010318762741,
  "Jose Trevino": 0.05515735815602837,
  "Santiago Espinal": 0.04770525288770105,
  "Vladimir Guerrero Jr.": 0.13922046793500695,
  "Nathan Lukes": 0.07480984647651315,
  "Addison Barger": 0.13711124047419987,
  "George Springer": 0.10897220956431483,
  "Shea Langeliers": 0.12938216365393854,
  "Bo Bichette": 0.11791735170879118,
  "Lawrence Butler": 0.10439256916873657,
  "Miguel Andujar": 0.07605798105798106,
  "Jacob Wilson": 0.08182838447414661,
  "Ernie Clement": 0.08619185765360945,
  "Brent Rooker": 0.15060738492260847,
  "Daulton Varsho": 0.14722807896127266,
  "Tyler Soderstrom": 0.11173074862563774,
  "Luis Urias": 0.09375126050298316,
  "Denzel Clarke": 0.07086657359384632,
  "Ali Sanchez": 0.07392833459643805,
  "Jonatan Clase": 0.06831651775157037,
  "Max Schuemann": 0.06515945357353738,
  "Gunnar Henderson": 0.13787709908311035,
  "Ryan O'Hearn": 0.10541496021912092,
  "Joshua Palacios": 0.08869291510306292,
  "Miguel Vargas": 0.09293658633146698,
  "Adley Rutschman": 0.09261542385504484,
  "Luis Robert Jr.": 0.08624969906343935,
  "Heston Kjerstad": 0.11227629245227588,
  "Jackson Holliday": 0.08722582907955914,
  "Andrew Benintendi": 0.07667224563040377,
  "Korey Lee": 0.0669269720335364,
  "Ramon Urias": 0.0676180141902067,
  "Vinny Capra": 0.057413611604939685,
  "Coby Mayo": 0.08848736434614297,
  "Mike Tauchman": 0.06786376006016785,
  "Dylan Carlson": 0.07378807372140397,
  "Lenyn Sosa": 0.06025004730023582,
  "Jorge Mateo": 0.06339673071082239,
  "Josh Rojas": 0.0605484579242557,
  "Emmanuel Rivera": 0.07361111111111111,
  "Edgar Quero": 0.07361111111111111,
  "Kyle Schwarber": 0.17293074335580008,
  "Rhys Hoskins": 0.10444768687085029,
  "William Contreras": 0.08084116541353384,
  "Max Kepler": 0.09720748021982749,
  "Jackson Chourio": 0.0766317094054785,
  "Nick Castellanos": 0.08580683437655844,
  "J.T. Realmuto": 0.08477124992493845,
  "Christian Yelich": 0.0677819188572865,
  "Trea Turner": 0.07552083710986873,
  "Alec Bohm": 0.07096745099354207,
  "Bryson Stott": 0.07243452600674008,
  "Daz Cameron": 0.06383926275540555,
  "Brandon Marsh": 0.07299006104200807,
  "Caleb Durbin": 0.053213276329998185,
  "Joey Ortiz": 0.05154680166165273,
  "Edmundo Sosa": 0.055466328603904685,
  "Sal Frelick": 0.05035499820268032,
  "Brice Turang": 0.05006492592285317,
  "Andruw Monasterio": 0.060000000000000005,
  "Isaac Collins": 0.060000000000000005,
  "Corey Seager": 0.12361093815680377,
  "Willson Contreras": 0.13239142063240855,
  "Jake Burger": 0.11092794200668962,
  "Wyatt Langford": 0.10606438551281724,
  "Masyn Winn": 0.11107814052832247,
  "Lars Nootbaar": 0.09979010360124911,
  "Ivan Herrera": 0.10029409367772693,
  "Nolan Arenado": 0.09876654059537376,
  "Pedro Pages": 0.08828271346259813,
  "Josh Jung": 0.08517788029549403,
  "Kyle Higashioka": 0.08429309820340786,
  "Brendan Donovan": 0.07589047995383612,
  "Alec Burleson": 0.08278686847137168,
  "Marcus Semien": 0.07484550776853556,
  "Alejandro Osuna": 0.06210583285585443,
  "Josh Smith": 0.08799513861830577,
  "Sam Haggerty": 0.056263889620820434,
  "Victor Scott II": 0.0665211334093238,
  "Rafael Devers": 0.12545452940737414,
  "Ronald Acuna Jr.": 0.11349401088412114,
  "Matt Olson": 0.11980272139266172,
  "Wilyer Abreu": 0.10979943279710624,
  "Marcell Ozuna": 0.10640359909171533,
  "Austin Riley": 0.11008030395015016,
  "Jarren Duran": 0.08133322539527602,
  "Ozzie Albies": 0.06599866139103397,
  "Trevor Story": 0.060254484503997174,
  "Drake Baldwin": 0.0659941108979128,
  "Carlos Narvaez": 0.06300692535986654,
  "Kristian Campbell": 0.05456214023023877,
  "Michael Harris II": 0.0625232189320582,
  "Abraham Toro": 0.05777135151206209,
  "Marcelo Mayer": 0.055711350830025395,
  "Alex Verdugo": 0.053318500152611505,
  "Ceddanne Rafaela": 0.051007816024478556,
  "Luke Williams": 0.05298255555287635,
  "Nick Allen": 0.060000000000000005,
  "Mike Trout": 0.11845873279521325,
  "Jose Ramirez": 0.09981150011372704,
  "Kyle Manzardo": 0.10414022291686402,
  "Bo Naylor": 0.11067759476296063,
  "Taylor Ward": 0.08060112262693885,
  "Carlos Santana": 0.08126751378122138,
  "Zach Neto": 0.07834430417286242,
  "Daniel Schneemann": 0.07941656014521054,
  "Yoan Moncada": 0.10367623074599819,
  "Jorge Soler": 0.07369698438915197,
  "Jo Adell": 0.07296721236992493,
  "Gabriel Arias": 0.06619239816039034,
  "Travis d'Arnaud": 0.08375373289811792,
  "Nolan Schanuel": 0.05083372682672935,
  "Steven Kwan": 0.053304193342654,
  "Angel Martinez": 0.057742149326001996,
  "Nolan Jones": 0.08894459298871063,
  "Luis Rengifo": 0.057380697436417924,
  "Jhonkensy Noel": 0.09761904761904762,
  "Logan O'Hoppe": 0.09761904761904762,
  "Scott Kingery": 0.060000000000000005,
  "Pete Alonso": 0.14060884873014534,
  "Juan Soto": 0.09448421806478073,
  "Jared Young": 0.0815791413564858,
  "Hunter Goodman": 0.09737380612791707,
  "Francisco Lindor": 0.08952637241829962,
  "Jordan Beck": 0.08100915132120194,
  "Francisco Alvarez": 0.0837263431013431,
  "Ezequiel Tovar": 0.07017218153993444,
  "Brenton Doyle": 0.06290540868983943,
  "Mickey Moniak": 0.05667589638423563,
  "Brandon Nimmo": 0.07467828649004454,
  "Sam Hilliard": 0.06581506521081361,
  "Thairo Estrada": 0.056950169303110476,
  "Ryan McMahon": 0.06412572336215712,
  "Tyrone Taylor": 0.0621314545460789,
  "Brett Baty": 0.054525418360638386,
  "Kyle Farmer": 0.07772727272727273,
  "Jeff McNeil": 0.05248672188647436,
  "Kerry Carpenter": 0.11885052438214035,
  "Riley Greene": 0.10346494934669959,
  "Spencer Torkelson": 0.1037155214750477,
  "Bobby Witt Jr.": 0.09635862735334566,
  "Salvador Perez": 0.09765969097949792,
  "Javier Baez": 0.07830506977565801,
  "Gleyber Torres": 0.0674569040513313,
  "Trey Sweeney": 0.07742204637517326,
  "Wenceel Perez": 0.0641066754667917,
  "Dillon Dingler": 0.08218115525038444,
  "Colt Keith": 0.06813984707750805,
  "Jonathan India": 0.05429381390804836,
  "Vinnie Pasquantino": 0.060596221959858323,
  "Mark Canha": 0.05578003818492237,
  "Nick Loftin": 0.055540991099997314,
  "Maikel Garcia": 0.05167963506472823,
  "Freddy Fermin": 0.051901071177324724,
  "Dairon Blanco": 0.053275658089322685,
  "Brandon Lowe": 0.12482853759699566,
  "Christian Walker": 0.1333660130718954,
  "Junior Caminero": 0.11717722534400823,
  "Yandy Diaz": 0.12010618306813958,
  "Danny Jansen": 0.0969125927774882,
  "Isaac Paredes": 0.10402513148505961,
  "Christopher Morel": 0.12576144714527984,
  "Jose Altuve": 0.08273510480747323,
  "Yainer Diaz": 0.09197505976789704,
  "Jeremy Pena": 0.08347900697372528,
  "Victor Caratini": 0.08321411486523426,
  "Curtis Mead": 0.08387549052660993,
  "Jake Meyers": 0.07276126416729518,
  "Josh Lowe": 0.08543507647468043,
  "Cam Smith": 0.07021708135730287,
  "Zach Dezenzo": 0.0795435442629715,
  "Jose Caballero": 0.08601705153429291,
  "Jake Mangum": 0.05412107786865643,
  "Matt Chapman": 0.10097806916647496,
  "Heliot Ramos": 0.08906326956220043,
  "Willy Adames": 0.0771214387165974,
  "Agust\u00edn Ram\u00edrez": 0.07873580716103121,
  "Mike Yastrzemski": 0.09027504532081192,
  "Eric Wagaman": 0.0719569041881415,
  "Wilmer Flores": 0.06879233660128173,
  "Connor Norby": 0.07450416826217104,
  "Dane Myers": 0.07288071497537635,
  "Nick Fortes": 0.06112950035461562,
  "Sam Huff": 0.07586908690869086,
  "Tyler Fitzgerald": 0.0570639739909689,
  "Jung Hoo Lee": 0.05850725729258973,