{
  "Nolan Arenado": 0.07672867498781241,
  "Brandon Nimmo": 0.08747783459149999,
  "Lars Nootbaar": 0.08908982556969566,
  "Pete Alonso": 0.1365893830884678,
  "Francisco Lindor": 0.10286647992530346,
  "Brendan Donovan": 0.07260412725575908,
  "Mark Vientos": 0.09761904761904762,
  "Alec Burleson": 0.07797744307302251,
  "Willson Contreras": 0.093519800370385,
  "Luisangel Acu\u00f1a": 0.05491178132901371,
  "Jordan Walker": 0.060000000000000005,
  "Masyn Winn": 0.060000000000000005,
  "Tyrone Taylor": 0.060000000000000005,
  "Pedro Pages": 0.07139989655218343,
  "Luis Torrens": 0.06995767633268225,
  "Jesse Winker": 0.07065405263043312,
  "Victor Scott II": 0.07884222662305065,
  "Juan Soto": 0.13075189287263592,
  "Jose Azocar": 0.07266995073891626,
  "Jeff McNeil": 0.06675112612612613,
  "Nolan Gorman": 0.12063927993739891,
  "Gunnar Henderson": 0.10738402307274295,
  "Bobby Witt Jr.": 0.09990212831066464,
  "Vinnie Pasquantino": 0.09908281255870456,
  "Ryan Mountcastle": 0.09570423612566067,
  "Salvador Perez": 0.10780330260152582,
  "Hunter Renfroe": 0.08223913805492752,
  "Coby Mayo": 0.08450667957459129,
  "Michael Massey": 0.08089948099767537,
  "Cedric Mullins": 0.07792004908671575,
  "Jonathan India": 0.07617720859387525,
  "Adley Rutschman": 0.08450996394419003,
  "Ryan O'Hearn": 0.07266540953294583,
  "Heston Kjerstad": 0.08187536178357661,
  "Jackson Holliday": 0.06017562856479604,
  "Drew Waters": 0.06057586120203137,
  "Maikel Garcia": 0.05847952754722204,
  "Kyle Isbel": 0.060000000000000005,
  "Mark Canha": 0.07361111111111111,
  "Emmanuel Rivera": 0.060000000000000005,
  "Ramon Laureano": 0.09761904761904762,
  "Rafael Devers": 0.1399089168287493,
  "Byron Buxton": 0.1108216633912437,
  "Wilyer Abreu": 0.12848847056229987,
  "Alex Bregman": 0.10849905398805437,
  "Ryan Jeffers": 0.10036252317150393,
  "Jarren Duran": 0.09787783841668357,
  "Kristian Campbell": 0.08138862733341723,
  "Carlos Correa": 0.08763502606094441,
  "Ceddanne Rafaela": 0.07140037470449041,
  "Harrison Bader": 0.0767647850643425,
  "Ty France": 0.0762203272722536,
  "Romy Gonzalez": 0.06978099260828122,
  "Brooks Lee": 0.06536583564879553,
  "Carlos Narvaez": 0.0737732950371273,
  "David Hamilton": 0.06881659282046129,
  "Jonah Bride": 0.05371523657875088,
  "Christian Vazquez": 0.057370445514332666,
  "Trevor Larnach": 0.05489687238802171,
  "Connor Wong": 0.060000000000000005,
  "Trevor Story": 0.09761904761904762,
  "Aaron Judge": 0.20192847436004105,
  "Paul Goldschmidt": 0.10574236620109571,
  "Brandon Lowe": 0.10696583475008911,
  "Trent Grisham": 0.10621727628249367,
  "Jonathan Aranda": 0.10469335973821725,
  "Jasson Dom\u00ednguez": 0.09897952741449806,
  "Yandy Diaz": 0.09135966888495173,
  "Cody Bellinger": 0.08977029266991655,
  "Kameron Misner": 0.07766924600994352,
  "J.C. Escarra": 0.07560007508214514,
  "Curtis Mead": 0.07480776278768927,
  "Oswald Peraza": 0.06951622945925945,
  "Pablo Reyes": 0.0688624211427201,
  "Taylor Walls": 0.06446670700259982,
  "Oswaldo Cabrera": 0.06057100938523864,
  "Ben Rortvedt": 0.06623325707317182,
  "Chandler Simpson": 0.0538048600319734,
  "Travis Jankowski": 0.045600196600379284,
  "Junior Caminero": 0.12000000000000001,
  "Anthony Volpe": 0.07361111111111111,
  "Jorbit Vivas": 0.060000000000000005,
  "Ben Rice": 0.13333333333333333,
  "Jose Caballero": 0.07361111111111111,
  "Christopher Morel": 0.10757575757575757,
  "Danny Jansen": 0.07676767676767678,
  "Fernando Tatis Jr.": 0.12972543690246288,
  "Manny Machado": 0.14423730587755507,
  "Oneil Cruz": 0.11144507211825957,
  "Bryan Reynolds": 0.07845697022082822,
  "Xander Bogaerts": 0.0845252356690295,
  "Elias Diaz": 0.07218299813369555,
  "Joey Bart": 0.07329786196452863,
  "Oscar Gonzalez": 0.08115600754953448,
  "Luis Campusano": 0.07492722382397773,
  "Enmanuel Valdez": 0.06700081827118154,
  "Brandon Lockridge": 0.05779370989719153,
  "Henry Davis": 0.06968917526673302,
  "Tommy Pham": 0.07227704454508578,
  "Ke'Bryan Hayes": 0.06234101727832136,
  "Jared Triolo": 0.0612965317510772,
  "Jose Iglesias": 0.05128060626588957,
  "Adam Frazier": 0.04670784138265173,
  "Luis Arraez": 0.04973471341400851,
  "Andrew McCutchen": 0.07361111111111111,
  "Alexander Canario": 0.060000000000000005,
  "Kyle Manzardo": 0.1266583639122967,
  "Jose Ramirez": 0.13376673113436655,
  "Anthony Santander": 0.12817025089605733,
  "Vladimir Guerrero Jr.": 0.10213291644033018,
  "Carlos Santana": 0.10289887007741605,
  "Bo Naylor": 0.09091129538803647,
  "Daniel Schneemann": 0.07685948008950291,
  "Nolan Jones": 0.08499034728199184,
  "George Springer": 0.0826638122395841,
  "Gabriel Arias": 0.08981117948887621,
  "Addison Barger": 0.08271474505910845,
  "Alejandro Kirk": 0.06709085899146593,
  "Steven Kwan": 0.05570011383807823,
  "Bo Bichette": 0.0655206348709066,
  "Alan Roden": 0.07747547376013703,
  "Angel Martinez": 0.06266503798290983,
  "Nathan Lukes": 0.06264432257738271,
  "Andres Gimenez": 0.06029254416205111,
  "Brayan Rocchio": 0.060000000000000005,
  "Ernie Clement": 0.060000000000000005,
  "Will Wilson": 0.07361111111111111,
  "Daulton Varsho": 0.01639344262295082,
  "Brent Rooker": 0.12743327021024178,
  "Agust\u00edn Ram\u00edrez": 0.10603418026650603,
  "Kyle Stowers": 0.08789871217999394,
  "Connor Norby": 0.10099116654444523,
  "Eric Wagaman": 0.09765830382541907,
  "Lawrence Butler": 0.09329306508936527,
  "Dane Myers": 0.09281322929471077,
  "JJ Bleday": 0.09636913026615436,
  "Ronny Simon": 0.08763438662255597,
  "Miguel Andujar": 0.08027243589743589,
  "Luis Urias": 0.07683272992641184,
  "Javier Sanoja": 0.060378811482564236,
  "Nick Kurtz": 0.07164590490659603,
  "Jhonny Pereda": 0.05611036952607408,
  "Nick Fortes": 0.06377132910414414,
  "Gio Urshela": 0.05956993141904624,
  "Jacob Wilson": 0.05454994235698256,
  "Xavier Edwards": 0.05425764058140454,
  "Shea Langeliers": 0.10757575757575757,
  "Tyler Soderstrom": 0.08392857142857142,
  "Kyle Schwarber": 0.161648096506576,
  "Bryce Harper": 0.1510594669498696,
  "Eugenio Suarez": 0.11227676214027718,
  "Trea Turner": 0.10872899968716628,
  "Randal Grichuk": 0.10120851698593425,
  "Nick Castellanos": 0.10529351240358731,
  "J.T. Realmuto": 0.1000968533250417,
  "Corbin Carroll": 0.0906182875220839,
  "Alec Bohm": 0.0890665836895345,
  "Josh Naylor": 0.08335517527594992,
  "Lourdes Gurriel Jr.": 0.07808358460061014,
  "Tim Tawa": 0.11831334571060598,
  "Weston Wilson": 0.11252706589340254,
  "Edmundo Sosa": 0.08401775665422881,
  "Johan Rojas": 0.06809093224656139,
  "Garrett Hampson": 0.07642165242165241,
  "Geraldo Perdomo": 0.06359837502252362,
  "Jose Herrera": 0.07171929824561404,
  "Ketel Marte": 0.13333333333333333,
  "Alek Thomas": 0.060000000000000005,
  "Brandon Marsh": 0.08392857142857142,
  "Gabriel Moreno": 0.060000000000000005,
  "Rhys Hoskins": 0.1433607373907605,
  "Kyle Tucker": 0.1285276520568559,
  "Seiya Suzuki": 0.12333947490327242,
  "William Contreras": 0.11540695361015778,
  "Jackson Chourio": 0.10560221162655241,
  "Michael Busch": 0.104589465728896,
  "Dansby Swanson": 0.11278659611992946,
  "Ian Happ": 0.09880823633853181,
  "Christian Yelich": 0.09180190937500879,
  "Isaac Collins": 0.10326718790771078,
  "Pete Crow-Armstrong": 0.09545277803562403,
  "Caleb Durbin": 0.08236968817112357,
  "Miguel Amaya": 0.07569861277413184,
  "Joey Ortiz": 0.08304761904761905,
  "Nico Hoerner": 0.05723414537822935,
  "Brice Turang": 0.0681025641025641,
  "Jon Berti": 0.06541215106732348,
  "Sal Frelick": 0.05744458308866706,
  "Christian Walker": 0.15261112544356886,
  "Luis Robert Jr.": 0.10103593062146737,
  "Yainer Diaz": 0.1044249515403739,
  "Jeremy Pena": 0.10889581634146851,
  "Andrew Benintendi": 0.1032512116875243,
  "Victor Caratini": 0.10108753344409083,
  "Andrew Vaughn": 0.09528286415793324,
  "Jose Altuve": 0.09601971304293028,
  "Zach Dezenzo": 0.1143984441602728,
  "Brendan Rodgers": 0.08450366817647335,
  "Miguel Vargas": 0.08224395107837373,