{
  "Kyle Schwarber": 0.16676212347500544,
  "Austin Riley": 0.11991180300792188,
  "Marcell Ozuna": 0.11033453211718917,
  "Matt Olson": 0.10395428728657134,
  "Sean Murphy": 0.09130997882910451,
  "Max Kepler": 0.1021888357503173,
  "Trea Turner": 0.08701925104188594,
  "Nick Castellanos": 0.09617135395164872,
  "Ozzie Albies": 0.07742987310010789,
  "Alec Bohm": 0.07118728454041987,
  "Michael Harris II": 0.06961288267806175,
  "Edmundo Sosa": 0.07063216743351423,
  "Bryson Stott": 0.06978555397806331,
  "Brandon Marsh": 0.07460823078208964,
  "Stuart Fairchild": 0.07728864967968636,
  "Eli White": 0.06014009737693948,
  "Luke Williams": 0.07772884196413608,
  "Rafael Marchan": 0.05580118549685472,
  "Ronald Acuna Jr.": 0.10731537154644252,
  "J.T. Realmuto": 0.09910662941065754,
  "Drake Baldwin": 0.09464656903953501,
  "Weston Wilson": 0.07531937804665077,
  "Alex Verdugo": 0.06594295067510675,
  "Johan Rojas": 0.05051870321207338,
  "Nick Allen": 0.04361507745200765,
  "Brent Rooker": 0.12952740690701403,
  "Shea Langeliers": 0.1221861156467934,
  "Anthony Santander": 0.12482896486009343,
  "Vladimir Guerrero Jr.": 0.11704820368365663,
  "Tyler Soderstrom": 0.105466082706425,
  "Lawrence Butler": 0.10701025895307956,
  "George Springer": 0.10218159135084237,
  "Bo Bichette": 0.09638750688106697,
  "Alejandro Kirk": 0.08397014895460168,
  "Luis Urias": 0.0756748592813983,
  "Ernie Clement": 0.06755861586978608,
  "Logan Davidson": 0.06761425555856095,
  "Jacob Wilson": 0.06304956940140749,
  "Jonatan Clase": 0.06199847430364571,
  "Miguel Andujar": 0.05735063133296118,
  "Michael Stefanic": 0.03815089236199813,
  "Myles Straw": 0.048190053240213165,
  "Junior Caminero": 0.11569033751624173,
  "Jonathan Aranda": 0.10780785468098089,
  "Brandon Lowe": 0.11942110350891255,
  "Yandy Diaz": 0.0980600853202856,
  "Josh Lowe": 0.09194934295812969,
  "Isaac Paredes": 0.09154117269701825,
  "Yainer Diaz": 0.08157269923059397,
  "Victor Caratini": 0.07787553509433752,
  "Jeremy Pena": 0.07875928500320831,
  "Jose Altuve": 0.0672529486659395,
  "Zach Dezenzo": 0.08163974171995562,
  "Kameron Misner": 0.06691957660811673,
  "Jake Meyers": 0.0657304265681004,
  "Cam Smith": 0.06609358477024692,
  "Jose Caballero": 0.06479486471919366,
  "Matt Thaiss": 0.04658055125387249,
  "Mauricio Dubon": 0.052444515111465945,
  "Chandler Simpson": 0.045654785284105784,
  "Taylor Walls": 0.0420703933747412,
  "Christian Walker": 0.12000000000000001,
  "Danny Jansen": 0.06248832866479925,
  "James Wood": 0.12926613044038776,
  "Cal Raleigh": 0.12292396565756346,
  "CJ Abrams": 0.11043506870597462,
  "Julio Rodriguez": 0.09351172667097636,
  "Nathaniel Lowe": 0.09387938715807569,
  "Josh Bell": 0.08734006621337072,
  "Randy Arozarena": 0.09884745080782366,
  "Luis Garcia Jr.": 0.07946539186525435,
  "Keibert Ruiz": 0.07221887156314447,
  "Dylan Moore": 0.07071300584238394,
  "Jorge Polanco": 0.07652945832466417,
  "Jose Tena": 0.05959113778453022,
  "J.P. Crawford": 0.0598705376913428,
  "Robert Hassell III": 0.057119244959134036,
  "Daylen Lile": 0.06773163021663771,
  "Donovan Solano": 0.059204223894166574,
  "Leody Taveras": 0.05401295611529661,
  "Ben Williamson": 0.04965651449177425,
  "Aaron Judge": 0.21197897589044834,
  "Shohei Ohtani": 0.1445386746266851,
  "Trent Grisham": 0.11771773101717299,
  "Ben Rice": 0.1273495666382495,
  "Cody Bellinger": 0.10739298755711328,
  "Teoscar Hernandez": 0.09633017878294649,
  "Paul Goldschmidt": 0.10099538573687987,
  "Austin Wells": 0.09527805797511751,
  "Enrique Hernandez": 0.06700909802401103,
  "Freddie Freeman": 0.07785278394934378,
  "Will Smith": 0.07620743063577842,
  "Andy Pages": 0.0773613698757418,
  "Oswald Peraza": 0.07203263502727918,
  "Tommy Edman": 0.061669855826653616,
  "Anthony Volpe": 0.07641703422885411,
  "Michael Conforto": 0.06081827961982601,
  "Jorbit Vivas": 0.05862577861010464,
  "Miguel Rojas": 0.04237560362160537,
  "DJ LeMahieu": 0.07361111111111111,
  "Mookie Betts": 0.09761904761904762,
  "Jasson Dom\u00ednguez": 0.12000000000000001
}