{
  "Austin Riley": 0.15683417677258663,
  "Oneil Cruz": 0.1465276818171555,
  "Marcell Ozuna": 0.13841536694851736,
  "Sean Murphy": 0.11232124890089815,
  "Matt Olson": 0.09966124098901055,
  "Bryan Reynolds": 0.09419407998845211,
  "Andrew McCutchen": 0.10078353902188428,
  "Ozzie Albies": 0.09125228304593279,
  "Joey Bart": 0.08956372441618343,
  "Michael Harris II": 0.06957945576914554,
  "Alexander Canario": 0.08604086766207977,
  "Matt Gorski": 0.08879029295795891,
  "Eli White": 0.06803513645961443,
  "Jared Triolo": 0.06958378122194503,
  "Ke'Bryan Hayes": 0.06297522245863263,
  "Adam Frazier": 0.053711220380474704,
  "Alex Verdugo": 0.05705497162224504,
  "Nick Allen": 0.04939456815607828,
  "Tommy Pham": 0.060000000000000005,
  "Aaron Judge": 0.2588213572916742,
  "Brent Rooker": 0.14460798693065255,
  "Paul Goldschmidt": 0.1431396499768815,
  "Trent Grisham": 0.10584347040342848,
  "Shea Langeliers": 0.12691838567223676,
  "Lawrence Butler": 0.09620477121383075,
  "Tyler Soderstrom": 0.10037215649648656,
  "Austin Wells": 0.10191561170660146,
  "Jasson Dom\u00ednguez": 0.11701516391437197,
  "Luis Urias": 0.08917184449435672,
  "Anthony Volpe": 0.08492185300724514,
  "Miguel Andujar": 0.08014596022804191,
  "Cody Bellinger": 0.09322268370465714,
  "Oswald Peraza": 0.0821885092965951,
  "Pablo Reyes": 0.07375801637672744,
  "Nick Kurtz": 0.06825740231547082,
  "Jacob Wilson": 0.06667147712382057,
  "Jhonny Pereda": 0.0671975546975547,
  "Oswaldo Cabrera": 0.07361111111111111,
  "JJ Bleday": 0.07825311942959003,
  "Jorbit Vivas": 0.060000000000000005,
  "Ben Rice": 0.12000000000000001,
  "Gio Urshela": 0.060000000000000005,
  "Nolan Gorman": 0.11482949223216345,
  "Lars Nootbaar": 0.09464527074100075,
  "Willson Contreras": 0.0994232519761992,
  "Alec Burleson": 0.07628116259370213,
  "Nolan Arenado": 0.07867066874933813,
  "James Wood": 0.0746255394208832,
  "Masyn Winn": 0.07016355157654242,
  "CJ Abrams": 0.07365389042943223,
  "Brendan Donovan": 0.06707821765198649,
  "Pedro Pages": 0.07567581763868789,
  "Nathaniel Lowe": 0.058638738456312935,
  "Alex Call": 0.06199578449812815,
  "Dylan Crews": 0.05678630505821632,
  "Keibert Ruiz": 0.05592583857452772,
  "Victor Scott II": 0.06288384679473788,
  "Jose Tena": 0.06072684508586043,
  "Luis Garcia Jr.": 0.05515000585092421,
  "Jacob Young": 0.04505383890181868,
  "Josh Bell": 0.07361111111111111,
  "Jordan Walker": 0.08392857142857142,
  "Amed Rosario": 0.060000000000000005,
  "Yohel Pozo": 0.08392857142857142,
  "Jonathan Aranda": 0.13167997250264546,
  "Junior Caminero": 0.12659497181305693,
  "Rhys Hoskins": 0.1217313488827377,
  "Jackson Chourio": 0.11215359378109675,
  "Brandon Lowe": 0.12102615120407878,
  "William Contreras": 0.10200597276617304,
  "Yandy Diaz": 0.10571014360603177,
  "Christian Yelich": 0.09657607578759997,
  "Kameron Misner": 0.08896842967382987,
  "Joey Ortiz": 0.05958992016028686,
  "Taylor Walls": 0.06312804703893812,
  "Isaac Collins": 0.0688315157065157,
  "Ben Rortvedt": 0.059618551826430784,
  "Caleb Durbin": 0.06762210019854073,
  "Sal Frelick": 0.054045308487600544,
  "Brice Turang": 0.05649394191705854,
  "Chandler Simpson": 0.054238752009171436,
  "Travis Jankowski": 0.05014832224023681,
  "Jake Bauers": 0.09761904761904762,
  "Kyle Schwarber": 0.14342161930693875,
  "Bryce Harper": 0.1150537477377002,
  "Jose Ramirez": 0.10056706499495201,
  "Max Kepler": 0.09068916916506116,
  "Nick Castellanos": 0.09010745458334658,
  "Jhonkensy Noel": 0.09692444081226571,
  "Trea Turner": 0.08667084381154742,
  "Carlos Santana": 0.08594478915686114,
  "J.T. Realmuto": 0.08303032331116886,
  "Brandon Marsh": 0.07479155702164428,
  "Kyle Manzardo": 0.07210453101752186,
  "Edmundo Sosa": 0.06835399309083519,
  "Gabriel Arias": 0.07213995980236902,
  "Will Wilson": 0.06681344146440132,
  "Bryson Stott": 0.06276038480176771,
  "Angel Martinez": 0.059455819448628384,
  "Austin Hedges": 0.0515115648305162,
  "Steven Kwan": 0.046940214882259024,
  "Brayan Rocchio": 0.060000000000000005,
  "Daniel Schneemann": 0.060000000000000005,
  "Corey Seager": 0.10851666709722976,
  "Kerry Carpenter": 0.11398708337732727,
  "Wyatt Langford": 0.10159650300996416,
  "Adolis Garcia": 0.10663864316038228,
  "Riley Greene": 0.09763396788495898,
  "Spencer Torkelson": 0.08618466504998756,
  "Joc Pederson": 0.0937709525185678,
  "Marcus Semien": 0.0836009422463262,
  "Josh Jung": 0.06823904789067972,
  "Josh Smith": 0.06353579802424686,
  "Trey Sweeney": 0.07501418235398621,
  "Colt Keith": 0.073198929503875,
  "Gleyber Torres": 0.06937326779642455,
  "Jonah Heim": 0.06807323589501807,
  "Jace Jung": 0.06158802500210881,
  "Tomas Nido": 0.05737219513238048,
  "Zach McKinstry": 0.05825046065652714,
  "Evan Carter": 0.05810988925931455,
  "Javier Baez": 0.060000000000000005,
  "Dillon Dingler": 0.060000000000000005,
  "Alex Bregman": 0.09006417888197663,
  "Bobby Witt Jr.": 0.0923488390210429,
  "Salvador Perez": 0.10064035450245673,
  "Rafael Devers": 0.07779993342199512,
  "Hunter Renfroe": 0.076790480474691,
  "Wilyer Abreu": 0.10185971685971687,
  "Kristian Campbell": 0.06814991449202981,
  "Trevor Story": 0.07476248229086208,
  "Vinnie Pasquantino": 0.060070920641287336,
  "Jarren Duran": 0.06091355487972367,
  "Jonathan India": 0.055303201748830626,
  "Ceddanne Rafaela": 0.06049957825320144,
  "Carlos Narvaez": 0.06937830687830689,
  "Mark Canha": 0.05794007627125722,
  "Freddy Fermin": 0.07539994105511347,
  "Maikel Garcia": 0.053541798898425225,
  "Drew Waters": 0.07607843137254902,
  "Nick Sogard": 0.07973057644110275,
  "Rob Refsnyder": 0.0433003300330033,
  "Abraham Toro": 0.060000000000000005,
  "Agust\u00edn Ram\u00edrez": 0.09788433255612008,
  "Jesus Sanchez": 0.10495697748799844,
  "Eric Wagaman": 0.07972971793991669,
  "Connor Norby": 0.08684409353600987,
  "Kyle Stowers": 0.08701288793366257,
  "Andrew Vaughn": 0.08782285766843922,
  "Tim Elko": 0.07868610858150393,
  "Ronny Simon": 0.08699976513444006,
  "Josh Rojas": 0.07468267174395218,
  "Joshua Palacios": 0.06955169576133732,
  "Edgar Quero": 0.07179654912318201,
  "Brooks Baldwin": 0.05877148429128627,
  "Michael A. Taylor": 0.07434767474241159,
  "Chase Meidroth": 0.055491554523484074,
  "Dane Myers": 0.07011196780936578,
  "Lenyn Sosa": 0.06499478832343562,
  "Xavier Edwards": 0.04918084483228343,
  "Javier Sanoja": 0.05771644229831236,
  "Luis Robert Jr.": 0.09761904761904762,
  "Miguel Vargas": 0.08392857142857142,
  "Matt Mervis": 0.09761904761904762,
  "Jacob Amaya": 0.060000000000000005,
  "Christian Walker": 0.10966539283419233,
  "Matt McLain": 0.08635347448250674,
  "Spencer Steer": 0.08720231374717126,
  "Zach Dezenzo": 0.08153010424905933,
  "Tyler Stephenson": 0.08689629538348824,
  "Elly De La Cruz": 0.08452972124892297,
  "Isaac Paredes": 0.07370400552856693,
  "Victor Caratini": 0.07184062991080535,
  "Jeremy Pena": 0.07766712390144112,
  "Yainer Diaz": 0.07520110864331711,
  "Will Benson": 0.07523377755821588,
  "Cam Smith": 0.060783931652654326,
  "Jose Altuve": 0.06772188865442295,
  "Gavin Lux": 0.05731861568426747,
  "Jake Meyers": 0.06211794602883712,
  "TJ Friedl": 0.06098365210457454,
  "Santiago Espinal": 0.06113933115052041,
  "Chas McCormick": 0.060000000000000005,
  "Rece Hinds": 0.09761904761904762,
  "Jose Trevino": 0.060000000000000005,
  "Austin Hays": 0.07361111111111111,
  "Brendan Rodgers": 0.060000000000000005,
  "Matt Chapman": 0.11585308999246365,
  "Mike Yastrzemski": 0.10566485451031174,
  "Byron Buxton": 0.10694418979713098,
  "Willy Adames": 0.10236947110860155,
  "LaMonte Wade Jr.": 0.08013309181956046,
  "Heliot Ramos": 0.07650549517163854,
  "Jung Hoo Lee": 0.07524606865538239,
  "Royce Lewis": 0.07064793836550198,
  "Patrick Bailey": 0.07780646947313614,
  "Wilmer Flores": 0.0639339872716611,
  "Trevor Larnach": 0.07073677861857477,
  "Brooks Lee": 0.0626055809992307,
  "Ty France": 0.059483003386051864,
  "Carlos Correa": 0.06110067277414068,