{
  "Javier Baez": 0.06706633661265934,
  "Riley Greene": 0.11382759848366598,
  "Kerry Carpenter": 0.11637793252231317,
  "Steven Kwan": 0.051257413241128265,
  "Jhonkensy Noel": 0.07011617002773549,
  "Kyle Manzardo": 0.08615496912658145,
  "Gleyber Torres": 0.06968067912586048,
  "Brayan Rocchio": 0.05287810773480663,
  "Zach McKinstry": 0.061872997924896436,
  "Jose Ramirez": 0.09527019869542273,
  "Wenceel Perez": 0.0764622627897921,
  "Johnathan Rodriguez": 0.056524580398752584,
  "Gabriel Arias": 0.05599787586974457,
  "Parker Meadows": 0.07474527100910328,
  "Spencer Torkelson": 0.10246812050355364,
  "Angel Martinez": 0.06172906672097678,
  "Dillon Dingler": 0.07013991582619034,
  "Austin Hedges": 0.0625298947165073,
  "Luis Arraez": 0.04763238123908013,
  "Seiya Suzuki": 0.10094826867209258,
  "Matt Shaw": 0.06096039032711218,
  "Carson Kelly": 0.06698511218054576,
  "Nico Hoerner": 0.053187111801242234,
  "Kyle Tucker": 0.0933530816446831,
  "Michael Busch": 0.118301281752354,
  "Ian Happ": 0.08766524748929311,
  "Xander Bogaerts": 0.06655570628786237,
  "Gavin Sheets": 0.058865004676174885,
  "Manny Machado": 0.11552644152186486,
  "Fernando Tatis Jr.": 0.11590287876915571,
  "Ryan O'Hearn": 0.05797983719179371,
  "Dansby Swanson": 0.07172191189782512,
  "Jackson Merrill": 0.06887733906849693,
  "Jake Cronenworth": 0.0517378420420639,
  "Pete Crow-Armstrong": 0.08136702350372105,
  "Freddy Fermin": 0.0636264367816092,
  "Aaron Judge": 0.18901341860878082,
  "Giancarlo Stanton": 0.1437528642339404,
  "Paul Goldschmidt": 0.10187586164886046,
  "Trevor Story": 0.09193152963821627,
  "Rob Refsnyder": 0.07953227652710294,
  "Cody Bellinger": 0.08726400001925981,
  "Trent Grisham": 0.0791760754399077,
  "Alex Bregman": 0.08936577154996198,
  "Ceddanne Rafaela": 0.0675355081333481,
  "Romy Gonzalez": 0.08184215281097591,
  "Austin Wells": 0.07256729509614951,
  "Carlos Narvaez": 0.06719569193253404,
  "Jarren Duran": 0.06537985262395625,
  "Amed Rosario": 0.06672071449284368,
  "Anthony Volpe": 0.0636525236671675,
  "Jose Caballero": 0.056163302277432714,
  "Nick Sogard": 0.05287880337747359,
  "Nate Eaton": 0.052181167679837895,
  "Jazz Chisholm Jr.": 0.07361111111111111,
  "Max Muncy": 0.1257678627006358,
  "Tommy Edman": 0.08014380979544161,
  "TJ Friedl": 0.05590008765296122,
  "Tyler Stephenson": 0.07674360491943262,
  "Elly De La Cruz": 0.07432149076076161,
  "Shohei Ohtani": 0.22827650306603095,
  "Austin Hays": 0.07582940284742133,
  "Miguel Andujar": 0.06196097408195649,
  "Spencer Steer": 0.08370291573529814,
  "Noelvi Marte": 0.06946639744813835,
  "Andy Pages": 0.10150839934074324,
  "Ke'Bryan Hayes": 0.0655479175699764,
  "Teoscar Hernandez": 0.11437649307214524,
  "Freddie Freeman": 0.12214362662703822,
  "Mookie Betts": 0.10376313587465597,
  "Ben Rortvedt": 0.05704722016394202,
  "Matt McLain": 0.06601675703826242,
  "Enrique Hernandez": 0.07453021470612793
}