{
  "Kyle Schwarber": 0.15539263181450638,
  "Jesus Sanchez": 0.12029195314489431,
  "Kyle Stowers": 0.11083484361629314,
  "Agust\u00edn Ram\u00edrez": 0.106659471194986,
  "Max Kepler": 0.10108711522986802,
  "Nick Castellanos": 0.0798764544151541,
  "Connor Norby": 0.0877506472750852,
  "Eric Wagaman": 0.07666929178760207,
  "Brandon Marsh": 0.07757799197406409,
  "Dane Myers": 0.07599069038676251,
  "Otto Lopez": 0.07400946013989582,
  "Liam Hicks": 0.06538310307449063,
  "Otto Kemp": 0.060390440118286724,
  "Alec Bohm": 0.06972561697862315,
  "Trea Turner": 0.07696594942339897,
  "Bryson Stott": 0.06828569980743894,
  "Rafael Marchan": 0.06082131698848741,
  "Xavier Edwards": 0.05172933614962601,
  "Hunter Goodman": 0.15159527124416516,
  "Ryan McMahon": 0.1345894818719175,
  "James Wood": 0.1306896458569703,
  "Jordan Beck": 0.10637126778999326,
  "Andr\u00e9s Chaparro": 0.13426564557209983,
  "CJ Abrams": 0.1129840697122837,
  "Mickey Moniak": 0.10261759669414708,
  "Michael Toglia": 0.11581732643776417,
  "Alex Call": 0.08844294204771824,
  "Brady House": 0.09439454064454064,
  "Amed Rosario": 0.09646170575337241,
  "Brenton Doyle": 0.08701227821308341,
  "Daylen Lile": 0.070076482486477,
  "Riley Adams": 0.10167993342600523,
  "Thairo Estrada": 0.06479596058930699,
  "Tyler Freeman": 0.07264003768127479,
  "Jacob Young": 0.058444410522171295,
  "Ryan Ritter": 0.0678733083421321,
  "Mike Trout": 0.15332797553613858,
  "Aaron Judge": 0.1479659167680411,
  "DJ LeMahieu": 0.06045493834839734,
  "Taylor Ward": 0.10468696330991414,
  "Jo Adell": 0.10305278460054232,
  "Luis Rengifo": 0.05951616120429895,
  "Zach Neto": 0.11246940490793564,
  "Nolan Schanuel": 0.07297556879936742,
  "Austin Wells": 0.09322637398030677,
  "Logan O'Hoppe": 0.10547311964184511,
  "Anthony Volpe": 0.06743996222173403,
  "Trent Grisham": 0.09409924004402995,
  "Christian Moore": 0.0686252030091474,
  "Jorge Soler": 0.09360158776149005,
  "Ben Rice": 0.10447835011346326,
  "Jazz Chisholm Jr.": 0.0864161808815961,
  "Cody Bellinger": 0.08579842761400425,
  "Giancarlo Stanton": 0.12619285395919635,
  "Gunnar Henderson": 0.15140626752715444,
  "Jordan Westburg": 0.1291824190301227,
  "Junior Caminero": 0.13856165086769434,
  "Brandon Lowe": 0.1286413367151187,
  "Jonathan Aranda": 0.13002455035556165,
  "Colton Cowser": 0.1189924193453605,
  "Adley Rutschman": 0.10732039251025967,
  "Josh Lowe": 0.11386024269247755,
  "Cedric Mullins": 0.10708147493526518,
  "Ryan O'Hearn": 0.10036189821568849,
  "Yandy Diaz": 0.1007636828866337,
  "Jackson Holliday": 0.09479399798200494,
  "Ramon Urias": 0.08910288078918777,
  "Danny Jansen": 0.09013391525839196,
  "Christopher Morel": 0.09109415458310702,
  "Dylan Carlson": 0.07322987912418806,
  "Jose Caballero": 0.06585074810487505,
  "Jake Mangum": 0.05947211421129997,
  "Taylor Walls": 0.060000000000000005,
  "Matt Thaiss": 0.07361111111111111,
  "Kameron Misner": 0.07361111111111111,
  "Cal Raleigh": 0.17686034417352212,
  "Jorge Polanco": 0.10416556474819068,
  "Randy Arozarena": 0.10856302429987907,
  "Julio Rodriguez": 0.11435913442009826,
  "Rowdy Tellez": 0.0895922548139897,
  "Dominic Canzone": 0.10181209275798828,
  "Jarren Duran": 0.10454514599507377,
  "Trevor Story": 0.08722845570748672,
  "Carlos Narvaez": 0.08309210627310949,
  "Roman Anthony": 0.08622120124100321,
  "Abraham Toro": 0.07924144452575825,
  "Marcelo Mayer": 0.07866121805729018,
  "J.P. Crawford": 0.07425536894588808,
  "Ceddanne Rafaela": 0.06594042804390968,
  "Kristian Campbell": 0.06277520247933367,
  "David Hamilton": 0.06814383813384313,
  "Ben Williamson": 0.062938784728812,
  "Cole Young": 0.05602253778267288,
  "Connor Wong": 0.060000000000000005,
  "Brent Rooker": 0.17125719136374276,
  "Isaac Paredes": 0.12241530882309659,
  "Christian Walker": 0.1426777019671853,
  "Lawrence Butler": 0.11771343224513882,
  "Tyler Soderstrom": 0.12356472176792593,
  "Nick Kurtz": 0.11005060608662136,
  "Jose Altuve": 0.10185284983558641,
  "Jeremy Pena": 0.09481287124577957,
  "Cam Smith": 0.09220337579685448,
  "Jake Meyers": 0.08232429264836673,
  "Victor Caratini": 0.09241190546518414,
  "Max Muncy (2002)": 0.0709755573973687,
  "JJ Bleday": 0.09479700160028029,
  "Willie MacIver": 0.08278640352714427,
  "Max Schuemann": 0.07957937052652221,
  "Jacob Wilson": 0.06888431257050642,
  "Mauricio Dubon": 0.05721899283571469,
  "Yainer Diaz": 0.10757575757575757,
  "Luis Urias": 0.07361111111111111,
  "Cooper Hummel": 0.060000000000000005,
  "Shohei Ohtani": 0.21657971510284582,
  "Fernando Tatis Jr.": 0.1560366918852738,
  "Manny Machado": 0.1517973858177332,
  "Andy Pages": 0.12571191137851714,
  "Freddie Freeman": 0.12557607652364686,
  "Mookie Betts": 0.12262972541981962,
  "Max Muncy": 0.12543225092454982,
  "Teoscar Hernandez": 0.11893434442080875,
  "Will Smith": 0.11293572986766146,
  "Gavin Sheets": 0.10744805532443458,
  "Michael Conforto": 0.10636470398970399,
  "Jake Cronenworth": 0.09363287441576915,
  "Tommy Edman": 0.08402069964552446,
  "Trenton Brooks": 0.09257652183030697,
  "Xander Bogaerts": 0.08540919652684359,
  "Luis Arraez": 0.06563360072548158,
  "Martin Maldonado": 0.06315538542586784,
  "Tyler Wade": 0.05037043448168768,
  "Elias Diaz": 0.07361111111111111,
  "Jose Iglesias": 0.060000000000000005
}