{
  "Jordan Westburg": 0.1395348291296726,
  "Gunnar Henderson": 0.14603318815390412,
  "Kyle Stowers": 0.12848168369345203,
  "Jesus Sanchez": 0.1254464291876093,
  "Colton Cowser": 0.12967660448863133,
  "Agust\u00edn Ram\u00edrez": 0.11925918296548312,
  "Ramon Laureano": 0.11093207443060515,
  "Jackson Holliday": 0.11526654465678858,
  "Cedric Mullins": 0.11140213178056954,
  "Ryan O'Hearn": 0.10517771696127183,
  "Ramon Urias": 0.09397874828544411,
  "Otto Lopez": 0.07754021341165261,
  "Liam Hicks": 0.07293001476636612,
  "Dane Myers": 0.07351270535177323,
  "Graham Pauley": 0.07300213751943752,
  "Alex Jackson": 0.05618271471101847,
  "Nick Fortes": 0.06738080827153314,
  "Xavier Edwards": 0.06414757290876216,
  "Alex Bregman": 0.12394237901035979,
  "Junior Caminero": 0.11429907725750518,
  "Trevor Story": 0.11316199196453208,
  "Jonathan Aranda": 0.09502509007975574,
  "Ceddanne Rafaela": 0.09176230610797981,
  "Jarren Duran": 0.10226430644248324,
  "Yandy Diaz": 0.08924076699405602,
  "Marcelo Mayer": 0.07546494132593919,
  "Romy Gonzalez": 0.08132144583874584,
  "Roman Anthony": 0.08532070136455436,
  "Masataka Yoshida": 0.07923051774629924,
  "Josh Lowe": 0.07362119940040081,
  "Connor Wong": 0.06339336097591852,
  "Ha-Seong Kim": 0.06753494395414285,
  "Taylor Walls": 0.06451447255266617,
  "Matt Thaiss": 0.06654721599007192,
  "Jake Mangum": 0.0602060117525271,
  "Chandler Simpson": 0.057545403363481164,
  "Danny Jansen": 0.08392857142857142,
  "Aaron Judge": 0.2623473200958133,
  "Giancarlo Stanton": 0.18137890648488694,
  "Paul Goldschmidt": 0.1427984977984978,
  "Michael Busch": 0.1314849746433345,
  "Kyle Tucker": 0.1375555530506868,
  "Seiya Suzuki": 0.1358771387837474,
  "Pete Crow-Armstrong": 0.13330321626839584,
  "Cody Bellinger": 0.12426232332298011,
  "Jasson Dom\u00ednguez": 0.11217523795790638,
  "Jazz Chisholm Jr.": 0.11469328796531245,
  "Austin Wells": 0.12395705256138119,
  "Ian Happ": 0.10619159712899444,
  "Carson Kelly": 0.09569424314565494,
  "Anthony Volpe": 0.08601282778340252,
  "Dansby Swanson": 0.08903606171004438,
  "Oswald Peraza": 0.08416284783176536,
  "Vidal Brujan": 0.06470852113033243,
  "Nico Hoerner": 0.05460565392395129,
  "Connor Joe": 0.09701079181264304,
  "Ryan McMahon": 0.1351388806691221,
  "Matt McLain": 0.16152127528939123,
  "Michael Toglia": 0.1270915357081183,
  "Elly De La Cruz": 0.16340637066873878,
  "TJ Friedl": 0.0946058426828669,
  "Noelvi Marte": 0.12319705583401887,
  "Brenton Doyle": 0.10592556687750232,
  "Tyler Stephenson": 0.14662818453281362,
  "Spencer Steer": 0.1426552127976416,
  "Santiago Espinal": 0.08986402918145053,
  "Mickey Moniak": 0.13370100917237468,
  "Tyler Freeman": 0.08366427233318988,
  "Ryan Ritter": 0.08072967665122542,
  "Austin Hays": 0.16118156228531505,
  "Austin Nola": 0.06126642604371767,
  "Yanquiel Fern\u00e1ndez": 0.13317864491475603,
  "Kyle Farmer": 0.07798140652897631,
  "Cal Raleigh": 0.19172267745579494,
  "Riley Greene": 0.12139980953199513,
  "Spencer Torkelson": 0.1228575284748225,
  "Randy Arozarena": 0.11226935171926763,
  "Luke Raley": 0.09554496665391121,
  "Dominic Canzone": 0.09485137254280156,
  "Julio Rodriguez": 0.10284089779229183,
  "Gleyber Torres": 0.08944878679464852,
  "Colt Keith": 0.09682927568928235,
  "Mitch Garver": 0.09456256565354702,
  "Dillon Dingler": 0.08008530359103815,
  "J.P. Crawford": 0.06862814529265956,
  "Javier Baez": 0.07100168067906018,
  "Zach McKinstry": 0.07144712612450563,
  "Matt Vierling": 0.07288992890575866,
  "Parker Meadows": 0.06935958028050984,
  "Cole Young": 0.05921344657757701,
  "Ben Williamson": 0.06032046407811547,
  "Jose Ramirez": 0.16452737257300995,
  "Kyle Manzardo": 0.14582861324908242,
  "Carlos Santana": 0.12239469682570109,
  "Andrew Benintendi": 0.11336636120112902,
  "Bo Naylor": 0.134050142075874,
  "Luis Robert Jr.": 0.12184100874749454,
  "Lenyn Sosa": 0.10392004289720183,
  "Angel Martinez": 0.0989668490689389,
  "Miguel Vargas": 0.10186189398277974,
  "Edgar Quero": 0.09163307984340419,
  "Nolan Jones": 0.10071521168492631,
  "Colson Montgomery": 0.08084043841753051,
  "Michael A. Taylor": 0.09496896103146618,
  "Austin Slater": 0.09479089334274456,
  "Johnathan Rodriguez": 0.08089543980129223,
  "Brayan Rocchio": 0.06844436182240683,
  "Chase Meidroth": 0.07317265490973045,
  "Steven Kwan": 0.07899826436398076,
  "Daniel Schneemann": 0.12000000000000001,
  "Corey Seager": 0.11903549093434727,
  "Christian Walker": 0.1171506544411895,
  "Isaac Paredes": 0.10264218939686214,
  "Wyatt Langford": 0.0945116839115956,
  "Jose Altuve": 0.08382389558649504,
  "Marcus Semien": 0.08508385715206153,
  "Adolis Garcia": 0.09632115223411457,
  "Kyle Higashioka": 0.08294806711630266,
  "Taylor Trammell": 0.0921929147727234,
  "Victor Caratini": 0.08493930566668101,
  "Alejandro Osuna": 0.07321202781729097,
  "Cam Smith": 0.07662534452517356,
  "Evan Carter": 0.07017952264407058,
  "Cooper Hummel": 0.07078077216974105,
  "Josh Smith": 0.07241932196613327,
  "Mauricio Dubon": 0.06807016751302343,
  "Zack Short": 0.06712729429917597,
  "Ezequiel Duran": 0.07322876464787534,
  "Juan Soto": 0.12170523293128206,
  "Pete Alonso": 0.12082657549388272,
  "Bobby Witt Jr.": 0.11437889936589969,
  "Francisco Lindor": 0.11242186946769334,
  "Salvador Perez": 0.09542412245862984,
  "Mark Vientos": 0.09756798107296419,
  "Vinnie Pasquantino": 0.08609383684107927,
  "Brandon Nimmo": 0.0860837697443588,
  "Jac Caglianone": 0.07242285821675395,
  "Ronny Mauricio": 0.07467848039216224,
  "Luis Torrens": 0.06809572008196538,
  "Tyrone Taylor": 0.07196815424038568,
  "Jonathan India": 0.07684346062940237,
  "John Rave": 0.06239549578720139,
  "Maikel Garcia": 0.0641986587835397,
  "Luisangel Acu\u00f1a": 0.06275000744014404,
  "Freddy Fermin": 0.06105081015879167,
  "Kyle Isbel": 0.05095596133190118,
  "Brett Baty": 0.07361111111111111,
  "Nick Loftin": 0.060000000000000005,
  "Jake Bauers": 0.12569177696607886,
  "Christian Yelich": 0.13109261503549655,
  "Eric Haase": 0.09334280853796913,
  "Anthony Seigler": 0.08902339113223988,
  "CJ Abrams": 0.10772017432355838,
  "Jackson Chourio": 0.11044526914224187,
  "Josh Bell": 0.10533806622062648,
  "William Contreras": 0.11531146801272775,
  "Luis Garcia Jr.": 0.07721193444044487,
  "Nathaniel Lowe": 0.09457530965197751,
  "Andruw Monasterio": 0.0707881159071096,
  "Riley Adams": 0.08535952495436842,
  "Brady House": 0.09471273680848209,
  "Alex Call": 0.06842961754462122,
  "Daylen Lile": 0.07720434250039514,
  "Sal Frelick": 0.08013818754542143,
  "Brice Turang": 0.08201577570847021,
  "Jacob Young": 0.05177865345033041,
  "James Wood": 0.12000000000000001,
  "Isaac Collins": 0.08392857142857142,
  "Joey Ortiz": 0.07361111111111111,
  "Caleb Durbin": 0.07361111111111111,
  "Andrew Vaughn": 0.12000000000000001,
  "Byron Buxton": 0.19139248680232537,
  "Oneil Cruz": 0.15928705302578275,
  "Kody Clemens": 0.16855285786688226,
  "Matt Wallner": 0.16754003949172366,
  "Spencer Horwitz": 0.1195437697290141,
  "Trevor Larnach": 0.13205054020624993,
  "Royce Lewis": 0.12600706663822206,
  "Jack Suwinski": 0.15625,
  "Bryan Reynolds": 0.12344668482818406,
  "Harrison Bader": 0.10723381761134984,
  "Willi Castro": 0.09719314880971612,
  "Henry Davis": 0.11192514677103718,
  "Tommy Pham": 0.08787610138127758,
  "Carlos Correa": 0.09384487265637151,
  "Nick Gonzales": 0.091322892117091,
  "Ke'Bryan Hayes": 0.06932844459815235,
  "Christian Vazquez": 0.07004345044120054,
  "Isiah Kiner-Falefa": 0.07205555555555555,
  "Andrew McCutchen": 0.08392857142857142,
  "Adam Frazier": 0.05924742614317455,
  "Sean Murphy": 0.10365126734799739,
  "Alec Burleson": 0.1173328574024183,
  "Ronald Acuna Jr.": 0.11427867926798789,
  "Matt Olson": 0.1166986636551854,
  "Willson Contreras": 0.10558081020171542,
  "Ivan Herrera": 0.08891992105011871,
  "Brendan Donovan": 0.09489467411789503,
  "Drake Baldwin": 0.07912533640178963,
  "Jurickson Profar": 0.07908527252971013,