{
  "James Wood": 0.12883809162134086,
  "Wilyer Abreu": 0.13492258328961698,
  "CJ Abrams": 0.109078773055932,
  "Josh Bell": 0.10676514262650628,
  "Nathaniel Lowe": 0.1041797521079289,
  "Trevor Story": 0.10070302543448091,
  "Jarren Duran": 0.10242622241322273,
  "Roman Anthony": 0.10288079598434449,
  "Luis Garcia Jr.": 0.09531873701872634,
  "Brady House": 0.08130255490297927,
  "Marcelo Mayer": 0.08855232345767919,
  "Keibert Ruiz": 0.08448635101404607,
  "Abraham Toro": 0.08798242055248258,
  "Carlos Narvaez": 0.08942305007450138,
  "Ceddanne Rafaela": 0.09340845655318054,
  "Daylen Lile": 0.08455546769515328,
  "David Hamilton": 0.06767525327447546,
  "Jacob Young": 0.061123536083019445,
  "Riley Adams": 0.07361111111111111,
  "Alex Call": 0.060000000000000005,
  "Kyle Schwarber": 0.1578649821259385,
  "Bryce Harper": 0.12659186732664904,
  "Tyler Stephenson": 0.0973357835069886,
  "Elly De La Cruz": 0.09924257703590454,
  "Trea Turner": 0.10638479660350847,
  "Nick Castellanos": 0.10899370086060822,
  "Matt McLain": 0.10293472355713025,
  "Alec Bohm": 0.10846262423176961,
  "J.T. Realmuto": 0.10395485738003901,
  "Austin Hays": 0.10034909281360477,
  "Spencer Steer": 0.09415907102722404,
  "Rece Hinds": 0.10815726142085834,
  "Otto Kemp": 0.08781151642419642,
  "Edmundo Sosa": 0.08600689379857877,
  "Noelvi Marte": 0.0854677589149106,
  "TJ Friedl": 0.06031372697989782,
  "Santiago Espinal": 0.06580339855175618,
  "Johan Rojas": 0.07778787878787878,
  "Kyle Tucker": 0.1465335728624883,
  "Seiya Suzuki": 0.1516174966818964,
  "Pete Crow-Armstrong": 0.137402333206327,
  "Ian Happ": 0.13691466992763712,
  "Nolan Gorman": 0.12919614970297622,
  "Alec Burleson": 0.1254589733514812,
  "Willson Contreras": 0.12572071800663234,
  "Lars Nootbaar": 0.11958449615515512,
  "Dansby Swanson": 0.11684470106443795,
  "Michael Busch": 0.11423048302192249,
  "Masyn Winn": 0.10181266323291047,
  "Pedro Pages": 0.09314766666805764,
  "Nolan Arenado": 0.10188741059605781,
  "Carson Kelly": 0.09841934950023887,
  "Brendan Donovan": 0.09705798020789189,
  "Matt Shaw": 0.07260520252953147,
  "Victor Scott II": 0.07179826416137465,
  "Nico Hoerner": 0.06921931760441077,
  "Aaron Judge": 0.23186325495693685,
  "Giancarlo Stanton": 0.16428264183166144,
  "Pete Alonso": 0.1560296873509775,
  "Juan Soto": 0.14225124248771961,
  "Francisco Lindor": 0.122566407176049,
  "Jazz Chisholm Jr.": 0.1323260501962331,
  "Brandon Nimmo": 0.1210429667828724,
  "Cody Bellinger": 0.10584456161825379,
  "Jasson Dom\u00ednguez": 0.10473971413781004,
  "Paul Goldschmidt": 0.1055808571544179,
  "Brett Baty": 0.08240774304016824,
  "Ronny Mauricio": 0.09157951311126059,
  "J.C. Escarra": 0.0830348409301939,
  "Jeff McNeil": 0.07913262680659516,
  "Luis Torrens": 0.0752631021993997,
  "Anthony Volpe": 0.08047678491147675,
  "Tyrone Taylor": 0.08347789747542583,
  "DJ LeMahieu": 0.06325449902638132,
  "Byron Buxton": 0.20244868512366668,
  "Brandon Lowe": 0.1804063121341982,
  "Matt Wallner": 0.22200214659892079,
  "Jonathan Aranda": 0.16711773789694703,
  "Junior Caminero": 0.15504193765991658,
  "Josh Lowe": 0.146783955229704,
  "Trevor Larnach": 0.14825581859520634,
  "Royce Lewis": 0.1306396274134395,
  "Yandy Diaz": 0.1240471662444277,
  "Ryan Jeffers": 0.11376932747390178,
  "Willi Castro": 0.12448549218481281,
  "Danny Jansen": 0.11064467613763389,
  "Carlos Correa": 0.10250921090263822,
  "Jake Mangum": 0.09893885354411669,
  "Ty France": 0.08583993743008606,
  "Ha-Seong Kim": 0.07587230746220558,
  "Harrison Bader": 0.09199664961697047,
  "Chandler Simpson": 0.06708220523437915,
  "Cal Raleigh": 0.17883790813800793,
  "Oneil Cruz": 0.12545851307836364,
  "Randy Arozarena": 0.11597654274080228,
  "Mitch Garver": 0.112825508956664,
  "Julio Rodriguez": 0.1132667048783314,
  "Bryan Reynolds": 0.09410304224541732,
  "Andrew McCutchen": 0.09281445841941877,
  "Spencer Horwitz": 0.08968802886373167,
  "Dylan Moore": 0.0984430256165399,
  "Donovan Solano": 0.0720230136026622,
  "J.P. Crawford": 0.07548571208477522,
  "Nick Gonzales": 0.07914912933002775,
  "Cole Young": 0.07510452224074515,
  "Joey Bart": 0.08996273291925466,
  "Adam Frazier": 0.06915393057807918,
  "Ke'Bryan Hayes": 0.06639304668425984,
  "Ben Williamson": 0.09429292929292929,
  "Isiah Kiner-Falefa": 0.07036636636636637,
  "Jorge Polanco": 0.08392857142857142,
  "Miles Mastrobuoni": 0.060000000000000005,
  "Corey Seager": 0.14939376953722788,
  "Jake Burger": 0.12545082708203276,
  "Adolis Garcia": 0.1274717687106096,
  "Fernando Tatis Jr.": 0.12698995705086513,
  "Manny Machado": 0.11966926117800064,
  "Jackson Merrill": 0.11664074825332432,
  "Gavin Sheets": 0.10072870447617827,
  "Marcus Semien": 0.10212060134279757,
  "Josh Smith": 0.08686644703452728,
  "Kyle Higashioka": 0.09886608489549666,
  "Jake Cronenworth": 0.0867514581516625,
  "Jonah Heim": 0.0841638946679206,
  "Evan Carter": 0.08917146372496729,
  "Trenton Brooks": 0.08002344552451436,
  "Xander Bogaerts": 0.06536749250740244,
  "Alejandro Osuna": 0.08147423239875566,
  "Martin Maldonado": 0.07661904761904761,
  "Luis Arraez": 0.06561358701539707,
  "Mike Trout": 0.15447288520387936,
  "Jo Adell": 0.14860241717202866,
  "Taylor Ward": 0.1406346050261745,
  "George Springer": 0.14753571103448204,
  "Logan O'Hoppe": 0.14215584374578405,
  "Zach Neto": 0.14794732536466626,
  "Addison Barger": 0.13149569910643122,
  "Bo Bichette": 0.11742887532749685,
  "Davis Schneider": 0.10968511630894529,
  "Chad Stevens": 0.09767399267399267,
  "Luis Rengifo": 0.08779960214527584,
  "Will Wagner": 0.08103683612325056,
  "Gustavo Campero": 0.0768635714068877,
  "Andres Gimenez": 0.08191229868287342,
  "Nathan Lukes": 0.07168786105541153,
  "Tyler Heineman": 0.06757230929175517,
  "Ernie Clement": 0.0738344100345267,
  "Nolan Schanuel": 0.0636227243752846,
  "Leo Jimenez": 0.09761904761904762,
  "Kevin Newman": 0.07407407407407407,
  "Jorge Soler": 0.22727272727272727,
  "Riley Greene": 0.14484470143765005,
  "Jose Ramirez": 0.12221727910752302,
  "Spencer Torkelson": 0.11567014356280292,
  "Kyle Manzardo": 0.11480693618598892,
  "Colt Keith": 0.10825296011986749,
  "Bo Naylor": 0.09894875350390647,
  "Wenceel Perez": 0.10028272893161695,
  "Parker Meadows": 0.10839264901764901,
  "Gleyber Torres": 0.08850377196216669,
  "Daniel Schneemann": 0.09208524798687982,
  "Dillon Dingler": 0.10416848003481667,
  "Carlos Santana": 0.09529825286831489,
  "Zach McKinstry": 0.08183234008915538,
  "Matt Vierling": 0.10584942084942084,
  "Lane Thomas": 0.07633088906377278,
  "Nolan Jones": 0.08569329245691859,
  "Angel Martinez": 0.09429292929292929,
  "Steven Kwan": 0.08072368824248523,
  "Jackson Chourio": 0.09103311348671095,
  "Kyle Stowers": 0.09847771731751598,
  "Christian Yelich": 0.09958757402528749,
  "Jesus Sanchez": 0.09332436730365673,
  "Jake Bauers": 0.07649081529032024,
  "Agust\u00edn Ram\u00edrez": 0.09454563389130759,
  "William Contreras": 0.09118691429562163,
  "Isaac Collins": 0.06211624706329533,
  "Connor Norby": 0.08715242433685631,
  "Dane Myers": 0.08113940153413837,
  "Otto Lopez": 0.06855947238436044,
  "Eric Wagaman": 0.07237062253676534,
  "Caleb Durbin": 0.06896222700107991,
  "Joey Ortiz": 0.08935249042145595,
  "Sal Frelick": 0.06668127862413455,
  "Brice Turang": 0.06461841415955695,
  "Nick Fortes": 0.07431746031746031,
  "Xavier Edwards": 0.06463620230700975,
  "Derek Hill": 0.060000000000000005,
  "Ronald Acuna Jr.": 0.14108612149938332,
  "Matt Olson": 0.1488039759958426,
  "Austin Riley": 0.11827973979274353,
  "Gunnar Henderson": 0.11576443491236638,
  "Gary Sanchez": 0.09955044309663125,
  "Tyler O'Neill": 0.10471645926432736,
  "Marcell Ozuna": 0.10591085967492135,
  "Jordan Westburg": 0.09495432946562504,
  "Colton Cowser": 0.10862196849705713,
  "Ryan O'Hearn": 0.08965106336330501,
  "Drake Baldwin": 0.08901222577482522,
  "Jackson Holliday": 0.09308079298569608,
  "Cedric Mullins": 0.09323899182436796,