{
  "Kyle Schwarber": 0.13188474186520757,
  "Kyle Tucker": 0.12102552935820671,
  "Bryce Harper": 0.10970284933719406,
  "Seiya Suzuki": 0.10247004695958802,
  "Michael Busch": 0.10245405705565643,
  "Ian Happ": 0.09805220848670046,
  "Trea Turner": 0.07944795684006599,
  "Pete Crow-Armstrong": 0.082539530056816,
  "Dansby Swanson": 0.08158870529863486,
  "Max Kepler": 0.08084859829084251,
  "Carson Kelly": 0.07207267041308035,
  "Nick Castellanos": 0.07270537175104165,
  "J.T. Realmuto": 0.06476294062392664,
  "Alec Bohm": 0.06207664564939264,
  "Bryson Stott": 0.05707882810738613,
  "Jon Berti": 0.052244599759866936,
  "Nico Hoerner": 0.05273441412672778,
  "Johan Rojas": 0.05141797304017426,
  "Juan Soto": 0.1845544727665165,
  "Pete Alonso": 0.1507334844634329,
  "Francisco Lindor": 0.148035351207759,
  "Brandon Nimmo": 0.12410207566265669,
  "CJ Abrams": 0.11241271498438152,
  "Mark Vientos": 0.11473866011134105,
  "James Wood": 0.10064492756112985,
  "Jeff McNeil": 0.08978021885982085,
  "Josh Bell": 0.09278364881925903,
  "Francisco Alvarez": 0.08206116838693617,
  "Nathaniel Lowe": 0.08337612809062386,
  "Jesse Winker": 0.08738347798578397,
  "Luis Garcia Jr.": 0.0784554974493055,
  "Keibert Ruiz": 0.08697333808012264,
  "Dylan Crews": 0.06915880520188536,
  "Jose Tena": 0.07224439937051783,
  "Tyrone Taylor": 0.07082387562064477,
  "Jacob Young": 0.0457087447576578,
  "Aaron Judge": 0.2350552078245214,
  "Anthony Santander": 0.12737207230415665,
  "Vladimir Guerrero Jr.": 0.11969822903374995,
  "Ben Rice": 0.12035057330404801,
  "Jazz Chisholm Jr.": 0.11393762863072325,
  "Paul Goldschmidt": 0.09887435902151065,
  "George Springer": 0.09514293718776462,
  "Austin Wells": 0.0924884873369722,
  "Cody Bellinger": 0.08529431401817847,
  "Trent Grisham": 0.10412974395796115,
  "Addison Barger": 0.07676131407345022,
  "Ernie Clement": 0.06804659224092344,
  "Anthony Volpe": 0.07117261105833028,
  "Alejandro Kirk": 0.06855965737994348,
  "Bo Bichette": 0.07660190445479853,
  "Andres Gimenez": 0.06220915082537608,
  "Oswaldo Cabrera": 0.05650314988783171,
  "Nathan Lukes": 0.05730069378744875,
  "Jasson Dom\u00ednguez": 0.08392857142857142,
  "Will Wagner": 0.08444444444444445,
  "Alan Roden": 0.09669312169312168,
  "Yordan Alvarez": 0.12095482155930103,
  "Bobby Witt Jr.": 0.10110701806039608,
  "Vinnie Pasquantino": 0.08840270111956758,
  "Isaac Paredes": 0.07333860292154576,
  "Christian Walker": 0.09712523238529348,
  "Hunter Renfroe": 0.07347361502428779,
  "Jose Altuve": 0.06344839955468251,
  "Zach Dezenzo": 0.08168829840559737,
  "Michael Massey": 0.06405172378916882,
  "Drew Waters": 0.0554768722354188,
  "Victor Caratini": 0.0705987491214491,
  "Jonathan India": 0.07120138051674685,
  "Jeremy Pena": 0.07205281779032312,
  "Maikel Garcia": 0.060260422571038544,
  "Freddy Fermin": 0.06988632683320029,
  "Jake Meyers": 0.0717433890761237,
  "Cam Smith": 0.05795642744333297,
  "Kyle Isbel": 0.052514751494971076,
  "Salvador Perez": 0.09761904761904762,
  "Yainer Diaz": 0.07361111111111111,
  "Mauricio Dubon": 0.060000000000000005,
  "Byron Buxton": 0.14683822095880036,
  "Mike Trout": 0.11776677683826398,
  "Jorge Soler": 0.09902913387518693,
  "Trevor Larnach": 0.09193833010884118,
  "Taylor Ward": 0.07795157217396016,
  "Ryan Jeffers": 0.07980063163495237,
  "Logan O'Hoppe": 0.0834219136369674,
  "Luke Keaschall": 0.06911660771164903,
  "Carlos Correa": 0.07868276015817,
  "Ty France": 0.07371624971563207,
  "Zach Neto": 0.07776830476988279,
  "Brooks Lee": 0.06418185793521868,
  "Jo Adell": 0.06984185262492984,
  "Harrison Bader": 0.06472824115640319,
  "Edouard Julien": 0.06547303173343309,
  "Nolan Schanuel": 0.060277023675545584,
  "Luis Rengifo": 0.05845197770445716,
  "Tim Anderson": 0.05899428274428275,
  "Kyren Paris": 0.060000000000000005,
  "Rhys Hoskins": 0.1296375543992886,
  "Nolan Gorman": 0.12156463018057137,
  "Willson Contreras": 0.10837658813501524,
  "Lars Nootbaar": 0.09593521345446333,
  "Jordan Walker": 0.09089884033735321,
  "Jackson Chourio": 0.0881053240832985,
  "Brendan Donovan": 0.08022086180492714,
  "Nolan Arenado": 0.07431471172283552,
  "Garrett Mitchell": 0.0672879773134226,
  "Christian Yelich": 0.07446774101841379,
  "Victor Scott II": 0.08662490355144994,
  "Masyn Winn": 0.06409733710952215,
  "Pedro Pages": 0.067434315652019,
  "Joey Ortiz": 0.06226328974584601,
  "Caleb Durbin": 0.06992875217474148,
  "Sal Frelick": 0.04743556730083019,
  "Brice Turang": 0.0487960665851097,
  "Alec Burleson": 0.10035612535612536,
  "Isaac Collins": 0.08166666666666667,
  "Hunter Goodman": 0.1347283151827742,
  "Austin Hays": 0.11764239749180189,
  "Michael Toglia": 0.12009365105388592,
  "Matt McLain": 0.11236628965895129,
  "Elly De La Cruz": 0.10998765225357593,
  "Jordan Beck": 0.1007557010421599,
  "Sean Bouchard": 0.08948421489657277,
  "Spencer Steer": 0.0963114453313605,
  "Noelvi Marte": 0.08106914444979445,
  "Mickey Moniak": 0.08067794048057206,
  "Ryan McMahon": 0.0913746892042912,
  "Jacob Stallings": 0.07294229213733858,
  "Blake Dunn": 0.07752017553153917,
  "Austin Wynns": 0.08360360673194898,
  "Adael Amador": 0.1177701086791996,
  "Santiago Espinal": 0.07541881766480697,
  "Aaron Schunk": 0.08397746683544835,
  "TJ Friedl": 0.05885880609321697,
  "Brenton Doyle": 0.12045751633986929,
  "Jeimer Candelario": 0.09761904761904762,
  "Jose Trevino": 0.060000000000000005,
  "Kyle Farmer": 0.09761904761904762,
  "Marcell Ozuna": 0.1239402336313203,
  "Austin Riley": 0.11858327562673207,
  "Matt Olson": 0.11349003947002775,
  "Sean Murphy": 0.0891209052678447,
  "Michael Harris II": 0.0835569220017119,
  "Randal Grichuk": 0.09157460811946563,
  "Lourdes Gurriel Jr.": 0.08193783919177199,
  "Eugenio Suarez": 0.08950019632946123,
  "Ozzie Albies": 0.06540661356367045,
  "Josh Naylor": 0.05891825267719314,
  "Corbin Carroll": 0.0628225387601476,
  "Tim Tawa": 0.09490101649192557,
  "Jorge Barrosa": 0.06801884089118132,
  "Alex Verdugo": 0.05601245172364126,
  "Eli White": 0.07977419377172212,
  "Gabriel Moreno": 0.055590962738525325,
  "Geraldo Perdomo": 0.04609579354000179,
  "Nick Allen": 0.040361067725674896,
  "Alek Thomas": 0.060000000000000005,
  "Jarred Kelenic": 0.09761904761904762,
  "Garrett Hampson": 0.060000000000000005,
  "J.P. Crawford": 0.05553626124745079,
  "Dylan Moore": 0.07018801587555541,
  "Cal Raleigh": 0.14936466118562486,
  "Dane Myers": 0.060000000000000005,
  "Julio Rodriguez": 0.10891192865105907,
  "Xavier Edwards": 0.04726939114356333,
  "Jesus Sanchez": 0.10979335469687827,
  "Luke Raley": 0.10181955053005125,
  "Jorge Polanco": 0.10551022700274304,
  "Otto Lopez": 0.060000000000000005,
  "Agust\u00edn Ram\u00edrez": 0.06793219082020116,
  "Connor Norby": 0.07330212990692886,
  "Rowdy Tellez": 0.09064301705320818,
  "Eric Wagaman": 0.06687270542757656,
  "Randy Arozarena": 0.09761904761904762,
  "Matt Mervis": 0.09711014634577854,
  "Kyle Stowers": 0.07858974441158349,
  "Ben Williamson": 0.05530901722391084,
  "Miles Mastrobuoni": 0.058925350068456527,
  "Javier Sanoja": 0.06855128205128205,
  "Liam Hicks": 0.06741468820075212,
  "Fernando Tatis Jr.": 0.15754647892932627,
  "Manny Machado": 0.10306251591545709,
  "Jonathan Aranda": 0.08144439046141601,
  "Brandon Lowe": 0.07922364538080398,
  "Junior Caminero": 0.07661918410768985,
  "Oscar Gonzalez": 0.05606337949105811,
  "Chandler Simpson": 0.048282794146746154,
  "Yandy Diaz": 0.060379284548022695,
  "Gavin Sheets": 0.06370401081190577,
  "Christopher Morel": 0.0729356968124202,
  "Xander Bogaerts": 0.06119508668846417,
  "Tirso Ornelas": 0.057843399216263656,
  "Elias Diaz": 0.056169234775116705,
  "Kameron Misner": 0.06023950911620714,
  "Ben Rortvedt": 0.06545454545454546,
  "Taylor Walls": 0.05645262176671345,
  "Jose Iglesias": 0.04431029750889373,
  "Tyler Wade": 0.04694235588972431,
  "Jose Caballero": 0.060000000000000005,
  "Martin Maldonado": 0.060000000000000005,
  "Danny Jansen": 0.07361111111111111,