{
  "Corey Seager": 0.13205632022025174,
  "Jake Burger": 0.12400110092346117,
  "Wyatt Langford": 0.11992881388595503,
  "Lars Nootbaar": 0.10487517792003545,
  "Josh Jung": 0.09128388214246515,
  "Alec Burleson": 0.08823034174669794,
  "Willson Contreras": 0.08714174247035165,
  "Jonah Heim": 0.0759745790994039,
  "Brendan Donovan": 0.08290684717868976,
  "Pedro Pages": 0.061667429869744585,
  "Ivan Herrera": 0.06858446162406559,
  "Alejandro Osuna": 0.0741726420297849,
  "Marcus Semien": 0.0809960116084518,
  "Josh Smith": 0.0748460022515281,
  "Nolan Arenado": 0.06946150551637666,
  "Masyn Winn": 0.06410900044846461,
  "Victor Scott II": 0.052981907861063625,
  "Sam Haggerty": 0.06663826732633406,
  "Adolis Garcia": 0.08392857142857142,
  "Yohel Pozo": 0.07361111111111111,
  "Kyle Higashioka": 0.08392857142857142,
  "Rafael Devers": 0.13578329857743268,
  "Austin Riley": 0.12120607536262809,
  "Wilyer Abreu": 0.1248343118592147,
  "Ronald Acuna Jr.": 0.09732053182064304,
  "Jarren Duran": 0.09591688430605737,
  "Matt Olson": 0.09663767513375215,
  "Marcell Ozuna": 0.08787166006204256,
  "Abraham Toro": 0.07861568986568986,
  "Sean Murphy": 0.07671871432373714,
  "Trevor Story": 0.07385832651622125,
  "Kristian Campbell": 0.06687240756224713,
  "Ozzie Albies": 0.06390089047308298,
  "Marcelo Mayer": 0.06663888028781646,
  "Ceddanne Rafaela": 0.05978966639937296,
  "Michael Harris II": 0.06218083964280209,
  "Connor Wong": 0.06880888911066256,
  "Eli White": 0.05616066922729224,
  "Nick Allen": 0.052824210284164515,
  "David Hamilton": 0.060000000000000005,
  "Carlos Narvaez": 0.07361111111111111,
  "Gunnar Henderson": 0.15594546083341937,
  "Ryan O'Hearn": 0.09959784199290786,
  "Andrew Benintendi": 0.08748555051066789,
  "Heston Kjerstad": 0.09642654664097103,
  "Joshua Palacios": 0.08871209636033003,
  "Mike Tauchman": 0.07706777635944302,
  "Jackson Holliday": 0.09068711343301508,
  "Miguel Vargas": 0.08068889060949005,
  "Luis Robert Jr.": 0.07528177493336638,
  "Lenyn Sosa": 0.06423983516979406,
  "Edgar Quero": 0.06512897929771745,
  "Dylan Carlson": 0.06842408903652922,
  "Ramon Urias": 0.05769792501989881,
  "Jorge Mateo": 0.05967088309856171,
  "Coby Mayo": 0.06381675417917627,
  "Josh Rojas": 0.05886153986884156,
  "Chase Meidroth": 0.05381217224804842,
  "Maverick Handley": 0.07005042016806723,
  "Adley Rutschman": 0.09761904761904762,
  "Kyle Schwarber": 0.16042167116117867,
  "Rhys Hoskins": 0.10275642743586093,
  "Nick Castellanos": 0.1045664598667054,
  "J.T. Realmuto": 0.1030418547800013,
  "Trea Turner": 0.08911191268713628,
  "Alec Bohm": 0.08876438829273318,
  "Jackson Chourio": 0.07898907840985306,
  "William Contreras": 0.07737283731498558,
  "Weston Wilson": 0.07537495178409032,
  "Christian Yelich": 0.06510612226337328,
  "Edmundo Sosa": 0.07516912245827459,
  "Daz Cameron": 0.08638459888459889,
  "Johan Rojas": 0.054856039711324536,
  "Bryson Stott": 0.05986039180726526,
  "Caleb Durbin": 0.059936819929628876,
  "Joey Ortiz": 0.06971486387049301,
  "Sal Frelick": 0.04885026613048948,
  "Brice Turang": 0.05971376562320835,
  "Isaac Collins": 0.060000000000000005,
  "Vladimir Guerrero Jr.": 0.12625386662390387,
  "Brent Rooker": 0.1317931146362702,
  "George Springer": 0.111336563486933,
  "Lawrence Butler": 0.09523690259345997,
  "Bo Bichette": 0.10084390998614803,
  "Tyler Soderstrom": 0.08958984985203293,
  "Addison Barger": 0.07408134708306974,
  "Alejandro Kirk": 0.08686503833918674,
  "Luis Urias": 0.069969534895339,
  "Davis Schneider": 0.10199843679295734,
  "Drew Avans": 0.058654770075497596,
  "Ernie Clement": 0.0672799272377087,
  "Jacob Wilson": 0.05558782418431542,
  "Willie MacIver": 0.06404073973593778,
  "Miguel Andujar": 0.054485989749147645,
  "Jonatan Clase": 0.0607298360726125,
  "Denzel Clarke": 0.057497277035265394,
  "Myles Straw": 0.05062413609782031,
  "Shea Langeliers": 0.13333333333333333,
  "Nathan Lukes": 0.08392857142857142,
  "Scott Alexander": 0.05237440410707738,
  "Bo Naylor": 0.10272422831909331,
  "Kyle Manzardo": 0.09842939537597112,
  "Jose Ramirez": 0.09665271056596368,
  "Logan O'Hoppe": 0.08702027391516302,
  "Taylor Ward": 0.08932603906250461,
  "Daniel Schneemann": 0.07509074303937043,
  "Zach Neto": 0.07662569380618416,
  "Jo Adell": 0.07517054736329332,
  "Carlos Santana": 0.07899711496682958,
  "Jorge Soler": 0.07501849204170928,
  "Scott Kingery": 0.05262817628817566,
  "Nolan Jones": 0.058951740125633784,
  "Gabriel Arias": 0.053224688622526654,
  "Angel Martinez": 0.05691220891445978,
  "Steven Kwan": 0.05355258224576406,
  "Chris Taylor": 0.04784126612644919,
  "Nolan Schanuel": 0.05238332292433083,
  "Luis Rengifo": 0.04967908997514261,
  "Mike Trout": 0.13333333333333333,
  "David Fry": 0.07361111111111111,
  "Yoan Moncada": 0.08392857142857142,
  "Pete Alonso": 0.15748896091798803,
  "Francisco Lindor": 0.12923203955834586,
  "Mark Vientos": 0.11540624027332519,
  "Juan Soto": 0.10937286514813475,
  "Brett Baty": 0.07976951482159815,
  "Tyrone Taylor": 0.07672441479025,
  "Jordan Beck": 0.07044910203677669,
  "Luis Torrens": 0.08091316503738086,
  "Ezequiel Tovar": 0.06635641828448582,
  "Ryan McMahon": 0.05866267117664295,
  "Starling Marte": 0.07529543624352429,
  "Sam Hilliard": 0.05618617459972183,
  "Luisangel Acu\u00f1a": 0.04965824062305133,
  "Orlando Arcia": 0.05136722467839489,
  "Brenton Doyle": 0.0580211908909092,
  "Tyler Freeman": 0.053160038719044934,
  "Jacob Stallings": 0.052151047710053924,
  "Hunter Goodman": 0.09761904761904762,
  "Mickey Moniak": 0.060000000000000005,
  "Thairo Estrada": 0.060000000000000005,
  "Kyle Farmer": 0.060000000000000005,
  "Brandon Nimmo": 0.16,
  "Matt Chapman": 0.11220979902644884,
  "Jesus Sanchez": 0.08937482139255437,
  "Willy Adames": 0.07434839508913584,
  "Heliot Ramos": 0.09269387028040971,
  "Kyle Stowers": 0.08830458570405011,
  "Wilmer Flores": 0.07396964962955263,
  "Agust\u00edn Ram\u00edrez": 0.08222784408564976,
  "Mike Yastrzemski": 0.07197967572603318,
  "Tyler Fitzgerald": 0.06315991074323138,
  "Casey Schmitt": 0.05642758741555127,
  "Luis Matos": 0.059655443219506825,
  "Connor Norby": 0.062330669610968586,
  "Eric Wagaman": 0.055027526032675335,
  "Otto Lopez": 0.05300041808655705,
  "Patrick Bailey": 0.047548190015241826,
  "Liam Hicks": 0.054170251155897096,
  "Javier Sanoja": 0.0694088669950739,
  "Xavier Edwards": 0.038799222793030844,
  "Dane Myers": 0.060000000000000005,
  "Jung Hoo Lee": 0.060000000000000005,
  "Bobby Witt Jr.": 0.10171927749122374,
  "Salvador Perez": 0.09161709708218282,
  "Spencer Torkelson": 0.0844717012185025,
  "Vinnie Pasquantino": 0.07716125307736553,
  "Riley Greene": 0.06790214563321675,
  "Jake Rogers": 0.06012046059665107,
  "Gleyber Torres": 0.056402956717356574,
  "Javier Baez": 0.05439457822560371,
  "John Rave": 0.057531610831402645,
  "Andy Ibanez": 0.057832091092782215,
  "Michael Massey": 0.057790015227925255,
  "Drew Waters": 0.04968539082571518,
  "Maikel Garcia": 0.050483511847148214,
  "Nick Loftin": 0.054223261210838855,
  "Justyn-Henry Malloy": 0.05307250325033008,
  "Colt Keith": 0.050435751511999104,
  "Kyle Isbel": 0.04429703736670319,
  "Zach McKinstry": 0.04090539963067412,
  "Wenceel Perez": 0.060000000000000005,
  "Jonathan India": 0.07361111111111111,
  "Christian Walker": 0.12044182706784332,
  "Brandon Lowe": 0.08126852513684878,
  "Junior Caminero": 0.08049742145135529,
  "Isaac Paredes": 0.08746969303989109,
  "Jeremy Pena": 0.06950386018035107,
  "Josh Lowe": 0.06988009631242319,
  "Yainer Diaz": 0.07538791138468472,
  "Yandy Diaz": 0.0660370891291944,
  "Jonathan Aranda": 0.07728330094527278,
  "Victor Caratini": 0.05933048754442659,
  "Cam Smith": 0.0616821001851182,
  "Jose Altuve": 0.061049787360903954,
  "Kameron Misner": 0.04898115096931263,
  "Jose Caballero": 0.07238505747126436,
  "Matt Thaiss": 0.05956093853899497,
  "Mauricio Dubon": 0.0526393181260731,
  "Jake Mangum": 0.04323238299214024,
  "Taylor Walls": 0.060000000000000005,