{
  "Kyle Manzardo": 0.13091754740573375,
  "Jose Ramirez": 0.13484923261253054,
  "CJ Abrams": 0.11393325845352406,
  "Bo Naylor": 0.11047197772389587,
  "James Wood": 0.10916850566245548,
  "Carlos Santana": 0.10876118162117099,
  "Keibert Ruiz": 0.08811816993363067,
  "Nathaniel Lowe": 0.09549582701338569,
  "Daniel Schneemann": 0.09176525450559861,
  "Nolan Jones": 0.11219787157287157,
  "Luis Garcia Jr.": 0.08308053068155222,
  "Gabriel Arias": 0.10484052304556936,
  "Angel Martinez": 0.07514477834026707,
  "Dylan Crews": 0.07065537990448767,
  "Jose Tena": 0.09696672770749924,
  "Steven Kwan": 0.06546962267965402,
  "Alex Call": 0.06312921200591001,
  "Jacob Young": 0.0518426184097826,
  "Jhonkensy Noel": 0.09761904761904762,
  "Shohei Ohtani": 0.17743468817200886,
  "Freddie Freeman": 0.10611314767452876,
  "Andy Pages": 0.10890415542589456,
  "Max Muncy": 0.11768100154492966,
  "Agust\u00edn Ram\u00edrez": 0.08976041488111731,
  "Kyle Stowers": 0.09249207848081296,
  "James Outman": 0.08796968624936431,
  "Will Smith": 0.08878748703947012,
  "Connor Norby": 0.08912212646282397,
  "Jesus Sanchez": 0.08780089688200585,
  "Michael Conforto": 0.08575144713598928,
  "Matt Mervis": 0.0938137885596902,
  "Miguel Rojas": 0.06155243226767291,
  "Liam Hicks": 0.053825194628253796,
  "Ronny Simon": 0.06595103064117362,
  "Dane Myers": 0.07332296395439841,
  "Ha-Seong Kim": 0.060520369360610005,
  "Xavier Edwards": 0.043336338806671745,
  "Enrique Hernandez": 0.07361111111111111,
  "Mookie Betts": 0.09761904761904762,
  "Chris Taylor": 0.060000000000000005,
  "Nick Fortes": 0.060000000000000005,
  "Javier Sanoja": 0.060000000000000005,
  "Eric Wagaman": 0.08392857142857142,
  "Adolis Garcia": 0.12874845666644855,
  "Corey Seager": 0.126343855096325,
  "Wyatt Langford": 0.11473002318459717,
  "Rafael Devers": 0.10838957090014475,
  "Wilyer Abreu": 0.10899538938359991,
  "Alex Bregman": 0.08795367740734679,
  "Joc Pederson": 0.09091286807133371,
  "Marcus Semien": 0.08405562235626989,
  "Evan Carter": 0.07601427893094559,
  "Josh Jung": 0.07088464839027815,
  "Jonah Heim": 0.07200800984134317,
  "Jarren Duran": 0.07759043878061642,
  "Josh Smith": 0.07508848524637998,
  "Carlos Narvaez": 0.06337454580050982,
  "Trevor Story": 0.06328110127447875,
  "Ceddanne Rafaela": 0.05528572006749187,
  "Kristian Campbell": 0.06464006091665667,
  "Connor Wong": 0.060000000000000005,
  "Romy Gonzalez": 0.060000000000000005,
  "Blaine Crim": 0.07361111111111111,
  "Josh Bell": 0.17857142857142858,
  "Riley Adams": 0.136986301369863,
  "Austin Hedges": 0.125,
  "Aaron Judge": 0.18510854575539187,
  "Fernando Tatis Jr.": 0.14783005721928075,
  "Ben Rice": 0.09645459858663961,
  "Trent Grisham": 0.09817467484802939,
  "Jackson Merrill": 0.10156689520992362,
  "Manny Machado": 0.1058875310569827,
  "Austin Wells": 0.08932337362311248,
  "Cody Bellinger": 0.07908625593520208,
  "Gavin Sheets": 0.06888089004755671,
  "Jasson Dom\u00ednguez": 0.11095822965473247,
  "Jason Heyward": 0.07951676639619902,
  "Xander Bogaerts": 0.06788890121176482,
  "Elias Diaz": 0.07377383555512551,
  "Anthony Volpe": 0.0733004939867685,
  "Oswaldo Cabrera": 0.060727710176927276,
  "Tyler Wade": 0.07019047619047619,
  "Jorbit Vivas": 0.05550486062822123,
  "Luis Arraez": 0.053504842952042345,
  "Oswald Peraza": 0.060000000000000005,
  "Paul Goldschmidt": 0.08392857142857142,
  "Jose Iglesias": 0.060000000000000005,
  "Kyle Schwarber": 0.15395730744543,
  "Bryce Harper": 0.125800128343379,
  "Jonathan Aranda": 0.11008720727314622,
  "Brandon Lowe": 0.09833575393482735,
  "Max Kepler": 0.09618728510601057,
  "Junior Caminero": 0.0935548636850708,
  "Nick Castellanos": 0.0907789811327714,
  "Brandon Marsh": 0.08109383766373014,
  "J.T. Realmuto": 0.08438131282005311,
  "Yandy Diaz": 0.07584026011194961,
  "Trea Turner": 0.07944695898519136,
  "Taylor Walls": 0.05709661562978209,
  "Kameron Misner": 0.07126712478030424,
  "Ben Rortvedt": 0.05697574369312876,
  "Bryson Stott": 0.06036486522413137,
  "Alec Bohm": 0.06307158974684171,
  "Chandler Simpson": 0.06302128223084105,
  "Travis Jankowski": 0.04601905542030065,
  "Danny Jansen": 0.06977420076011624,
  "Austin Riley": 0.15215882102947426,
  "Marcell Ozuna": 0.13935762834250343,
  "Sean Murphy": 0.11261181434297643,
  "Matt Olson": 0.11969699077189991,
  "Ozzie Albies": 0.09278927256702064,
  "Matt McLain": 0.08269409475156601,
  "Spencer Steer": 0.08585330474683167,
  "Elly De La Cruz": 0.07891931718223474,
  "Tyler Stephenson": 0.09645823613726427,
  "Michael Harris II": 0.0769090253260121,
  "Alex Verdugo": 0.06214080656699037,
  "Eli White": 0.07378043402348841,
  "Noelvi Marte": 0.0678082360946213,
  "Jose Trevino": 0.06198373174037582,
  "Santiago Espinal": 0.05960864402893388,
  "Blake Dunn": 0.06127619518708628,
  "TJ Friedl": 0.05827399701470759,
  "Nick Allen": 0.2107871821664925,
  "Gavin Lux": 0.060000000000000005,
  "Byron Buxton": 0.14871851089177446,
  "Ryan Jeffers": 0.11656848991117943,
  "Royce Lewis": 0.10270060611502885,
  "Gunnar Henderson": 0.1089370932682198,
  "Cedric Mullins": 0.08273401012133406,
  "Carlos Correa": 0.09290995418875056,
  "Trevor Larnach": 0.07906378265269691,
  "Ryan O'Hearn": 0.07774613830426956,
  "Adley Rutschman": 0.08597408496929679,
  "Ty France": 0.08772131436406716,
  "Heston Kjerstad": 0.07829508319691784,
  "Brooks Lee": 0.0708645204308712,
  "Coby Mayo": 0.06455035671909487,
  "Ryan Mountcastle": 0.07678000879220996,
  "Willi Castro": 0.05824565485536141,
  "Jonah Bride": 0.06288078945669945,
  "Dylan Carlson": 0.06387750015187263,
  "Jackson Holliday": 0.06552473526157737,
  "Christian Vazquez": 0.060000000000000005,
  "Ramon Laureano": 0.07361111111111111,
  "Harrison Bader": 0.08392857142857142,
  "Matt Chapman": 0.12579191532066522,
  "Kyle Tucker": 0.11222581747983203,
  "Seiya Suzuki": 0.1224351604612891,
  "Willy Adames": 0.12034195849529508,
  "Mike Yastrzemski": 0.0996120835686053,
  "Michael Busch": 0.09768217413501049,
  "Dansby Swanson": 0.10085782706134297,
  "Ian Happ": 0.095623105878507,
  "Heliot Ramos": 0.08654406487472324,
  "Pete Crow-Armstrong": 0.08568133272505819,
  "LaMonte Wade Jr.": 0.0709624196290863,
  "Wilmer Flores": 0.06847184285607313,
  "Miguel Amaya": 0.082321238640727,
  "Brett Wisely": 0.062308549947518825,
  "Jung Hoo Lee": 0.058869594580784126,
  "Patrick Bailey": 0.06395631168358441,
  "Jon Berti": 0.06405836017845035,
  "Nico Hoerner": 0.05386655741997242,
  "Luis Matos": 0.07361111111111111,
  "Nicky Lopez": 0.060000000000000005,
  "Carson Kelly": 0.10757575757575757,
  "Christian Koss": 0.060000000000000005,
  "Bobby Witt Jr.": 0.11383486629010035,
  "Salvador Perez": 0.11633148782115403,
  "Vinnie Pasquantino": 0.0909714313587741,
  "Drew Waters": 0.060029402588026866,
  "Cavan Biggio": 0.06399127634421752,
  "Jonathan India": 0.07646747814103888,
  "Miguel Vargas": 0.07559925484957494,
  "Andrew Vaughn": 0.07688369416019089,
  "Maikel Garcia": 0.0615033854360703,
  "Matt Thaiss": 0.06379160545827213,
  "Freddy Fermin": 0.05879735515184431,
  "Michael A. Taylor": 0.07647636586863106,
  "Brooks Baldwin": 0.057544962746093796,
  "Joshua Palacios": 0.07180656055128876,
  "Edgar Quero": 0.06298083798083798,
  "Josh Rojas": 0.07185416607830401,
  "Kyle Isbel": 0.21269112011047495,
  "Chase Meidroth": 0.05549877857275994,
  "Luis Robert Jr.": 0.09761904761904762,
  "Lenyn Sosa": 0.060000000000000005,
  "Andrew Benintendi": 0.07361111111111111,
  "Michael Massey": 0.07361111111111111,
  "Christian Walker": 0.12811072708653354,
  "Rhys Hoskins": 0.10848185283204932,
  "Jake Bauers": 0.09984021756349208,
  "Jackson Chourio": 0.09298179062386713,
  "Isaac Paredes": 0.08486197119662213,
  "Christian Yelich": 0.08835724525203865,
  "Yainer Diaz": 0.08768580216169417,
  "Jeremy Pena": 0.08935150982896885,
  "William Contreras": 0.08406213591015509,
  "Cam Smith": 0.07726808711115941,
  "Victor Caratini": 0.07997763657581008,
  "Jose Altuve": 0.07528369624202957,