{
  "Shohei Ohtani": 0.2145113025296987,
  "Yandy Diaz": 0.12421927907391102,
  "Junior Caminero": 0.12360387868329926,
  "Brandon Lowe": 0.11319941622541907,
  "Andy Pages": 0.10477998474976301,
  "Mookie Betts": 0.09542041999962729,
  "Teoscar Hernandez": 0.10562785943039955,
  "Christopher Morel": 0.109245032517057,
  "Freddie Freeman": 0.10075210085419069,
  "Michael Conforto": 0.09855080663768201,
  "Dalton Rushing": 0.07400096734894453,
  "Josh Lowe": 0.07691505203493533,
  "Alex Freeland": 0.07459192409179273,
  "Ha-Seong Kim": 0.07483602797550842,
  "Jonny Deluca": 0.07713907668588799,
  "Miguel Rojas": 0.04837702146303762,
  "Hunter Feduccia": 0.07001556018292272,
  "Taylor Walls": 0.06432702475567131,
  "Pete Crow-Armstrong": 0.12010087662038467,
  "Tyler O'Neill": 0.11881786708989156,
  "Seiya Suzuki": 0.11798080801895924,
  "Michael Busch": 0.1142629865535216,
  "Jordan Westburg": 0.10362905366875055,
  "Ian Happ": 0.09716619160078978,
  "Kyle Tucker": 0.10475135022354645,
  "Willi Castro": 0.09196391461979558,
  "Reese McGuire": 0.0777052492961584,
  "Adley Rutschman": 0.07088903538778504,
  "Colton Cowser": 0.0668044756939277,
  "Gunnar Henderson": 0.07616166513241042,
  "Matt Shaw": 0.08897751124437782,
  "Jeremiah Jackson": 0.07171378708551483,
  "Coby Mayo": 0.06516986057692942,
  "Dylan Carlson": 0.08443913527107413,
  "Jackson Holliday": 0.0657869672761689,
  "Nico Hoerner": 0.06113272609235528,
  "Bobby Witt Jr.": 0.1508745167930844,
  "Salvador Perez": 0.13368279292955004,
  "Vinnie Pasquantino": 0.12053565868122679,
  "Vladimir Guerrero Jr.": 0.11707057903126356,
  "Mike Yastrzemski": 0.10558910148767223,
  "Bo Bichette": 0.10123383632859954,
  "Addison Barger": 0.10425626805880818,
  "Davis Schneider": 0.11283595579058761,
  "John Rave": 0.08085885909342168,
  "Jonathan India": 0.09457918656560477,
  "Ernie Clement": 0.08007590048218023,
  "Maikel Garcia": 0.07676303281458942,
  "Ty France": 0.08519509150835133,
  "Kyle Isbel": 0.06005837203142418,
  "Joey Loperfido": 0.07291804120480513,
  "Tyler Heineman": 0.05723604853946648,
  "Adam Frazier": 0.06488415665727289,
  "Myles Straw": 0.058862433862433866,
  "Oneil Cruz": 0.165285489328496,
  "Andrew McCutchen": 0.15162815909211866,
  "Bryan Reynolds": 0.1332707923484655,
  "Mickey Moniak": 0.11290398941272886,
  "Alexander Canario": 0.12459736146948736,
  "Nick Gonzales": 0.12326709810713093,
  "Henry Davis": 0.1075750971746956,
  "Liover Peguero": 0.10088409473522526,
  "Warming Bernabel": 0.09088731333288186,
  "Jordan Beck": 0.08571391905571918,
  "Ezequiel Tovar": 0.09691617055851713,
  "Brenton Doyle": 0.0834569376633822,
  "Jared Triolo": 0.0909403405044886,
  "Thairo Estrada": 0.07816423209355337,
  "Orlando Arcia": 0.06801347513951773,
  "Yanquiel Fern\u00e1ndez": 0.08238963368347013,
  "Isiah Kiner-Falefa": 0.0645475728362942,
  "Austin Nola": 0.06338640574571705,
  "Tyler Freeman": 0.07361111111111111,
  "Spencer Horwitz": 0.07361111111111111,
  "Kerry Carpenter": 0.11879231737288004,
  "Kyle Schwarber": 0.1342966122803707,
  "Riley Greene": 0.11075515503620079,
  "Bryce Harper": 0.09893608240293865,
  "Spencer Torkelson": 0.09539407451672816,
  "Trea Turner": 0.09090852384621383,
  "Gleyber Torres": 0.08321042953812666,
  "Wenceel Perez": 0.08332324198241294,
  "Harrison Bader": 0.07534869833785564,
  "Colt Keith": 0.0874119296670743,
  "J.T. Realmuto": 0.08346425276138904,
  "Javier Baez": 0.07258479595709502,
  "Dillon Dingler": 0.08092621452722072,
  "Otto Kemp": 0.06903415079785995,
  "Zach McKinstry": 0.07493194161674721,
  "Nick Castellanos": 0.08095208594385597,
  "Edmundo Sosa": 0.0654096487015884,
  "Weston Wilson": 0.0743480990832074,
  "Andrew Vaughn": 0.11443903765116398,
  "James Wood": 0.10354022044558897,
  "Christian Yelich": 0.10081610495045285,
  "William Contreras": 0.09816110176088089,
  "Sal Frelick": 0.08169601763526005,
  "Anthony Seigler": 0.08627232165277748,
  "Josh Bell": 0.09889326923856129,
  "Luis Garcia Jr.": 0.0844954728769371,
  "Robert Hassell III": 0.0632973619968195,
  "CJ Abrams": 0.09185235676874565,
  "Joey Ortiz": 0.0657649256548878,
  "Nathaniel Lowe": 0.07207595790289738,
  "Riley Adams": 0.0789990956439779,
  "Brice Turang": 0.06979493810610832,
  "Brady House": 0.0723632506923589,
  "Blake Perkins": 0.06618798249356955,
  "Isaac Collins": 0.07828376657229973,
  "Daylen Lile": 0.07004056186231417,
  "Alex Bregman": 0.1377008177008177,
  "Romy Gonzalez": 0.1352272114716919,
  "Jesus Sanchez": 0.10236582618700626,
  "Christian Walker": 0.1161250879330779,
  "Ceddanne Rafaela": 0.10255965724851696,
  "Trevor Story": 0.11769931161330185,
  "Yainer Diaz": 0.09845022958656498,
  "Rob Refsnyder": 0.10250618880645862,
  "Carlos Narvaez": 0.102816009168099,
  "Jose Altuve": 0.09775274647614271,
  "Carlos Correa": 0.09362321836723037,
  "Taylor Trammell": 0.07830849010247855,
  "Ramon Urias": 0.09094183616335988,
  "Victor Caratini": 0.07180738614802117,
  "Roman Anthony": 0.07778016466001535,
  "Jarren Duran": 0.07738853876028014,
  "Cam Smith": 0.0693082474703028,
  "Abraham Toro": 0.06878961701291247,
  "Jose Ramirez": 0.1447469414716943,
  "Kyle Manzardo": 0.14820254819084383,
  "Bo Naylor": 0.1253496950287907,
  "Matt Wallner": 0.12290209533926816,
  "Kody Clemens": 0.11881054207677669,
  "Daniel Schneemann": 0.10894716385030769,
  "Trevor Larnach": 0.09255995646290702,
  "Carlos Santana": 0.09773186915682192,
  "Royce Lewis": 0.09370445631091591,
  "Ryan Jeffers": 0.08328735162182074,
  "DaShawn Keirsey Jr.": 0.07407389318138613,
  "Gabriel Arias": 0.08165850644812776,
  "Steven Kwan": 0.0744393601787392,
  "Alan Roden": 0.06509833301910724,
  "Brooks Lee": 0.08330371222291112,
  "Edouard Julien": 0.0667173130021383,
  "Brayan Rocchio": 0.06273527197440242,
  "Austin Martin": 0.060000000000000005,
  "Angel Martinez": 0.09761904761904762,
  "Giancarlo Stanton": 0.1385170982081737,
  "Kyle Stowers": 0.12157408595863223,
  "Ben Rice": 0.10903605311533468,
  "Jazz Chisholm Jr.": 0.10501687319634422,
  "Trent Grisham": 0.1048669075293975,
  "Cody Bellinger": 0.09896274211265381,
  "Agust\u00edn Ram\u00edrez": 0.10080299486928299,
  "Ryan McMahon": 0.09572345692416885,
  "Jasson Dom\u00ednguez": 0.10013895109074,
  "Jakob Marsee": 0.07270882023416263,
  "Paul Goldschmidt": 0.0871271657380275,
  "Anthony Volpe": 0.07129892169906403,
  "Eric Wagaman": 0.0669208663414056,
  "Graham Pauley": 0.07260767331552175,
  "Dane Myers": 0.07387047715771429,
  "Otto Lopez": 0.08889976612017289,
  "Liam Hicks": 0.07079581471834229,
  "Xavier Edwards": 0.06477792566301883,
  "Matt Chapman": 0.136956416789641,
  "Pete Alonso": 0.14361140850643264,
  "Juan Soto": 0.1391945128219638,
  "Rafael Devers": 0.12484977010613764,
  "Willy Adames": 0.12356640091934208,
  "Cedric Mullins": 0.10491159464305012,
  "Heliot Ramos": 0.1070277228506365,
  "Francisco Lindor": 0.11429649808108418,
  "Brandon Nimmo": 0.11644506878972155,
  "Francisco Alvarez": 0.10604793656049899,
  "Ronny Mauricio": 0.09918774372889241,
  "Casey Schmitt": 0.08738502621661096,
  "Brett Baty": 0.08309523110141423,
  "Grant McCray": 0.07238641878637514,
  "Dominic Smith": 0.06974546021870348,
  "Andrew Knizner": 0.061668822633633345,
  "Jeff McNeil": 0.08181743244678304,
  "Jung Hoo Lee": 0.08151671780704038,
  "Cal Raleigh": 0.19035295971175173,
  "Eugenio Suarez": 0.15149509165586755,
  "Corey Seager": 0.14643617708308324,
  "Julio Rodriguez": 0.12770056050133835,
  "Randy Arozarena": 0.13456521739130436,
  "Wyatt Langford": 0.1131621858088515,
  "Joc Pederson": 0.11228503373609171,
  "Rowdy Tellez": 0.1327046866177301,
  "Marcus Semien": 0.10549011712278432,
  "Adolis Garcia": 0.12303087616203158,
  "Josh Naylor": 0.10518963635355355,
  "Dominic Canzone": 0.10708081740370481,
  "Mitch Garver": 0.10687570424396775,
  "Kyle Higashioka": 0.11236933317578479,
  "Josh Smith": 0.08263333458079836,
  "Cole Young": 0.07711351662767627,
  "Ezequiel Duran": 0.08620689655172414,