{
  "Michael Busch": 0.17975054593820886,
  "Seiya Suzuki": 0.14830058535719276,
  "James Wood": 0.14580484928208393,
  "Pete Crow-Armstrong": 0.14972906128467364,
  "Ian Happ": 0.14630402530124775,
  "CJ Abrams": 0.11136081728173038,
  "Dansby Swanson": 0.11501587701172702,
  "Josh Bell": 0.10792174021110988,
  "Riley Adams": 0.09509089904190145,
  "Matt Shaw": 0.09569379037957006,
  "Andr\u00e9s Chaparro": 0.09643574137985725,
  "Robert Hassell III": 0.06877029519408617,
  "Reese McGuire": 0.09180925757285448,
  "Willi Castro": 0.10987895623034244,
  "Luis Garcia Jr.": 0.08922440333679335,
  "Daylen Lile": 0.0720198372356738,
  "Brady House": 0.06597395315666334,
  "Nico Hoerner": 0.06498928680746863,
  "Riley Greene": 0.1487959126752669,
  "Kerry Carpenter": 0.12815250171084772,
  "Colson Montgomery": 0.1261578779714016,
  "Spencer Torkelson": 0.11713168556713018,
  "Colt Keith": 0.09945467538930886,
  "Wenceel Perez": 0.08789176783718043,
  "Edgar Quero": 0.07600224220083612,
  "Kyle Teel": 0.08023338513034574,
  "Will Robertson": 0.07393848166028892,
  "Dillon Dingler": 0.08236125472370909,
  "Zach McKinstry": 0.07197708182015412,
  "Gleyber Torres": 0.08450698676946664,
  "Bryan Ramos": 0.06511528637911863,
  "Andrew Benintendi": 0.07149215901982356,
  "Curtis Mead": 0.07325159319431733,
  "Parker Meadows": 0.07050425259403587,
  "Chase Meidroth": 0.05411848483216667,
  "Dominic Fletcher": 0.0568406842992844,
  "Pete Alonso": 0.20365403157283088,
  "Juan Soto": 0.1842813500717656,
  "Francisco Lindor": 0.1501564261757831,
  "Mark Vientos": 0.14674816697666948,
  "Brandon Nimmo": 0.1221133135759262,
  "Francisco Alvarez": 0.11942588341315807,
  "Austin Hays": 0.10428704624017177,
  "Tyler Stephenson": 0.09928033275720675,
  "Elly De La Cruz": 0.09422921780163743,
  "Noelvi Marte": 0.09969953341905485,
  "Starling Marte": 0.0956714479590445,
  "Spencer Steer": 0.09812532850434112,
  "Miguel Andujar": 0.08039856077711355,
  "Jeff McNeil": 0.07968693112317718,
  "Matt McLain": 0.07773564569860865,
  "Ke'Bryan Hayes": 0.07013243685058486,
  "TJ Friedl": 0.06514207341413224,
  "Luisangel Acu\u00f1a": 0.06350101752314671,
  "Oneil Cruz": 0.10571357773922681,
  "Jake Bauers": 0.09267472224010202,
  "Andrew Vaughn": 0.10610826751714288,
  "Jackson Chourio": 0.0976109193418593,
  "William Contreras": 0.08793986014465632,
  "Brice Turang": 0.07338601298436846,
  "Andrew McCutchen": 0.08049924486367906,
  "Tommy Pham": 0.06343969310154934,
  "Nick Yorke": 0.06573430142218863,
  "Bryan Reynolds": 0.07139745898847227,
  "Isaac Collins": 0.06989331628050915,
  "Spencer Horwitz": 0.0728457533408435,
  "Joey Ortiz": 0.056764011728126555,
  "Jared Triolo": 0.0655735738847441,
  "Nick Gonzales": 0.0579375510973764,
  "Sal Frelick": 0.06117915744508698,
  "Caleb Durbin": 0.05776152482269503,
  "Joey Bart": 0.060714423373419674,
  "Shohei Ohtani": 0.22329415505344144,
  "Freddie Freeman": 0.13699414504679594,
  "Teoscar Hernandez": 0.12699079059626037,
  "Gunnar Henderson": 0.11401593240572107,
  "Andy Pages": 0.11772866126220517,
  "Michael Conforto": 0.10772363857128742,
  "Mookie Betts": 0.11123768972805835,
  "Colton Cowser": 0.09848181488333879,
  "Dalton Rushing": 0.09017417110666419,
  "Ryan Mountcastle": 0.08842560484324355,
  "Jackson Holliday": 0.09003283353037368,
  "Jeremiah Jackson": 0.08015305492565912,
  "Samuel Basallo": 0.0912253516477079,
  "Coby Mayo": 0.08024266281552574,
  "Dylan Beavers": 0.0769703850763226,
  "Hyeseong Kim": 0.07805797101449276,
  "Emmanuel Rivera": 0.05525169390111919,
  "Miguel Rojas": 0.056010262478634255,
  "Aaron Judge": 0.22285691503509278,
  "Giancarlo Stanton": 0.19300443353698765,
  "Ben Rice": 0.17069492638626824,
  "Daulton Varsho": 0.15559113225918747,
  "Trent Grisham": 0.14831171980180363,
  "Vladimir Guerrero Jr.": 0.13906962591255764,
  "George Springer": 0.15322399312429072,
  "Jazz Chisholm Jr.": 0.13785706267175268,
  "Addison Barger": 0.1346877992305907,
  "Cody Bellinger": 0.13163016145512074,
  "Alejandro Kirk": 0.09968647264870413,
  "Ryan McMahon": 0.11739963550705239,
  "Bo Bichette": 0.10685911373598506,
  "Paul Goldschmidt": 0.09477803881306376,
  "Andres Gimenez": 0.06373101320921253,
  "Nathan Lukes": 0.0662320401840445,
  "Ernie Clement": 0.0590206096219842,
  "Jose Caballero": 0.06050745160651833,
  "Kyle Schwarber": 0.20853143787038214,
  "Bryce Harper": 0.16270199716936332,
  "Max Kepler": 0.10444146732129309,
  "Trea Turner": 0.09611654484344227,
  "Brandon Marsh": 0.0907225975731822,
  "Harrison Bader": 0.08609518211847146,
  "Bryson Stott": 0.07298818749204534,
  "Agust\u00edn Ram\u00edrez": 0.07689138941905395,
  "J.T. Realmuto": 0.10299790927874757,
  "Alec Bohm": 0.06503144515480576,
  "Joey Wiemer": 0.05612004777717974,
  "Maximo Acosta": 0.05423053957109989,
  "Jakob Marsee": 0.049648672908027276,
  "Eric Wagaman": 0.06356119011296357,
  "Otto Lopez": 0.05606299187416209,
  "Victor Mesa": 0.05456834487256673,
  "Heriberto Hernandez": 0.060599344993428964,
  "Javier Sanoja": 0.0533040293040293,
  "Cal Raleigh": 0.16531662504137098,
  "Matt Olson": 0.13006524787460083,
  "Marcell Ozuna": 0.11332320298514031,
  "Eugenio Suarez": 0.11698479270090524,
  "Randy Arozarena": 0.11505556251080548,
  "Julio Rodriguez": 0.11647261870100008,
  "Mitch Garver": 0.0991443723131376,
  "Jurickson Profar": 0.10255362868626654,
  "Drake Baldwin": 0.09606173961850763,
  "Jorge Polanco": 0.09069780436356235,
  "Michael Harris II": 0.09576890418912985,
  "Ozzie Albies": 0.10079130840510066,
  "Ha-Seong Kim": 0.06810437675210995,
  "Luke Raley": 0.06825604660966215,
  "Dominic Canzone": 0.06996208251356387,
  "Jake Fraley": 0.055097307034393125,
  "Nacho Alvarez Jr.": 0.05068574062340047,
  "Leo Rivas": 0.056961273154454976,
  "Junior Caminero": 0.16557088571146764,
  "Brandon Lowe": 0.12870724293316926,
  "Jose Ramirez": 0.1241291203836425,
  "Yandy Diaz": 0.1110443277583653,
  "David Fry": 0.0918647771214442,
  "Jhonkensy Noel": 0.09789992936403209,
  "Gabriel Arias": 0.07929099320188429,
  "Carson Williams": 0.07327351598557667,
  "Josh Lowe": 0.07956603991317707,
  "Bob Seymour": 0.07394991090001768,
  "Angel Martinez": 0.07801946754019834,
  "Richie Palacios": 0.07199177520881773,
  "Nolan Jones": 0.06631843091344412,
  "Austin Hedges": 0.06952967868530782,
  "Hunter Feduccia": 0.06557344459305244,
  "Brayan Rocchio": 0.055347100917276355,
  "Steven Kwan": 0.057325937950937954,
  "Jake Mangum": 0.0507947744014733,
  "Matt Wallner": 0.1108909317883989,
  "Byron Buxton": 0.1332966149138456,
  "Bobby Witt Jr.": 0.11491575618057831,
  "Salvador Perez": 0.10306715295374133,
  "Kody Clemens": 0.10043739940582747,
  "Mike Yastrzemski": 0.08995799462114915,
  "Vinnie Pasquantino": 0.09579992480015177,
  "Trevor Larnach": 0.07352916886707521,
  "Royce Lewis": 0.09319511417223082,
  "Brooks Lee": 0.06241432456188714,
  "Michael Massey": 0.058410524492794984,
  "Jac Caglianone": 0.0765065906622198,
  "Maikel Garcia": 0.067157707464725,
  "Luke Keaschall": 0.0633890896119157,
  "Jhonny Pereda": 0.07692307692307693,
  "Adam Frazier": 0.05131522544297671,
  "Austin Martin": 0.04735956377876267,
  "Kyle Isbel": 0.057113553113553116,
  "Ryan Fitzgerald": 0.060000000000000005,
  "Mickey Gasper": 0.060000000000000005,
  "Yordan Alvarez": 0.17332958459083045,
  "Jake Burger": 0.13484115770983582,
  "Christian Walker": 0.10957501602300793,
  "Kyle Higashioka": 0.11148854765705213,
  "Wyatt Langford": 0.11913102241629937,
  "Jesus Sanchez": 0.09983932411773254,
  "Josh Jung": 0.08525980283962403,
  "Jose Altuve": 0.09276758643052174,
  "Taylor Trammell": 0.09286937558867382,
  "Michael Helman": 0.09266512856190726,
  "Carlos Correa": 0.07993952274846788,
  "Dylan Moore": 0.08000495199977842,
  "Victor Caratini": 0.07360918133098861,
  "Cody Freeman": 0.08385805367235272,
  "Jeremy Pena": 0.08127445362385421,
  "Cam Smith": 0.06164785233412684,
  "Josh Smith": 0.06297274724597829,
  "Ezequiel Duran": 0.06492031804531805,