{
  "Aaron Judge": 0.21412335023238588,
  "Ben Rice": 0.16768559790879423,
  "Daulton Varsho": 0.18891067980374202,
  "Trent Grisham": 0.16003381975471775,
  "Jazz Chisholm Jr.": 0.15140440725343637,
  "Vladimir Guerrero Jr.": 0.14662161638332358,
  "George Springer": 0.14623644240769654,
  "Austin Wells": 0.12965691516609099,
  "Cody Bellinger": 0.12322643256461824,
  "Addison Barger": 0.12467893446635527,
  "Ryan McMahon": 0.10773518918318109,
  "Anthony Volpe": 0.09423684488387814,
  "Jasson Dom\u00ednguez": 0.10153411430603203,
  "Bo Bichette": 0.1014041930432258,
  "Nathan Lukes": 0.07957400922564105,
  "Tyler Heineman": 0.06372533629601548,
  "Andres Gimenez": 0.07051020121111956,
  "Michael Busch": 0.13907328655351137,
  "Ian Happ": 0.1325584731557349,
  "Seiya Suzuki": 0.12466704159731953,
  "Pete Crow-Armstrong": 0.1261631208640151,
  "James Wood": 0.10276753512950008,
  "Carson Kelly": 0.09044973544973545,
  "Josh Bell": 0.09405992629291188,
  "Dansby Swanson": 0.094659810552759,
  "Dylan Crews": 0.09353114714339385,
  "Jorge Alfaro": 0.09730644489222978,
  "Willi Castro": 0.09283868084724399,
  "CJ Abrams": 0.0739085035056691,
  "Matt Shaw": 0.07271681840309291,
  "Daylen Lile": 0.06620408333232727,
  "Nasim Nunez": 0.06053516872144323,
  "Nico Hoerner": 0.05348759119139,
  "Brady House": 0.0740281402542168,
  "Jacob Young": 0.05022496987701782,
  "Kyle Schwarber": 0.1865314214782311,
  "Agust\u00edn Ram\u00edrez": 0.1020467173456566,
  "Bryce Harper": 0.12243291612107524,
  "Troy Johnston": 0.07221438369586518,
  "Heriberto Hernandez": 0.07179750001143906,
  "Max Kepler": 0.09802919649790252,
  "Alec Bohm": 0.06906905914380759,
  "J.T. Realmuto": 0.06924705500540249,
  "Edmundo Sosa": 0.06185021586982372,
  "Eric Wagaman": 0.07313139459952306,
  "Brandon Marsh": 0.07299169478172204,
  "Harrison Bader": 0.06060158261607113,
  "Jakob Marsee": 0.07151380566943481,
  "Joey Wiemer": 0.06414388712146996,
  "Otto Lopez": 0.05827362134614043,
  "Maximo Acosta": 0.057201646389977476,
  "Bryson Stott": 0.06558435085648004,
  "Javier Sanoja": 0.05792442227007524,
  "Spencer Torkelson": 0.12229403298556246,
  "Jahmai Jones": 0.0971720086871602,
  "Gleyber Torres": 0.09491066308203194,
  "Colson Montgomery": 0.06896550956334953,
  "Javier Baez": 0.07057819184202412,
  "Riley Greene": 0.08371144467907793,
  "Wenceel Perez": 0.08887764188620505,
  "Lenyn Sosa": 0.06702628829012056,
  "Dillon Dingler": 0.07811787438170664,
  "Andy Ibanez": 0.07521094066212818,
  "Michael A. Taylor": 0.05699523770891955,
  "Bryan Ramos": 0.054197112973708716,
  "Chase Meidroth": 0.054308350841503816,
  "Brooks Baldwin": 0.05641911723028745,
  "Zach McKinstry": 0.057225706812352124,
  "Edgar Quero": 0.05628300249755044,
  "Dominic Fletcher": 0.04742715190623636,
  "Curtis Mead": 0.055732304043474255,
  "Kerry Carpenter": 0.09761904761904762,
  "Andrew Benintendi": 0.060000000000000005,
  "Parker Meadows": 0.060000000000000005,
  "Justyn-Henry Malloy": 0.060000000000000005,
  "Colt Keith": 0.07361111111111111,
  "Kyle Teel": 0.060000000000000005,
  "Juan Soto": 0.18944975409407114,
  "Pete Alonso": 0.18227944734616344,
  "Francisco Lindor": 0.1496985553991846,
  "Brandon Nimmo": 0.14787801337027082,
  "Brett Baty": 0.11305994816706205,
  "Mark Vientos": 0.12156070385202335,
  "Cedric Mullins": 0.11047268893583705,
  "Elly De La Cruz": 0.1091357155487164,
  "Noelvi Marte": 0.1038247052605894,
  "Spencer Steer": 0.09496938218625703,
  "Sal Stewart": 0.1000674675191152,
  "Austin Hays": 0.10116814017159141,
  "Matt McLain": 0.08477265757359038,
  "Jeff McNeil": 0.11056447083972501,
  "Jose Trevino": 0.06882951816352587,
  "Gavin Lux": 0.07350671051128352,
  "TJ Friedl": 0.08358265288570083,
  "Luis Torrens": 0.06834850747928897,
  "Oneil Cruz": 0.10450879023314252,
  "Jackson Chourio": 0.1052296530785501,
  "Andrew Vaughn": 0.08721317553830191,
  "Jake Bauers": 0.09063545485945529,
  "Caleb Durbin": 0.06163082611423629,
  "William Contreras": 0.08986802544993287,
  "Bryan Reynolds": 0.08760759785801799,
  "Brice Turang": 0.07836498953262369,
  "Jared Triolo": 0.06908090076784965,
  "Spencer Horwitz": 0.07352964230959874,
  "Nick Yorke": 0.07500508750508751,
  "Tommy Pham": 0.07798853482328173,
  "Henry Davis": 0.0731755140307772,
  "Cam Devanney": 0.07551515151515151,
  "Nick Gonzales": 0.06329538646348991,
  "Sal Frelick": 0.06320231818860346,
  "Joey Ortiz": 0.05835676291793313,
  "Blake Perkins": 0.05832387913504935,
  "Andrew McCutchen": 0.08392857142857142,
  "Shohei Ohtani": 0.17649235333937854,
  "Andy Pages": 0.09204458563595777,
  "Teoscar Hernandez": 0.10969875885794379,
  "Gunnar Henderson": 0.09453900942534137,
  "Freddie Freeman": 0.09849860727891349,
  "Samuel Basallo": 0.09148511889805423,
  "Colton Cowser": 0.09024338993562961,
  "Ryan Mountcastle": 0.08304944063228664,
  "Enrique Hernandez": 0.08390132997101808,
  "Mookie Betts": 0.09142582273869676,
  "Jackson Holliday": 0.06806460866244862,
  "Emmanuel Rivera": 0.05912119629781719,
  "Coby Mayo": 0.07098126353988782,
  "Dylan Beavers": 0.06918104293749289,
  "Jeremiah Jackson": 0.06427593238456848,
  "Alex Call": 0.06207472451790634,
  "Miguel Rojas": 0.05723938223938224,
  "Junior Caminero": 0.1654769244863424,
  "Brandon Lowe": 0.13927202053336724,
  "Jose Ramirez": 0.13113425612732235,
  "Kyle Manzardo": 0.12952291454935583,
  "Yandy Diaz": 0.11322044111046668,
  "Gabriel Arias": 0.08199400383768575,
  "Bo Naylor": 0.09941139738021885,
  "Josh Lowe": 0.10183802863942303,
  "Daniel Schneemann": 0.08736241885769556,
  "Richie Palacios": 0.07275584276756351,
  "Nolan Jones": 0.08465032974854764,
  "Tristan Gray": 0.09113027611413366,
  "Hunter Feduccia": 0.0720691321129208,
  "C. J. Kayfus": 0.06909269198484885,
  "Steven Kwan": 0.06663947795039413,
  "Jake Mangum": 0.05317821201691663,
  "Chandler Simpson": 0.04659312456866805,
  "Cal Raleigh": 0.17890967398581148,
  "Eugenio Suarez": 0.13397519468204996,
  "Ronald Acuna Jr.": 0.13592263748888936,
  "Matt Olson": 0.13938925886331216,
  "Randy Arozarena": 0.11750895975710397,
  "Julio Rodriguez": 0.1085248522693303,
  "Jurickson Profar": 0.10356233772571058,
  "Jorge Polanco": 0.10022666650002914,
  "Josh Naylor": 0.09704281672302914,
  "Michael Harris II": 0.09756203407905724,
  "Drake Baldwin": 0.09589523945200748,
  "Sean Murphy": 0.10194580566532709,
  "Ozzie Albies": 0.10276978526028095,
  "Leo Rivas": 0.05377414718335941,
  "Victor Robles": 0.05190296555844262,
  "J.P. Crawford": 0.05493967819903257,
  "Ha-Seong Kim": 0.07480339527940147,
  "Nacho Alvarez Jr.": 0.058562991874162085,
  "Marcell Ozuna": 0.10757575757575757,
  "Jake Fraley": 0.07361111111111111,
  "Yordan Alvarez": 0.1688277889347205,
  "Jake Burger": 0.10605853044837878,
  "Jesus Sanchez": 0.09496430189188011,
  "Wyatt Langford": 0.09731408996176706,
  "Christian Walker": 0.0973433319264929,
  "Jose Altuve": 0.09169753804050679,
  "Carlos Correa": 0.07810090619458811,
  "Dustin Harris": 0.07894486458940722,
  "Joc Pederson": 0.10010150387819267,
  "Jonah Heim": 0.06436171895888455,
  "Jeremy Pena": 0.07109391130974789,
  "Yainer Diaz": 0.07836506727595836,
  "Josh Jung": 0.06857296015119227,
  "Victor Caratini": 0.08527749483631836,
  "Alejandro Osuna": 0.061901640026640024,
  "Ezequiel Duran": 0.05744218664477285,
  "Josh Smith": 0.06615389199380674,
  "Jake Meyers": 0.07723651401812322,
  "Mauricio Dubon": 0.060000000000000005,
  "Ramon Urias": 0.07361111111111111,
  "Byron Buxton": 0.1279885920094224,
  "Salvador Perez": 0.11075171810880093,
  "Vinnie Pasquantino": 0.11043046780946698,
  "Matt Wallner": 0.10530876378637669,
  "Mike Yastrzemski": 0.09694557697588319,
  "Jac Caglianone": 0.08528493619809073,
  "Royce Lewis": 0.09031308488821126,
  "Carter Jensen": 0.05510604241696678,
  "Nick Loftin": 0.06681715465038368,
  "Trevor Larnach": 0.06511528637911863,
  "Mickey Gasper": 0.06226286945357873,
  "Edouard Julien": 0.05364105536115696,
  "James Outman": 0.060934503903463506,