{
  "Jake Burger": 0.11020713966584676,
  "Adolis Garcia": 0.11188843509163927,
  "Christian Walker": 0.12976218841036433,
  "Josh Jung": 0.09503400342040089,
  "Wyatt Langford": 0.09250995096620894,
  "Isaac Paredes": 0.09675071799616426,
  "Jonah Heim": 0.08239316239316238,
  "Marcus Semien": 0.08693020069609317,
  "Brendan Rodgers": 0.09075440963568818,
  "Zach Dezenzo": 0.09457689660011386,
  "Yainer Diaz": 0.09457689660011386,
  "Kevin Pillar": 0.11764705882352941,
  "Jose Altuve": 0.08172058883068734,
  "Jake Meyers": 0.07245366040797616,
  "Cam Smith": 0.07437076388302954,
  "Ezequiel Duran": 0.05761094762055279,
  "Mauricio Dubon": 0.06145568741391645,
  "Sam Haggerty": 0.0458815397368056,
  "Jeremy Pena": 0.09761904761904762,
  "Josh Smith": 0.07361111111111111,
  "Victor Caratini": 0.09761904761904762,
  "Kyle Higashioka": 0.09761904761904762,
  "Wilyer Abreu": 0.16303087506412314,
  "Matt Olson": 0.1417924378927101,
  "Rafael Devers": 0.13786874674259417,
  "Austin Riley": 0.1299390225012919,
  "Alex Bregman": 0.11384884205197972,
  "Marcell Ozuna": 0.12213458965579202,
  "Drake Baldwin": 0.11275145130159474,
  "Jarren Duran": 0.10003615729306525,
  "Trevor Story": 0.08548944690201521,
  "Ozzie Albies": 0.08628703506310911,
  "Michael Harris II": 0.09053190971411579,
  "Abraham Toro": 0.08087876428239757,
  "Alex Verdugo": 0.06384664471872563,
  "Ceddanne Rafaela": 0.06504485238811528,
  "David Hamilton": 0.06581269909417818,
  "Eli White": 0.07576271912905576,
  "Connor Wong": 0.07323021542607284,
  "Nick Allen": 0.05523391812865497,
  "Sean Murphy": 0.09761904761904762,
  "Nick Sogard": 0.060000000000000005,
  "Carlos Narvaez": 0.07361111111111111,
  "Kristian Campbell": 0.08392857142857142,
  "Gunnar Henderson": 0.11669276859659523,
  "James Wood": 0.08777577586732516,
  "Ryan Mountcastle": 0.09863859967490321,
  "CJ Abrams": 0.0854605524318168,
  "Cedric Mullins": 0.0816259159353354,
  "Heston Kjerstad": 0.08525219818060426,
  "Adley Rutschman": 0.0821367636891702,
  "Ramon Laureano": 0.08314702269781905,
  "Ryan O'Hearn": 0.07086268276464355,
  "Josh Bell": 0.07155776154337576,
  "Jackson Holliday": 0.06318268622229019,
  "Emmanuel Rivera": 0.06586233996944908,
  "Nathaniel Lowe": 0.06577383517312652,
  "Keibert Ruiz": 0.06122720900528823,
  "Luis Garcia Jr.": 0.06155766657746856,
  "Dylan Crews": 0.06457207129905435,
  "Jose Tena": 0.05899273657978821,
  "Alex Call": 0.05620701248360823,
  "Ramon Urias": 0.07361111111111111,
  "Oneil Cruz": 0.14205700533005286,
  "Kyle Schwarber": 0.12923929489491662,
  "Bryce Harper": 0.10814461043160865,
  "Andrew McCutchen": 0.09943018922166114,
  "Spencer Horwitz": 0.09114029908414542,
  "Bryan Reynolds": 0.0952815281873253,
  "Alexander Canario": 0.091746333194218,
  "Max Kepler": 0.08021964097918313,
  "Henry Davis": 0.06921702450133824,
  "Trea Turner": 0.06700701229132602,
  "Ke'Bryan Hayes": 0.06933698187924663,
  "Nick Castellanos": 0.0677313319024061,
  "Brandon Marsh": 0.06694027685138318,
  "Bryson Stott": 0.06371952827449827,
  "Adam Frazier": 0.06004854334553121,
  "Alec Bohm": 0.05892516911265595,
  "Isiah Kiner-Falefa": 0.0538918195278532,
  "Rafael Marchan": 0.06381924508240297,
  "J.T. Realmuto": 0.060000000000000005,
  "Joey Bart": 0.08392857142857142,
  "Kerry Carpenter": 0.1272994133293559,
  "Daulton Varsho": 0.11486018792195322,
  "Anthony Santander": 0.124942748309782,
  "Riley Greene": 0.10687060781434336,
  "Vladimir Guerrero Jr.": 0.09800388361935047,
  "Spencer Torkelson": 0.10016377695814908,
  "Addison Barger": 0.09469909543336526,
  "Javier Baez": 0.07986908675111942,
  "Bo Bichette": 0.07759495148042059,
  "Trey Sweeney": 0.0771529950750959,
  "Dillon Dingler": 0.07862715204015266,
  "Gleyber Torres": 0.07654079999500857,
  "Akil Baddoo": 0.0784795954450613,
  "Zach McKinstry": 0.06764963086856661,
  "Alejandro Kirk": 0.06555927035351364,
  "Ernie Clement": 0.06580552244368626,
  "Nathan Lukes": 0.05674224938265872,
  "Jonatan Clase": 0.06180810892492669,
  "George Springer": 0.09761904761904762,
  "Colt Keith": 0.07361111111111111,
  "Michael Stefanic": 0.041949317738791424,
  "Jose Ramirez": 0.16056320411819133,
  "Jhonkensy Noel": 0.14995714798805188,
  "Carlos Santana": 0.13326926011183476,
  "Elly De La Cruz": 0.12169021357337113,
  "Gabriel Arias": 0.11042313015376144,
  "Austin Hays": 0.11173594836035534,
  "Will Benson": 0.11076298078490858,
  "Will Wilson": 0.09232489594036279,
  "Matt McLain": 0.08907888350164123,
  "Tyler Stephenson": 0.09995546486135325,
  "Gavin Lux": 0.09049682440160575,
  "TJ Friedl": 0.07899122491988994,
  "Angel Martinez": 0.08074991301010825,
  "Austin Hedges": 0.06441107290068751,
  "Connor Joe": 0.0754738248441025,
  "Santiago Espinal": 0.06354796347229241,
  "Daniel Schneemann": 0.06606943817371183,
  "Steven Kwan": 0.056287466367680276,
  "Nolan Jones": 0.09761904761904762,
  "Spencer Steer": 0.09761904761904762,
  "Rece Hinds": 0.08392857142857142,
  "Kyle Manzardo": 0.12000000000000001,
  "Kyle Stowers": 0.09928492937529726,
  "Junior Caminero": 0.10787223652144907,
  "Josh Lowe": 0.1053037370968738,
  "Agust\u00edn Ram\u00edrez": 0.10355232647347343,
  "Jonathan Aranda": 0.10821386369518919,
  "Brandon Lowe": 0.0997871005091537,
  "Jesus Sanchez": 0.10312417495733926,
  "Connor Norby": 0.10069003613479485,
  "Matt Mervis": 0.1006654143530214,
  "Christopher Morel": 0.10334133757866387,
  "Yandy Diaz": 0.07958488175263774,
  "Eric Wagaman": 0.07707371700950419,
  "Kameron Misner": 0.07290902600270793,
  "Ben Rortvedt": 0.05852215597583763,
  "Taylor Walls": 0.057012331399079734,
  "Derek Hill": 0.06988337574215436,
  "Ronny Simon": 0.05454321505821157,
  "Javier Sanoja": 0.05638804191364009,
  "Jose Caballero": 0.060000000000000005,
  "Danny Jansen": 0.08392857142857142,
  "Chandler Simpson": 0.060000000000000005,
  "Bobby Witt Jr.": 0.1092634401207672,
  "Salvador Perez": 0.10500856046230808,
  "Willson Contreras": 0.092627314301151,
  "Hunter Renfroe": 0.08274600215191284,
  "Lars Nootbaar": 0.08500257478162845,
  "Nolan Arenado": 0.06935269130367169,
  "Masyn Winn": 0.06314555690449737,
  "Yohel Pozo": 0.07209988829107834,
  "Ivan Herrera": 0.07004047030705354,
  "Alec Burleson": 0.061368592135297086,
  "Mark Canha": 0.06403903903903904,
  "Vinnie Pasquantino": 0.06045039487068472,
  "Maikel Garcia": 0.057640538972412426,
  "Brendan Donovan": 0.0600105863855923,
  "Freddy Fermin": 0.054690148139651014,
  "Victor Scott II": 0.05371879743864927,
  "Dairon Blanco": 0.05547180566517583,
  "Michael Massey": 0.06702631578947368,
  "Nolan Gorman": 0.08392857142857142,
  "Drew Waters": 0.060000000000000005,
  "Trevor Larnach": 0.11061922204779347,
  "Rhys Hoskins": 0.11202208419599725,
  "Kody Clemens": 0.10602350080831505,
  "William Contreras": 0.09484132223670619,
  "Brooks Lee": 0.08480951446114629,
  "Christian Yelich": 0.09343632658903916,
  "Jackson Chourio": 0.09941381592335259,
  "Ryan Jeffers": 0.09737862144288205,
  "Royce Lewis": 0.09388442561921115,
  "Harrison Bader": 0.07895180286388383,
  "Ty France": 0.08023572960600728,
  "DaShawn Keirsey Jr.": 0.06555459639531205,
  "Joey Ortiz": 0.055442940528683,
  "Isaac Collins": 0.06949285746023283,
  "Christian Vazquez": 0.06824569134351743,
  "Caleb Durbin": 0.0626208651399491,
  "Brice Turang": 0.06230196682402565,
  "Sal Frelick": 0.0607774614655282,
  "Andruw Monasterio": 0.060000000000000005,
  "Jake Bauers": 0.09761904761904762,
  "Seiya Suzuki": 0.10365729126939349,
  "Pete Crow-Armstrong": 0.10382685158406411,
  "Kyle Tucker": 0.09257035240045101,
  "Michael Busch": 0.09556497033254276,
  "Dansby Swanson": 0.07745001387702913,
  "Luis Robert Jr.": 0.08339239832818551,
  "Tim Elko": 0.07577284651358725,
  "Carson Kelly": 0.08532125512225014,
  "Miguel Vargas": 0.07379487748993398,
  "Michael A. Taylor": 0.06746933621933622,
  "Mois\u00e9s Ballesteros": 0.06888329950829951,
  "Edgar Quero": 0.06901508371660965,
  "Joshua Palacios": 0.06340075441419227,