{
  "Pete Crow-Armstrong": 0.12669585151546298,
  "Seiya Suzuki": 0.12612347601017382,
  "Wilyer Abreu": 0.1234687596109092,
  "Alex Bregman": 0.11092155176411836,
  "Michael Busch": 0.11623649784185565,
  "Jarren Duran": 0.10372151284658646,
  "Kyle Tucker": 0.10536018484338898,
  "Trevor Story": 0.09714023696652316,
  "Ian Happ": 0.09107062632945456,
  "Carson Kelly": 0.0878076915345377,
  "Dansby Swanson": 0.08614155360879668,
  "Roman Anthony": 0.08933833962341878,
  "Marcelo Mayer": 0.07524599126041757,
  "Carlos Narvaez": 0.07850507557921188,
  "Ceddanne Rafaela": 0.07532413742352588,
  "Abraham Toro": 0.07931400560784206,
  "Matt Shaw": 0.06388467972060241,
  "Nico Hoerner": 0.05691716806559075,
  "Nick Gonzales": 0.08374862448861761,
  "Oneil Cruz": 0.1377597733760664,
  "Andrew McCutchen": 0.10162138010986742,
  "Michael A. Taylor": 0.08417944169075715,
  "Lenyn Sosa": 0.07422162549506293,
  "Bryan Reynolds": 0.10266368759451638,
  "Miguel Vargas": 0.08830459471499935,
  "Chase Meidroth": 0.067002696819285,
  "Ke'Bryan Hayes": 0.061050474492191135,
  "Tommy Pham": 0.07862847200651703,
  "Andrew Benintendi": 0.08367206056406801,
  "Luis Robert Jr.": 0.09836515901320092,
  "Austin Slater": 0.08645887835360234,
  "Spencer Horwitz": 0.07942013020866336,
  "Edgar Quero": 0.0750433085851177,
  "Colson Montgomery": 0.07115921047244014,
  "Isiah Kiner-Falefa": 0.055202567106171226,
  "Joey Bart": 0.0730556339130565,
  "Logan O'Hoppe": 0.10503349090437668,
  "Nolan Schanuel": 0.07060801326893403,
  "Mike Trout": 0.13773757509805418,
  "Zach Neto": 0.11822668926270453,
  "Luis Rengifo": 0.08155280693130858,
  "Jorge Soler": 0.11340012308513894,
  "Taylor Ward": 0.10344184219857726,
  "Jo Adell": 0.12581005173125068,
  "Trea Turner": 0.09874062189599042,
  "Kyle Schwarber": 0.17529225086476996,
  "Bryce Harper": 0.14685873949580694,
  "Nick Castellanos": 0.1060067035925652,
  "Alec Bohm": 0.09052470141231879,
  "J.T. Realmuto": 0.102774519364668,
  "Kevin Newman": 0.06146395409967093,
  "Brandon Marsh": 0.09215486705977015,
  "Max Kepler": 0.11465951634133309,
  "Bryson Stott": 0.08270467380955161,
  "Luis Arraez": 0.06456581479720111,
  "Nathaniel Lowe": 0.10144846782974637,
  "Brady House": 0.07393971943446319,
  "Trenton Brooks": 0.07878144204782554,
  "James Wood": 0.11476138847003568,
  "Jacob Young": 0.05548801957287435,
  "Xander Bogaerts": 0.07284771257986865,
  "CJ Abrams": 0.09194759945891492,
  "Gavin Sheets": 0.09883934968218026,
  "Manny Machado": 0.12851627939476676,
  "Fernando Tatis Jr.": 0.13133457080233407,
  "Josh Bell": 0.10207717077856482,
  "Luis Garcia Jr.": 0.07777489562856207,
  "Jake Cronenworth": 0.08966386259203939,
  "Jackson Merrill": 0.11512265512265513,
  "Daylen Lile": 0.07695342507014692,
  "Elias Diaz": 0.08724625071928206,
  "Riley Adams": 0.0800047917594859,
  "Alex Call": 0.060000000000000005,
  "Bryce Johnson": 0.060000000000000005,
  "Amed Rosario": 0.060000000000000005,
  "Jose Iglesias": 0.060000000000000005,
  "Willy Adames": 0.1056318009719496,
  "Mike Yastrzemski": 0.10905480703724683,
  "George Springer": 0.12702269863508595,
  "Will Wagner": 0.0758918464415391,
  "Jung Hoo Lee": 0.06944568174566323,
  "Rafael Devers": 0.13405081837957505,
  "Addison Barger": 0.1178634180678097,
  "Ernie Clement": 0.06284281825611064,
  "Dominic Smith": 0.07078221728548506,
  "Alejandro Kirk": 0.0961007360056391,
  "Nathan Lukes": 0.07770599205166576,
  "Patrick Bailey": 0.07099628458865996,
  "Casey Schmitt": 0.08363336428234518,
  "Joey Loperfido": 0.07869380701961513,
  "Heliot Ramos": 0.09861099929638861,
  "Matt Chapman": 0.12326709810713093,
  "Vladimir Guerrero Jr.": 0.13971388149507033,
  "Bo Bichette": 0.10373430383639368,
  "Myles Straw": 0.060000000000000005,
  "Denzel Clarke": 0.06532247722379894,
  "Jacob Wilson": 0.065965306579607,
  "Tyler Soderstrom": 0.10842901713766435,
  "Shea Langeliers": 0.11011251882116604,
  "Miguel Andujar": 0.07010691360274056,
  "Brayan Rocchio": 0.06931852273158146,
  "Carlos Santana": 0.11082920953785676,
  "Will Wilson": 0.07284986194823988,
  "Jose Ramirez": 0.1415739263984878,
  "Nick Kurtz": 0.14239133072466406,
  "Brent Rooker": 0.1195668504510021,
  "David Fry": 0.11387447266096179,
  "Nolan Jones": 0.08330694958586637,
  "Max Muncy (2002)": 0.0703015754210844,
  "Lawrence Butler": 0.11924018731542294,
  "Bo Naylor": 0.09568142322079388,
  "Angel Martinez": 0.08582269954398428,
  "Johnathan Rodriguez": 0.07790126667248126,
  "Daniel Schneemann": 0.08392857142857142,
  "Austin Hedges": 0.060000000000000005,
  "Pete Alonso": 0.14371594494356643,
  "Francisco Lindor": 0.1277707418116482,
  "Mark Vientos": 0.10907539888790405,
  "Ronny Mauricio": 0.08675069541128447,
  "Austin Hays": 0.09579101714441798,
  "Juan Soto": 0.10509933384680764,
  "Elly De La Cruz": 0.09975355285710136,
  "Tyler Stephenson": 0.0933353482445192,
  "Matt McLain": 0.09571473691613096,
  "Noelvi Marte": 0.08273488050400325,
  "Spencer Steer": 0.08568320002887372,
  "Brandon Nimmo": 0.08188437527867654,
  "Tyrone Taylor": 0.07800056150357952,
  "TJ Friedl": 0.06739093678487618,
  "Jose Trevino": 0.07144183636002914,
  "Luis Torrens": 0.07516114660742704,
  "Jeff McNeil": 0.07095035646627186,
  "Santiago Espinal": 0.06323342687230979,
  "Kyle Stowers": 0.1322105962787706,
  "Agust\u00edn Ram\u00edrez": 0.11877320715004012,
  "Bobby Witt Jr.": 0.1091602842355874,
  "Jesus Sanchez": 0.11293529027475833,
  "Salvador Perez": 0.10846053108672342,
  "Vinnie Pasquantino": 0.10140994488442187,
  "Jac Caglianone": 0.09390254333597993,
  "Otto Lopez": 0.07961614956230026,
  "Jonathan India": 0.07682601661456977,
  "Dane Myers": 0.07233612094785573,
  "Liam Hicks": 0.07449845313166753,
  "Graham Pauley": 0.07736552892324264,
  "Maikel Garcia": 0.06588017498896327,
  "Nick Loftin": 0.0608025914994771,
  "Kyle Isbel": 0.0644443521104949,
  "Nick Fortes": 0.06579533690946734,
  "John Rave": 0.06946519447623221,
  "Xavier Edwards": 0.05992556303457838,
  "Aaron Judge": 0.18262259864987912,
  "Jazz Chisholm Jr.": 0.11474416867604575,
  "Anthony Volpe": 0.06543230566696072,
  "Cody Bellinger": 0.10846108928362636,
  "Jasson Dom\u00ednguez": 0.09352090368898393,
  "Austin Wells": 0.11137324299707196,
  "Nacho Alvarez Jr.": 0.06632217937044281,
  "Ronald Acuna Jr.": 0.12132704843702287,
  "Ozzie Albies": 0.07890507242413258,
  "Jurickson Profar": 0.09000575602603808,
  "Matt Olson": 0.1427895403870672,
  "Nick Allen": 0.0628034188034188,
  "Sean Murphy": 0.11158239229371499,
  "Michael Harris II": 0.08481544860928505,
  "Drake Baldwin": 0.0971469282581176,
  "Trent Grisham": 0.10837369222578207,
  "Ben Rice": 0.12651504209027772,
  "Jorbit Vivas": 0.06150709659188133,
  "Junior Caminero": 0.13748167621867655,
  "Brandon Lowe": 0.12431736106980118,
  "Jordan Westburg": 0.1242742079996982,
  "Colton Cowser": 0.1098597026036728,
  "Gunnar Henderson": 0.1311406455767745,
  "Cedric Mullins": 0.10085643595119917,
  "Jackson Holliday": 0.09877558850006549,
  "Ramon Laureano": 0.10735176166910204,
  "Jonathan Aranda": 0.1036750432629672,
  "Yandy Diaz": 0.1071388088982259,
  "Ryan O'Hearn": 0.10150694907836354,
  "Danny Jansen": 0.09992897273064477,
  "Josh Lowe": 0.0913681218029044,
  "Coby Mayo": 0.07249157300545592,
  "Chandler Simpson": 0.0783664979481593,
  "Jacob Stallings": 0.06636105086708319,
  "Ha-Seong Kim": 0.07334261588645233,
  "Jake Mangum": 0.06323283214897495,
  "Spencer Torkelson": 0.14703313135223703,
  "Corey Seager": 0.13862454127525403,
  "Riley Greene": 0.11706567513046395,
  "Rowdy Tellez": 0.12267262791852955,
  "Jahmai Jones": 0.10485375436427505,
  "Adolis Garcia": 0.11061944624185294,
  "Gleyber Torres": 0.10339165131982812,
  "Wenceel Perez": 0.09537676947352391,
  "Wyatt Langford": 0.09902197561212424,
  "Dillon Dingler": 0.09540310574325436,
  "Marcus Semien": 0.0927880028695876,
  "Kyle Higashioka": 0.09821047008547008,
  "Javier Baez": 0.08709848163754791,
  "Matt Vierling": 0.08073386871671759,