{
  "Jackson Chourio": 0.0807736361334273,
  "Vinny Capra": 0.04652057965202374,
  "Anthony Volpe": 0.05998184709287163,
  "Joey Ortiz": 0.05518901819513931,
  "Christian Yelich": 0.07152798170238786,
  "Jasson Dom\u00ednguez": 0.07748650903989124,
  "Austin Wells": 0.08933877652590884,
  "Aaron Judge": 0.20861690135883684,
  "Jazz Chisholm Jr.": 0.0807572281287188,
  "Sal Frelick": 0.0470872127844915,
  "Cody Bellinger": 0.07626289443163463,
  "Paul Goldschmidt": 0.09645224057299924,
  "Brice Turang": 0.04090910498040031,
  "Rhys Hoskins": 0.11271776242273018,
  "Ben Rice": 0.07132660549844959,
  "Garrett Mitchell": 0.05064323759662678,
  "William Contreras": 0.09631010490803416,
  "Oswaldo Cabrera": 0.0504459232416523,
  "Ryan Mountcastle": 0.07445737937867183,
  "Anthony Santander": 0.1388897993080305,
  "Jackson Holliday": 0.06636047762087899,
  "Tyler O'Neill": 0.14895140116353753,
  "George Springer": 0.07151436872518331,
  "Will Wagner": 0.06513436580482519,
  "Ryan O'Hearn": 0.07173664636573228,
  "Cedric Mullins": 0.07468798419929448,
  "Ramon Urias": 0.06700672758622671,
  "Colton Cowser": 0.10249051999232278,
  "Adley Rutschman": 0.07950447000616266,
  "Andres Gimenez": 0.05581189177373578,
  "Ernie Clement": 0.05819419769230945,
  "Alejandro Kirk": 0.06470681845166255,
  "Vladimir Guerrero Jr.": 0.09952020303612671,
  "Bo Bichette": 0.06323451531623882,
  "Jordan Westburg": 0.08431235458766084,
  "Jorge Mateo": 0.060000000000000005,
  "Nathan Lukes": 0.060000000000000005,
  "Ceddanne Rafaela": 0.059367234759591166,
  "Connor Wong": 0.05778696370817282,
  "Wilyer Abreu": 0.10348983137824207,
  "Rafael Devers": 0.14552399534021884,
  "Jake Burger": 0.11166999983375633,
  "Kristian Campbell": 0.06095480741166738,
  "Josh Jung": 0.07818305753833842,
  "Jarren Duran": 0.10207387612676588,
  "Adolis Garcia": 0.10646180285391361,
  "Alex Bregman": 0.09206983786044924,
  "Trevor Story": 0.0736515719023039,
  "Corey Seager": 0.10821443485968808,
  "Marcus Semien": 0.08667772088356908,
  "Wyatt Langford": 0.08868161254474348,
  "Kevin Pillar": 0.06546004246229334,
  "Kyle Higashioka": 0.10578932280616678,
  "Josh Smith": 0.059428552813645986,
  "Triston Casas": 0.09789679586299495,
  "Jonah Heim": 0.07361111111111111,
  "Leody Taveras": 0.060000000000000005,
  "David Hamilton": 0.060000000000000005,
  "Paul DeJong": 0.06259382544192929,
  "Bryce Harper": 0.09951779588268611,
  "Dylan Crews": 0.05675645401045159,
  "J.T. Realmuto": 0.07707879614190971,
  "Nathaniel Lowe": 0.06296734878195981,
  "James Wood": 0.06623597339502282,
  "Jacob Young": 0.04294236160065663,
  "Kyle Schwarber": 0.11989001447398259,
  "Keibert Ruiz": 0.07034814833577124,
  "Brandon Marsh": 0.057911667593235766,
  "CJ Abrams": 0.08436084355867422,
  "Max Kepler": 0.07627127848899316,
  "Nick Castellanos": 0.07936973367078168,
  "Luis Garcia Jr.": 0.06445373994016644,
  "Alec Bohm": 0.07568391848113228,
  "Bryson Stott": 0.051464341190539324,
  "Josh Bell": 0.06855805299106046,
  "Trea Turner": 0.1031705755390198,
  "Rafael Marchan": 0.060000000000000005,
  "Alex Call": 0.060000000000000005,
  "Luis Arraez": 0.0421969242388638,
  "Matt Olson": 0.09965346764158309,
  "Jurickson Profar": 0.06854610587999098,
  "Michael Harris II": 0.06412912643549179,
  "Orlando Arcia": 0.058311567420478314,
  "Manny Machado": 0.10229564643465702,
  "Drake Baldwin": 0.04867217066341038,
  "Fernando Tatis Jr.": 0.09991842635431049,
  "Austin Riley": 0.09318747943561655,
  "Ozzie Albies": 0.06119072963953676,
  "Elias Diaz": 0.059317764013024785,
  "Jackson Merrill": 0.061962877170897324,
  "Yuli Gurriel": 0.049689647559139925,
  "Jake Cronenworth": 0.05252925657498564,
  "Jarred Kelenic": 0.06665284917265116,
  "Marcell Ozuna": 0.11461783398757784,
  "Brandon Lockridge": 0.052640269226952995,
  "Xander Bogaerts": 0.06299743912911558,
  "Logan O'Hoppe": 0.10503400108663268,
  "Kevin Newman": 0.0433388906046845,
  "Nolan Schanuel": 0.05721997853551,
  "Mike Trout": 0.1387834714504294,
  "Jorge Soler": 0.1166422914725521,
  "Luis Rengifo": 0.0665923943628231,
  "Tim Anderson": 0.06452780778434317,
  "Taylor Ward": 0.09687392167835605,
  "Jo Adell": 0.1024997437364727,
  "Lenyn Sosa": 0.0632594375921474,
  "Michael A. Taylor": 0.07528923875350366,
  "Austin Slater": 0.06243502875247139,
  "Jacob Amaya": 0.04883898929012647,
  "Andrew Vaughn": 0.09944004124854158,
  "Miguel Vargas": 0.08524607615773921,
  "Luis Robert Jr.": 0.08875473265240975,
  "Korey Lee": 0.08915105797524611,
  "Andrew Benintendi": 0.05682023901917938,
  "Kyren Paris": 0.060000000000000005,
  "Matt Thaiss": 0.060000000000000005,
  "TJ Friedl": 0.060191400813223835,
  "Tyler Fitzgerald": 0.061857117981519896,
  "Willy Adames": 0.1202791834115656,
  "Elly De La Cruz": 0.08670769805538546,
  "Mike Yastrzemski": 0.09655485417790305,
  "Gavin Lux": 0.057313003211548974,
  "Jose Trevino": 0.04635502147229836,
  "LaMonte Wade Jr.": 0.08828102523582783,
  "Jung Hoo Lee": 0.07014533014716386,
  "Jake Fraley": 0.04985800551423228,
  "Patrick Bailey": 0.06822354925347128,
  "Heliot Ramos": 0.08640648508259914,
  "Jeimer Candelario": 0.06919889753223087,
  "Matt Chapman": 0.13380045647057093,
  "Christian Encarnacion-Strand": 0.07629658152742952,
  "Wilmer Flores": 0.061874558058887016,
  "Matt McLain": 0.06584378090941047,
  "Spencer Steer": 0.08603625156256736,
  "Jacob Hurtubise": 0.060000000000000005,
  "Bobby Witt Jr.": 0.10495374063276877,
  "Hunter Renfroe": 0.07781602903738141,
  "Jonathan India": 0.06559741782750508,
  "Kyle Isbel": 0.04852336405446197,
  "MJ Melendez": 0.09134537953675488,
  "Maikel Garcia": 0.0420703933747412,
  "Michael Massey": 0.0763716226673973,
  "Salvador Perez": 0.10071775025799794,
  "Vinnie Pasquantino": 0.07735228974897924,
  "Bo Naylor": 0.051205376076889075,
  "Brayan Rocchio": 0.04474894766429463,
  "Carlos Santana": 0.07269578858134651,
  "Gabriel Arias": 0.057623300176885786,
  "Jhonkensy Noel": 0.07931051106976275,
  "Jose Ramirez": 0.09922064134497141,
  "Kyle Manzardo": 0.059049169201430864,
  "Lane Thomas": 0.0708419771897115,
  "Steven Kwan": 0.046152099197921105,
  "Starling Marte": 0.052559548590010476,
  "Francisco Lindor": 0.10296884684810602,
  "Isaac Paredes": 0.06719785297294818,
  "Yordan Alvarez": 0.13044951426214293,
  "Jake Meyers": 0.0713975155279503,
  "Christian Walker": 0.10220988094191509,
  "Mark Vientos": 0.11145663859949574,
  "Luis Torrens": 0.0523444225649259,
  "Brandon Nimmo": 0.06312863148677088,
  "Jose Altuve": 0.06186279369485476,
  "Jeremy Pena": 0.061838034363560924,
  "Luisangel Acu\u00f1a": 0.047291905416344364,
  "Juan Soto": 0.0994111678618721,
  "Pete Alonso": 0.0971142947373436,
  "Yainer Diaz": 0.06899282650914955,
  "Tyrone Taylor": 0.09166933577365972,
  "Cam Smith": 0.06203589120959508,
  "Chas McCormick": 0.060000000000000005,
  "Mauricio Dubon": 0.060000000000000005,
  "Jose Siri": 0.060000000000000005,
  "Nick Gonzales": 0.04896102953251506,
  "Derek Hill": 0.04573067637468907,
  "Oneil Cruz": 0.08867388197976575,
  "Bryan Reynolds": 0.06393645877874429,
  "Otto Lopez": 0.049045231848361535,
  "Joey Bart": 0.06131624263353515,
  "Nick Fortes": 0.044395365154804516,
  "Ke'Bryan Hayes": 0.046980700683195604,
  "Tommy Pham": 0.06478080979607698,
  "Matt Mervis": 0.06579375565282147,
  "Griffin Conine": 0.05740403194948649,
  "Jonah Bride": 0.05269586493671342,
  "Kyle Stowers": 0.05694971481669464,
  "Isiah Kiner-Falefa": 0.044418709771477466,
  "Graham Pauley": 0.061167870657034745,
  "Endy Rodriguez": 0.07193882141250563,
  "Xavier Edwards": 0.04313463365933204,
  "Andrew McCutchen": 0.06518861284353004,
  "Jack Suwinski": 0.09761904761904762,
  "Ji Hwan Bae": 0.060000000000000005,
  "Jared Triolo": 0.060000000000000005,
  "Dane Myers": 0.060000000000000005,
  "Nolan Arenado": 0.05723743428294648,
  "Ty France": 0.058290233658981026,
  "Byron Buxton": 0.11380093381779037,
  "Masyn Winn": 0.043427296601920025,
  "Trevor Larnach": 0.07486937646115838,