{
  "Oswald Peraza": 0.08392857142857142,
  "Jeff McNeil": 0.07730936870351249,
  "Aaron Judge": 0.23261652266544272,
  "Francisco Lindor": 0.13319334815751244,
  "Brandon Nimmo": 0.11076822550291435,
  "Pete Alonso": 0.16216892221220808,
  "Brett Baty": 0.07304957964878778,
  "Jorbit Vivas": 0.05892792727590446,
  "Mark Vientos": 0.11077736997302215,
  "Trent Grisham": 0.13333333333333333,
  "Austin Wells": 0.13333333333333333,
  "Anthony Volpe": 0.07809442674181549,
  "Francisco Alvarez": 0.08392857142857142,
  "Tyrone Taylor": 0.07026040390813709,
  "Ben Rice": 0.13523954022210982,
  "Juan Soto": 0.15031334482553996,
  "Paul Goldschmidt": 0.10619576819879076,
  "Cody Bellinger": 0.11237931161624541,
  "DJ LeMahieu": 0.061514784017127656,
  "J.C. Escarra": 0.08628998571698061,
  "Jasson Dom\u00ednguez": 0.11930230231226978,
  "Luis Torrens": 0.07567050373868556,
  "Luis Robert Jr.": 0.1039161627203234,
  "Andrew Vaughn": 0.1188444683652442,
  "Nico Hoerner": 0.05838389448045619,
  "Seiya Suzuki": 0.148660882435888,
  "Lenyn Sosa": 0.08262076056660969,
  "Pete Crow-Armstrong": 0.17617258645907605,
  "Dansby Swanson": 0.13500160429339597,
  "Michael Busch": 0.15577952352632568,
  "Brooks Baldwin": 0.060000000000000005,
  "Miguel Vargas": 0.10530555288746384,
  "Kyle Tucker": 0.17675599030154993,
  "Jon Berti": 0.060000000000000005,
  "Carson Kelly": 0.13333333333333333,
  "Michael A. Taylor": 0.07941777900654651,
  "Chase Meidroth": 0.06538214038214038,
  "Edgar Quero": 0.08429587993369178,
  "Tim Elko": 0.09448853191333882,
  "Mois\u00e9s Ballesteros": 0.10737649992208197,
  "Joshua Palacios": 0.07772215737378921,
  "Miguel Amaya": 0.10523722993524547,
  "Vidal Brujan": 0.06820587639306382,
  "Spencer Torkelson": 0.13276358815130662,
  "Riley Greene": 0.09980691477218114,
  "Gleyber Torres": 0.0993597191963205,
  "Andy Ibanez": 0.09820421182161168,
  "Daulton Varsho": 0.094854964732465,
  "Javier Baez": 0.0952208093840521,
  "Justyn-Henry Malloy": 0.08405106023070866,
  "Addison Barger": 0.07347112679378259,
  "Vladimir Guerrero Jr.": 0.07256558210718357,
  "George Springer": 0.06322889132257324,
  "Colt Keith": 0.06587890644708827,
  "Tomas Nido": 0.05755861660359829,
  "Bo Bichette": 0.05371657539319988,
  "Ernie Clement": 0.045610602408286155,
  "Nathan Lukes": 0.055036516696059266,
  "Zach McKinstry": 0.051526380615536695,
  "Tyler Heineman": 0.05078772897230675,
  "Michael Stefanic": 0.04109929925147317,
  "Alejandro Kirk": 0.060000000000000005,
  "Anthony Santander": 0.12000000000000001,
  "Trey Sweeney": 0.08392857142857142,
  "Kerry Carpenter": 0.12000000000000001,
  "Keibert Ruiz": 0.07019279158954551,
  "Ramon Urias": 0.0685899113877926,
  "Luis Garcia Jr.": 0.07765574548907882,
  "Cedric Mullins": 0.09940989001512758,
  "Josh Bell": 0.08678115025994051,
  "Ryan Mountcastle": 0.09761904761904762,
  "Adley Rutschman": 0.10158339833139199,
  "Ryan O'Hearn": 0.1011728908676425,
  "Gunnar Henderson": 0.15560394893348586,
  "CJ Abrams": 0.10874676485161656,
  "Jacob Young": 0.05135100295541722,
  "James Wood": 0.12050819087215699,
  "Jackson Holliday": 0.08010877823360305,
  "Heston Kjerstad": 0.112040739917783,
  "Dylan Crews": 0.06541862349738423,
  "Jose Tena": 0.07086519666477756,
  "Nathaniel Lowe": 0.08473326169570301,
  "Tyler O'Neill": 0.15,
  "Ramon Laureano": 0.08520594098883573,
  "Maverick Handley": 0.06983333333333333,
  "Taylor Walls": 0.05451882188136823,
  "Josh Lowe": 0.08094023192362154,
  "Yandy Diaz": 0.06201672447126992,
  "Brandon Lowe": 0.08289872586116717,
  "Jesus Sanchez": 0.08591178935768487,
  "Connor Norby": 0.08463566861540242,
  "Kyle Stowers": 0.08197033204900142,
  "Junior Caminero": 0.09761904761904762,
  "Derek Hill": 0.060000000000000005,
  "Kameron Misner": 0.06325557273833135,
  "Javier Sanoja": 0.05567251461988304,
  "Jonathan Aranda": 0.0884414708854364,
  "Danny Jansen": 0.06649772229594934,
  "Chandler Simpson": 0.04683144739120313,
  "Matt Mervis": 0.08042003452271915,
  "Agust\u00edn Ram\u00edrez": 0.09761904761904762,
  "Eric Wagaman": 0.06502119385497881,
  "Ronny Simon": 0.051961118630372956,
  "Jose Caballero": 0.061856185385736756,
  "Liam Hicks": 0.0758925518925519,
  "Nick Fortes": 0.056859694008307204,
  "Adam Frazier": 0.06777777777777778,
  "Andrew McCutchen": 0.12190456727242241,
  "J.T. Realmuto": 0.11978853254262084,
  "Alec Bohm": 0.08531868173167007,
  "Ke'Bryan Hayes": 0.07057466594438425,
  "Bryce Harper": 0.18968410513524392,
  "Bryan Reynolds": 0.11884553197934933,
  "Kyle Schwarber": 0.2255427393725266,
  "Nick Castellanos": 0.11621579389268227,
  "Oneil Cruz": 0.14410256410256408,
  "Bryson Stott": 0.09283198855768103,
  "Brandon Marsh": 0.099141159265818,
  "Trea Turner": 0.11428270448040179,
  "Jared Triolo": 0.083342151675485,
  "Isiah Kiner-Falefa": 0.057827763480496466,
  "Matt Gorski": 0.08521981097280733,
  "Joey Bart": 0.09869786277990356,
  "Max Kepler": 0.13740933343317635,
  "Alexander Canario": 0.09965301154790066,
  "Spencer Horwitz": 0.14285714285714285,
  "Jose Ramirez": 0.14395074049496837,
  "Austin Hays": 0.13175222447803092,
  "Elly De La Cruz": 0.12279716743222546,
  "Carlos Santana": 0.12611586237952138,
  "Kyle Manzardo": 0.129049443544642,
  "Will Benson": 0.11270894784012297,
  "Bo Naylor": 0.14336253118861816,
  "Matt McLain": 0.09461879297173414,
  "Spencer Steer": 0.10484182425067275,
  "Daniel Schneemann": 0.11317509650842984,
  "Gavin Lux": 0.08374251264563588,
  "Gabriel Arias": 0.08959995168331404,
  "TJ Friedl": 0.08627723628443879,
  "Angel Martinez": 0.08518044470425423,
  "Nolan Jones": 0.08827280687252399,
  "Jose Trevino": 0.07347371409238507,
  "Santiago Espinal": 0.062311995626040895,
  "Steven Kwan": 0.06343887177220511,
  "Tyler Stephenson": 0.10757575757575757,
  "Austin Hedges": 0.060000000000000005,
  "Jhonkensy Noel": 0.13333333333333333,
  "Jose Altuve": 0.07507234438792101,
  "Jonah Heim": 0.08392857142857142,
  "Adolis Garcia": 0.13842590432980564,
  "Jake Meyers": 0.06320337921655868,
  "Marcus Semien": 0.090844566509184,
  "Jeremy Pena": 0.08688103009255427,
  "Josh Jung": 0.09234767759562842,
  "Josh Smith": 0.07990477168289492,
  "Yainer Diaz": 0.08485926913321676,
  "Victor Caratini": 0.07172129834251047,
  "Zach Dezenzo": 0.07361111111111111,
  "Wyatt Langford": 0.12076519354878217,
  "Jake Burger": 0.13572866148054116,
  "Joc Pederson": 0.10391170051662477,
  "Isaac Paredes": 0.085692676471536,
  "Cam Smith": 0.07644746012534002,
  "Christian Walker": 0.1297842259409654,
  "Kyle Higashioka": 0.128795453597668,
  "Brendan Rodgers": 0.09799161533032501,
  "Sam Haggerty": 0.07622222222222222,
  "Evan Carter": 0.03775482093663912,
  "Salvador Perez": 0.10266867750122566,
  "Ivan Herrera": 0.08063183137440563,
  "Nolan Arenado": 0.09040945779336942,
  "Kyle Isbel": 0.06004629629629629,
  "Lars Nootbaar": 0.08941278432472169,
  "Brendan Donovan": 0.06952316374730168,
  "Vinnie Pasquantino": 0.10093728295528626,
  "Maikel Garcia": 0.05859999074755332,
  "Bobby Witt Jr.": 0.10573963554379624,
  "Michael Massey": 0.07245045661919478,
  "Freddy Fermin": 0.060000000000000005,
  "Drew Waters": 0.0783954933954934,
  "Willson Contreras": 0.10149127600246821,
  "Jordan Walker": 0.07873808601236386,
  "Masyn Winn": 0.07849897371173967,
  "Jonathan India": 0.06921702450133824,
  "Victor Scott II": 0.06434212867637713,
  "Pedro Pages": 0.07214467207800233,
  "Cavan Biggio": 0.08120933183249898,
  "Austin Riley": 0.1699332191377646,
  "Connor Wong": 0.07361111111111111,
  "Ozzie Albies": 0.08925542040583118,
  "Rafael Devers": 0.12884770251723046,
  "Marcell Ozuna": 0.15676623524445749,
  "Trevor Story": 0.09645823613726427,
  "Sean Murphy": 0.12000000000000001,
  "Michael Harris II": 0.096078161088997,
  "Eli White": 0.0787401762891959,
  "Matt Olson": 0.14880279575511507,
  "Wilyer Abreu": 0.1415308688469193,
  "Ceddanne Rafaela": 0.10222562624148242,
  "Jarren Duran": 0.09733987847447997,
  "Nick Allen": 0.0573015873015873,