{
  "Dylan Crews": 0.08392857142857142,
  "Josh Bell": 0.09543817187108018,
  "Jose Tena": 0.07188494930996346,
  "Drake Baldwin": 0.08395534476399721,
  "Michael Harris II": 0.09850334052655778,
  "Matt Olson": 0.15137101255033947,
  "Marcell Ozuna": 0.1687054147253152,
  "Austin Riley": 0.16189423300881456,
  "CJ Abrams": 0.1132234837048092,
  "Nick Allen": 0.054204291824087585,
  "Eli White": 0.07493308076940096,
  "Alex Verdugo": 0.07891594589701242,
  "Nathaniel Lowe": 0.08429860259833927,
  "Ozzie Albies": 0.09150440114640927,
  "Amed Rosario": 0.07118110878705636,
  "James Wood": 0.11739182102353458,
  "Jacob Young": 0.054518834399431414,
  "Keibert Ruiz": 0.08341706989855138,
  "Alex Call": 0.08971428571428572,
  "Ramon Urias": 0.060000000000000005,
  "Carlos Correa": 0.07906520920168135,
  "Byron Buxton": 0.1545872229428972,
  "Cedric Mullins": 0.0951070683061732,
  "Ryan Jeffers": 0.09297501729599907,
  "Trevor Larnach": 0.09643577866666611,
  "Ryan Mountcastle": 0.09280673952732107,
  "Royce Lewis": 0.10058593014632249,
  "Gunnar Henderson": 0.13170560443141088,
  "Adley Rutschman": 0.0887187014932664,
  "Willi Castro": 0.06879919070115148,
  "Jackson Holliday": 0.07605571086717952,
  "Heston Kjerstad": 0.08937768006127961,
  "Brooks Lee": 0.07031335015771353,
  "Tyler O'Neill": 0.11962709196177013,
  "Ryan O'Hearn": 0.0811332532519262,
  "Kody Clemens": 0.08751305140595303,
  "Harrison Bader": 0.07361111111111111,
  "DaShawn Keirsey Jr.": 0.056604706362230583,
  "Emmanuel Rivera": 0.06315871008853464,
  "Luis Robert Jr.": 0.1260102213888094,
  "Tyler Stephenson": 0.1264344436565282,
  "Connor Joe": 0.09710922829073515,
  "Andrew Vaughn": 0.11763360181688096,
  "Lenyn Sosa": 0.08727204457088127,
  "Matt McLain": 0.11711393179074606,
  "Will Benson": 0.10521861606881258,
  "Santiago Espinal": 0.07277893573217424,
  "Elly De La Cruz": 0.11750748732827206,
  "Spencer Steer": 0.1301550329289254,
  "Rece Hinds": 0.13333333333333333,
  "Josh Rojas": 0.09158143493991816,
  "Miguel Vargas": 0.11994512811017875,
  "Matt Thaiss": 0.08678972488127418,
  "Gavin Lux": 0.0767833257773832,
  "Austin Hays": 0.15110133861169772,
  "Michael A. Taylor": 0.09761904761904762,
  "Joshua Palacios": 0.0829558686912597,
  "Chase Meidroth": 0.060000000000000005,
  "Tim Elko": 0.12000000000000001,
  "Jacob Amaya": 0.06269895309124472,
  "Brooks Baldwin": 0.08079445946066047,
  "Alejandro Kirk": 0.06785116244655673,
  "Bo Bichette": 0.08431917652405638,
  "Vladimir Guerrero Jr.": 0.12786755124096755,
  "Taylor Walls": 0.042094699265844956,
  "Brandon Lowe": 0.09627996548407146,
  "George Springer": 0.10043338574422792,
  "Daulton Varsho": 0.13333333333333333,
  "Nathan Lukes": 0.053730395619432235,
  "Addison Barger": 0.09329135958291969,
  "Jonathan Aranda": 0.102582965978847,
  "Ernie Clement": 0.06681669042780154,
  "Christopher Morel": 0.10757575757575757,
  "Kameron Misner": 0.06024554532575924,
  "Jose Caballero": 0.06356385898553595,
  "Junior Caminero": 0.10900137519702194,
  "Ben Rortvedt": 0.060000000000000005,
  "Chandler Simpson": 0.0472464252331802,
  "Anthony Santander": 0.14128140499566105,
  "Myles Straw": 0.06137254901960784,
  "Danny Jansen": 0.09709964122635355,
  "Josh Lowe": 0.0999471547416753,
  "Adolis Garcia": 0.09833615837383528,
  "Jake Burger": 0.09393199536720423,
  "Wyatt Langford": 0.0909386619416776,
  "Christian Walker": 0.08851735308070925,
  "Joc Pederson": 0.088270165095864,
  "Marcus Semien": 0.06955260284048162,
  "Victor Caratini": 0.07012414306850094,
  "Yainer Diaz": 0.07058470652691498,
  "Josh Jung": 0.06644476298281896,
  "Isaac Paredes": 0.0732032971607728,
  "Jeremy Pena": 0.06930065690425188,
  "Jose Altuve": 0.06616829860560784,
  "Zach Dezenzo": 0.08442384004884006,
  "Jonah Heim": 0.061226525932191786,
  "Josh Smith": 0.06835093910393546,
  "Jake Meyers": 0.06483446558105647,
  "Mauricio Dubon": 0.050494313954582974,
  "Evan Carter": 0.060224261599267526,
  "Cam Smith": 0.060000000000000005,
  "Shohei Ohtani": 0.23828901318586979,
  "Freddie Freeman": 0.14105538949311877,
  "Brent Rooker": 0.12995413702893224,
  "Shea Langeliers": 0.11165974907550665,
  "Seth Brown": 0.10597534600882898,
  "Michael Conforto": 0.10267239291490553,
  "Tyler Soderstrom": 0.1297634455030778,
  "Dalton Rushing": 0.11597848706641709,
  "Mookie Betts": 0.09536576210003192,
  "Andy Pages": 0.09570256835128418,
  "Lawrence Butler": 0.10411725991084475,
  "James Outman": 0.09492580563120583,
  "Gio Urshela": 0.08112113214731533,
  "Max Schuemann": 0.05800148082888355,
  "Nick Kurtz": 0.06690913820278419,
  "Ha-Seong Kim": 0.0750618791359532,
  "Jacob Wilson": 0.05773731717440326,
  "Miguel Andujar": 0.060000000000000005,
  "JJ Bleday": 0.10757575757575757,
  "Luis Urias": 0.07361111111111111
}