{
  "Aaron Judge": 0.20895566092688792,
  "Giancarlo Stanton": 0.13287847078800497,
  "Alex Bregman": 0.1186291943753623,
  "Jarren Duran": 0.12591410026491634,
  "Roman Anthony": 0.11307497442117108,
  "Trent Grisham": 0.08883667666181407,
  "Trevor Story": 0.10592096895506688,
  "Nathaniel Lowe": 0.09116813687796964,
  "Cody Bellinger": 0.08880860522445408,
  "Paul Goldschmidt": 0.09377790791220629,
  "Austin Wells": 0.08503724071069423,
  "Ceddanne Rafaela": 0.08029259448460353,
  "Anthony Volpe": 0.06741888536402814,
  "Carlos Narvaez": 0.0801395275691366,
  "Amed Rosario": 0.06594768862669566,
  "Masataka Yoshida": 0.0758855634238892,
  "David Hamilton": 0.0696281107831055,
  "Jose Caballero": 0.05600606408362184,
  "Jhostynxon Garcia": 0.07361111111111111,
  "Daulton Varsho": 0.14413581961710303,
  "Addison Barger": 0.12429064911930178,
  "George Springer": 0.11735419579258743,
  "Agust\u00edn Ram\u00edrez": 0.1025380383558269,
  "Alejandro Kirk": 0.0714238644172713,
  "Bo Bichette": 0.07822950831592275,
  "Jakob Marsee": 0.07239865504968018,
  "Troy Johnston": 0.07737222807314642,
  "Maximo Acosta": 0.07526127612761276,
  "Eric Wagaman": 0.07271070581088943,
  "Ty France": 0.07386193465843247,
  "Nathan Lukes": 0.06328492532816547,
  "Dane Myers": 0.06112914597740112,
  "Andres Gimenez": 0.058583468184917456,
  "Ernie Clement": 0.061824263996145656,
  "Xavier Edwards": 0.05167279172205281,
  "Liam Hicks": 0.06167322859133204,
  "Javier Sanoja": 0.06564229711066889,
  "Kyle Schwarber": 0.23918956193834529,
  "Bryce Harper": 0.18790380963528544,
  "James Wood": 0.15495995146180036,
  "Josh Bell": 0.13927504607648092,
  "Nick Castellanos": 0.13130494241441812,
  "J.T. Realmuto": 0.13057224616506036,
  "Harrison Bader": 0.11990202040074162,
  "CJ Abrams": 0.11302578321742565,
  "Trea Turner": 0.11859492595846884,
  "Luis Garcia Jr.": 0.09553647206657828,
  "Weston Wilson": 0.10485580147551979,
  "Alec Bohm": 0.11933550586089457,
  "Dylan Crews": 0.091695195947723,
  "Edmundo Sosa": 0.09455885426646932,
  "Daylen Lile": 0.09104672885731363,
  "Robert Hassell III": 0.09447123283756947,
  "Brady House": 0.0732136561829462,
  "Drew Millas": 0.08022168648257878,
  "Bobby Witt Jr.": 0.12895752655204015,
  "Kerry Carpenter": 0.1300024422171424,
  "Riley Greene": 0.1207835595534429,
  "Salvador Perez": 0.12093058530248078,
  "Vinnie Pasquantino": 0.12829492019307132,
  "Mike Yastrzemski": 0.10537258525400818,
  "Spencer Torkelson": 0.10574887362642062,
  "Dillon Dingler": 0.09762503857485937,
  "Colt Keith": 0.08688899344687197,
  "Randal Grichuk": 0.09016182935993627,
  "Gleyber Torres": 0.0806589499281552,
  "Jake Rogers": 0.08162440574792167,
  "Zach McKinstry": 0.05927967757946939,
  "Jonathan India": 0.07065294418249554,
  "Javier Baez": 0.0659071115933861,
  "Maikel Garcia": 0.06717076619763557,
  "Kyle Isbel": 0.05882387825842907,
  "Adam Frazier": 0.05424900289742559,
  "Wenceel Perez": 0.05017784148218931,
  "Hunter Goodman": 0.12106397986656013,
  "Bryan Reynolds": 0.09837058634828395,
  "Andrew McCutchen": 0.11056258987633016,
  "Liover Peguero": 0.09171352763320072,
  "Warming Bernabel": 0.09487868098979209,
  "Ezequiel Tovar": 0.0791989741556112,
  "Tommy Pham": 0.09352955090121498,
  "Joey Bart": 0.08452839102904933,
  "Brenton Doyle": 0.07638863935108649,
  "Alexander Canario": 0.09029077154816677,
  "Yanquiel Fern\u00e1ndez": 0.07172239593550528,
  "Nick Gonzales": 0.09592913989158121,
  "Jared Triolo": 0.07431881721259724,
  "Jordan Beck": 0.07404896143238018,
  "Tyler Freeman": 0.05599262586234218,
  "Kyle Karros": 0.07246753246753247,
  "Ryan Ritter": 0.06046381423856671,
  "Isiah Kiner-Falefa": 0.054472648027513886,
  "Christian Walker": 0.1387408964037584,
  "Gunnar Henderson": 0.14849202815363471,
  "Colton Cowser": 0.13116867183297254,
  "Ryan Mountcastle": 0.11190315175074093,
  "Jackson Holliday": 0.10536593059395422,
  "Carlos Correa": 0.09920254518364105,
  "Jose Altuve": 0.10010211523127568,
  "Coby Mayo": 0.09190207294910922,
  "Samuel Basallo": 0.11007975489857215,
  "Jeremiah Jackson": 0.09045383794739452,
  "Jeremy Pena": 0.09184547611286584,
  "Jesus Sanchez": 0.10937741002598197,
  "Ramon Urias": 0.10597289822972679,
  "Dylan Beavers": 0.10575830368010532,
  "Victor Caratini": 0.08982548341164576,
  "Jacob Melton": 0.09846200640566799,
  "Mauricio Dubon": 0.06697676863239778,
  "Chas McCormick": 0.08392857142857142,
  "Corey Seager": 0.17025164488698685,
  "Jose Ramirez": 0.15395827907582993,
  "David Fry": 0.11798436899448139,
  "Kyle Manzardo": 0.1221074640362359,
  "Wyatt Langford": 0.12213065803426913,
  "Kyle Higashioka": 0.12311716477688792,
  "Adolis Garcia": 0.11865055901641268,
  "C. J. Kayfus": 0.11287908000774267,
  "Daniel Schneemann": 0.0939124752021988,
  "Cody Freeman": 0.09762503857485937,
  "Gabriel Arias": 0.08699956805828439,
  "Jonah Heim": 0.09155820198428603,
  "Josh Jung": 0.10058619040445554,
  "Ezequiel Duran": 0.07520369072384145,
  "Steven Kwan": 0.06914845693618071,
  "Austin Hedges": 0.06366902510602644,
  "Michael Helman": 0.0698599006262941,
  "Brayan Rocchio": 0.08406518602170776,
  "Nolan Jones": 0.09761904761904762,
  "Byron Buxton": 0.18581982841907285,
  "Colson Montgomery": 0.14481359376170036,
  "Matt Wallner": 0.16501068981620073,
  "Andrew Benintendi": 0.12734842199998994,
  "Miguel Vargas": 0.12898710106202305,
  "Kody Clemens": 0.13596680090148147,
  "Lenyn Sosa": 0.1287063422996215,
  "Luis Robert Jr.": 0.12462998431287393,
  "Kyle Teel": 0.115630537405845,
  "Ryan Jeffers": 0.10128556758708074,
  "Trevor Larnach": 0.11197011656941226,
  "Royce Lewis": 0.12493726462308494,
  "James Outman": 0.09896342525088403,
  "Brooks Lee": 0.08982820461408379,
  "Brooks Baldwin": 0.10129943543391491,
  "Michael A. Taylor": 0.08904846612990974,
  "Chase Meidroth": 0.06868636067492812,
  "Luke Keaschall": 0.07829464306731336,
  "Rafael Devers": 0.12639274333175748,
  "Willy Adames": 0.11986065319740734,
  "William Contreras": 0.0983617258965356,
  "Matt Chapman": 0.13144379077342275,
  "Casey Schmitt": 0.08930133987893908,
  "Christian Yelich": 0.09423002806707466,
  "Anthony Seigler": 0.061646981069539315,
  "Jake Bauers": 0.08869372436907191,
  "Luis Matos": 0.08392140684656701,
  "Dominic Smith": 0.07846877225563736,
  "Drew Gilbert": 0.0804406850459482,
  "Jung Hoo Lee": 0.06817855200541083,
  "Sal Frelick": 0.05842990036698646,
  "Isaac Collins": 0.07101180190781496,
  "Caleb Durbin": 0.062136793971957684,
  "Andruw Monasterio": 0.053898108064774734,
  "Patrick Bailey": 0.05981399205083415,
  "Blake Perkins": 0.06498090077509967,
  "Brice Turang": 0.07361111111111111,
  "Pete Alonso": 0.14560322393655725,
  "Juan Soto": 0.14461643476622646,
  "Francisco Lindor": 0.11750233599187854,
  "Mark Vientos": 0.1068141514773858,
  "Ronald Acuna Jr.": 0.1064716383965185,
  "Matt Olson": 0.09897604421087142,
  "Marcell Ozuna": 0.08629676089380532,
  "Brett Baty": 0.08565446519774605,
  "Michael Harris II": 0.08427794063813339,
  "Jurickson Profar": 0.07153218836853972,
  "Drake Baldwin": 0.07488513101088967,
  "Ozzie Albies": 0.0674127373192641,
  "Starling Marte": 0.07779518240044556,
  "Jeff McNeil": 0.07261119155815719,
  "Hayden Senger": 0.06595329998555804,
  "Tyrone Taylor": 0.08491267719208895,
  "Vidal Brujan": 0.05723159469107806,
  "Nacho Alvarez Jr.": 0.05553234253082278,
  "Ketel Marte": 0.13388841125231174,
  "Corbin Carroll": 0.1010609561329611,
  "Elly De La Cruz": 0.08888789902904268,
  "Lourdes Gurriel Jr.": 0.07935635505727341,
  "Noelvi Marte": 0.08099841678361185,
  "Austin Hays": 0.07155047700631834,
  "Miguel Andujar": 0.06445187284096325,
  "Spencer Steer": 0.0708874914301091,
  "Blaze Alexander": 0.07441216906423091,
  "TJ Friedl": 0.07171000651408513,
  "Gabriel Moreno": 0.07920267385473571,
  "Tyler Locklear": 0.08304761904761905,
  "Jose Trevino": 0.06166005291005291,
  "Geraldo Perdomo": 0.057306998556998556,
  "Ke'Bryan Hayes": 0.05689435873342662,