{
  "Eugenio Suarez": 0.23368052460720626,
  "Corbin Carroll": 0.23021251757960942,
  "Seiya Suzuki": 0.18199917545325672,
  "Kyle Tucker": 0.1646121562482383,
  "Pavin Smith": 0.16430121486222468,
  "Michael Busch": 0.15033742827688268,
  "Lourdes Gurriel Jr.": 0.14177949938379977,
  "Dansby Swanson": 0.1477302959402086,
  "Josh Naylor": 0.13879730341717839,
  "Ian Happ": 0.13045092394828806,
  "Carson Kelly": 0.12447733548058738,
  "Pete Crow-Armstrong": 0.10119262439249227,
  "Gabriel Moreno": 0.08987491745067502,
  "Geraldo Perdomo": 0.08925594845377911,
  "Jake McCarthy": 0.06589653152839875,
  "Nico Hoerner": 0.06125779388241836,
  "Garrett Hampson": 0.07437672827245455,
  "Vidal Brujan": 0.06541843971631206,
  "Alek Thomas": 0.10757575757575757,
  "Tim Tawa": 0.13333333333333333,
  "Gage Workman": 0.06977420076011624,
  "Jose Ramirez": 0.13008533688517415,
  "Oneil Cruz": 0.12642839654580298,
  "Kyle Manzardo": 0.10641279435303964,
  "Bryan Reynolds": 0.09088972935394361,
  "Carlos Santana": 0.10234662056943429,
  "Andrew McCutchen": 0.09662854594486486,
  "Gabriel Arias": 0.0873021931093909,
  "Enmanuel Valdez": 0.09064346077137315,
  "Lane Thomas": 0.08664257994846372,
  "Jack Suwinski": 0.08888226240078093,
  "Bo Naylor": 0.08736178207892997,
  "Joey Bart": 0.08065549178119093,
  "Nolan Jones": 0.06711446808186056,
  "Angel Martinez": 0.06041285058507823,
  "Jared Triolo": 0.0757818896789485,
  "Steven Kwan": 0.06230177266738531,
  "Adam Frazier": 0.054211278340014935,
  "Isiah Kiner-Falefa": 0.0481913750767342,
  "Ke'Bryan Hayes": 0.08166666666666667,
  "Brayan Rocchio": 0.08166666666666667,
  "Tommy Pham": 0.09128205128205129,
  "Bobby Witt Jr.": 0.11952084132189777,
  "Vinnie Pasquantino": 0.10679440542247107,
  "Salvador Perez": 0.11826316155700659,
  "Spencer Torkelson": 0.11206987591510863,
  "Hunter Renfroe": 0.08316604571690643,
  "Jonathan India": 0.08358022481616827,
  "Gleyber Torres": 0.07497150771660575,
  "Riley Greene": 0.07408218603229282,
  "Michael Massey": 0.08327395542332751,
  "Andy Ibanez": 0.07418929310212556,
  "Javier Baez": 0.0707628995526615,
  "Kerry Carpenter": 0.0708216728291725,
  "Justyn-Henry Malloy": 0.06984740918726737,
  "Drew Waters": 0.0630591059867846,
  "Maikel Garcia": 0.06026115564859547,
  "Kyle Isbel": 0.057499424514691685,
  "Tomas Nido": 0.05232237978692773,
  "Zach McKinstry": 0.050123468002204595,
  "Dillon Dingler": 0.09128205128205129,
  "Ryan Kreidler": 0.08444444444444445,
  "Cavan Biggio": 0.08444444444444445,
  "MJ Melendez": 0.09761904761904762,
  "Kyle Schwarber": 0.15194749296120227,
  "Bryce Harper": 0.11905835904058099,
  "Jesus Sanchez": 0.11809895017026893,
  "Matt Mervis": 0.10908946307467417,
  "Kyle Stowers": 0.09106017541997055,
  "Connor Norby": 0.089787358479193,
  "Max Kepler": 0.09532998112170989,
  "Griffin Conine": 0.09149428222005906,
  "Nick Castellanos": 0.08617149731723135,
  "Trea Turner": 0.08458392287180484,
  "J.T. Realmuto": 0.07880155668624933,
  "Eric Wagaman": 0.06882658482725919,
  "Bryson Stott": 0.07083308163705437,
  "Otto Lopez": 0.06244202395878228,
  "Alec Bohm": 0.06672604422604422,
  "Liam Hicks": 0.057882835047038395,
  "Xavier Edwards": 0.05717654480374185,
  "Johan Rojas": 0.050718900347046805,
  "Javier Sanoja": 0.07703703703703703,
  "Ryan Mountcastle": 0.09363088550419069,
  "Cedric Mullins": 0.07443447265352521,
  "Jorge Mateo": 0.0716623742326366,
  "Ramon Urias": 0.10035612535612536,
  "Adley Rutschman": 0.08117479072774403,
  "TJ Friedl": 0.08166666666666667,
  "Matt McLain": 0.08829123659797815,
  "Gunnar Henderson": 0.08572862627838429,
  "Spencer Steer": 0.0913704875666598,
  "Elly De La Cruz": 0.09183719483476742,
  "Santiago Espinal": 0.05986650494496913,
  "Jordan Westburg": 0.10220159883017733,
  "Jeimer Candelario": 0.08398283161264142,
  "Blake Dunn": 0.06279193894087512,
  "Austin Hays": 0.09057569599719448,
  "Jose Trevino": 0.0633541988367551,
  "Ramon Laureano": 0.10654533844189017,
  "Gary Sanchez": 0.11933148492885026,
  "Gavin Lux": 0.060000000000000005,
  "Tyler O'Neill": 0.16139630099114444,
  "Noelvi Marte": 0.06945028174838287,
  "Heston Kjerstad": 0.0589645610498698,
  "Aaron Judge": 0.19989330532426483,
  "Christopher Morel": 0.13020623716178192,
  "Junior Caminero": 0.11556120881045456,
  "Ben Rice": 0.11273236903332064,
  "Yandy Diaz": 0.11616812442122484,
  "Danny Jansen": 0.11382542883025043,
  "Jazz Chisholm Jr.": 0.10571931560590397,
  "Jonathan Aranda": 0.09490281224152192,
  "Paul Goldschmidt": 0.0946142349967574,
  "Trent Grisham": 0.09387705577280415,
  "Cody Bellinger": 0.0837495368083915,
  "J.C. Escarra": 0.07883402032747387,
  "Jose Caballero": 0.06982725439974634,
  "Curtis Mead": 0.07800483853784415,
  "Anthony Volpe": 0.06431353980063086,
  "Oswaldo Cabrera": 0.07189492325855962,
  "Taylor Walls": 0.0722450552839082,
  "Jake Mangum": 0.06718534363572531,
  "Brandon Lowe": 0.13174603174603175,
  "Jasson Dom\u00ednguez": 0.11655844155844157,
  "Austin Wells": 0.09120670995670996,
  "Cal Raleigh": 0.17071059880454234,
  "Julio Rodriguez": 0.13492208870824404,
  "Anthony Santander": 0.1377830038973734,
  "Vladimir Guerrero Jr.": 0.10196145237625616,
  "Luke Raley": 0.11336110297514623,
  "Jorge Polanco": 0.11805225650610586,
  "Randy Arozarena": 0.1155214748848977,
  "Rowdy Tellez": 0.09686313035725069,
  "Addison Barger": 0.11429426540537652,
  "Andres Gimenez": 0.06970901034087756,
  "J.P. Crawford": 0.08095622851895522,
  "Alan Roden": 0.08862821191234528,
  "Will Wagner": 0.07404406293902123,
  "George Springer": 0.0688151186079549,
  "Bo Bichette": 0.06139066010875518,
  "Miles Mastrobuoni": 0.08066666666666666,
  "Alejandro Kirk": 0.06134235876854257,
  "Dylan Moore": 0.10462962962962963,
  "Ernie Clement": 0.08444444444444445,
  "Myles Straw": 0.07333333333333333,
  "Matt Olson": 0.1351063753837367,
  "Austin Riley": 0.12795323713692164,
  "Marcell Ozuna": 0.13027626659242514,
  "Byron Buxton": 0.13521851541032717,
  "Sean Murphy": 0.09708662977002391,
  "Michael Harris II": 0.11309980250912745,
  "Ozzie Albies": 0.08398682703854993,
  "Jarred Kelenic": 0.09568486748987931,
  "Trevor Larnach": 0.09199337971878956,
  "Brooks Lee": 0.07004332961582155,
  "Ryan Jeffers": 0.07021518303078586,
  "Ty France": 0.06693526942280674,
  "Carlos Correa": 0.07086702288808738,
  "Edouard Julien": 0.06665158960613507,
  "DaShawn Keirsey Jr.": 0.06857095622644038,
  "Nick Allen": 0.06171539961013645,
  "Harrison Bader": 0.08761904761904761,
  "Trevor Story": 0.10677686360500473,
  "Alex Bregman": 0.13667411823149528,
  "Romy Gonzalez": 0.10115041872717549,
  "Rafael Devers": 0.09759920065805536,
  "Nick Maton": 0.08428870938418469,
  "Rob Refsnyder": 0.09395257065339034,
  "Andrew Benintendi": 0.0847650316173376,
  "Joshua Palacios": 0.08568357732245174,
  "Brooks Baldwin": 0.08445050737566755,
  "Ceddanne Rafaela": 0.09983379306017927,
  "Kristian Campbell": 0.10571228956367577,
  "Andrew Vaughn": 0.10528493872923143,
  "Lenyn Sosa": 0.0675058128457222,
  "Carlos Narvaez": 0.07345969899956906,
  "Michael A. Taylor": 0.07374105679347163,
  "Jarren Duran": 0.07014173146145694,
  "Matt Thaiss": 0.09058546123763515,
  "Chase Meidroth": 0.06076512124767751,
  "Luis Robert Jr.": 0.13174603174603175,
  "Edgar Quero": 0.1115079365079365,
  "Jacob Amaya": 0.07703703703703703,
  "Nick Sogard": 0.008264462809917356,
  "Wilyer Abreu": 0.09761904761904762,
  "Miguel Vargas": 0.08392857142857142,
  "Pete Alonso": 0.1507952361534728,
  "Juan Soto": 0.1485112276339836,
  "Francisco Lindor": 0.11828615290300375,
  "Mark Vientos": 0.11612577546583241,
  "Brandon Nimmo": 0.09450295501509699,
  "Nolan Arenado": 0.07724818540441564,
  "Luken Baker": 0.09632117719307648,
  "Willson Contreras": 0.09199549784091174,
  "Jesse Winker": 0.06976238781252635,
  "Tyrone Taylor": 0.08326202545022707,
  "Brett Baty": 0.07930021367521367,
  "Thomas Saggese": 0.07093071866995312,
  "Luis Torrens": 0.0633757915342892,