{
  "Oneil Cruz": 0.11654957596728699,
  "Austin Hays": 0.10252098860342058,
  "Tyler Stephenson": 0.10219875145180024,
  "Rece Hinds": 0.08451660136508919,
  "Spencer Steer": 0.0865819597069597,
  "Elly De La Cruz": 0.08556377596233389,
  "Matt McLain": 0.08215721107466441,
  "Bryan Reynolds": 0.0719781491314865,
  "Alexander Canario": 0.07427338220035966,
  "Spencer Horwitz": 0.06095550074968876,
  "Connor Joe": 0.07457278872025416,
  "Santiago Espinal": 0.05327015106136422,
  "Ke'Bryan Hayes": 0.049257683610878934,
  "Henry Davis": 0.061618145238834895,
  "TJ Friedl": 0.048172672725564795,
  "Tommy Pham": 0.059396311037648426,
  "Isiah Kiner-Falefa": 0.04237277628295935,
  "Adam Frazier": 0.04228698650223803,
  "Andrew McCutchen": 0.09761904761904762,
  "Joey Bart": 0.07361111111111111,
  "Gavin Lux": 0.060000000000000005,
  "Kyle Manzardo": 0.10166240409207161,
  "Jose Ramirez": 0.09684684684684684,
  "Carlos Santana": 0.08672699849170437,
  "Kody Clemens": 0.08585164835164835,
  "Trevor Larnach": 0.079004329004329,
  "Royce Lewis": 0.07109507640067911,
  "Nolan Jones": 0.06331569664902997,
  "Ryan Jeffers": 0.06867283950617284,
  "Brooks Lee": 0.0643180349062702,
  "Angel Martinez": 0.05623254633155623,
  "Daniel Schneemann": 0.057582073996873366,
  "Carson McCusker": 0.06164736164736165,
  "Ty France": 0.05578655578655579,
  "Gabriel Arias": 0.049586776859504134,
  "Steven Kwan": 0.04259376986649714,
  "Austin Hedges": 0.03322855859901212,
  "DaShawn Keirsey Jr.": 0.04381679389312977,
  "Christian Vazquez": 0.03779401689883535,
  "Gunnar Henderson": 0.13728316312550065,
  "Rhys Hoskins": 0.12681634897360702,
  "Cedric Mullins": 0.11259069459702387,
  "Jake Bauers": 0.10905653170359053,
  "Jackson Chourio": 0.10621432301248643,
  "Adley Rutschman": 0.10743631853478704,
  "Ryan O'Hearn": 0.09293145256708359,
  "Ramon Laureano": 0.11884280593958013,
  "Christian Yelich": 0.09010010822510822,
  "Jackson Holliday": 0.08566156331525183,
  "Ryan Mountcastle": 0.08895984766904473,
  "Eric Haase": 0.08362304362304362,
  "Heston Kjerstad": 0.11903296703296702,
  "Ramon Urias": 0.06673679632012965,
  "Caleb Durbin": 0.05234545790554978,
  "Brice Turang": 0.05090604921721943,
  "Joey Ortiz": 0.0486678249445603,
  "Sal Frelick": 0.047151222134854044,
  "William Contreras": 0.10757575757575757,
  "Isaac Collins": 0.060000000000000005,
  "Dylan Carlson": 0.06537359728149202,
  "Kyle Tucker": 0.11222790676701333,
  "Ian Happ": 0.0882312396598111,
  "Agust\u00edn Ram\u00edrez": 0.08652038699887295,
  "Seiya Suzuki": 0.08761425170134132,
  "Pete Crow-Armstrong": 0.0869656749440776,
  "Michael Busch": 0.08457209461245369,
  "Jesus Sanchez": 0.08154062998325293,
  "Dansby Swanson": 0.07743050903583114,
  "Connor Norby": 0.07703866181166061,
  "Kyle Stowers": 0.07685053128572036,
  "Eric Wagaman": 0.07030757143492425,
  "Matt Mervis": 0.08562281619551387,
  "Otto Lopez": 0.05769276737014687,
  "Miguel Amaya": 0.056867441947655854,
  "Graham Pauley": 0.06402738625041758,
  "Matt Shaw": 0.054561553053236046,
  "Derek Hill": 0.04523617260160278,
  "Nico Hoerner": 0.041397494212630816,
  "Javier Sanoja": 0.060000000000000005,
  "Liam Hicks": 0.060000000000000005,
  "Christian Walker": 0.12668649558016884,
  "Jeremy Pena": 0.0889655210754955,
  "Yainer Diaz": 0.096970759535052,
  "Isaac Paredes": 0.08511125397335619,
  "Jonathan Aranda": 0.08098471959127697,
  "Brendan Rodgers": 0.08230697602706094,
  "Jake Meyers": 0.06674817497398142,
  "Cam Smith": 0.06633566149655258,
  "Jose Altuve": 0.07730725551541412,
  "Brandon Lowe": 0.07757872539957651,
  "Mauricio Dubon": 0.06175917972313283,
  "Curtis Mead": 0.08113070504702133,
  "Yandy Diaz": 0.06895140463659372,
  "Josh Lowe": 0.07405578659282752,
  "Kameron Misner": 0.058230338802857884,
  "Jose Caballero": 0.05555717208056415,
  "Ben Rortvedt": 0.043957085995679414,
  "Chandler Simpson": 0.03283786389049547,
  "Junior Caminero": 0.10757575757575757,
  "Victor Caratini": 0.08392857142857142,
  "Danny Jansen": 0.08392857142857142,
  "Zach Dezenzo": 0.08392857142857142,
  "Willson Contreras": 0.10094782691969392,
  "Spencer Torkelson": 0.0826449125980964,
  "Riley Greene": 0.07591508357596513,
  "Kerry Carpenter": 0.08106369772102488,
  "Ivan Herrera": 0.07001831389338299,
  "Dillon Dingler": 0.06590286256952924,
  "Nolan Arenado": 0.07638345140555805,
  "Masyn Winn": 0.07580201171516625,
  "Alec Burleson": 0.06349325115203072,
  "Javier Baez": 0.06156238224865676,
  "Nolan Gorman": 0.08015030123651318,
  "Jordan Walker": 0.07283212357276951,
  "Trey Sweeney": 0.052579479428594256,
  "Justyn-Henry Malloy": 0.0631567081731825,
  "Zach McKinstry": 0.047109603424659835,
  "Brendan Donovan": 0.051764058362140514,
  "Colt Keith": 0.04625788135041697,
  "Victor Scott II": 0.04522195361572341,
  "Lars Nootbaar": 0.09761904761904762,
  "Pedro Pages": 0.07361111111111111,
  "Gleyber Torres": 0.07361111111111111,
  "Cal Raleigh": 0.17068727409492748,
  "Jorge Polanco": 0.12227922830224619,
  "Julio Rodriguez": 0.10092973235424882,
  "Randy Arozarena": 0.09247201278978041,
  "Rowdy Tellez": 0.0932713507068133,
  "Luis Robert Jr.": 0.08448654184309921,
  "Andrew Vaughn": 0.0746229103150779,
  "Joshua Palacios": 0.08551820955802723,
  "Miguel Vargas": 0.07534316913718857,
  "Tim Elko": 0.07231691007216987,
  "Matt Thaiss": 0.0906569158900017,
  "Dylan Moore": 0.07334445640300526,
  "J.P. Crawford": 0.0698134397172416,
  "Leody Taveras": 0.06358718835475388,
  "Josh Rojas": 0.07782490239079766,
  "Lenyn Sosa": 0.06250048341905098,
  "Chase Meidroth": 0.05003213584422786,
  "Ben Williamson": 0.04935217451117081,
  "Austin Slater": 0.060000000000000005,
  "Michael A. Taylor": 0.07361111111111111,
  "Miles Mastrobuoni": 0.060000000000000005,
  "Edgar Quero": 0.09761904761904762,
  "Matt Chapman": 0.09328997965466185,
  "Willy Adames": 0.08326276922252154,
  "Mike Yastrzemski": 0.06414267904041222,
  "Heliot Ramos": 0.07946844151366096,
  "Wilmer Flores": 0.06264983454065212,
  "Salvador Perez": 0.05272053941877472,
  "Bobby Witt Jr.": 0.05607001767525192,
  "Tyler Fitzgerald": 0.04862303078738961,
  "Vinnie Pasquantino": 0.053668766677548656,
  "Jung Hoo Lee": 0.05088147461775989,
  "Patrick Bailey": 0.04976805342597139,
  "LaMonte Wade Jr.": 0.04657923287953353,
  "Michael Massey": 0.044495899546200195,
  "Freddy Fermin": 0.044010989010989016,
  "Mark Canha": 0.04398809523809524,
  "Drew Waters": 0.03876441881100266,
  "Maikel Garcia": 0.03611201895970108,
  "Kyle Isbel": 0.03383902044610106,
  "Luis Matos": 0.060000000000000005,
  "Cavan Biggio": 0.060000000000000005,
  "Jonathan India": 0.060000000000000005,
  "Rafael Devers": 0.08551936438146661,
  "Pete Alonso": 0.09524847633551009,
  "Juan Soto": 0.07464788098749484,
  "Wilyer Abreu": 0.08815324479795321,
  "Francisco Lindor": 0.07695343734049898,
  "Alex Bregman": 0.0810009843730774,
  "Mark Vientos": 0.0743120461083463,
  "Jarren Duran": 0.06614112469308914,
  "Brett Baty": 0.04329475046826004,
  "Kristian Campbell": 0.0581511476732065,
  "Trevor Story": 0.054483493394384484,
  "Nick Sogard": 0.04471168404609166,
  "Tyrone Taylor": 0.051577492901256856,
  "Ceddanne Rafaela": 0.05173537603984313,
  "Carlos Narvaez": 0.05296480795109322,
  "Luis Torrens": 0.057488146773861055,
  "Starling Marte": 0.051864441140694696,
  "Luisangel Acu\u00f1a": 0.046073334573517255,
  "Brandon Nimmo": 0.060000000000000005,
  "Jeff McNeil": 0.060000000000000005,
  "Francisco Alvarez": 0.08392857142857142,
  "Aaron Judge": 0.1362061682538541,
  "Wyatt Langford": 0.0767953201125568,
  "Trent Grisham": 0.07953005068746878,
  "Adolis Garcia": 0.07967734885826541,
  "Ben Rice": 0.08098357670437206,
  "Jasson Dom\u00ednguez": 0.08416036333623521,
  "Jake Burger": 0.07384009597409537,
  "Kyle Higashioka": 0.09425504960499839,
  "Cody Bellinger": 0.06799051941576335,
  "Marcus Semien": 0.06489387400670778,
  "Josh Jung": 0.0630381577440401,
  "Jonah Heim": 0.060836094935916685,