{
  "Trevor Story": 0.12692384328647105,
  "Romy Gonzalez": 0.11912232159483226,
  "Alex Bregman": 0.12400392285854954,
  "Ceddanne Rafaela": 0.10324229679345952,
  "Roman Anthony": 0.11404236720459406,
  "Carlos Narvaez": 0.10015090684968252,
  "Gunnar Henderson": 0.09514131184101414,
  "Rob Refsnyder": 0.09565794648767563,
  "Emmanuel Rivera": 0.06455694524106736,
  "Jhostynxon Garcia": 0.07661425972019725,
  "Colton Cowser": 0.07926417284341288,
  "Coby Mayo": 0.07257997469326445,
  "Ryan Mountcastle": 0.07024411396960417,
  "Alex Jackson": 0.062141959912379335,
  "Dylan Carlson": 0.0633761700524419,
  "Nate Eaton": 0.059948055887953586,
  "Jackson Holliday": 0.06702201122979111,
  "Jeremiah Jackson": 0.07842037193528494,
  "Ketel Marte": 0.15367792883949735,
  "Andrew Vaughn": 0.11118320382660496,
  "Corbin Carroll": 0.12278725821240041,
  "Danny Jansen": 0.10386840087060395,
  "William Contreras": 0.10715161323517354,
  "Lourdes Gurriel Jr.": 0.09752299328056903,
  "Blaze Alexander": 0.0846489599056017,
  "Gabriel Moreno": 0.07905596818452096,
  "Isaac Collins": 0.07345126097892551,
  "Tyler Locklear": 0.07722443573320766,
  "Brice Turang": 0.07942918056201846,
  "Andruw Monasterio": 0.06097887905139813,
  "Caleb Durbin": 0.076284550218827,
  "Geraldo Perdomo": 0.06269595709570958,
  "Sal Frelick": 0.07275489760783878,
  "Blake Perkins": 0.06527241384028143,
  "Alek Thomas": 0.061321014892443466,
  "Ildemaro Vargas": 0.05453882813532444,
  "Christian Walker": 0.1494279043053452,
  "Mickey Moniak": 0.11860460146357114,
  "Carlos Correa": 0.1163213129812219,
  "Jose Altuve": 0.11702403153693551,
  "Ramon Urias": 0.09817543194692294,
  "Jeremy Pena": 0.10974259915608542,
  "Cam Smith": 0.09136171126592973,
  "Jordan Beck": 0.08242739384961299,
  "Chas McCormick": 0.0851615790901758,
  "Brenton Doyle": 0.0810048055347335,
  "Ezequiel Tovar": 0.08241714793669888,
  "Yanquiel Fern\u00e1ndez": 0.05004306547791549,
  "Braxton Fulford": 0.06702100744412405,
  "Cesar Salazar": 0.05742882501536151,
  "Tyler Freeman": 0.056455427288760615,
  "Kyle Karros": 0.056156487207558566,
  "Mauricio Dubon": 0.05695129730844017,
  "Warming Bernabel": 0.0582458713183904,
  "Ryan Ritter": 0.060000000000000005,
  "Oneil Cruz": 0.12906535769074357,
  "Lars Nootbaar": 0.09697318087085799,
  "Bryan Reynolds": 0.10338414874842047,
  "Willson Contreras": 0.09721742638596469,
  "Nolan Gorman": 0.095272997685933,
  "Tommy Pham": 0.08458284691842724,
  "Alec Burleson": 0.10407216786634253,
  "Spencer Horwitz": 0.09290305336133335,
  "Jack Suwinski": 0.09633410511441132,
  "Joey Bart": 0.06878249311650081,
  "Liover Peguero": 0.06662745535540245,
  "Jordan Walker": 0.06519912437305257,
  "Nick Gonzales": 0.06279479729510598,
  "Ivan Herrera": 0.06670986664226311,
  "Masyn Winn": 0.062471006659337754,
  "Yohel Pozo": 0.06793710991817645,
  "Thomas Saggese": 0.055472147533317744,
  "Isiah Kiner-Falefa": 0.04823525059194949,
  "Heliot Ramos": 0.11809743851991597,
  "Rafael Devers": 0.12096522022917472,
  "Matt Chapman": 0.13251522942939228,
  "Willy Adames": 0.11392743393084132,
  "Kyle Tucker": 0.091078411517008,
  "Pete Crow-Armstrong": 0.08973648154668888,
  "Casey Schmitt": 0.08891206865787454,
  "Michael Busch": 0.0768951895762905,
  "Wilmer Flores": 0.07284106945766591,
  "Ian Happ": 0.0728622432225526,
  "Luis Matos": 0.07507285218614194,
  "Dansby Swanson": 0.06111927949107349,
  "Matt Shaw": 0.06253700801114594,
  "Jung Hoo Lee": 0.062386961457818885,
  "Owen Caissie": 0.08772651325282904,
  "Patrick Bailey": 0.06101601166009563,
  "Reese McGuire": 0.064787841191067,
  "Nico Hoerner": 0.04822679434092478,
  "Kyle Schwarber": 0.23965713826016455,
  "Bryce Harper": 0.18642750286620452,
  "Matt Olson": 0.1598109257234114,
  "Ronald Acuna Jr.": 0.15292047075868453,
  "Jurickson Profar": 0.1350461385009472,
  "Michael Harris II": 0.12323257299629059,
  "Marcell Ozuna": 0.1113914675939962,
  "Trea Turner": 0.12129446054893857,
  "Max Kepler": 0.12679820948030185,
  "J.T. Realmuto": 0.11688674260285513,
  "Ozzie Albies": 0.11949014365360121,
  "Harrison Bader": 0.10167494572974713,
  "Drake Baldwin": 0.10833780279582651,
  "Brandon Marsh": 0.11083522551015798,
  "Alec Bohm": 0.09224296374680815,
  "Bryson Stott": 0.0831840347694369,
  "Vidal Brujan": 0.05332812368475001,
  "Nacho Alvarez Jr.": 0.061355027548209366,
  "Pete Alonso": 0.17970575442771958,
  "Juan Soto": 0.1632446935210286,
  "Mark Vientos": 0.12565164507386437,
  "Francisco Lindor": 0.12183468088124406,
  "Agust\u00edn Ram\u00edrez": 0.09331780024537849,
  "Brandon Nimmo": 0.10869953570748335,
  "Cedric Mullins": 0.10308550415635508,
  "Hayden Senger": 0.08628172939536394,
  "Brett Baty": 0.08205732903405533,
  "Maximo Acosta": 0.07767275353909017,
  "Jeff McNeil": 0.08476964573727898,
  "Heriberto Hernandez": 0.0679672240766152,
  "Jakob Marsee": 0.059472360559317074,
  "Otto Lopez": 0.060476498179314074,
  "Liam Hicks": 0.0488284368611848,
  "Dane Myers": 0.05693916434639823,
  "Troy Johnston": 0.0628369847119847,
  "Xavier Edwards": 0.051040820592451026,
  "Aaron Judge": 0.21983302588509943,
  "Giancarlo Stanton": 0.18077808164443446,
  "Ben Rice": 0.15428367942549479,
  "Trent Grisham": 0.13899022685947635,
  "Jazz Chisholm Jr.": 0.12722540760106368,
  "Cody Bellinger": 0.12329422631312151,
  "Ryan McMahon": 0.10531398114402067,
  "Lenyn Sosa": 0.09419555660849194,
  "Andrew Benintendi": 0.09424095738303388,
  "Brooks Baldwin": 0.08539945332712691,
  "Kyle Teel": 0.07984382558456632,
  "Miguel Vargas": 0.09553303824009823,
  "Mike Tauchman": 0.08428277992948473,
  "Paul Goldschmidt": 0.09773194797490371,
  "Anthony Volpe": 0.080885256638253,
  "Edgar Quero": 0.06179201595868263,
  "Curtis Mead": 0.060864774111365004,
  "Chase Meidroth": 0.052598647902869756
}