{
  "Aaron Judge": 0.2804290106802395,
  "Giancarlo Stanton": 0.23430409106194208,
  "Paul Goldschmidt": 0.17205457885556433,
  "Lawrence Butler": 0.1200542676442802,
  "Austin Wells": 0.14528714690105193,
  "Cody Bellinger": 0.13112894378479975,
  "Brent Rooker": 0.13129708274615018,
  "Nick Kurtz": 0.11826614272682726,
  "Anthony Volpe": 0.10940428707845154,
  "Jazz Chisholm Jr.": 0.11500617915540737,
  "Jasson Dom\u00ednguez": 0.1136990463802766,
  "Tyler Soderstrom": 0.11015323061170287,
  "DJ LeMahieu": 0.08202046195321175,
  "Max Muncy (2002)": 0.07417264202978488,
  "Denzel Clarke": 0.07214707762031294,
  "Austin Wynns": 0.07473192922477238,
  "Luis Urias": 0.0778371246289968,
  "Jacob Wilson": 0.06807664988139973,
  "Byron Buxton": 0.1538759098999719,
  "Kerry Carpenter": 0.14450815342972204,
  "Spencer Torkelson": 0.14418255310412173,
  "Riley Greene": 0.1344890393778122,
  "Matt Wallner": 0.11802416987044577,
  "Gleyber Torres": 0.10421493657379699,
  "Colt Keith": 0.10628498994236998,
  "Jake Rogers": 0.10949955164369746,
  "Trevor Larnach": 0.08888249431727693,
  "Wenceel Perez": 0.09579663427081714,
  "Matt Vierling": 0.08926362073580396,
  "Ryan Jeffers": 0.08420299587072587,
  "Brooks Lee": 0.07686091522115808,
  "Zach McKinstry": 0.0811063823621196,
  "Harrison Bader": 0.07680270972817,
  "Carlos Correa": 0.07904007423520543,
  "Ty France": 0.07204163535207683,
  "Willi Castro": 0.07034795501364911,
  "Parker Meadows": 0.07361111111111111,
  "Kody Clemens": 0.08392857142857142,
  "Andrew McCutchen": 0.09932139301836575,
  "Brandon Nimmo": 0.10389307150176715,
  "Pete Alonso": 0.15381816470079326,
  "Bryan Reynolds": 0.11018708273943355,
  "Adam Frazier": 0.06725384199167256,
  "Ke'Bryan Hayes": 0.0676415772558117,
  "Francisco Lindor": 0.1355910622162413,
  "Oneil Cruz": 0.1265850006683267,
  "Starling Marte": 0.07648023596364613,
  "Nick Gonzales": 0.07502343994163273,
  "Mark Vientos": 0.12474365372874109,
  "Luis Torrens": 0.08758984540680088,
  "Tyrone Taylor": 0.07927997746380676,
  "Juan Soto": 0.146134969185695,
  "Joey Bart": 0.07184885280933892,
  "Isiah Kiner-Falefa": 0.06121565113500597,
  "Spencer Horwitz": 0.0839739321185487,
  "Brett Baty": 0.09512168115109292,
  "Gunnar Henderson": 0.16745077834533106,
  "Colton Cowser": 0.1460128346085402,
  "Jonathan Aranda": 0.14173489462761044,
  "Junior Caminero": 0.1250449891503149,
  "Brandon Lowe": 0.1337526134117213,
  "Cedric Mullins": 0.1346601792195617,
  "Ryan O'Hearn": 0.12911083754826,
  "Jackson Holliday": 0.12456339440342723,
  "Ramon Laureano": 0.10804544104226772,
  "Gary Sanchez": 0.10700451571316293,
  "Josh Lowe": 0.11104318447029213,
  "Chadwick Tromp": 0.09637427323185838,
  "Yandy Diaz": 0.09396433853666403,
  "Ramon Urias": 0.09242194832358014,
  "Matt Thaiss": 0.07812434622796162,
  "Taylor Walls": 0.06536821998002944,
  "Jake Mangum": 0.0650531914893617,
  "Chandler Simpson": 0.05288558663558664,
  "Cal Raleigh": 0.18549475216141884,
  "Corey Seager": 0.14512763864405073,
  "Luke Raley": 0.11596605577281907,
  "Dominic Canzone": 0.1112541209391368,
  "Julio Rodriguez": 0.09965385748876125,
  "Adolis Garcia": 0.10304757468769657,
  "Kyle Higashioka": 0.08262348687181005,
  "Marcus Semien": 0.10116160663380286,
  "Jonah Heim": 0.09463081569332084,
  "Evan Carter": 0.09235340476918152,
  "Josh Smith": 0.08915876539368434,
  "J.P. Crawford": 0.08000015360057798,
  "Josh Jung": 0.07915716132152013,
  "Randy Arozarena": 0.09365208860348265,
  "Donovan Solano": 0.0689666164626795,
  "Alejandro Osuna": 0.07216671395326392,
  "Cole Young": 0.058931330063210635,
  "Miles Mastrobuoni": 0.06128941951822216,
  "Jorge Polanco": 0.09761904761904762,
  "Ben Williamson": 0.060000000000000005,
  "Eugenio Suarez": 0.13566660508600994,
  "Ketel Marte": 0.1254895798236588,
  "Jesus Sanchez": 0.10802961330135244,
  "Agust\u00edn Ram\u00edrez": 0.10362755935855351,
  "Kyle Stowers": 0.09957430504650128,
  "Pavin Smith": 0.0970200266301539,
  "Randal Grichuk": 0.09830045156404847,
  "James McCann": 0.07882539402147246,
  "Eric Wagaman": 0.07145195288508772,
  "Lourdes Gurriel Jr.": 0.08022770809449142,
  "Connor Norby": 0.0840472099492718,
  "Geraldo Perdomo": 0.08185649706768937,
  "Liam Hicks": 0.06119066267095636,
  "Alek Thomas": 0.06997972864814396,
  "Dane Myers": 0.09515873015873015,
  "Otto Lopez": 0.0804834574309212,
  "Jake McCarthy": 0.06808870813581694,
  "Xavier Edwards": 0.05900806060609194,
  "Vladimir Guerrero Jr.": 0.1313201172724982,
  "George Springer": 0.12234564711157198,
  "Wilyer Abreu": 0.12540794601974115,
  "Addison Barger": 0.11580141835223665,
  "Jarren Duran": 0.11265343026416236,
  "Bo Bichette": 0.11040991338125014,
  "Nathan Lukes": 0.07616242118053712,
  "Alejandro Kirk": 0.09440030612934364,
  "Roman Anthony": 0.08984763245549626,
  "Carlos Narvaez": 0.09105422607897855,
  "Trevor Story": 0.08879099424848719,
  "Abraham Toro": 0.08287110078329338,
  "Ernie Clement": 0.07445793046523215,
  "Ceddanne Rafaela": 0.07247650572912932,
  "Andres Gimenez": 0.06919298891558794,
  "Romy Gonzalez": 0.06920989198202117,
  "Nick Sogard": 0.07131123135103169,
  "Myles Straw": 0.05623013764933654,
  "Connor Wong": 0.060000000000000005,
  "David Hamilton": 0.060000000000000005,
  "Rafael Devers": 0.18636026392313035,
  "Mike Yastrzemski": 0.10999764593527253,
  "Andrew Benintendi": 0.10635925422503806,
  "Heliot Ramos": 0.10755066843322869,
  "Miguel Vargas": 0.1081724687398091,
  "Willy Adames": 0.10897367170325062,
  "Michael A. Taylor": 0.08722657853983837,
  "Dominic Smith": 0.09781735575504574,
  "Chase Meidroth": 0.07559545129636965,
  "Lenyn Sosa": 0.08866232614515134,
  "Austin Slater": 0.0855926868484241,
  "Jung Hoo Lee": 0.07966479138857718,
  "Edgar Quero": 0.08399713323585331,
  "Christian Koss": 0.06815077029068023,
  "Andrew Knizner": 0.062355368167460186,
  "Josh Rojas": 0.0544412355591479,
  "Brett Wisely": 0.08073607325254759,
  "Vinny Capra": 0.06511275048080482,
  "Manny Machado": 0.17773354228350866,
  "Elly De La Cruz": 0.16117071399472166,
  "Fernando Tatis Jr.": 0.14830617203233526,
  "Jackson Merrill": 0.1334269649888941,
  "Matt McLain": 0.12917819537001893,
  "Tyler Stephenson": 0.12237000819225997,
  "Will Benson": 0.12872634747458844,
  "TJ Friedl": 0.10618235012688922,
  "Gavin Sheets": 0.11411886885032435,
  "Rece Hinds": 0.1084536585557484,
  "Gavin Lux": 0.09551806158158362,
  "Spencer Steer": 0.11042897445643601,
  "Martin Maldonado": 0.08322915193975818,
  "Xander Bogaerts": 0.09387821379713134,
  "Jake Cronenworth": 0.09607121759287307,
  "Santiago Espinal": 0.06607523430468204,
  "Jose Iglesias": 0.061533147212583295,
  "Luis Arraez": 0.06414420801651892,
  "Nolan Gorman": 0.13052825828146158,
  "Jose Ramirez": 0.135276344455911,
  "Alec Burleson": 0.12063126214000158,
  "Lars Nootbaar": 0.1250059964174897,
  "Kyle Manzardo": 0.12136517360706743,
  "Willson Contreras": 0.12551142201791357,
  "Carlos Santana": 0.10923022010110588,
  "Brendan Donovan": 0.10063821249473909,
  "Lane Thomas": 0.11465092351607083,
  "Daniel Schneemann": 0.09803594896820285,
  "Nolan Jones": 0.08964982040481821,
  "Gabriel Arias": 0.08864335986265146,
  "Nolan Arenado": 0.09446724529510861,
  "Masyn Winn": 0.07239481005859866,
  "Steven Kwan": 0.07268716354816142,
  "Yohel Pozo": 0.0737420303801942,
  "Victor Scott II": 0.06029371991617692,
  "Austin Hedges": 0.08457471264367816,
  "Jake Bauers": 0.13791666666666666,
  "Rhys Hoskins": 0.12629746758111146,
  "Jackson Chourio": 0.11100641927844375,
  "Christian Yelich": 0.10972853151881053,
  "Ryan McMahon": 0.11230661036741967,
  "Michael Toglia": 0.10144108929487555,
  "William Contreras": 0.11040431426844402,
  "Sam Hilliard": 0.11364087301587301,
  "Jordan Beck": 0.09597947654349889,
  "Brenton Doyle": 0.08671438599156653,
  "Caleb Durbin": 0.07616748467618253,
  "Braxton Fulford": 0.08532092250535449,
  "Tyler Freeman": 0.06434358199518367,
  "Joey Ortiz": 0.07175414364640885,