{
  "Aaron Judge": 0.17032865402283467,
  "Kerry Carpenter": 0.09173556683682697,
  "Riley Greene": 0.0880545525508212,
  "Spencer Torkelson": 0.08871307394164059,
  "Paul Goldschmidt": 0.08323710764524049,
  "Justyn-Henry Malloy": 0.07215797390829401,
  "Javier Baez": 0.0775218156078453,
  "Ben Rice": 0.07025182492782385,
  "Jazz Chisholm Jr.": 0.059942081214217395,
  "Jake Rogers": 0.07928495115995116,
  "Austin Wells": 0.05603126670911882,
  "Trey Sweeney": 0.08570051160960253,
  "Jasson Dom\u00ednguez": 0.0681558215768742,
  "Colt Keith": 0.062376366324439825,
  "Anthony Volpe": 0.057670181095968207,
  "Trent Grisham": 0.07159467806304984,
  "Zach McKinstry": 0.05986703129983763,
  "Oswald Peraza": 0.06904423654423654,
  "Oswaldo Cabrera": 0.060000000000000005,
  "Andy Ibanez": 0.060000000000000005,
  "Ryan Kreidler": 0.060000000000000005,
  "Cody Bellinger": 0.07361111111111111,
  "Pablo Reyes": 0.049999999999999996,
  "Manuel Margot": 0.049999999999999996,
  "Jose Ramirez": 0.12034903371018862,
  "Kyle Manzardo": 0.09174502606022762,
  "Carlos Santana": 0.08406791622855002,
  "Luis Robert Jr.": 0.08548432095927178,
  "Andrew Vaughn": 0.07964333217452647,
  "Nick Maton": 0.07999843694012318,
  "Lane Thomas": 0.07061519671487085,
  "Bo Naylor": 0.07388328198600093,
  "Brooks Baldwin": 0.0662692290002186,
  "Mike Tauchman": 0.08075123752677932,
  "Nolan Jones": 0.05469520029446449,
  "Lenyn Sosa": 0.056081780134913446,
  "Miguel Vargas": 0.0592426595166126,
  "Gabriel Arias": 0.058870670782764846,
  "Jacob Amaya": 0.05965865546982568,
  "Matt Thaiss": 0.0688907434508926,
  "Steven Kwan": 0.05149661398419644,
  "Brayan Rocchio": 0.05506830314227301,
  "Jhonkensy Noel": 0.10757575757575757,
  "Andrew Benintendi": 0.08392857142857142,
  "Michael A. Taylor": 0.060000000000000005,
  "Pete Alonso": 0.14995300259288127,
  "Juan Soto": 0.14557196040358333,
  "Mark Vientos": 0.13000962774260752,
  "Francisco Lindor": 0.12076831360103214,
  "Brandon Nimmo": 0.09972671578261498,
  "Tyrone Taylor": 0.0867322244262592,
  "Matt Mervis": 0.07283447660927742,
  "Starling Marte": 0.07188755982341757,
  "Griffin Conine": 0.06886682961007913,
  "Brett Baty": 0.06500365716370131,
  "Graham Pauley": 0.07644037780401416,
  "Otto Lopez": 0.05467522100064899,
  "Kyle Stowers": 0.061096368583424605,
  "Hayden Senger": 0.05743945418623601,
  "Liam Hicks": 0.06320765283171298,
  "Derek Hill": 0.07133831310301898,
  "Xavier Edwards": 0.045076580339738236,
  "Javier Sanoja": 0.06783945221445221,
  "Dane Myers": 0.060000000000000005,
  "Jonah Bride": 0.09761904761904762,
  "Jesse Winker": 0.060000000000000005,
  "Jose Siri": 0.09761904761904762,
  "Luis Torrens": 0.060000000000000005,
  "Oneil Cruz": 0.0794510357539902,
  "Jack Suwinski": 0.08635470717212504,
  "Bryan Reynolds": 0.06355498580429374,
  "Alec Burleson": 0.056565164332179396,
  "Nolan Arenado": 0.05872362920375887,
  "Pedro Pages": 0.061569922230100535,
  "Victor Scott II": 0.06478911541702653,
  "Masyn Winn": 0.06883328664991287,
  "Brendan Donovan": 0.0546487463227415,
  "Jordan Walker": 0.05541195955659414,
  "Willson Contreras": 0.06961113949550951,
  "Enmanuel Valdez": 0.07221051255593425,
  "Tommy Pham": 0.062296596683948456,
  "Endy Rodriguez": 0.09537418790604697,
  "Ke'Bryan Hayes": 0.0579687145721962,
  "Adam Frazier": 0.05931789179909481,
  "Isiah Kiner-Falefa": 0.05692385726220313,
  "Michael Siani": 0.06112555207949945,
  "Andrew McCutchen": 0.060000000000000005,
  "Lars Nootbaar": 0.07361111111111111,
  "Luken Baker": 0.060000000000000005,
  "Joey Bart": 0.07361111111111111,
  "Thomas Saggese": 0.060000000000000005,
  "Anthony Santander": 0.10462263177239556,
  "Trevor Story": 0.09400609226553967,
  "Rafael Devers": 0.09813113060175001,
  "Vladimir Guerrero Jr.": 0.09358305850917258,
  "Alex Bregman": 0.09429754361386254,
  "Carlos Narvaez": 0.08083603855612023,
  "Rob Refsnyder": 0.1054863733435162,
  "Kristian Campbell": 0.07514703188967894,
  "Jarren Duran": 0.07282797223973694,
  "George Springer": 0.07220611384209648,
  "Davis Schneider": 0.07299927262835854,
  "Romy Gonzalez": 0.0878772067826993,
  "Ceddanne Rafaela": 0.07222314626688102,
  "Bo Bichette": 0.07435596679781084,
  "Alan Roden": 0.07317216915813099,
  "Ernie Clement": 0.05735053289326896,
  "Tyler Heineman": 0.06513930803625124,
  "Myles Straw": 0.058951247165532884,
  "Alejandro Kirk": 0.049999999999999996,
  "David Hamilton": 0.060000000000000005,
  "Triston Casas": 0.08392857142857142,
  "Wilyer Abreu": 0.08392857142857142,
  "Will Wagner": 0.060000000000000005,
  "Andres Gimenez": 0.060000000000000005,
  "Shohei Ohtani": 0.1782525451624984,
  "Enrique Hernandez": 0.10613502439160334,
  "Michael Conforto": 0.10123655855961725,
  "Tommy Edman": 0.08847618824298929,
  "Max Muncy": 0.11254108160757915,
  "Luis Garcia Jr.": 0.08373489902475409,
  "Mookie Betts": 0.09403197492789585,
  "Andy Pages": 0.09642655468252492,
  "Teoscar Hernandez": 0.10156012214444288,
  "James Wood": 0.07723495341293037,
  "Nathaniel Lowe": 0.07380093894281123,
  "Alex Call": 0.09089525045407398,
  "Keibert Ruiz": 0.0703751091131059,
  "Paul DeJong": 0.08684790994084424,
  "Jacob Young": 0.05794158247750323,
  "Amed Rosario": 0.07201304589385085,
  "Dylan Crews": 0.06577055232483706,
  "Austin Barnes": 0.07884199134199134,
  "Josh Bell": 0.07361111111111111,
  "Will Smith": 0.09761904761904762,
  "CJ Abrams": 0.08392857142857142,
  "Miguel Rojas": 0.060000000000000005,
  "Jose Tena": 0.049999999999999996,
  "Mike Trout": 0.14945262577062274,
  "Brandon Lowe": 0.1282672032488865,
  "Jorge Soler": 0.12357211087140599,
  "Taylor Ward": 0.09785053992956447,
  "Christopher Morel": 0.11339948470040398,
  "Jonathan Aranda": 0.11170437304444615,
  "Danny Jansen": 0.10927791289257614,
  "Junior Caminero": 0.10966060485647228,
  "Travis d'Arnaud": 0.09881868131868132,
  "Yandy Diaz": 0.09026399122310608,
  "Jo Adell": 0.09229518625803244,
  "Kameron Misner": 0.0825019271017041,
  "Jake Mangum": 0.0669094218600474,
  "Luis Rengifo": 0.07527341232349968,
  "Nolan Schanuel": 0.06026935258248897,
  "Kyren Paris": 0.08070606935380255,
  "Taylor Walls": 0.06587321334953708,
  "Tim Anderson": 0.055512912021556685,
  "Logan O'Hoppe": 0.09761904761904762,
  "Ben Rortvedt": 0.049999999999999996,
  "Yoan Moncada": 0.07361111111111111,
  "Kyle Schwarber": 0.12600011757435367,
  "Austin Riley": 0.09567566793742119,
  "Marcell Ozuna": 0.10649062750047916,
  "Bryce Harper": 0.10150988297963139,
  "Matt Olson": 0.1093819079673381,
  "Michael Harris II": 0.09377737805524929,
  "Trea Turner": 0.09525797614087678,
  "Nick Castellanos": 0.09098673009114923,
  "Alec Bohm": 0.08556939735343491,
  "J.T. Realmuto": 0.07882554979552035,
  "Sean Murphy": 0.06877330748294903,
  "Ozzie Albies": 0.07777226935305043,
  "Bryan De La Cruz": 0.06716691450740842,
  "Edmundo Sosa": 0.06956833298346397,
  "Orlando Arcia": 0.06594722399531543,
  "Jarred Kelenic": 0.08255004867674502,
  "Bryson Stott": 0.06241241450725797,
  "Johan Rojas": 0.054232688210676325,
  "Brandon Marsh": 0.07361111111111111,
  "Nick Allen": 0.060000000000000005,
  "Max Kepler": 0.060000000000000005,
  "Kyle Tucker": 0.12143757416685398,
  "Corey Seager": 0.11526702032192246,
  "Adolis Garcia": 0.09841864869997861,
  "Wyatt Langford": 0.09447376342018514,
  "Ian Happ": 0.08729215473439896,
  "Joc Pederson": 0.09258826230247656,
  "Seiya Suzuki": 0.10170453873693162,
  "Josh Jung": 0.07804787630052754,
  "Matt Shaw": 0.0691718150534629,
  "Marcus Semien": 0.0801251104575351,
  "Dansby Swanson": 0.08383047381561347,
  "Justin Turner": 0.07577842999851482,
  "Jonah Heim": 0.06517411028206374,
  "Carson Kelly": 0.06685595435040678,
  "Josh Smith": 0.06694920872341636,
  "Pete Crow-Armstrong": 0.060498617544129746,
  "Nico Hoerner": 0.05521875154417954,
  "Leody Taveras": 0.05733726337407502,
  "Miguel Amaya": 0.060000000000000005,
  "Kyle Higashioka": 0.13333333333333333,
  "Michael Busch": 0.10757575757575757,