{
  "Aaron Judge": 0.18723004792986792,
  "Kyle Manzardo": 0.10874362684214595,
  "Jazz Chisholm Jr.": 0.11045753097477236,
  "Jose Ramirez": 0.11405000662399818,
  "Jasson Dom\u00ednguez": 0.09412219747091247,
  "Ben Rice": 0.10805159125709801,
  "Cody Bellinger": 0.08854968316421187,
  "Bo Naylor": 0.08379555135516648,
  "Carlos Santana": 0.08952646856268259,
  "Paul Goldschmidt": 0.0868736577447106,
  "Anthony Volpe": 0.06582126459868377,
  "Nolan Jones": 0.06667318047594233,
  "Angel Martinez": 0.06496446666043088,
  "Daniel Schneemann": 0.0637329603491856,
  "J.C. Escarra": 0.06011171755719936,
  "Oswaldo Cabrera": 0.062101541468451524,
  "Steven Kwan": 0.05486215896671155,
  "Brayan Rocchio": 0.05378252021465901,
  "Austin Wells": 0.12255062944718116,
  "Jorbit Vivas": 0.08444444444444445,
  "Gabriel Arias": 0.060000000000000005,
  "Jesus Sanchez": 0.1092958762302299,
  "Elly De La Cruz": 0.08907721493040516,
  "Matt Mervis": 0.0926772936415079,
  "Matt McLain": 0.0848429693959227,
  "Connor Norby": 0.08361755333204911,
  "Austin Hays": 0.0842043645367892,
  "Kyle Stowers": 0.0793162419496546,
  "Eric Wagaman": 0.07213381181466288,
  "TJ Friedl": 0.0633587223522504,
  "Noelvi Marte": 0.06322138445144124,
  "Jeimer Candelario": 0.08090511057495245,
  "Otto Lopez": 0.056646932808590386,
  "Gavin Lux": 0.06050073623370676,
  "Jake Fraley": 0.06099290464184082,
  "Dane Myers": 0.057882835047038395,
  "Jose Trevino": 0.05516257161889443,
  "Xavier Edwards": 0.049249164578111945,
  "Spencer Steer": 0.060000000000000005,
  "Fernando Tatis Jr.": 0.1529913857281611,
  "Spencer Torkelson": 0.1079929988406477,
  "Manny Machado": 0.11060861958651391,
  "Kerry Carpenter": 0.1074205060270634,
  "Gleyber Torres": 0.07378930536211195,
  "Dillon Dingler": 0.07486413632161196,
  "Riley Greene": 0.07356855439442352,
  "Justyn-Henry Malloy": 0.0659170959973099,
  "Xander Bogaerts": 0.0692898548096568,
  "Javier Baez": 0.06401508033480581,
  "Gavin Sheets": 0.06340570174091824,
  "Elias Diaz": 0.05842939275361465,
  "Trey Sweeney": 0.06630089613360594,
  "Jace Jung": 0.06341728633912089,
  "Mason McCoy": 0.08477011494252873,
  "Oscar Gonzalez": 0.06180242845136462,
  "Jose Iglesias": 0.0504528337426551,
  "Tyler Wade": 0.041609739274758174,
  "Zach McKinstry": 0.060000000000000005,
  "Colt Keith": 0.08444444444444445,
  "Tyler O'Neill": 0.163572071795673,
  "Gary Sanchez": 0.12712360015120244,
  "James Wood": 0.10795180165616537,
  "Cedric Mullins": 0.09414245004495334,
  "Jordan Westburg": 0.10360334131279773,
  "Ryan Mountcastle": 0.09799083404957722,
  "Gunnar Henderson": 0.09904756838833917,
  "Adley Rutschman": 0.0828085883426259,
  "Josh Bell": 0.08802105995400994,
  "Luis Garcia Jr.": 0.0750134203968411,
  "Nathaniel Lowe": 0.07958064861085196,
  "Keibert Ruiz": 0.0831613090542575,
  "Jose Tena": 0.07974433207147345,
  "Heston Kjerstad": 0.08594829054041747,
  "Dylan Crews": 0.07404329215529402,
  "Jackson Holliday": 0.05684486364338608,
  "Nasim Nunez": 0.06622879458405774,
  "Jacob Young": 0.05618400282474141,
  "Ramon Laureano": 0.1272727272727273,
  "Jorge Mateo": 0.10035612535612536,
  "Rafael Devers": 0.15043666993397167,
  "Cal Raleigh": 0.15064875090017907,
  "J.P. Crawford": 0.0597844039333401,
  "Dylan Moore": 0.08337166820420408,
  "Jarren Duran": 0.11167754826663341,
  "Triston Casas": 0.09538975576265679,
  "Julio Rodriguez": 0.09973213103462432,
  "Ceddanne Rafaela": 0.07710382015518946,
  "Trevor Story": 0.09618478635505459,
  "Wilyer Abreu": 0.144103664150229,
  "Jorge Polanco": 0.09329579906829986,
  "Ben Williamson": 0.0750877192982456,
  "Alex Bregman": 0.11412401997373524,
  "Randy Arozarena": 0.09447492825296967,
  "Rowdy Tellez": 0.07512603525397264,
  "Kristian Campbell": 0.08216416061486484,
  "Luke Raley": 0.09359880345977813,
  "Carlos Narvaez": 0.06950431141415843,
  "Miles Mastrobuoni": 0.05147146072013093,
  "Kyle Schwarber": 0.14618912730158953,
  "Bryce Harper": 0.1305438199076456,
  "Pete Alonso": 0.11403591835584397,
  "Mark Vientos": 0.10931614487718982,
  "Francisco Lindor": 0.10837946006520592,
  "Juan Soto": 0.09418033247952154,
  "Max Kepler": 0.09507761506630796,
  "Nick Castellanos": 0.1015851695359892,
  "J.T. Realmuto": 0.08559240520690253,
  "Trea Turner": 0.09149713384359653,
  "Tyrone Taylor": 0.07921797027060186,
  "Alec Bohm": 0.06909073245931469,
  "Bryson Stott": 0.06833087957127731,
  "Luis Torrens": 0.07067392067392068,
  "Starling Marte": 0.06641851032155881,
  "Luisangel Acu\u00f1a": 0.06524097576501837,
  "Jose Azocar": 0.04790437370600414,
  "Johan Rojas": 0.05879549581878881,
  "Brandon Nimmo": 0.08166666666666667,
  "Nolan Gorman": 0.1234117698029792,
  "Marcell Ozuna": 0.12279496398438433,
  "Austin Riley": 0.12392072453271315,
  "Matt Olson": 0.10991470483037948,
  "Willson Contreras": 0.10239893467766517,
  "Lars Nootbaar": 0.09199990912961943,
  "Alec Burleson": 0.07606738370408062,
  "Sean Murphy": 0.08307888178881136,
  "Ozzie Albies": 0.07224987625042802,
  "Jarred Kelenic": 0.07450530725040529,
  "Masyn Winn": 0.059171218403891675,
  "Michael Harris II": 0.07656481667500951,
  "Nolan Arenado": 0.07431971587313903,
  "Jordan Walker": 0.08897881939224109,
  "Pedro Pages": 0.06473241803653375,
  "Orlando Arcia": 0.060413602877717715,
  "Victor Scott II": 0.0836684581171238,
  "Alex Verdugo": 0.06149821989831531,
  "Nick Allen": 0.07333333333333333,
  "Brendan Donovan": 0.10035612535612536,
  "Yohel Pozo": 0.08761904761904761,
  "Shohei Ohtani": 0.17184301459572782,
  "Teoscar Hernandez": 0.16411235699704962,
  "Will Smith": 0.14273855735989638,
  "Mookie Betts": 0.13475390516540672,
  "Kyle Tucker": 0.12541505479692677,
  "Max Muncy": 0.1350138470202612,
  "Tommy Edman": 0.12358757084037793,
  "Seiya Suzuki": 0.11285137702182145,
  "Michael Busch": 0.11094460799977383,
  "Enrique Hernandez": 0.11453768757047444,
  "Andy Pages": 0.11319276810032558,
  "Freddie Freeman": 0.10133995295890347,
  "Ian Happ": 0.09917277632675484,
  "Dansby Swanson": 0.09742572768656581,
  "Pete Crow-Armstrong": 0.0801488010938956,
  "Miguel Amaya": 0.0688888684809954,
  "Gage Workman": 0.06516990252552562,
  "Nico Hoerner": 0.05511149225391796,
  "Miguel Rojas": 0.08444444444444445,
  "Michael Conforto": 0.08392857142857142,
  "Jon Berti": 0.0750877192982456,
  "Carson Kelly": 0.12255062944718116,
  "Byron Buxton": 0.18821990792713983,
  "Luis Robert Jr.": 0.12034990188308915,
  "Andrew Vaughn": 0.1057562924558972,
  "Carlos Correa": 0.10603740022931656,
  "Trevor Larnach": 0.09462109352074578,
  "Ryan Jeffers": 0.0931509232547725,
  "Andrew Benintendi": 0.0891104698269855,
  "Nick Maton": 0.09190515432939676,
  "Ty France": 0.08899130311135404,
  "Edgar Quero": 0.0809895104535459,
  "Brooks Baldwin": 0.07000406023561045,
  "Edouard Julien": 0.06508452295439583,
  "Brooks Lee": 0.06439648466376613,
  "Harrison Bader": 0.09046564929036158,
  "Lenyn Sosa": 0.07209657306774671,
  "Luke Keaschall": 0.08317134462105973,
  "Jacob Amaya": 0.05858313821033525,
  "DaShawn Keirsey Jr.": 0.060000000000000005,
  "Matt Thaiss": 0.10723443223443224,
  "Miguel Vargas": 0.1115079365079365,
  "Bobby Witt Jr.": 0.1244522643674391,
  "Salvador Perez": 0.12333301679484569,
  "Vinnie Pasquantino": 0.09876273974492174,
  "Hunter Goodman": 0.09810675278696522,
  "Michael Toglia": 0.09671433898118832,
  "Michael Massey": 0.08393988371637974,
  "Jonathan India": 0.08370550008213938,
  "Hunter Renfroe": 0.07714010231554091,
  "Sean Bouchard": 0.07341253654979145,
  "Kyle Farmer": 0.07412160708402632,
  "Mickey Moniak": 0.06675759119414008,
  "Jacob Stallings": 0.0681277016288388,
  "Maikel Garcia": 0.056697802579450424,
  "Aaron Schunk": 0.08079033222053818,
  "Ryan McMahon": 0.06081152963988377,
  "Jordan Beck": 0.07298190829342246,
  "Drew Waters": 0.06258654048505749,
  "Kyle Isbel": 0.06388052343568165,
  "Freddy Fermin": 0.08444444444444445,
  "Zac Veen": 0.060000000000000005,
  "Yordan Alvarez": 0.16658167215174366,