{
  "George Springer": 0.14643673040903835,
  "Vladimir Guerrero Jr.": 0.12065597091487269,
  "Addison Barger": 0.10867178891359314,
  "Andrew Vaughn": 0.10644566310574216,
  "Jackson Chourio": 0.10533736204458592,
  "Alejandro Kirk": 0.09594197369157814,
  "William Contreras": 0.10080609420981243,
  "Christian Yelich": 0.08374015039404567,
  "Brice Turang": 0.07013862838352719,
  "Bo Bichette": 0.07749682231112134,
  "Andres Gimenez": 0.05911065893605158,
  "Caleb Durbin": 0.06877892158593914,
  "Ty France": 0.0646303394905422,
  "Isaac Collins": 0.05984057921854954,
  "Andruw Monasterio": 0.06335950150358548,
  "Nathan Lukes": 0.05991253180661578,
  "Sal Frelick": 0.05716647172764194,
  "Myles Straw": 0.0510491034058023,
  "Blake Perkins": 0.060000000000000005,
  "Junior Caminero": 0.15841241927632357,
  "Brandon Lowe": 0.14286514113070342,
  "James Wood": 0.11317329542143964,
  "Paul DeJong": 0.11027512288313858,
  "Yandy Diaz": 0.0968417429812669,
  "Carson Williams": 0.10427618858991408,
  "Bob Seymour": 0.10612536576078242,
  "Josh Bell": 0.09369014505751595,
  "CJ Abrams": 0.08534258022228194,
  "Josh Lowe": 0.09476926807515183,
  "Riley Adams": 0.09132632658334434,
  "Hunter Feduccia": 0.07233926664231459,
  "Luis Garcia Jr.": 0.0707753670391993,
  "Dylan Crews": 0.08944039930688595,
  "Robert Hassell III": 0.0629362262695596,
  "Daylen Lile": 0.06630518520400794,
  "Jake Mangum": 0.06112245845941498,
  "Chandler Simpson": 0.042579365079365085,
  "Brady House": 0.07361111111111111,
  "Oneil Cruz": 0.10172415983209207,
  "Trevor Story": 0.11622837601784873,
  "Alex Bregman": 0.11684718176979657,
  "Roman Anthony": 0.10752564492555741,
  "Jarren Duran": 0.10420181094603799,
  "Bryan Reynolds": 0.08373199837388362,
  "Carlos Narvaez": 0.07740304189149073,
  "Romy Gonzalez": 0.08055949090662805,
  "Ceddanne Rafaela": 0.0815446905317973,
  "Andrew McCutchen": 0.09176615904558102,
  "Spencer Horwitz": 0.08303376906318083,
  "Masataka Yoshida": 0.06866332633066737,
  "Tommy Pham": 0.08073130774821503,
  "David Hamilton": 0.05708169260573522,
  "Joey Bart": 0.05901124124808335,
  "Nick Gonzales": 0.06102384852384853,
  "Jared Triolo": 0.07971785524417103,
  "Isiah Kiner-Falefa": 0.046958766950488805,
  "Henry Davis": 0.07361111111111111,
  "Pete Alonso": 0.14450797243295022,
  "Juan Soto": 0.13231138878846463,
  "Agust\u00edn Ram\u00edrez": 0.09940104392173654,
  "Brandon Nimmo": 0.09937466322891236,
  "Francisco Lindor": 0.09791091027287523,
  "Mark Vientos": 0.1043491920408295,
  "Heriberto Hernandez": 0.07504903970186141,
  "Brett Baty": 0.0742800112845843,
  "Jeff McNeil": 0.08365518509143115,
  "Cedric Mullins": 0.08830564976009553,
  "Eric Wagaman": 0.07003353421761588,
  "Joey Wiemer": 0.060956015122681784,
  "Connor Norby": 0.07381309866603984,
  "Otto Lopez": 0.06415992946694701,
  "Luis Torrens": 0.06816021373038916,
  "Dane Myers": 0.07451806751882618,
  "Derek Hill": 0.06067156246257037,
  "Xavier Edwards": 0.05137810559006211,
  "Kyle Schwarber": 0.1752067679856746,
  "Ronald Acuna Jr.": 0.11628549200160454,
  "Sean Murphy": 0.09562710320937899,
  "Bryce Harper": 0.1184049559930387,
  "J.T. Realmuto": 0.09813314772015548,
  "Harrison Bader": 0.09052391119724494,
  "Matt Olson": 0.09248106354058537,
  "Trea Turner": 0.09965707597673071,
  "Alec Bohm": 0.09053972908811618,
  "Jurickson Profar": 0.08041742000055868,
  "Nick Castellanos": 0.09376399718810963,
  "Edmundo Sosa": 0.0730066276037932,
  "Ozzie Albies": 0.07604337138127773,
  "Weston Wilson": 0.07086309212692439,
  "Drake Baldwin": 0.0644111057836548,
  "Michael Harris II": 0.059325659731569794,
  "Nacho Alvarez Jr.": 0.05388487978692773,
  "Nick Allen": 0.04740834195997239,
  "Willson Contreras": 0.1449916729538017,
  "Elly De La Cruz": 0.13891597969575387,
  "Ivan Herrera": 0.12041496059963121,
  "Nolan Gorman": 0.1236716465807754,
  "Miguel Andujar": 0.09865567000799925,
  "Masyn Winn": 0.10503178609343004,
  "Lars Nootbaar": 0.1174033888250387,
  "Jordan Walker": 0.0970592463450867,
  "Gavin Lux": 0.09765217267376203,
  "Nathan Church": 0.09030088125070203,
  "Noelvi Marte": 0.10905089861119457,
  "Spencer Steer": 0.09324396245224244,
  "Pedro Pages": 0.07616175418895764,
  "Thomas Saggese": 0.08358856023270891,
  "Matt McLain": 0.07914896464953819,
  "TJ Friedl": 0.09102651746276352,
  "Ke'Bryan Hayes": 0.0765561501198629,
  "Jose Trevino": 0.06308006380479897,
  "Austin Hays": 0.09761904761904762,
  "Garrett Hampson": 0.060000000000000005,
  "Aaron Judge": 0.2016065543748642,
  "Ben Rice": 0.15168573844721564,
  "Trent Grisham": 0.1383971996292615,
  "Jazz Chisholm Jr.": 0.13376474777225655,
  "Cody Bellinger": 0.12388609332971724,
  "Colson Montgomery": 0.11213039150263052,
  "Ryan McMahon": 0.10763782051214471,
  "Austin Wells": 0.12889832731548004,
  "Jasson Dom\u00ednguez": 0.10000911013870892,
  "Anthony Volpe": 0.08477814862902594,
  "Lenyn Sosa": 0.0861274920529022,
  "Andrew Benintendi": 0.07407500367216928,
  "Will Robertson": 0.07863064328346497,
  "Mike Tauchman": 0.07317269446034354,
  "Brooks Baldwin": 0.06866974314794246,
  "Kyle Teel": 0.0689211567355566,
  "Curtis Mead": 0.05641322308715128,
  "Chase Meidroth": 0.05415707661075826,
  "Giancarlo Stanton": 0.17142857142857143,
  "Yordan Alvarez": 0.1857992543260675,
  "Mike Trout": 0.1619931410222741,
  "Christian Walker": 0.15136444380487377,
  "Taylor Ward": 0.14554651062048846,
  "Jo Adell": 0.15028809269617568,
  "Logan O'Hoppe": 0.12754863383703044,
  "Zach Neto": 0.1336739267362774,
  "Jose Altuve": 0.12091571117461296,
  "Jesus Sanchez": 0.12211029098862088,
  "Yainer Diaz": 0.11152333074577615,
  "Yoan Moncada": 0.10615753522652795,
  "Carlos Correa": 0.1047153754398083,
  "Jeremy Pena": 0.10338260923025809,
  "Niko Kavadas": 0.09512937293980346,
  "Mauricio Dubon": 0.06727694316890079,
  "Luis Rengifo": 0.06540232843939173,
  "Cam Smith": 0.07002146999638421,
  "Bryce Teodosio": 0.06812104562104562,
  "Byron Buxton": 0.1522698646118773,
  "Matt Wallner": 0.13880888253416665,
  "Manny Machado": 0.1227520938000188,
  "Royce Lewis": 0.10908728779589921,
  "Fernando Tatis Jr.": 0.1204869989843631,
  "Ramon Laureano": 0.10607717988148507,
  "Kody Clemens": 0.11592630657366029,
  "Trevor Larnach": 0.09610981328003892,
  "Ryan Jeffers": 0.0893478070750798,
  "Gavin Sheets": 0.09540645854853504,
  "Ryan O'Hearn": 0.089441330117821,
  "Luke Keaschall": 0.07325604660966216,
  "James Outman": 0.07311912273212205,
  "Elias Diaz": 0.0694405976545367,
  "Brooks Lee": 0.06912616379540236,
  "Jake Cronenworth": 0.07094752408889747,
  "Jose Iglesias": 0.05977541371158392,
  "Luis Arraez": 0.051934661468657765,
  "Edouard Julien": 0.07361111111111111,
  "Gunnar Henderson": 0.1128639348716075,
  "Matt Chapman": 0.1088577072688858,
  "Colton Cowser": 0.09983864021154122,
  "Heliot Ramos": 0.09926633389315218,
  "Willy Adames": 0.10231656833578583,
  "Rafael Devers": 0.100570615989811,
  "Samuel Basallo": 0.09567041679537412,
  "Ryan Mountcastle": 0.07447413451792322,
  "Jackson Holliday": 0.07532813785580239,
  "Dylan Beavers": 0.08102950916418408,
  "Jeremiah Jackson": 0.07779518240044556,
  "Coby Mayo": 0.0671276602389489,
  "Casey Schmitt": 0.07057565130303904,
  "Luis Matos": 0.0731755140307772,
  "Wilmer Flores": 0.0690625778264101,
  "Andrew Knizner": 0.074,
  "Jung Hoo Lee": 0.0533479274295114,
  "Daniel Johnson": 0.06559659255399224,
  "Dylan Carlson": 0.060000000000000005,
  "Cal Raleigh": 0.16790477908446322,
  "Eugenio Suarez": 0.12532719214421675,
  "Jose Ramirez": 0.11748537907105683,
  "Josh Naylor": 0.09792909121697319,
  "Jorge Polanco": 0.09627212152765165,
  "Julio Rodriguez": 0.09650201191436979,
  "Kyle Manzardo": 0.10188612756443595,
  "Randy Arozarena": 0.10395867420557504,
  "Bo Naylor": 0.09216613066100647,
  "Daniel Schneemann": 0.07523075326996895,
  "David Fry": 0.06802101735502505,
  "Luke Raley": 0.08534858387799564,
  "J.P. Crawford": 0.06024653635028911,