{
  "Christian Walker": 0.11745343421027327,
  "Alex Bregman": 0.10413916778813995,
  "Jose Altuve": 0.09713892658106137,
  "Jeremy Pena": 0.08987320750867224,
  "Yainer Diaz": 0.10117805428160279,
  "Carlos Correa": 0.09742670941312762,
  "Wilyer Abreu": 0.07456677536125215,
  "Jesus Sanchez": 0.10010461428279108,
  "Rob Refsnyder": 0.08406657668231174,
  "Trevor Story": 0.08594660401402537,
  "Taylor Trammell": 0.08135135364147962,
  "Romy Gonzalez": 0.08994072716231023,
  "Roman Anthony": 0.06064841834047173,
  "Ramon Urias": 0.08125470066855107,
  "Ceddanne Rafaela": 0.08423537990364814,
  "Abraham Toro": 0.0660926843046242,
  "Mauricio Dubon": 0.0691908499860954,
  "Connor Wong": 0.062354585916553754,
  "Jarren Duran": 0.060000000000000005,
  "Carlos Narvaez": 0.060000000000000005,
  "Shohei Ohtani": 0.20685188210146105,
  "Junior Caminero": 0.13502529782479467,
  "Will Smith": 0.11296220906032049,
  "Freddie Freeman": 0.12059518710392655,
  "Yandy Diaz": 0.10434179407324956,
  "Michael Conforto": 0.11126960685005909,
  "Brandon Lowe": 0.11143648088639682,
  "Andy Pages": 0.10157509851929362,
  "Mookie Betts": 0.10142681030269952,
  "Tommy Edman": 0.0716341222442965,
  "Alex Freeland": 0.07667730241950618,
  "Josh Lowe": 0.08800195515062482,
  "Hunter Feduccia": 0.07123176539528418,
  "Ha-Seong Kim": 0.07752052866556684,
  "Jonny Deluca": 0.06714311366328071,
  "Taylor Walls": 0.062011966414085205,
  "Jake Mangum": 0.058209668826390684,
  "James Wood": 0.11550721058905183,
  "Andrew Vaughn": 0.11064960206252258,
  "Christian Yelich": 0.09218544662892092,
  "CJ Abrams": 0.10431015010440753,
  "Josh Bell": 0.1022147585668484,
  "Luis Garcia Jr.": 0.09243809333540262,
  "William Contreras": 0.09179499067624665,
  "Anthony Seigler": 0.08098056643526556,
  "Robert Hassell III": 0.07305686975548463,
  "Drew Millas": 0.07528880755574147,
  "Brandon Lockridge": 0.06367631246823727,
  "Isaac Collins": 0.07349319462692222,
  "Joey Ortiz": 0.06539795779277456,
  "Daylen Lile": 0.08646312591058967,
  "Jose Tena": 0.06767259537035156,
  "Blake Perkins": 0.07210418659788607,
  "Brice Turang": 0.07225211651599943,
  "Jacob Young": 0.05759602770763447,
  "Riley Adams": 0.08392857142857142,
  "Caleb Durbin": 0.07361111111111111,
  "Sal Frelick": 0.06564102564102564,
  "Nathaniel Lowe": 0.08392857142857142,
  "Brady House": 0.07361111111111111,
  "Vladimir Guerrero Jr.": 0.14002416065531606,
  "Daulton Varsho": 0.14302042160737813,
  "Addison Barger": 0.13766393284752246,
  "Bobby Witt Jr.": 0.1314956394781046,
  "Salvador Perez": 0.12654850908593732,
  "Vinnie Pasquantino": 0.11513682793760577,
  "Mike Yastrzemski": 0.10888546563574084,
  "Nathan Lukes": 0.09863995371241747,
  "Joey Loperfido": 0.10513956565553613,
  "Bo Bichette": 0.11192378578863686,
  "Ty France": 0.09685836769071933,
  "Jonathan India": 0.0899821265792406,
  "John Rave": 0.07996846062940237,
  "Ernie Clement": 0.09743469174503658,
  "Maikel Garcia": 0.07349401808773608,
  "Kyle Isbel": 0.06204435062706454,
  "Ali Sanchez": 0.09090909090909091,
  "Adam Frazier": 0.060253658179883304,
  "Tyler Heineman": 0.07864253393665159,
  "Jose Ramirez": 0.13323431042162212,
  "Kyle Manzardo": 0.13239120554559108,
  "Matt Wallner": 0.13665367766937836,
  "Bo Naylor": 0.12504469641057858,
  "Kody Clemens": 0.10736319293018518,
  "Royce Lewis": 0.09454901908629801,
  "C. J. Kayfus": 0.12290500696297799,
  "Daniel Schneemann": 0.10227835238044221,
  "Ryan Jeffers": 0.09027511493807727,
  "Trevor Larnach": 0.0862207867889686,
  "Steven Kwan": 0.07911239572855734,
  "Gabriel Arias": 0.07308651486571444,
  "Brooks Lee": 0.06543924157494255,
  "Angel Martinez": 0.07808431533933481,
  "Edouard Julien": 0.06772186767473777,
  "Nolan Jones": 0.0812733325327163,
  "Christian Vazquez": 0.07977620178081009,
  "Austin Martin": 0.06957468181648177,
  "Carlos Santana": 0.08392857142857142,
  "Brayan Rocchio": 0.060000000000000005,
  "Giancarlo Stanton": 0.11263495776050192,
  "Agust\u00edn Ram\u00edrez": 0.10669221848871892,
  "Kyle Stowers": 0.11389455035417767,
  "Cody Bellinger": 0.09567718507709676,
  "Ben Rice": 0.1225158054361732,
  "Trent Grisham": 0.10136478816803406,
  "Jazz Chisholm Jr.": 0.09387682889089057,
  "Jasson Dom\u00ednguez": 0.08587811798478083,
  "Ryan McMahon": 0.08624608382589244,
  "Austin Wells": 0.09133673856531727,
  "Heriberto Hernandez": 0.07947000773215507,
  "Otto Lopez": 0.0775099419746563,
  "Anthony Volpe": 0.06423320292643689,
  "Graham Pauley": 0.06703447575108476,
  "Troy Johnston": 0.05953027873132657,
  "Jakob Marsee": 0.09066666666666667,
  "Liam Hicks": 0.06790365558692152,
  "Xavier Edwards": 0.05671651615434598,
  "Pete Alonso": 0.15527031744931807,
  "Juan Soto": 0.15167273624597225,
  "Matt Chapman": 0.1282680134724051,
  "Rafael Devers": 0.13581461055026406,
  "Willy Adames": 0.12821921361137048,
  "Francisco Lindor": 0.1258542990930349,
  "Heliot Ramos": 0.10650542621722875,
  "Cedric Mullins": 0.10290587718622876,
  "Brandon Nimmo": 0.10740851379971643,
  "Mark Vientos": 0.1085495813293132,
  "Casey Schmitt": 0.08626187348411206,
  "Francisco Alvarez": 0.09750902014463488,
  "Grant McCray": 0.0811206021033633,
  "Dominic Smith": 0.0755862434080256,
  "Jeff McNeil": 0.08005356189497834,
  "Starling Marte": 0.0724481065651617,
  "Jung Hoo Lee": 0.07319891493084314,
  "Patrick Bailey": 0.07364114514784631,
  "Michael Busch": 0.11958698963590947,
  "Seiya Suzuki": 0.12879020922051732,
  "Pete Crow-Armstrong": 0.11870086095756162,
  "Kyle Tucker": 0.12130883018107243,
  "Jordan Westburg": 0.10834197463013878,
  "Gunnar Henderson": 0.10757431628296349,
  "Colton Cowser": 0.09793914948546922,
  "Ian Happ": 0.0985894991005219,
  "Carson Kelly": 0.09442535525843926,
  "Dansby Swanson": 0.08745750212072843,
  "Willi Castro": 0.08938226524860188,
  "Adley Rutschman": 0.08549914040014141,
  "Jackson Holliday": 0.08162701560368966,
  "Alex Jackson": 0.07288342709052177,
  "Coby Mayo": 0.0730849881562569,
  "Jeremiah Jackson": 0.08014606563819347,
  "Dylan Carlson": 0.0690329893005467,
  "Nico Hoerner": 0.062133313879067995,
  "Oneil Cruz": 0.1747344995198672,
  "Hunter Goodman": 0.15079462796216345,
  "Mickey Moniak": 0.12315105066620007,
  "Bryan Reynolds": 0.1158109080415293,
  "Spencer Horwitz": 0.10870375709718443,
  "Nick Gonzales": 0.10098263777215971,
  "Jack Suwinski": 0.10833001212235345,
  "Tommy Pham": 0.10339404320654837,
  "Warming Bernabel": 0.0926537177558076,
  "Ezequiel Tovar": 0.1012986233676891,
  "Liover Peguero": 0.10577963467752609,
  "Jordan Beck": 0.09694761552146895,
  "Henry Davis": 0.09788882715691477,
  "Jared Triolo": 0.09434653085159844,
  "Tyler Freeman": 0.08041176682140257,
  "Yanquiel Fern\u00e1ndez": 0.07987616928693725,
  "Thairo Estrada": 0.07267634626356019,
  "Orlando Arcia": 0.0678360683159528,
  "Isiah Kiner-Falefa": 0.07361111111111111,
  "Corbin Carroll": 0.18443787771518866,
  "Brent Rooker": 0.16206020632624363,
  "Nick Kurtz": 0.14313098576805322,
  "Shea Langeliers": 0.13784508903205608,
  "Lourdes Gurriel Jr.": 0.10664192949907236,
  "Austin Wynns": 0.09289007775849882,
  "Connor Kaiser": 0.09397028897028896,
  "JJ Bleday": 0.11317509650842984,
  "Alek Thomas": 0.09079936007992485,
  "Colby Thomas": 0.09172156647528813,
  "Geraldo Perdomo": 0.08339343381236788,
  "Blaze Alexander": 0.09068075757445161,
  "Luis Urias": 0.08987256186242999,
  "Tyler Locklear": 0.09128886316456512,
  "Jake McCarthy": 0.08152042060988592,
  "Max Schuemann": 0.09013359856682586,
  "Darell Hernaiz": 0.07649302861218915,
  "Jose Herrera": 0.07434556087187666,
  "Mike Trout": 0.19038391709960337,
  "Jo Adell": 0.16513597182923423,
  "Taylor Ward": 0.14010118091141907,
  "Zach Neto": 0.12540821546507222,
  "Andrew Benintendi": 0.11997890375339587,
  "Luis Robert Jr.": 0.11122256099560153,
  "Travis d'Arnaud": 0.1179246067592951,
  "Colson Montgomery": 0.10693179666325214,
  "Mike Tauchman": 0.11044465807085041,
  "Lenyn Sosa": 0.0980107219943741,