{
  "Kyle Stowers": 0.12259169806045941,
  "Jesus Sanchez": 0.10976221599751013,
  "Agust\u00edn Ram\u00edrez": 0.09603878102965324,
  "Ryan McMahon": 0.09276643567023204,
  "Hunter Goodman": 0.10069119776331892,
  "Jordan Beck": 0.07656344803419708,
  "Dane Myers": 0.07656484730558805,
  "Mickey Moniak": 0.0813548586463674,
  "Eric Wagaman": 0.06901023303898643,
  "Brenton Doyle": 0.06427202950401115,
  "Thairo Estrada": 0.057699613214880395,
  "Otto Lopez": 0.07748596046196665,
  "Orlando Arcia": 0.058632352127527536,
  "Kyle Farmer": 0.0631032488753077,
  "Nick Fortes": 0.06398490863203782,
  "Tyler Freeman": 0.053148655373465255,
  "Javier Sanoja": 0.049800367743630156,
  "Xavier Edwards": 0.051563072973964064,
  "Oneil Cruz": 0.1060195205518952,
  "Andrew McCutchen": 0.08453778539075904,
  "Christian Walker": 0.08367016797958744,
  "Bryan Reynolds": 0.07824573633413243,
  "Alexander Canario": 0.07912553836079914,
  "Isaac Paredes": 0.06867076862531409,
  "Yainer Diaz": 0.05857874213524642,
  "Henry Davis": 0.05847634071318282,
  "Spencer Horwitz": 0.06249714513250425,
  "Nick Gonzales": 0.06472559965277361,
  "Victor Caratini": 0.054429707098127236,
  "Jacob Melton": 0.05581683168316832,
  "Jose Altuve": 0.05662816445890026,
  "Jeremy Pena": 0.058461819546623675,
  "Ke'Bryan Hayes": 0.055240494394073934,
  "Jake Meyers": 0.05524814852361845,
  "Cam Smith": 0.05604897860217009,
  "Isiah Kiner-Falefa": 0.04872017122251487,
  "Adam Frazier": 0.060000000000000005,
  "Seiya Suzuki": 0.13680197204476627,
  "Pete Crow-Armstrong": 0.1274700331370965,
  "Ian Happ": 0.1204110186021917,
  "James Wood": 0.11512186044986557,
  "Michael Busch": 0.10844729355379257,
  "Carson Kelly": 0.10103174234120527,
  "CJ Abrams": 0.10287408932530884,
  "Dansby Swanson": 0.0965590776729007,
  "Josh Bell": 0.09232786442179589,
  "Nathaniel Lowe": 0.08870396245942773,
  "Luis Garcia Jr.": 0.07776210766533347,
  "Justin Turner": 0.07398139466766918,
  "Keibert Ruiz": 0.06734558053964675,
  "Jose Tena": 0.05873022658027839,
  "Matt Shaw": 0.06156867098076505,
  "Daylen Lile": 0.062200122870658014,
  "Robert Hassell III": 0.058780396471784034,
  "Nico Hoerner": 0.05939529940994326,
  "Kyle Tucker": 0.15,
  "Aaron Judge": 0.2189116330292801,
  "Trent Grisham": 0.13750109615981385,
  "Ben Rice": 0.14375913880201446,
  "Jose Ramirez": 0.13372317220345245,
  "Cody Bellinger": 0.12411408894550217,
  "Jazz Chisholm Jr.": 0.11948894714441002,
  "Paul Goldschmidt": 0.11055380350631802,
  "David Fry": 0.10807194651241926,
  "Carlos Santana": 0.08802979848339214,
  "Bo Naylor": 0.08652431535870098,
  "Jhonkensy Noel": 0.08358189657776649,
  "Anthony Volpe": 0.08799999369363237,
  "Angel Martinez": 0.062075134529679984,
  "Gabriel Arias": 0.0685547218098179,
  "J.C. Escarra": 0.08330999157608728,
  "Will Wilson": 0.06246469618227807,
  "Steven Kwan": 0.05783715533715533,
  "DJ LeMahieu": 0.06797412688501797,
  "Kyle Manzardo": 0.09761904761904762,
  "Daniel Schneemann": 0.013157894736842105,
  "Kyle Schwarber": 0.1583258560023787,
  "Bryce Harper": 0.12431824592949911,
  "Vladimir Guerrero Jr.": 0.08522302562419759,
  "Max Kepler": 0.09224642750350484,
  "Nick Castellanos": 0.08268061227370865,
  "Trea Turner": 0.08057481826904817,
  "J.T. Realmuto": 0.09167624360321007,
  "George Springer": 0.07561233951118691,
  "Alec Bohm": 0.07511820468358446,
  "Bryson Stott": 0.06949762089646831,
  "Davis Schneider": 0.06210924118331526,
  "Bo Bichette": 0.06693595406593937,
  "Addison Barger": 0.06153805876675861,
  "Brandon Marsh": 0.06646935295083443,
  "Alejandro Kirk": 0.06014692635376711,
  "Ernie Clement": 0.047123340506062754,
  "Andres Gimenez": 0.04161734364509517,
  "Myles Straw": 0.031779057310773344,
  "Jonatan Clase": 0.060000000000000005,
  "Mike Trout": 0.11723521293604519,
  "Taylor Ward": 0.09070454956665179,
  "Romy Gonzalez": 0.09053041682197692,
  "Rafael Devers": 0.09118946859602171,
  "Jorge Soler": 0.07763915421543172,
  "Trevor Story": 0.07427600792139187,
  "Jo Adell": 0.07723612030080469,
  "Zach Neto": 0.079164439694152,
  "Rob Refsnyder": 0.07654935104237934,
  "Ceddanne Rafaela": 0.06875820152215951,
  "Kristian Campbell": 0.061785435044572484,
  "Travis d'Arnaud": 0.07539589142201082,
  "Jarren Duran": 0.05877149201639081,
  "Connor Wong": 0.07174022688725792,
  "Abraham Toro": 0.05702456501499564,
  "Chris Taylor": 0.050451610620809516,
  "Nolan Schanuel": 0.04534314938092387,
  "Luis Rengifo": 0.044550845117997846,
  "Tyler Stephenson": 0.1138187622580641,
  "Christian Yelich": 0.11960947317416099,
  "Elly De La Cruz": 0.1117467243542259,
  "Rhys Hoskins": 0.10676568823226308,
  "William Contreras": 0.10751213962962919,
  "Will Benson": 0.09291507999009781,
  "Spencer Steer": 0.09281424563514096,
  "Jackson Chourio": 0.09611799369886198,
  "Matt McLain": 0.09665966980808366,
  "TJ Friedl": 0.06961434952632135,
  "Brice Turang": 0.06828598371428271,
  "Gavin Lux": 0.06054805401606748,
  "Sal Frelick": 0.054724002069752184,
  "Isaac Collins": 0.05657385403796887,
  "Jake Fraley": 0.059054248142966066,
  "Joey Ortiz": 0.05326857472088139,
  "Santiago Espinal": 0.05091414789132601,
  "Caleb Durbin": 0.05596871968665398,
  "Matt Olson": 0.14347325844906092,
  "Corbin Carroll": 0.13828930905656694,
  "Ronald Acuna Jr.": 0.11342457344629547,
  "Austin Riley": 0.11636630547062943,
  "Ketel Marte": 0.10222422363783007,
  "Marcell Ozuna": 0.10040253159327292,
  "Eugenio Suarez": 0.08777696669604432,
  "Ozzie Albies": 0.07601869135949836,
  "Josh Naylor": 0.07918717865797402,
  "Drake Baldwin": 0.06970103619477329,
  "Michael Harris II": 0.06940465985520711,
  "Pavin Smith": 0.07159666449776585,
  "Lourdes Gurriel Jr.": 0.06265099898998608,
  "Geraldo Perdomo": 0.0570507754398738,
  "Alex Verdugo": 0.05566290416635648,
  "Alek Thomas": 0.04954984578285306,
  "Gabriel Moreno": 0.05566018004621779,
  "Nick Allen": 0.0442172096908939,
  "Corey Seager": 0.09864089069971423,
  "Junior Caminero": 0.09756416053493375,
  "Jonathan Aranda": 0.09528214734568213,
  "Brandon Lowe": 0.08921565964191881,
  "Wyatt Langford": 0.08322025616963731,
  "Jake Burger": 0.08248545898645009,
  "Josh Lowe": 0.0795944679473109,
  "Yandy Diaz": 0.06949847198625386,
  "Kameron Misner": 0.06169134094013837,
  "Danny Jansen": 0.0721153044502634,
  "Josh Jung": 0.05979105742989562,
  "Marcus Semien": 0.06065698647794112,
  "Josh Smith": 0.05674064135057043,
  "Kyle Higashioka": 0.058218617914423024,
  "Evan Carter": 0.05645987150779382,
  "Alejandro Osuna": 0.06015940121542283,
  "Taylor Walls": 0.0525390444578809,
  "Jake Mangum": 0.04181312487535916,
  "Jonah Heim": 0.060000000000000005,
  "Jose Caballero": 0.060000000000000005,
  "Sam Haggerty": 0.060000000000000005,
  "Matt Thaiss": 0.060000000000000005,
  "Kerry Carpenter": 0.11525736131164928,
  "Spencer Torkelson": 0.09939491738724475,
  "Riley Greene": 0.09924637909763767,
  "Miguel Vargas": 0.0932695641594939,
  "Parker Meadows": 0.0755770240769209,
  "Andrew Benintendi": 0.0618276469420589,
  "Wenceel Perez": 0.07485395616998532,
  "Dillon Dingler": 0.07288575358368658,
  "Javier Baez": 0.07742914131357193,
  "Gleyber Torres": 0.07053175023707234,
  "Mike Tauchman": 0.0618892931958896,
  "Trey Sweeney": 0.06324924842489245,
  "Austin Slater": 0.07016649595486532,
  "Michael A. Taylor": 0.06363005925322641,
  "Vinny Capra": 0.05255708250677022,
  "Edgar Quero": 0.05807459687465994,
  "Chase Meidroth": 0.05308674790716383,
  "Josh Rojas": 0.058665513256920265,
  "Luis Robert Jr.": 0.013157894736842105,
  "Willson Contreras": 0.11271076071447378,
  "Bobby Witt Jr.": 0.10242390676746181,
  "Lars Nootbaar": 0.09798069744606613,
  "Salvador Perez": 0.08497869908639014,
  "Nolan Gorman": 0.1035521525455921,
  "Vinnie Pasquantino": 0.07390743663850775,
  "Jac Caglianone": 0.09668028132055047,
  "Alec Burleson": 0.07721507236600116,
  "Masyn Winn": 0.07265218563697118,
  "Ivan Herrera": 0.07235754381929563,
  "Nolan Arenado": 0.07264652012204639,