{
  "Agust\u00edn Ram\u00edrez": 0.15347855428019366,
  "James Wood": 0.1392243058171442,
  "Connor Norby": 0.11594049633575326,
  "Josh Bell": 0.1086608570844795,
  "Heriberto Hernandez": 0.10726401576507466,
  "Jakob Marsee": 0.10723340664355646,
  "Otto Lopez": 0.10000710452779717,
  "Dylan Crews": 0.09294321338180987,
  "Luis Garcia Jr.": 0.0952074508147394,
  "Eric Wagaman": 0.10482645680639865,
  "Joey Wiemer": 0.09224269465562998,
  "Daylen Lile": 0.08459249493963208,
  "Robert Hassell III": 0.07625238142710478,
  "Brady House": 0.08068038211662817,
  "Javier Sanoja": 0.060486339250171516,
  "Xavier Edwards": 0.05436626595351843,
  "Nasim Nunez": 0.054634482928681824,
  "Riley Adams": 0.09761904761904762,
  "CJ Abrams": 0.09761904761904762,
  "Derek Hill": 0.07361111111111111,
  "Paul DeJong": 0.09761904761904762,
  "Pete Alonso": 0.1484183684910904,
  "Juan Soto": 0.15348658191193335,
  "Francisco Lindor": 0.1176208574034661,
  "Riley Greene": 0.11601838911301826,
  "Brandon Nimmo": 0.09903925773634606,
  "Kerry Carpenter": 0.10246272973671088,
  "Spencer Torkelson": 0.09899007085166879,
  "Mark Vientos": 0.09675332913804588,
  "Brett Baty": 0.07802167428550655,
  "Gleyber Torres": 0.06762628518490947,
  "Colt Keith": 0.07127938322949,
  "Jeff McNeil": 0.06551206582646568,
  "Javier Baez": 0.06863852124136222,
  "Starling Marte": 0.056156487207558566,
  "Jake Rogers": 0.06673692121798774,
  "Wenceel Perez": 0.0647292422703555,
  "Zach McKinstry": 0.059937052752285384,
  "Hayden Senger": 0.05286798086665108,
  "Dillon Dingler": 0.060000000000000005,
  "Trey Sweeney": 0.060000000000000005,
  "Luis Torrens": 0.07361111111111111,
  "Cedric Mullins": 0.07361111111111111,
  "Ketel Marte": 0.12106983998288347,
  "Corbin Carroll": 0.12418408039824581,
  "Wyatt Langford": 0.11609965090667253,
  "Joc Pederson": 0.10306268855512153,
  "Jake Burger": 0.11724080855363192,
  "Kyle Higashioka": 0.09309548784615877,
  "Adrian Del Castillo": 0.08501085333142774,
  "Gabriel Moreno": 0.0754490290658025,
  "Cody Freeman": 0.06596112403129947,
  "Blaze Alexander": 0.0680402287218172,
  "Josh Smith": 0.06132869218368994,
  "Alek Thomas": 0.0632220904447118,
  "Tyler Locklear": 0.060934503903463506,
  "Michael Helman": 0.06735292183398836,
  "Ezequiel Duran": 0.05463728854314096,
  "Geraldo Perdomo": 0.06202128786188273,
  "Alejandro Osuna": 0.05590008765296122,
  "Jake McCarthy": 0.05260070044802575,
  "Fernando Tatis Jr.": 0.13445879829578233,
  "Manny Machado": 0.14831559063317046,
  "Ramon Laureano": 0.12069421971505014,
  "Ryan Mountcastle": 0.11335610371183492,
  "Jeremiah Jackson": 0.1036729075877556,
  "Alex Jackson": 0.10047208296257866,
  "Jackson Holliday": 0.09246149521533963,
  "Colton Cowser": 0.09979534035035219,
  "Dylan Carlson": 0.07534720817018022,
  "Luis Vazquez": 0.08444551428987768,
  "Jackson Merrill": 0.0925143087481663,
  "Elias Diaz": 0.0821279367795686,
  "Ryan O'Hearn": 0.0891139212568697,
  "Coby Mayo": 0.08449760576143803,
  "Emmanuel Rivera": 0.07419589488216939,
  "Jake Cronenworth": 0.07615667919589489,
  "Jose Iglesias": 0.06351910243209079,
  "Luis Arraez": 0.06055374549692732,
  "Gunnar Henderson": 0.10757575757575757,
  "Daulton Varsho": 0.18175752717786894,
  "George Springer": 0.16524806418466767,
  "Vladimir Guerrero Jr.": 0.1534941192557602,
  "Addison Barger": 0.12465437719803367,
  "Alejandro Kirk": 0.1056186544511471,
  "TJ Friedl": 0.09197946744417106,
  "Elly De La Cruz": 0.10381117168260384,
  "Noelvi Marte": 0.10996568133057157,
  "Bo Bichette": 0.11899563747788883,
  "Austin Hays": 0.10142782683132351,
  "Andres Gimenez": 0.09136053181025852,
  "Ty France": 0.09408063197680684,
  "Jose Trevino": 0.07301614214145818,
  "Spencer Steer": 0.0964300655986039,
  "Matt McLain": 0.08299491781896344,
  "Gavin Lux": 0.06693315327204433,
  "Ernie Clement": 0.06747285014019117,
  "Ke'Bryan Hayes": 0.07885499781297745,
  "Nathan Lukes": 0.060000000000000005,
  "Miguel Andujar": 0.07361111111111111,
  "Sal Stewart": 0.09761904761904762,
  "Shohei Ohtani": 0.195110207086692,
  "Oneil Cruz": 0.11114532457385994,
  "Freddie Freeman": 0.0993717359906865,
  "Teoscar Hernandez": 0.09444915456652546,
  "Andy Pages": 0.08091157342592628,
  "Mookie Betts": 0.07692181392638693,
  "Tommy Pham": 0.08773851276051496,
  "Will Smith": 0.0954469022489416,
  "Bryan Reynolds": 0.09206063608925902,
  "Enrique Hernandez": 0.0636971773860238,
  "Nick Gonzales": 0.0656404405006432,
  "Jared Triolo": 0.07199833447463626,
  "Andrew McCutchen": 0.08674323135273124,
  "Spencer Horwitz": 0.0813813986823937,
  "Cam Devanney": 0.06439218249355706,
  "Alex Freeland": 0.0670561429818315,
  "Joey Bart": 0.07125131181949364,
  "Alex Call": 0.053296973204207086,
  "Miguel Rojas": 0.060000000000000005,
  "Michael Conforto": 0.09761904761904762,
  "Jose Ramirez": 0.11744645225347389,
  "Alex Bregman": 0.11684303690215532,
  "Trevor Story": 0.11909561040497682,
  "Kyle Manzardo": 0.10486186514158016,
  "Romy Gonzalez": 0.10155475775056001,
  "Rob Refsnyder": 0.09073622224148203,
  "Jarren Duran": 0.08510379725293733,
  "Jhonkensy Noel": 0.08412034185278151,
  "Ceddanne Rafaela": 0.0844314785147834,
  "Angel Martinez": 0.0730273766441501,
  "Nate Eaton": 0.07272912883851995,
  "Bo Naylor": 0.0771325474730415,
  "Gabriel Arias": 0.0717443613826402,
  "C. J. Kayfus": 0.0620906039558108,
  "Steven Kwan": 0.060261524822695034,
  "Nick Sogard": 0.06926605176605176,
  "Connor Wong": 0.06805837151231889,
  "Brayan Rocchio": 0.05477004123234357,
  "Cal Raleigh": 0.19618414601216652,
  "Junior Caminero": 0.1700442211201695,
  "Eugenio Suarez": 0.13122031809512538,
  "Jorge Polanco": 0.10952733437552747,
  "Brandon Lowe": 0.12846623261792778,
  "Josh Naylor": 0.0980536114304297,
  "Yandy Diaz": 0.10009031222202508,
  "Randy Arozarena": 0.10611580863525308,
  "Julio Rodriguez": 0.10072275941984775,
  "Dominic Canzone": 0.09401878977212558,
  "Mitch Garver": 0.0794837825774645,
  "Josh Lowe": 0.0819525892922433,
  "Carson Williams": 0.07536762230370216,
  "Hunter Feduccia": 0.07010310375083695,
  "Bob Seymour": 0.07304691677240698,
  "J.P. Crawford": 0.054919014528943606,
  "Jake Mangum": 0.04722199991537008,
  "Chandler Simpson": 0.05948136645962733,
  "Richie Palacios": 0.07361111111111111,
  "Cole Young": 0.07361111111111111,
  "Ronald Acuna Jr.": 0.13794901316159836,
  "Seiya Suzuki": 0.1163213129812219,
  "Matt Olson": 0.11078612667990742,
  "Marcell Ozuna": 0.10348155993505341,
  "Michael Busch": 0.11760571967023482,
  "Ian Happ": 0.10901717753455914,
  "Dansby Swanson": 0.09310849552143084,
  "Ozzie Albies": 0.08992139978788644,
  "Michael Harris II": 0.08646558639355266,
  "Drake Baldwin": 0.08223991209988415,
  "Willi Castro": 0.06469440360025602,
  "Reese McGuire": 0.057144899359763225,
  "Eli White": 0.060496355648642516,
  "Ha-Seong Kim": 0.05925108901913026,
  "Matt Shaw": 0.0682455843623578,
  "Nacho Alvarez Jr.": 0.054521696119021426,
  "Nico Hoerner": 0.05443878190332985,
  "Pete Crow-Armstrong": 0.12000000000000001,
  "Carson Kelly": 0.07361111111111111,
  "Jake Fraley": 0.060000000000000005,
  "Byron Buxton": 0.15014106776551583,
  "Matt Wallner": 0.15346082029544147,
  "Colson Montgomery": 0.1366387579738405,
  "Royce Lewis": 0.10912583656527475,
  "Brooks Lee": 0.08906959428464804,
  "Lenyn Sosa": 0.09235154755304648,
  "Trevor Larnach": 0.10467016341830053,
  "Andrew Benintendi": 0.10053001759538507,
  "Ryan Jeffers": 0.07498816095787558,
  "Kyle Teel": 0.08712409710795464,
  "Luke Keaschall": 0.06941025057410793,
  "Brooks Baldwin": 0.07901427600910244,
  "Edouard Julien": 0.07261449347549134,
  "Edgar Quero": 0.07060064501293577,
  "Curtis Mead": 0.061316395374463886,
  "Michael A. Taylor": 0.0702984121941606,
  "Austin Martin": 0.04673254466072146,
  "Chase Meidroth": 0.054190096251266466,
  "Mike Tauchman": 0.08392857142857142,
  "Jo Adell": 0.13548124795615019,
  "Taylor Ward": 0.1175741637042955,
  "Bobby Witt Jr.": 0.13226959335303343,