{
  "Jordan Beck": 0.07084336875245965,
  "Brenton Doyle": 0.10063452556063962,
  "Jonny Deluca": 0.07597852056725768,
  "Junior Caminero": 0.11919641161577847,
  "Christopher Morel": 0.14155873194232654,
  "Taylor Walls": 0.060047067837247114,
  "Yandy Diaz": 0.10695298429142776,
  "Brandon Lowe": 0.10594160771840096,
  "Nick Martini": 0.06862228081250953,
  "Curtis Mead": 0.08739819870781383,
  "Ryan McMahon": 0.08359549220152952,
  "Josh Lowe": 0.0736662227099259,
  "Danny Jansen": 0.1211040374482915,
  "Kris Bryant": 0.07925216977253374,
  "Hunter Goodman": 0.09834103789549344,
  "Ezequiel Tovar": 0.10087396029667894,
  "Michael Toglia": 0.09338026897451733,
  "Kyle Farmer": 0.06046189404910797,
  "Jacob Stallings": 0.060000000000000005,
  "Tyler Freeman": 0.060000000000000005,
  "Cedric Mullins": 0.09699378050346111,
  "Vladimir Guerrero Jr.": 0.13293088510868015,
  "Bo Bichette": 0.07894962375711038,
  "Ramon Urias": 0.07361111111111111,
  "Ryan Mountcastle": 0.08386265921393411,
  "George Springer": 0.08042020223552211,
  "Jorge Mateo": 0.06876329671110534,
  "Alejandro Kirk": 0.07815141648474982,
  "Adley Rutschman": 0.09696448378006041,
  "Colton Cowser": 0.11740228099496235,
  "Alan Roden": 0.08867889420521,
  "Nathan Lukes": 0.06403028461554296,
  "Jordan Westburg": 0.10314899696591331,
  "Jackson Holliday": 0.07626185932289842,
  "Anthony Santander": 0.14248310625824423,
  "Ryan O'Hearn": 0.08850964526889696,
  "Will Wagner": 0.07123208002985251,
  "Ernie Clement": 0.060000000000000005,
  "Andres Gimenez": 0.06728605776695368,
  "Tyler O'Neill": 0.145716505041733,
  "Griffin Conine": 0.09578480040664915,
  "Endy Rodriguez": 0.08340476933345822,
  "Kyle Stowers": 0.07703292463651963,
  "Andrew McCutchen": 0.10366862925720262,
  "Adam Frazier": 0.06561335350809035,
  "Bryan Reynolds": 0.11206173828859853,
  "Nick Fortes": 0.060000000000000005,
  "Oneil Cruz": 0.1291531465324035,
  "Jack Suwinski": 0.08392857142857142,
  "Ke'Bryan Hayes": 0.0720477372336753,
  "Dane Myers": 0.08392857142857142,
  "Isiah Kiner-Falefa": 0.06264507212783076,
  "Otto Lopez": 0.06891695100673428,
  "Jonah Bride": 0.06834749449643066,
  "Xavier Edwards": 0.056288615725701825,
  "Joey Bart": 0.09954260947862745,
  "Jared Triolo": 0.07361111111111111,
  "Graham Pauley": 0.08170656041500032,
  "Derek Hill": 0.06289894394765884,
  "Tommy Pham": 0.08442443526513277,
  "Matt Mervis": 0.08282944126266495,
  "Connor Wong": 0.07396441496507819,
  "Ceddanne Rafaela": 0.08816730298037014,
  "Kristian Campbell": 0.1089693324915501,
  "Rafael Devers": 0.1811572873394716,
  "Leody Taveras": 0.06176934231057942,
  "Trevor Story": 0.09766138668402158,
  "Corey Seager": 0.14015854321117477,
  "Adolis Garcia": 0.11861721424040264,
  "Jonah Heim": 0.07403726791807287,
  "Jarren Duran": 0.12798493650376833,
  "Wilyer Abreu": 0.1309103359125437,
  "Triston Casas": 0.12190859413810233,
  "Alex Bregman": 0.12684034170834005,
  "David Hamilton": 0.07361111111111111,
  "Josh Jung": 0.07710349784235701,
  "Marcus Semien": 0.09795409730516524,
  "Jake Burger": 0.12325520212476734,
  "Joc Pederson": 0.11124900389912458,
  "Wyatt Langford": 0.10106379411757113,
  "Brandon Nimmo": 0.09752170030233272,
  "Jose Altuve": 0.07942558047647744,
  "Chas McCormick": 0.049999999999999996,
  "Yordan Alvarez": 0.16776842696685101,
  "Pete Alonso": 0.12802035493746444,
  "Jake Meyers": 0.07236635134961372,
  "Francisco Lindor": 0.12709991634873855,
  "Mauricio Dubon": 0.049999999999999996,
  "Jeremy Pena": 0.08076035029649034,
  "Mark Vientos": 0.12013892581795396,
  "Starling Marte": 0.060000000000000005,
  "Brett Baty": 0.0684537829810229,
  "Tyrone Taylor": 0.07431959305066974,
  "Jesse Winker": 0.06870536310597004,
  "Yainer Diaz": 0.09249909023968812,
  "Luis Torrens": 0.05829043554049897,
  "Luisangel Acu\u00f1a": 0.15,
  "Cam Smith": 0.0726652778400012,
  "Jose Siri": 0.10757575757575757,
  "Christian Walker": 0.12719022154316273,
  "Isaac Paredes": 0.08668801890682135,
  "Brendan Rodgers": 0.0749445626305007,
  "Juan Soto": 0.14600081166840004,
  "Ian Happ": 0.09739329523388157,
  "Miguel Amaya": 0.060000000000000005,
  "Ketel Marte": 0.136607238708688,
  "Pavin Smith": 0.10748936514305367,
  "Michael Busch": 0.09555592239784798,
  "Lourdes Gurriel Jr.": 0.08555681283265777,
  "Nico Hoerner": 0.05254153582462832,
  "Corbin Carroll": 0.1144599888766878,
  "Pete Crow-Armstrong": 0.07229203930937579,
  "Dansby Swanson": 0.08082418324503612,
  "Geraldo Perdomo": 0.060773504541620484,
  "Jake McCarthy": 0.060000000000000005,
  "Gabriel Moreno": 0.060000000000000005,
  "Eugenio Suarez": 0.12989589697443452,
  "Seiya Suzuki": 0.094021481565501,
  "Randal Grichuk": 0.07361111111111111,
  "Kyle Tucker": 0.12280618090284559,
  "Matt Shaw": 0.064687515680999,
  "Josh Naylor": 0.10036455007080806,
  "Alek Thomas": 0.07295756006282322,
  "Jose Herrera": 0.06765873015873015,
  "Carson Kelly": 0.07152892561983472,
  "Jackson Merrill": 0.11414502164502165,
  "Austin Riley": 0.1253337332956898,
  "Xander Bogaerts": 0.07470619101383823,
  "Jake Cronenworth": 0.07762981170875907,
  "Orlando Arcia": 0.07361111111111111,
  "Michael Harris II": 0.08604426029671128,
  "Manny Machado": 0.1309114782276547,
  "Fernando Tatis Jr.": 0.15827018742074977,
  "Marcell Ozuna": 0.1368880272849219,
  "Matt Olson": 0.12160294256042338,
  "Ozzie Albies": 0.08291421106396353,
  "Jarred Kelenic": 0.07870658433158434,
  "Elias Diaz": 0.060000000000000005,
  "Luis Arraez": 0.05592079156223893,
  "Jurickson Profar": 0.08875457875457875,
  "Jason Heyward": 0.08036872441284205,
  "Brandon Lockridge": 0.15,
  "Gavin Sheets": 0.07176454816160699,
  "Drake Baldwin": 0.07770370370370369,
  "Nick Allen": 0.0683982683982684,
  "Martin Maldonado": 0.10211640211640212,
  "J.P. Crawford": 0.06608141307524308,
  "Julio Rodriguez": 0.1232680851438276,
  "Cal Raleigh": 0.15455781644842892,
  "Dylan Moore": 0.10466925184316489,
  "Shea Langeliers": 0.11399741955069824,
  "Lawrence Butler": 0.1165116578032179,
  "Brent Rooker": 0.13307436951410911,
  "Miguel Andujar": 0.060000000000000005,
  "JJ Bleday": 0.10506921426634457,
  "Jorge Polanco": 0.13808449022242125,
  "Luke Raley": 0.15,
  "Tyler Soderstrom": 0.10021288387594246,
  "Ryan Bliss": 0.07361111111111111,
  "Mitch Garver": 0.11877925490053635,
  "Randy Arozarena": 0.1268546063297938,
  "Jacob Wilson": 0.05568925953944443,
  "Victor Robles": 0.07361549761936609,
  "Donovan Solano": 0.08405553905553906,
  "Gio Urshela": 0.08203326247756786,
  "Max Muncy (2002)": 0.06267194029226116,
  "Seth Brown": 0.14915161466885604,
  "Michael Conforto": 0.0979735792202252,
  "Trey Sweeney": 0.07078975630993133,
  "Will Smith": 0.09761904761904762,
  "Max Muncy": 0.11634089795902756,
  "Freddie Freeman": 0.09978771389920017,
  "Jake Rogers": 0.07361111111111111,
  "Mookie Betts": 0.11034609686809968,
  "Javier Baez": 0.08392857142857142,
  "Spencer Torkelson": 0.09203991164698298,
  "Andy Ibanez": 0.060000000000000005,
  "Ryan Kreidler": 0.05227336276674025,
  "Andy Pages": 0.0971985099067794,
  "Colt Keith": 0.0650610466252705,
  "Teoscar Hernandez": 0.10806986003568193,
  "Gleyber Torres": 0.07059501496165448,
  "Shohei Ohtani": 0.1814831737343573,
  "Kerry Carpenter": 0.10060376905561007,
  "Miguel Rojas": 0.060000000000000005,
  "Riley Greene": 0.07958842972088215,
  "Manuel Margot": 0.049999999999999996,
  "Zach McKinstry": 0.059430411895427734,
  "Tommy Edman": 0.05831359947525705,
  "Austin Barnes": 0.09374767744332962,
  "Dillon Dingler": 0.07816090208271338
}