{
  "Austin Riley": 0.1212605820813709,
  "Ozzie Albies": 0.08789076466123032,
  "Bo Bichette": 0.07028628193477217,
  "Alejandro Kirk": 0.06701638337399927,
  "Vladimir Guerrero Jr.": 0.10329892078144737,
  "Michael Harris II": 0.11417007347312737,
  "Matt Olson": 0.14344075921345853,
  "Will Wagner": 0.060000000000000005,
  "Andres Gimenez": 0.061431848437898194,
  "Sean Murphy": 0.09491559236357278,
  "Addison Barger": 0.06588713921001293,
  "Jarred Kelenic": 0.07361111111111111,
  "Bryan De La Cruz": 0.06756946125719243,
  "Myles Straw": 0.04304624081666024,
  "Anthony Santander": 0.1196871561513079,
  "Alan Roden": 0.07070266901948609,
  "Stuart Fairchild": 0.04236406619385343,
  "Orlando Arcia": 0.07553437904087255,
  "Drake Baldwin": 0.08013244669564831,
  "Eli White": 0.06164319904499946,
  "Ernie Clement": 0.07491408848551706,
  "Nick Allen": 0.005847953216374269,
  "Andy Ibanez": 0.08263978594469491,
  "Oliver Dunn": 0.06022985399888401,
  "Javier Baez": 0.07202083934303623,
  "Jackson Chourio": 0.11378461579277098,
  "Ryan Kreidler": 0.06038477567457396,
  "Riley Greene": 0.0973476830479092,
  "Joey Ortiz": 0.06038475307780016,
  "Christian Yelich": 0.09966741358587904,
  "William Contreras": 0.11147025530589248,
  "Garrett Mitchell": 0.0670169738947648,
  "Justyn-Henry Malloy": 0.0730255778294994,
  "Sal Frelick": 0.05411530786110137,
  "Brice Turang": 0.062289984219808775,
  "Spencer Torkelson": 0.13209566254690597,
  "Rhys Hoskins": 0.11664687467395886,
  "Trey Sweeney": 0.08844355000645014,
  "Gleyber Torres": 0.08537944396036648,
  "Tomas Nido": 0.06518399608815928,
  "Kerry Carpenter": 0.12000000000000001,
  "Zach McKinstry": 0.060000000000000005,
  "Dillon Dingler": 0.060000000000000005,
  "Colt Keith": 0.060000000000000005,
  "Byron Buxton": 0.12274238167034209,
  "Trevor Larnach": 0.08180175682555375,
  "Brett Baty": 0.07040833161153782,
  "Pete Alonso": 0.12556822992519479,
  "Mark Vientos": 0.08392857142857142,
  "Edouard Julien": 0.0701827477262761,
  "Francisco Lindor": 0.11174405523199965,
  "Brandon Nimmo": 0.10004245844932119,
  "Willi Castro": 0.07134921346155075,
  "Christian Vazquez": 0.060000000000000005,
  "Tyrone Taylor": 0.07353733552809877,
  "Jesse Winker": 0.06856308942590393,
  "DaShawn Keirsey Jr.": 0.0796543482257768,
  "Brooks Lee": 0.07601105845672909,
  "Ty France": 0.0643474222172951,
  "Hayden Senger": 0.05383040757620109,
  "Harrison Bader": 0.06077600891650479,
  "Juan Soto": 0.1416561023789946,
  "Ryan Jeffers": 0.08108748938430069,
  "Luisangel Acu\u00f1a": 0.06833031523758505,
  "Jose Altuve": 0.09157629720749666,
  "Yordan Alvarez": 0.12000000000000001,
  "Nolan Arenado": 0.08200548539867425,
  "Lars Nootbaar": 0.1020554852201027,
  "Jake Meyers": 0.07801611071977929,
  "Jeremy Pena": 0.07706655341573282,
  "Mauricio Dubon": 0.042207505518763795,
  "Brendan Donovan": 0.08729609477940896,
  "Yainer Diaz": 0.08858203289760953,
  "Nolan Gorman": 0.09761904761904762,
  "Christian Walker": 0.12201181686784641,
  "Willson Contreras": 0.11152368577164387,
  "Pedro Pages": 0.060000000000000005,
  "Alec Burleson": 0.08062815367562529,
  "Victor Scott II": 0.09151207433574991,
  "Isaac Paredes": 0.08203931477460889,
  "Jordan Walker": 0.09100194624866795,
  "Cam Smith": 0.06888882084142914,
  "Brendan Rodgers": 0.08419662601882859,
  "Chas McCormick": 0.07751472080671366,
  "Yohel Pozo": 0.1285410667763609,
  "Thomas Saggese": 0.11616390145801911,
  "Miguel Amaya": 0.07361111111111111,
  "Xander Bogaerts": 0.07948512063655994,
  "Fernando Tatis Jr.": 0.14076767715593252,
  "Manny Machado": 0.13040148748612312,
  "Ian Happ": 0.09892291510478247,
  "Nico Hoerner": 0.06071719374772809,
  "Luis Arraez": 0.04855791643011765,
  "Pete Crow-Armstrong": 0.07783995537114967,
  "Michael Busch": 0.10479199183149067,
  "Dansby Swanson": 0.10246272973671088,
  "Elias Diaz": 0.06969862968918843,
  "Gage Workman": 0.07361111111111111,
  "Yuli Gurriel": 0.060000000000000005,
  "Justin Turner": 0.08392857142857142,
  "Jason Heyward": 0.060000000000000005,
  "Kyle Tucker": 0.12734541008762545,
  "Jose Iglesias": 0.05689894404125769,
  "Oscar Gonzalez": 0.07969314312987509,
  "Connor Joe": 0.08148713373966597,
  "Tyler Wade": 0.04791511387163561,
  "Carson Kelly": 0.09000010255426544,
  "Seiya Suzuki": 0.12316070925978047,
  "Jon Berti": 0.07139550863080275,
  "Carlos Santana": 0.08142906354163196,
  "Cedric Mullins": 0.07076138881152734,
  "Gabriel Arias": 0.06767843321967033,
  "Ryan Mountcastle": 0.068913862667326,
  "Jose Ramirez": 0.1029543645649706,
  "Jhonkensy Noel": 0.08392857142857142,
  "Bo Naylor": 0.07291279268375087,
  "Ryan O'Hearn": 0.06747321659410882,
  "Steven Kwan": 0.05076650059625996,
  "Adley Rutschman": 0.07737492415506791,
  "Gunnar Henderson": 0.09783962302346318,
  "Kyle Manzardo": 0.08545510030204252,
  "Daniel Schneemann": 0.055233742220497185,
  "Jackson Holliday": 0.05448609009756177,
  "Heston Kjerstad": 0.07408740018707433,
  "Ramon Urias": 0.06913183872214973,
  "Lane Thomas": 0.08420690367666019,
  "Angel Martinez": 0.06368994191666906,
  "Ramon Laureano": 0.05730954015099519,
  "Pavin Smith": 0.09196191662580072,
  "Geraldo Perdomo": 0.06037716138145677,
  "Jake McCarthy": 0.060000000000000005,
  "Jesus Sanchez": 0.11108576214507017,
  "Corbin Carroll": 0.11450116414194535,
  "Alek Thomas": 0.06397987662028595,
  "Xavier Edwards": 0.04940873015873016,
  "Lourdes Gurriel Jr.": 0.07270624632832504,
  "Eugenio Suarez": 0.11398008215143766,
  "Gabriel Moreno": 0.05689894404125769,
  "Otto Lopez": 0.0564254599995917,
  "Griffin Conine": 0.08614027763563761,
  "Graham Pauley": 0.06443782277303928,
  "Kyle Stowers": 0.09185541207425425,
  "Liam Hicks": 0.055259538863940895,
  "Tim Tawa": 0.06052825192184549,
  "Eric Wagaman": 0.04275482093663912,
  "Matt Mervis": 0.09988731716945694,
  "Josh Naylor": 0.08479335326689465,
  "Derek Hill": 0.08250892429585129,
  "J.P. Crawford": 0.06755589049706696,
  "Cal Raleigh": 0.1639590975458156,
  "Christian Encarnacion-Strand": 0.0974473860153923,
  "Elly De La Cruz": 0.1325275504982058,
  "Julio Rodriguez": 0.13049460759813417,
  "TJ Friedl": 0.08451704037678613,
  "Jake Fraley": 0.06957220444205894,
  "Matt McLain": 0.09823810167544998,
  "Randy Arozarena": 0.1162800957341339,
  "Jeimer Candelario": 0.09761904761904762,
  "Jorge Polanco": 0.1154279628796362,
  "Luke Raley": 0.12647978994275652,
  "Jose Trevino": 0.059050715100465036,
  "Miles Mastrobuoni": 0.060000000000000005,
  "Gavin Lux": 0.07644281389530065,
  "Austin Hays": 0.1034223915822934,
  "Rowdy Tellez": 0.09138088725583392,
  "Brandon Williamson": 0.05974927852213342,
  "Spencer Steer": 0.09491048032380328,
  "Dylan Moore": 0.09750053958387292,
  "Adam Frazier": 0.060000000000000005,
  "Andrew McCutchen": 0.08149753472629809,
  "Ke'Bryan Hayes": 0.06727950932264065,
  "Luis Garcia Jr.": 0.05601667315708249,
  "Oneil Cruz": 0.0856452876528634,
  "Keibert Ruiz": 0.07281285146058465,
  "Bryan Reynolds": 0.08892086989798655,
  "Josh Bell": 0.08202552727008593,
  "Alex Call": 0.06941998182810562,
  "Riley Adams": 0.060000000000000005,
  "Jacob Young": 0.060000000000000005,
  "Isiah Kiner-Falefa": 0.057764627756349614,
  "Dylan Crews": 0.06738116027983312,
  "Henry Davis": 0.07620908927012836,
  "Nasim Nunez": 0.04896327585517035,
  "James Wood": 0.08356271228657673,
  "Nathaniel Lowe": 0.06201231329319461,
  "Enmanuel Valdez": 0.058539979987902925,
  "Amed Rosario": 0.06369368769175054,
  "Tommy Pham": 0.07695439872762976,
  "Alexander Canario": 0.08392857142857142,
  "Jared Triolo": 0.06773471522392864,
  "Bryce Harper": 0.11666207767346227,
  "Rafael Marchan": 0.05518629339965788,
  "J.T. Realmuto": 0.10235870801654257,
  "Mike Yastrzemski": 0.11524279561201521,
  "LaMonte Wade Jr.": 0.0810482044506146,
  "Alec Bohm": 0.0961569620328365,
  "Nick Castellanos": 0.11188714230663875,
  "Heliot Ramos": 0.08882050687222977,
  "Wilmer Flores": 0.07659580620897682,
  "Kyle Schwarber": 0.13607105310886067,