{
  "Cal Raleigh": 0.1690652191712944,
  "Eugenio Suarez": 0.13023767435666966,
  "Matt Olson": 0.13330842073750898,
  "Julio Rodriguez": 0.11681827017797128,
  "Jorge Polanco": 0.10100157416691402,
  "Randy Arozarena": 0.11470750618887782,
  "Ronald Acuna Jr.": 0.10901114616824803,
  "Michael Harris II": 0.0987237456996377,
  "Jurickson Profar": 0.09555917899699698,
  "Ozzie Albies": 0.08880181304853477,
  "Drake Baldwin": 0.08821197949531633,
  "Mitch Garver": 0.09440794932691238,
  "Marcell Ozuna": 0.08831986329333466,
  "Josh Naylor": 0.09089626006477787,
  "J.P. Crawford": 0.05896648021648022,
  "Ha-Seong Kim": 0.06338634309859557,
  "Victor Robles": 0.05697265590435035,
  "Nacho Alvarez Jr.": 0.04995967923593279,
  "Junior Caminero": 0.1683951354100598,
  "Jose Ramirez": 0.13224296694386117,
  "Kyle Manzardo": 0.13262016488944817,
  "Yandy Diaz": 0.12812136264804086,
  "Brandon Lowe": 0.12500011655539056,
  "Christopher Morel": 0.12177005291130763,
  "Daniel Schneemann": 0.0802190659035691,
  "Carson Williams": 0.07973270166878152,
  "Everson Pereira": 0.07993952274846788,
  "Gabriel Arias": 0.07430827421983968,
  "Nolan Jones": 0.07020636867608329,
  "Nick Fortes": 0.07099594012125615,
  "Austin Hedges": 0.06491370382459491,
  "Josh Lowe": 0.08243639749806732,
  "Steven Kwan": 0.0737063556657968,
  "Brayan Rocchio": 0.060960089701811555,
  "Chandler Simpson": 0.044857158763354305,
  "Bo Naylor": 0.12000000000000001,
  "Shohei Ohtani": 0.22388704393631145,
  "Freddie Freeman": 0.13308214933684576,
  "Michael Conforto": 0.11559980630080607,
  "Enrique Hernandez": 0.08584880910098752,
  "Alex Jackson": 0.09368334278410637,
  "Mookie Betts": 0.0986071204687184,
  "Jeremiah Jackson": 0.10889826322622022,
  "Gunnar Henderson": 0.10302033158833787,
  "Ryan Mountcastle": 0.09151606893030748,
  "Alex Call": 0.071531126182758,
  "Coby Mayo": 0.06959791002102664,
  "Dylan Carlson": 0.061000112705240035,
  "Luis Vazquez": 0.06264512148786773,
  "Hyeseong Kim": 0.055099018171537256,
  "Ben Rortvedt": 0.061165633608815426,
  "Jorge Mateo": 0.06342215814518948,
  "Emmanuel Rivera": 0.0652610348509496,
  "Miguel Rojas": 0.059135770701003336,
  "Dylan Beavers": 0.07361111111111111,
  "Jackson Holliday": 0.04699633699633699,
  "Oneil Cruz": 0.11084017241964499,
  "Brice Turang": 0.08972993242389794,
  "Andrew Vaughn": 0.09475374657830798,
  "William Contreras": 0.09422464604920745,
  "Jake Bauers": 0.10968183162567798,
  "Danny Jansen": 0.1010276339900753,
  "Bryan Reynolds": 0.09651322461060549,
  "Nick Yorke": 0.08502513826043237,
  "Spencer Horwitz": 0.08076554980966745,
  "Caleb Durbin": 0.07093026125920862,
  "Isaac Collins": 0.0955318641321837,
  "Tommy Pham": 0.08214964306061387,
  "Andrew McCutchen": 0.08777674007300477,
  "Jared Triolo": 0.06776653228859111,
  "Joey Bart": 0.1,
  "Joey Ortiz": 0.060742354196301564,
  "Nick Gonzales": 0.05790904352576538,
  "Blake Perkins": 0.061796946740128554,
  "Henry Davis": 0.07761904761904762,
  "Jackson Chourio": 0.06095238095238095,
  "Aaron Judge": 0.211878668877731,
  "Giancarlo Stanton": 0.1976597405737227,
  "Ben Rice": 0.1612537591607359,
  "Jazz Chisholm Jr.": 0.15487318528770322,
  "Trent Grisham": 0.1484973951339344,
  "Cody Bellinger": 0.15515308449829376,
  "Austin Wells": 0.13335095453095858,
  "Ryan McMahon": 0.11424494361718263,
  "Vladimir Guerrero Jr.": 0.10122063990164855,
  "Davis Schneider": 0.09431406518901184,
  "George Springer": 0.10063948536329971,
  "Anthony Volpe": 0.08736278224248396,
  "Alejandro Kirk": 0.06760580276576149,
  "Ty France": 0.0645439517266619,
  "Ernie Clement": 0.05613788229511618,
  "Myles Straw": 0.04684128574748128,
  "Nathan Lukes": 0.05503289928156949,
  "Isiah Kiner-Falefa": 0.04470382425545469,
  "Spencer Torkelson": 0.11365520481639252,
  "Riley Greene": 0.12528308631440388,
  "Kerry Carpenter": 0.12009424205504668,
  "Colson Montgomery": 0.10867246296984913,
  "Gleyber Torres": 0.08420616308123217,
  "Wenceel Perez": 0.0880541483515965,
  "Andrew Benintendi": 0.0720610789036588,
  "Brooks Baldwin": 0.08445050737566755,
  "Mike Tauchman": 0.08342090634606651,
  "Lenyn Sosa": 0.08486154905498874,
  "Parker Meadows": 0.06125766252149478,
  "Jake Rogers": 0.07997923183516936,
  "Will Robertson": 0.0804406850459482,
  "Kyle Teel": 0.06562386596208264,
  "Colt Keith": 0.07533800337721906,
  "Curtis Mead": 0.0648296919527977,
  "Zach McKinstry": 0.07581081761402785,
  "Chase Meidroth": 0.056468605726303675,
  "Dillon Dingler": 0.07361111111111111,
  "Edgar Quero": 0.04418268297417977,
  "Juan Soto": 0.19208411872857017,
  "Pete Alonso": 0.16446850751685738,
  "Francisco Lindor": 0.1413273395190235,
  "Brandon Nimmo": 0.1351489323004194,
  "Elly De La Cruz": 0.11330796715392831,
  "Starling Marte": 0.09346568036056947,
  "Austin Hays": 0.10984475181057371,
  "Cedric Mullins": 0.10598575942086641,
  "Francisco Alvarez": 0.10254592060477531,
  "Noelvi Marte": 0.112425550888699,
  "Sal Stewart": 0.11727397646293246,
  "Jeff McNeil": 0.11045270779681315,
  "Matt McLain": 0.1006413570110888,
  "Tyler Stephenson": 0.1003708630244658,
  "Brett Baty": 0.09449131267982556,
  "TJ Friedl": 0.08268865795928965,
  "Gavin Lux": 0.07394838806357534,
  "Ke'Bryan Hayes": 0.0828517822832559,
  "Spencer Steer": 0.06128659978794552,
  "Kyle Schwarber": 0.21333032662745677,
  "Bryce Harper": 0.15390286951726692,
  "Agust\u00edn Ram\u00edrez": 0.10150281656935466,
  "Brandon Marsh": 0.08548977840746891,
  "Otto Lopez": 0.07935921894235762,
  "Max Kepler": 0.09155317331531529,
  "Heriberto Hernandez": 0.07934075318315112,
  "Nick Castellanos": 0.09206995731694777,
  "Jakob Marsee": 0.07433646076347601,
  "Troy Johnston": 0.07335596961980188,
  "Trea Turner": 0.07233926664231459,
  "Maximo Acosta": 0.07252743500373678,
  "Alec Bohm": 0.06436171895888455,
  "Rafael Marchan": 0.05930852536913142,
  "Victor Mesa": 0.06213039618846469,
  "Liam Hicks": 0.0582350426291266,
  "Bryson Stott": 0.05966101382768049,
  "Xavier Edwards": 0.05719982493812634,
  "Byron Buxton": 0.14779853137942844,
  "Salvador Perez": 0.13767051200495675,
  "Vinnie Pasquantino": 0.11447073928938613,
  "Matt Wallner": 0.11680495882906877,
  "Mike Yastrzemski": 0.1254778670147108,
  "Royce Lewis": 0.09720114737048782,
  "Kody Clemens": 0.09268251582459232,
  "Randal Grichuk": 0.10319826903340518,
  "Michael Massey": 0.06894822661556765,
  "Luke Maile": 0.06189749640976207,
  "Maikel Garcia": 0.08533895499546117,
  "Jhonny Pereda": 0.05911435786435787,
  "Austin Martin": 0.04912088802463134,
  "Edouard Julien": 0.06955127361581298,
  "Nick Loftin": 0.0669814548196715,
  "Brooks Lee": 0.06669879911480701,
  "Kyle Isbel": 0.06099873473502,
  "Luke Keaschall": 0.06620409309502263,
  "Rafael Devers": 0.13076909322714547,
  "Willy Adames": 0.11338882795557498,
  "Matt Chapman": 0.10404108008511469,
  "Nolan Gorman": 0.10828706578915342,
  "Lars Nootbaar": 0.10475419377121692,
  "Pedro Pages": 0.08392958780465691,
  "Ivan Herrera": 0.09340018895605856,
  "Heliot Ramos": 0.07176291374398028,
  "Drew Gilbert": 0.06496836956553516,
  "Nathan Church": 0.0666194938637183,
  "Casey Schmitt": 0.07525530485247045,
  "Andrew Knizner": 0.051606921568050274,
  "Masyn Winn": 0.06498093451360004,
  "Jordan Walker": 0.07413380327677171,
  "Dominic Smith": 0.0636321282219115,
  "Thomas Saggese": 0.062167792792792796,
  "Jung Hoo Lee": 0.06210599055993793,
  "Jose Fermin": 0.06042100035606529,
  "Seiya Suzuki": 0.10136264742139059,
  "Andr\u00e9s Chaparro": 0.07175258104108007,
  "Riley Adams": 0.06731444126644558,
  "Dansby Swanson": 0.08497904480309043,
  "Ian Happ": 0.09240412210887533,
  "Carlos Santana": 0.08035510181685362,
  "James Wood": 0.08087851570256133,
  "CJ Abrams": 0.06679744422245837,
  "Dylan Crews": 0.060441036274369614,
  "Carson Kelly": 0.07184743744111936,
  "Robert Hassell III": 0.06185792004419456,
  "Brady House": 0.060923779510736034,
  "Matt Shaw": 0.0666910711367015,
  "Luis Garcia Jr.": 0.06335950150358548,