{
  "Jose Ramirez": 0.12071255735985743,
  "Jhonkensy Noel": 0.11006209922745465,
  "Kyle Manzardo": 0.09688305975381843,
  "Carlos Santana": 0.09736700874049592,
  "Andrew Vaughn": 0.07670913996376576,
  "Bo Naylor": 0.08094378158737418,
  "Nick Maton": 0.07100907500962678,
  "Miguel Vargas": 0.0634502252499043,
  "Nolan Jones": 0.06227564922898041,
  "Matt Thaiss": 0.06666532596712746,
  "Michael A. Taylor": 0.057333933067658036,
  "Brooks Baldwin": 0.064444121911411,
  "Lenyn Sosa": 0.06471602483173475,
  "Austin Slater": 0.06266733169755062,
  "Daniel Schneemann": 0.06576454312809539,
  "Brayan Rocchio": 0.05760248409601214,
  "Steven Kwan": 0.05663409556950226,
  "Jacob Amaya": 0.04925007239196689,
  "Gabriel Arias": 0.05346003898635477,
  "Luis Robert Jr.": 0.07361111111111111,
  "Angel Martinez": 0.060000000000000005,
  "Lane Thomas": 0.053768909754825255,
  "Mike Trout": 0.148662339267382,
  "Jorge Soler": 0.14232142413002966,
  "Logan O'Hoppe": 0.12170100727498837,
  "Taylor Ward": 0.10699203429632914,
  "Jo Adell": 0.10782279712467445,
  "Brandon Lowe": 0.09980739939073273,
  "Luis Rengifo": 0.07366692994143974,
  "Junior Caminero": 0.08891648380939518,
  "Jonathan Aranda": 0.08632660517717988,
  "Christopher Morel": 0.07971989911254883,
  "Kameron Misner": 0.06960818604342307,
  "Kyren Paris": 0.0707549619064012,
  "Yandy Diaz": 0.07324925671001209,
  "Nolan Schanuel": 0.06540364440170725,
  "Jose Caballero": 0.07145902236303489,
  "Tim Anderson": 0.05851402314693738,
  "Ben Rortvedt": 0.052327009576922434,
  "Jake Mangum": 0.048083864494862114,
  "Taylor Walls": 0.060000000000000005,
  "Travis d'Arnaud": 0.09761904761904762,
  "Danny Jansen": 0.07361111111111111,
  "Matt Wallner": 0.12490294177264206,
  "Bobby Witt Jr.": 0.11597827893175365,
  "Salvador Perez": 0.11664014006608753,
  "Vinnie Pasquantino": 0.08954292800714227,
  "Jonathan India": 0.08386560281169145,
  "MJ Melendez": 0.08854831866179576,
  "Willi Castro": 0.08961754624247344,
  "Trevor Larnach": 0.07755291854967974,
  "Drew Waters": 0.07791534181240063,
  "Ryan Jeffers": 0.07634300378751606,
  "Carlos Correa": 0.07270773988924557,
  "Jose Miranda": 0.06605817270710887,
  "Freddy Fermin": 0.07043346061597335,
  "Ty France": 0.06427162303115977,
  "Harrison Bader": 0.06677195229175428,
  "Cavan Biggio": 0.06664012956558982,
  "Edouard Julien": 0.05856338722869651,
  "Maikel Garcia": 0.058002603457148916,
  "Byron Buxton": 0.23206583377636011,
  "Kyle Isbel": 0.060000000000000005,
  "Michael Massey": 0.08392857142857142,
  "Hunter Renfroe": 0.08392857142857142,
  "Michael Toglia": 0.10048170209716896,
  "Christian Yelich": 0.10221854980927962,
  "Eric Haase": 0.09951482847773636,
  "William Contreras": 0.0961303342697102,
  "Jackson Chourio": 0.09781561385386522,
  "Jake Bauers": 0.12793439478539323,
  "Zac Veen": 0.10736528490888955,
  "Nick Martini": 0.087507370027172,
  "Mickey Moniak": 0.10169675720349697,
  "Brenton Doyle": 0.08880147945716209,
  "Ryan McMahon": 0.09096531761584181,
  "Garrett Mitchell": 0.06920409009578213,
  "Tyler Freeman": 0.06930969301479975,
  "Kyle Farmer": 0.06011366030220043,
  "Oliver Dunn": 0.06794796538313462,
  "Brice Turang": 0.0609186119119894,
  "Joey Ortiz": 0.06250651380927566,
  "Jacob Stallings": 0.06533527592273619,
  "Kris Bryant": 0.07361111111111111,
  "Ezequiel Tovar": 0.08392857142857142,
  "Rhys Hoskins": 0.10757575757575757,
  "Sal Frelick": 0.060000000000000005,
  "Rafael Devers": 0.12300868364890488,
  "Wilyer Abreu": 0.10744095501165461,
  "Anthony Santander": 0.10558140373524266,
  "Jarren Duran": 0.09082805895288376,
  "George Springer": 0.0810403898881242,
  "Alex Bregman": 0.08135476990769248,
  "Triston Casas": 0.07659659095984633,
  "Tyler Heineman": 0.07002187776381325,
  "Alan Roden": 0.07186106843697843,
  "Bo Bichette": 0.0653056179406334,
  "Trevor Story": 0.07433290344141416,
  "Kristian Campbell": 0.06305860310984507,
  "Ceddanne Rafaela": 0.06222550719279628,
  "Ernie Clement": 0.06788518580784213,
  "Will Wagner": 0.0627156942878868,
  "Andres Gimenez": 0.059137593286529455,
  "Nathan Lukes": 0.0635521162107227,
  "Carlos Narvaez": 0.06354205471485999,
  "Vladimir Guerrero Jr.": 0.053768909754825255,
  "Alejandro Kirk": 0.060000000000000005,
  "Kyle Schwarber": 0.15126286448158419,
  "Austin Riley": 0.14258944567610665,
  "Sean Murphy": 0.09601276939511091,
  "Matt Olson": 0.10670507405004909,
  "Bryce Harper": 0.11995600320910364,
  "Marcell Ozuna": 0.1329314601609977,
  "Ozzie Albies": 0.09296220625008823,
  "Nick Castellanos": 0.08457336171599371,
  "Max Kepler": 0.08698716984963878,
  "Trea Turner": 0.08732703247974545,
  "Stuart Fairchild": 0.06908599205256553,
  "Bryan De La Cruz": 0.07907084462722416,
  "J.T. Realmuto": 0.06960325154036656,
  "Michael Harris II": 0.0678825968967135,
  "Brandon Marsh": 0.06684819827109252,
  "Alec Bohm": 0.06918553668553669,
  "Bryson Stott": 0.0707420010485583,
  "Nick Allen": 0.07219389429915746,
  "Orlando Arcia": 0.07361111111111111,
  "Eli White": 0.060000000000000005
}