{
  "Byron Buxton": 0.14735743652280442,
  "Andrew Vaughn": 0.08977233193100083,
  "Mickey Gasper": 0.10318608594470663,
  "Ryan Jeffers": 0.09521900465298541,
  "Luis Robert Jr.": 0.09726641358082189,
  "Carlos Correa": 0.09039233072015807,
  "Miguel Vargas": 0.07576190227270861,
  "Christian Vazquez": 0.06556404153117475,
  "Jose Miranda": 0.08926990863052243,
  "Michael A. Taylor": 0.06792313685049808,
  "Ty France": 0.0777009725777422,
  "Andrew Benintendi": 0.07920704641198648,
  "Willi Castro": 0.0651944882840492,
  "Lenyn Sosa": 0.06110780002553681,
  "Harrison Bader": 0.08463765896222036,
  "Travis Jankowski": 0.05354237347112758,
  "Jacob Amaya": 0.054094724979406816,
  "Trevor Larnach": 0.07361111111111111,
  "Matt Wallner": 0.10757575757575757,
  "Austin Slater": 0.060000000000000005,
  "Korey Lee": 0.08392857142857142,
  "Nick Maton": 0.06064721663313213,
  "Bobby Witt Jr.": 0.13173348629123907,
  "Jackson Chourio": 0.1102050073690084,
  "Rhys Hoskins": 0.13210503232077817,
  "Salvador Perez": 0.1287978202589978,
  "William Contreras": 0.1110386106985865,
  "Vinnie Pasquantino": 0.10871776269497534,
  "Michael Massey": 0.10549207676572424,
  "MJ Melendez": 0.09896844618641164,
  "Hunter Renfroe": 0.09514288422430693,
  "Christian Yelich": 0.08235243121590831,
  "Garrett Mitchell": 0.06527524143023616,
  "Jonathan India": 0.0835301001550225,
  "Maikel Garcia": 0.05743696297889361,
  "Vinny Capra": 0.06126814377034176,
  "Joey Ortiz": 0.06187611427809032,
  "Sal Frelick": 0.056325636009054936,
  "Brice Turang": 0.04946626050073245,
  "Kyle Isbel": 0.04236406619385343,
  "Cavan Biggio": 0.07361111111111111,
  "Tyler O'Neill": 0.1401052687117572,
  "Rafael Devers": 0.12096125625287873,
  "Alex Bregman": 0.1079929988406477,
  "Jordan Westburg": 0.09306942481365187,
  "Jarren Duran": 0.0887969195620478,
  "Trevor Story": 0.10154664452066459,
  "Heston Kjerstad": 0.09368114932834032,
  "Kristian Campbell": 0.08416212939626021,
  "Cedric Mullins": 0.07722441609385718,
  "Rob Refsnyder": 0.08256593603796361,
  "Romy Gonzalez": 0.09729134701516409,
  "Ramon Laureano": 0.08420990204267739,
  "Adley Rutschman": 0.07507024736728188,
  "Ryan Mountcastle": 0.07897240776216972,
  "Connor Wong": 0.08532992581648316,
  "Ramon Urias": 0.06719824082031953,
  "Ceddanne Rafaela": 0.08024857319977051,
  "Jackson Holliday": 0.07081930496981464,
  "Triston Casas": 0.13333333333333333,
  "Wilyer Abreu": 0.10757575757575757,
  "Ryan O'Hearn": 0.07361111111111111,
  "Kyle Schwarber": 0.1879774450211385,
  "Bryce Harper": 0.145113469485321,
  "Nick Castellanos": 0.09902859754711701,
  "J.T. Realmuto": 0.09801014729598766,
  "Hunter Goodman": 0.10021646293616308,
  "Max Kepler": 0.11045727856507598,
  "Ezequiel Tovar": 0.07812650929317597,
  "Alec Bohm": 0.08779803035764547,
  "Brenton Doyle": 0.08748724302128058,
  "Kyle Farmer": 0.06797197144742168,
  "Sean Bouchard": 0.07254246516501418,
  "Bryson Stott": 0.0792088346443711,
  "Michael Toglia": 0.09201504182856927,
  "Edmundo Sosa": 0.06626234214926109,
  "Brandon Marsh": 0.09567405065213429,
  "Ryan McMahon": 0.07250425385704169,
  "Kris Bryant": 0.07092680497380317,
  "Jordan Beck": 0.06999719797154541,
  "Rafael Marchan": 0.10757575757575757,
  "Trea Turner": 0.13333333333333333,
  "Nick Martini": 0.07361111111111111,
  "Corey Seager": 0.1442982396121052,
  "Adolis Garcia": 0.11638025315408908,
  "Joc Pederson": 0.11731771788445998,
  "Wyatt Langford": 0.10353973689602447,
  "Elly De La Cruz": 0.09819931876645324,
  "Christian Encarnacion-Strand": 0.10060755248679207,
  "Jake Burger": 0.11130812671705126,
  "Marcus Semien": 0.09225268558601893,
  "Jeimer Candelario": 0.08550119066273314,
  "Josh Smith": 0.07586365090062866,
  "Spencer Steer": 0.07813381288837909,
  "Jonah Heim": 0.07816802239041037,
  "Matt McLain": 0.08659829245803821,
  "Leody Taveras": 0.07037971906112189,
  "TJ Friedl": 0.06887910681627302,
  "Gavin Lux": 0.06994138663891189,
  "Jose Trevino": 0.06213635665895896,
  "Jake Fraley": 0.06097757038088785,
  "Pete Alonso": 0.13170600430357438,
  "Mark Vientos": 0.12245522215081728,
  "Juan Soto": 0.13119371646435748,
  "Luisangel Acu\u00f1a": 0.09654263884770041,
  "Jose Siri": 0.09905560821754003,
  "Brandon Nimmo": 0.09912082193981467,
  "Brett Baty": 0.06055251338095913,
  "Eric Wagaman": 0.06207261882407024,
  "Starling Marte": 0.07268762171045817,
  "Luis Torrens": 0.061527991327499226,
  "Jonah Bride": 0.056235231462837265,
  "Derek Hill": 0.05819356995353977,
  "Dane Myers": 0.06176344920428157,
  "Graham Pauley": 0.06992993374399356,
  "Otto Lopez": 0.05298111212480767,
  "Javier Sanoja": 0.06322300002880765,
  "Liam Hicks": 0.07821564844891417,
  "Xavier Edwards": 0.05012653440930015,
  "Francisco Lindor": 0.13333333333333333,
  "Nick Fortes": 0.060000000000000005,
  "Tyrone Taylor": 0.060000000000000005,
  "Kyle Stowers": 0.060000000000000005,
  "Jesse Winker": 0.07361111111111111,
  "Griffin Conine": 0.060000000000000005,
  "Matt Mervis": 0.060000000000000005,
  "Brandon Lowe": 0.11126228634356407,
  "Junior Caminero": 0.11207884587833088,
  "Jonathan Aranda": 0.09233172884008693,
  "Oneil Cruz": 0.11017587106055045,
  "Danny Jansen": 0.0993439848543025,
  "Yandy Diaz": 0.09492053309104417,
  "Bryan Reynolds": 0.08453127978395981,
  "Jack Suwinski": 0.09014622964154327,
  "Christopher Morel": 0.09898365855530832,
  "Kameron Misner": 0.08192142633631995,
  "Joey Bart": 0.07762417101495164,
  "Tommy Pham": 0.07802015219251321,
  "Endy Rodriguez": 0.07429497953027366,
  "Adam Frazier": 0.06661773481322354,
  "Jose Caballero": 0.07463917183129007,
  "Ke'Bryan Hayes": 0.06472672210090454,
  "Jake Mangum": 0.08850652271704902,
  "Isiah Kiner-Falefa": 0.058755953737156745,
  "Andrew McCutchen": 0.08392857142857142,
  "Taylor Walls": 0.060000000000000005,
  "Jonny Deluca": 0.060000000000000005,
  "Anthony Santander": 0.13534224104798268,
  "Vladimir Guerrero Jr.": 0.10958060816109065,
  "James Wood": 0.10841390878646597,
  "CJ Abrams": 0.1151419260189674,
  "Keibert Ruiz": 0.10898980639927074,
  "Paul DeJong": 0.1146885050038755,
  "Luis Garcia Jr.": 0.07985561806310627,
  "Nathaniel Lowe": 0.08390856801747891,
  "Bo Bichette": 0.08594303532900024,
  "Nathan Lukes": 0.08563215094315572,
  "Josh Bell": 0.09454778813163944,
  "George Springer": 0.08482886271355536,
  "Alejandro Kirk": 0.07163393154633284,
  "Andres Gimenez": 0.06548587046378072,
  "Alan Roden": 0.07306472971643964,
  "Will Wagner": 0.09298263338686177,
  "Dylan Crews": 0.09535777273872512,
  "Jacob Young": 0.05807568162831321,
  "Alex Call": 0.07361111111111111,
  "Ernie Clement": 0.060000000000000005,
  "Mike Trout": 0.11784994704796738,
  "Jorge Soler": 0.09720964742752419,
  "Logan O'Hoppe": 0.08444513895921328,
  "Willson Contreras": 0.11108063999705853,
  "Lars Nootbaar": 0.08008005948855715,
  "Taylor Ward": 0.08112042080778066,
  "Yoan Moncada": 0.07726165337930044,
  "Luken Baker": 0.08921574517200316,
  "Nolan Arenado": 0.08453072443686437,
  "Ivan Herrera": 0.07577917604575928,
  "Jordan Walker": 0.08240821837493406,
  "Kyren Paris": 0.06718538363932577,
  "Brendan Donovan": 0.058975382482261744,
  "Nolan Schanuel": 0.0557576296161449,
  "Luis Rengifo": 0.05569410947875211,
  "Victor Scott II": 0.07035285970068579,
  "Masyn Winn": 0.06758606198666892,
  "Kevin Newman": 0.04882246345060991,
  "Jo Adell": 0.08392857142857142,
  "Nolan Gorman": 0.10757575757575757,
  "Alec Burleson": 0.07361111111111111,
  "Yordan Alvarez": 0.14243902796164812,
  "Matt Chapman": 0.12029298037968189,
  "Christian Walker": 0.1085117330818875,
  "Willy Adames": 0.11965703321586306,
  "Mike Yastrzemski": 0.09530965408023126,
  "Jung Hoo Lee": 0.07377183710188798,
  "Heliot Ramos": 0.09524083005960055,
  "Jose Altuve": 0.06725561319658516,
  "Wilmer Flores": 0.07210300571521054,
  "LaMonte Wade Jr.": 0.08958981823299365,
  "Yainer Diaz": 0.07374828426845928,
  "Isaac Paredes": 0.07263765252397468,
  "Tyler Fitzgerald": 0.07007809234521649,