{
  "Matt Olson": 0.19195388063657967,
  "Austin Riley": 0.16969081687455823,
  "Elly De La Cruz": 0.14574496720359273,
  "Marcell Ozuna": 0.12766209291763544,
  "Drake Baldwin": 0.1423623028211893,
  "Michael Harris II": 0.13097159971383576,
  "Noelvi Marte": 0.11807787157329491,
  "Jurickson Profar": 0.11242058911792101,
  "Will Benson": 0.12112121771766177,
  "Matt McLain": 0.11355369328514876,
  "Ozzie Albies": 0.11265032741041067,
  "Spencer Steer": 0.10033551005998705,
  "Gavin Lux": 0.09063527142952885,
  "Eli White": 0.0762586062905545,
  "Jose Trevino": 0.08247053598142158,
  "Jake Fraley": 0.0804179271794151,
  "Ke'Bryan Hayes": 0.0780033766625476,
  "Nick Allen": 0.0667485380116959,
  "Tyler O'Neill": 0.09756706076786167,
  "Seiya Suzuki": 0.10658201264451779,
  "Kyle Tucker": 0.09346129397231677,
  "Gunnar Henderson": 0.0822147994539852,
  "Carson Kelly": 0.08431925375633985,
  "Pete Crow-Armstrong": 0.07978737764510546,
  "Adley Rutschman": 0.0770453036158639,
  "Jordan Westburg": 0.08217972567770501,
  "Colton Cowser": 0.07585420244086855,
  "Michael Busch": 0.07522128564767375,
  "Dansby Swanson": 0.08205089913304262,
  "Ian Happ": 0.0771704308297046,
  "Jackson Holliday": 0.06195093438151337,
  "Coby Mayo": 0.0653167415755094,
  "Matt Shaw": 0.06783079011600887,
  "Nico Hoerner": 0.0745047141663683,
  "Dylan Carlson": 0.06361521800930198,
  "Justin Turner": 0.060000000000000005,
  "Bryce Harper": 0.13740611014663012,
  "J.T. Realmuto": 0.09269158796324345,
  "Nick Castellanos": 0.09588762515679339,
  "Javier Baez": 0.08172079656366049,
  "Spencer Torkelson": 0.10942474235445165,
  "Riley Greene": 0.09359217995532738,
  "Kyle Schwarber": 0.17565470948032483,
  "Bryson Stott": 0.07718601419062247,
  "Andy Ibanez": 0.07307758468933544,
  "Brandon Marsh": 0.07237110938593078,
  "Gleyber Torres": 0.07702378137897342,
  "Matt Vierling": 0.062436136109511896,
  "Dillon Dingler": 0.07237537980574738,
  "Jahmai Jones": 0.08221567708613998,
  "Wenceel Perez": 0.07380748436585041,
  "Trea Turner": 0.09607569106061001,
  "Max Kepler": 0.09576401503172087,
  "Edmundo Sosa": 0.07604755923563086,
  "Riley Adams": 0.07884376007405082,
  "Christian Yelich": 0.09580018778660598,
  "William Contreras": 0.10292304376587434,
  "Blake Perkins": 0.07288788978197375,
  "CJ Abrams": 0.08408718687969287,
  "Joey Ortiz": 0.07620167382561255,
  "Caleb Durbin": 0.07331393300519072,
  "Jacob Young": 0.053533700099957816,
  "James Wood": 0.09854757047083788,
  "Paul DeJong": 0.0822116590480104,
  "Nathaniel Lowe": 0.07234127640445437,
  "Daylen Lile": 0.06719413922384944,
  "Andrew Vaughn": 0.11534175087054686,
  "Brady House": 0.07362696964312017,
  "Luis Garcia Jr.": 0.06524847874363333,
  "Andruw Monasterio": 0.07002769641019728,
  "Bobby Witt Jr.": 0.1282050310603374,
  "Salvador Perez": 0.12118480194059818,
  "Addison Barger": 0.12103543684289025,
  "Vladimir Guerrero Jr.": 0.11508393597818461,
  "Daulton Varsho": 0.11402108546868338,
  "Vinnie Pasquantino": 0.10094176960094055,
  "Randal Grichuk": 0.10081491578831203,
  "Bo Bichette": 0.0955316340834853,
  "Mike Yastrzemski": 0.08185604057608488,
  "Joey Loperfido": 0.08100737144215404,
  "Nathan Lukes": 0.07431635942852154,
  "Jonathan India": 0.0818582674358252,
  "Ty France": 0.08075575648887001,
  "Maikel Garcia": 0.0721248016911423,
  "Ernie Clement": 0.0672985508420509,
  "Tyler Heineman": 0.06528121707835279,
  "Kyle Isbel": 0.06421033949788696,
  "Adam Frazier": 0.06744232475598935,
  "Nolan Jones": 0.08392857142857142,
  "Carlos Santana": 0.0917898736123927,
  "Ryan Jeffers": 0.08303396871480619,
  "Brayan Rocchio": 0.07509620377076451,
  "Jose Ramirez": 0.13478555336606823,
  "Steven Kwan": 0.06793654607415252,
  "Daniel Schneemann": 0.10261651100993832,
  "Christian Vazquez": 0.056117898464177335,
  "Angel Martinez": 0.10028462891366118,
  "Matt Wallner": 0.11104569710820227,
  "Bo Naylor": 0.10546416015301986,
  "Kyle Manzardo": 0.12306773713585217,
  "Royce Lewis": 0.10373867460956038,
  "Kody Clemens": 0.11892874337841802,
  "Brooks Lee": 0.08084675052180788,
  "Gabriel Arias": 0.08776919146450976,
  "Edouard Julien": 0.05668638441983093,
  "Austin Martin": 0.06069330276241969,
  "Alex Bregman": 0.10353692549837806,
  "Wilyer Abreu": 0.09536809847191097,
  "Jose Altuve": 0.0842874344652613,
  "Yainer Diaz": 0.0875513174604884,
  "Christian Walker": 0.09614481371487575,
  "Trevor Story": 0.09539005228980477,
  "Jesus Sanchez": 0.08161377476413419,
  "Taylor Trammell": 0.07391882144416384,
  "Carlos Narvaez": 0.07882315506788327,
  "Jeremy Pena": 0.07158469128083939,
  "Carlos Correa": 0.07614659174685899,
  "Ceddanne Rafaela": 0.06860164624891842,
  "Cam Smith": 0.07223340599459525,
  "Jarren Duran": 0.08271102014805362,
  "Roman Anthony": 0.07697816885099956,
  "Mauricio Dubon": 0.0578212341991771,
  "Abraham Toro": 0.06957430850711342,
  "Masataka Yoshida": 0.07696956397417228,
  "Giancarlo Stanton": 0.15739694675063476,
  "Jazz Chisholm Jr.": 0.11562088191244202,
  "Trent Grisham": 0.1068914979069718,
  "Kyle Stowers": 0.10793938695655672,
  "Cody Bellinger": 0.11393627759824944,
  "Ryan McMahon": 0.11190443401440844,
  "Austin Wells": 0.1075598524433928,
  "Agust\u00edn Ram\u00edrez": 0.10014807112952662,
  "Jasson Dom\u00ednguez": 0.09834067198301856,
  "Heriberto Hernandez": 0.07866132160142571,
  "Anthony Volpe": 0.07869857581281026,
  "Paul Goldschmidt": 0.07869731250930743,
  "Dane Myers": 0.06926309320327259,
  "Otto Lopez": 0.06969833929205729,
  "Eric Wagaman": 0.07218383155883155,
  "Javier Sanoja": 0.058266476880607314,
  "Xavier Edwards": 0.06272023934218093,
  "Ben Rice": 0.12000000000000001,
  "Pete Alonso": 0.15500413143065414,
  "Juan Soto": 0.14493191510907769,
  "Francisco Lindor": 0.1275586764475757,
  "Matt Chapman": 0.12032507852060594,
  "Willy Adames": 0.10640269613415161,
  "Brandon Nimmo": 0.10319852159194891,
  "Rafael Devers": 0.09969077844751349,
  "Mark Vientos": 0.11137173883110456,
  "Heliot Ramos": 0.10499359884897692,
  "Wilmer Flores": 0.0729017943380404,
  "Casey Schmitt": 0.08117778114522929,
  "Starling Marte": 0.0738658048323943,
  "Jeff McNeil": 0.06643151363921335,
  "Luis Torrens": 0.07506524477031948,
  "Tyrone Taylor": 0.07341098519207526,
  "Luis Matos": 0.06468028915588567,
  "Patrick Bailey": 0.06584643922546536,
  "Jung Hoo Lee": 0.06367858356746647,
  "Francisco Alvarez": 0.09761904761904762,
  "Taylor Walls": 0.060000000000000005,
  "Will Smith": 0.12412082073633418,
  "Josh Lowe": 0.0743054088576804,
  "Brandon Lowe": 0.12148404795463387,
  "Yandy Diaz": 0.12362940428071781,
  "Mookie Betts": 0.1264502306291686,
  "Freddie Freeman": 0.10828707518076923,
  "Shohei Ohtani": 0.21281390230134334,
  "Junior Caminero": 0.13869838202171444,
  "Andy Pages": 0.10885974369867564,
  "Jonny Deluca": 0.07640693046822057,
  "Teoscar Hernandez": 0.12092732329411608,
  "Jake Mangum": 0.06915089943254432,
  "Tommy Edman": 0.07387307959328115,
  "Michael Conforto": 0.10053961775647399,
  "Christopher Morel": 0.12286891768312994,
  "Alex Freeland": 0.0766422684322957,
  "Nick Fortes": 0.09260377387064044,
  "Ha-Seong Kim": 0.10137555541967307,
  "Bryan Reynolds": 0.09754440778669751,
  "Andrew McCutchen": 0.14072070037039397,
  "Oneil Cruz": 0.15691069248742615,
  "Michael Toglia": 0.10757575757575757,
  "Warming Bernabel": 0.09522846823465136,
  "Ezequiel Tovar": 0.12625294884236715,
  "Liover Peguero": 0.08392857142857142,
  "Brenton Doyle": 0.10496568116228121,
  "Henry Davis": 0.09761904761904762,
  "Hunter Goodman": 0.16914381914381915,
  "Jordan Beck": 0.1261526093009758,
  "Nick Gonzales": 0.10084563653777132,
  "Isiah Kiner-Falefa": 0.06389864329839577,
  "Thairo Estrada": 0.08716803848966864,
  "Tommy Pham": 0.0991067554588453,
  "Orlando Arcia": 0.09761904761904762,
  "Spencer Horwitz": 0.09371618672406874,
  "Tyler Freeman": 0.09279179483280539,
  "Mickey Moniak": 0.10776821043322933,
  "Kyle Farmer": 0.08325117177963631,