{
  "Juan Soto": 0.13618577681693222,
  "Pete Alonso": 0.12428021774168559,
  "Francisco Lindor": 0.11921062937982828,
  "Brandon Nimmo": 0.1100260961900134,
  "Mark Vientos": 0.10302307059553437,
  "Andrew McCutchen": 0.09449850931008065,
  "Bryan Reynolds": 0.07597779887475628,
  "Brett Baty": 0.0818641393558612,
  "Jeff McNeil": 0.08355531346569627,
  "Tommy Pham": 0.06602701056500518,
  "Ronny Mauricio": 0.08377190762295897,
  "Nick Gonzales": 0.0737362989081102,
  "Joey Bart": 0.06999272881058474,
  "Jared Triolo": 0.07263008858351286,
  "Hayden Senger": 0.0665257210734624,
  "Alexander Canario": 0.07432454997430245,
  "Ke'Bryan Hayes": 0.07301473355874064,
  "Isiah Kiner-Falefa": 0.04962719298245614,
  "Gunnar Henderson": 0.13803471551933327,
  "Junior Caminero": 0.13562726817370335,
  "Brandon Lowe": 0.1343816616785142,
  "Jonathan Aranda": 0.1352524206872033,
  "Colton Cowser": 0.1166586005139786,
  "Cedric Mullins": 0.10752169302194443,
  "Josh Lowe": 0.10532373161855368,
  "Jackson Holliday": 0.09884670523790787,
  "Gary Sanchez": 0.09828124785258391,
  "Jordan Westburg": 0.10223355769202996,
  "Ryan O'Hearn": 0.10477943422935015,
  "Yandy Diaz": 0.09393171441250397,
  "Ramon Laureano": 0.087149677791261,
  "Danny Jansen": 0.08306505600820835,
  "Coby Mayo": 0.07575373994249497,
  "Jose Caballero": 0.06451464747991209,
  "Jake Mangum": 0.06550656578988423,
  "Chandler Simpson": 0.0542267464166891,
  "Aaron Judge": 0.23432067869599793,
  "Giancarlo Stanton": 0.1726171627996155,
  "Ben Rice": 0.13671298539270207,
  "Trent Grisham": 0.1334024635904335,
  "Brent Rooker": 0.11825688146008563,
  "Paul Goldschmidt": 0.11439295064614526,
  "Jazz Chisholm Jr.": 0.1213785517549829,
  "Nick Kurtz": 0.11059600830899935,
  "Cody Bellinger": 0.11539334336871088,
  "Lawrence Butler": 0.10433320355539978,
  "Anthony Volpe": 0.09081245380854232,
  "Tyler Soderstrom": 0.09617723737863142,
  "JJ Bleday": 0.08540414652343234,
  "Willie MacIver": 0.07010786763321003,
  "Gio Urshela": 0.06138986952663344,
  "DJ LeMahieu": 0.07771809413729303,
  "Jacob Wilson": 0.06666913809850117,
  "Max Schuemann": 0.06200960911388277,
  "Wilyer Abreu": 0.12709343243002974,
  "Vladimir Guerrero Jr.": 0.12352080485304169,
  "Jarren Duran": 0.10465094633241137,
  "Addison Barger": 0.09716499767602048,
  "George Springer": 0.0953366440600403,
  "Trevor Story": 0.10962152249535147,
  "Bo Bichette": 0.09187481315400452,
  "Abraham Toro": 0.08641911522028961,
  "Roman Anthony": 0.08468624909088117,
  "Alejandro Kirk": 0.0737234208248701,
  "Ceddanne Rafaela": 0.08153108647699453,
  "David Hamilton": 0.07685421872094057,
  "Nick Sogard": 0.0651628631673222,
  "Connor Wong": 0.07611421068577447,
  "Nathan Lukes": 0.065805272389589,
  "Ernie Clement": 0.0771463389041203,
  "Andres Gimenez": 0.055863023284402576,
  "Jonatan Clase": 0.0635634328476344,
  "Alan Roden": 0.05238612836438923,
  "Manny Machado": 0.17105327211106366,
  "Jackson Merrill": 0.17003052293041973,
  "Fernando Tatis Jr.": 0.17370983138526996,
  "Elly De La Cruz": 0.12735807111154868,
  "Christian Encarnacion-Strand": 0.13461958672120017,
  "Gavin Sheets": 0.12403512307441097,
  "Tyler Stephenson": 0.1116933962458236,
  "Matt McLain": 0.11095089654066434,
  "TJ Friedl": 0.10095523886338614,
  "Martin Maldonado": 0.08401541634630572,
  "Jake Cronenworth": 0.1066816515367948,
  "Austin Hays": 0.10677920085017059,
  "Trenton Brooks": 0.11626151626151626,
  "Will Benson": 0.1060546972582758,
  "Xander Bogaerts": 0.09473842025612608,
  "Spencer Steer": 0.09862510849545286,
  "Gavin Lux": 0.0889852126275592,
  "Luis Arraez": 0.0792518907639427,
  "Alec Burleson": 0.14082018988242345,
  "Nolan Gorman": 0.1378966594512735,
  "Lane Thomas": 0.11210804151341004,
  "Kyle Manzardo": 0.12195149774412467,
  "Brendan Donovan": 0.11118717823300209,
  "Lars Nootbaar": 0.12976285493322892,
  "Nolan Arenado": 0.0970999949657788,
  "Willson Contreras": 0.11424638690755634,
  "Bo Naylor": 0.10749924062679074,
  "Daniel Schneemann": 0.11008618485646691,
  "David Fry": 0.10630530455042397,
  "Nolan Jones": 0.0893964093341883,
  "Gabriel Arias": 0.07903789588238938,
  "Masyn Winn": 0.08274508597113836,
  "Pedro Pages": 0.07419128817735449,
  "Victor Scott II": 0.0641729473666042,
  "Steven Kwan": 0.07295020300298222,
  "Angel Martinez": 0.07058050310525558,
  "Byron Buxton": 0.15524826375703568,
  "Riley Greene": 0.12775503264380547,
  "Kerry Carpenter": 0.12188003958293477,
  "Matt Wallner": 0.12037402400573757,
  "Spencer Torkelson": 0.13089238403143763,
  "Wenceel Perez": 0.09369278049602639,
  "Colt Keith": 0.09510594126142255,
  "Kody Clemens": 0.10559291517841914,
  "Trevor Larnach": 0.09179032455941187,
  "Gleyber Torres": 0.09079504722287406,
  "Carlos Correa": 0.09010175964197834,
  "Dillon Dingler": 0.08792332794124923,
  "Javier Baez": 0.10026127612761276,
  "Parker Meadows": 0.08073781330787534,
  "Brooks Lee": 0.09525229550963997,
  "Harrison Bader": 0.08087921329080026,
  "Willi Castro": 0.07733988583786518,
  "Christian Vazquez": 0.0704830868910003,
  "Matt Olson": 0.18191467648517745,
  "Ronald Acuna Jr.": 0.17116116335663825,
  "Kyle Schwarber": 0.15252280192455595,
  "Austin Riley": 0.15347159019287043,
  "Marcell Ozuna": 0.13788366524702167,
  "Trea Turner": 0.09193881725026667,
  "Drake Baldwin": 0.09804278615387126,
  "Nick Castellanos": 0.09261475153656283,
  "Michael Harris II": 0.09709552182697731,
  "Max Kepler": 0.09603977262992126,
  "Ozzie Albies": 0.09920376324659737,
  "J.T. Realmuto": 0.08495487274259653,
  "Alex Verdugo": 0.08229577356485754,
  "Otto Kemp": 0.07011114368623467,
  "Alec Bohm": 0.07067666716496068,
  "Brandon Marsh": 0.06962246081703109,
  "Bryson Stott": 0.06339037580109627,
  "Nick Allen": 0.06811277277442691,
  "Mike Yastrzemski": 0.14196982560748392,
  "Lenyn Sosa": 0.0889852126275592,
  "Brett Wisely": 0.07744548444018334,
  "Heliot Ramos": 0.15786951179639108,
  "Andrew Benintendi": 0.09810861061534566,
  "Jung Hoo Lee": 0.098492442839804,
  "Patrick Bailey": 0.09480784394885329,
  "Mike Tauchman": 0.08628553030575507,
  "Miguel Vargas": 0.1091352678725713,
  "Willy Adames": 0.1481187270035152,
  "Christian Koss": 0.08339293526396392,
  "Chase Meidroth": 0.07334418055486346,
  "Kyle Teel": 0.08518690150131375,
  "Josh Rojas": 0.06955483456602382,
  "Michael A. Taylor": 0.07770894393763024,
  "Rafael Devers": 0.20883085505326593,
  "Ryan Noda": 0.09148880059737503,
  "Wilmer Flores": 0.1083776413073506,
  "J.P. Crawford": 0.07816459020573299,
  "Adolis Garcia": 0.108896378199519,
  "Cal Raleigh": 0.17511495672749922,
  "Jonah Heim": 0.08234877517055735,
  "Julio Rodriguez": 0.0925877086989822,
  "Josh Smith": 0.086702498387281,
  "Marcus Semien": 0.09549571364692948,
  "Corey Seager": 0.13623096329992684,
  "Evan Carter": 0.08666410792794019,
  "Luke Raley": 0.1021216682977018,
  "Josh Jung": 0.07918198968601561,
  "Alejandro Osuna": 0.08346275668410057,
  "Jorge Polanco": 0.1054906109628072,
  "Cole Young": 0.06432983641575911,
  "Ben Williamson": 0.06813911669829067,
  "Sam Haggerty": 0.062490503808130336,
  "Randy Arozarena": 0.09279531535857517,
  "Dominic Canzone": 0.10299239675611031,
  "Ian Happ": 0.09524011014928109,
  "Seiya Suzuki": 0.13032833137122812,
  "Mauricio Dubon": 0.060000000000000005,
  "Jeremy Pena": 0.08902680615002939,
  "Nico Hoerner": 0.06688374632803269,
  "Jose Altuve": 0.08279471572017598,
  "Jake Meyers": 0.07447839925271972,
  "Pete Crow-Armstrong": 0.09723860474992023,
  "Dansby Swanson": 0.10131475210803992,
  "Cooper Hummel": 0.07361111111111111,
  "Yainer Diaz": 0.09279768129829911,
  "Justin Turner": 0.07536085496838145,
  "Christian Walker": 0.11422454162640262,
  "Carson Kelly": 0.09212882738765561,
  "Isaac Paredes": 0.10970498842438438,
  "Matt Shaw": 0.0742933504822184,
  "Cam Smith": 0.08075207078483504,
  "Kyle Tucker": 0.12593077078584325,
  "Taylor Trammell": 0.09489228593188989,
  "Victor Caratini": 0.07836345173242637,