{
  "Byron Buxton": 0.16433255025960194,
  "Brandon Lowe": 0.148228551941695,
  "Matt Wallner": 0.13795986717668435,
  "Junior Caminero": 0.13568246360031724,
  "Jonathan Aranda": 0.12719960309926026,
  "Yandy Diaz": 0.11048758975659016,
  "Josh Lowe": 0.10334638245366715,
  "Kody Clemens": 0.10846678499877246,
  "Royce Lewis": 0.10924070255318985,
  "Ryan Jeffers": 0.10025622614611372,
  "Willi Castro": 0.08331797601983937,
  "Harrison Bader": 0.08112449222850389,
  "Carlos Correa": 0.09279553042731815,
  "Danny Jansen": 0.09241772843959244,
  "Trevor Larnach": 0.09504141421034829,
  "Taylor Walls": 0.08097181906373971,
  "Jake Mangum": 0.07321095012012896,
  "Chandler Simpson": 0.055999244481507615,
  "Seiya Suzuki": 0.20057107946892894,
  "Willson Contreras": 0.1756351971987201,
  "Ian Happ": 0.16308170258081267,
  "Dansby Swanson": 0.15932650589428618,
  "Alec Burleson": 0.14155276183289767,
  "Kyle Tucker": 0.1490387381400514,
  "Nolan Gorman": 0.14597143234398136,
  "Carson Kelly": 0.14409499574578116,
  "Lars Nootbaar": 0.13789657892142362,
  "Pedro Pages": 0.11868445030827927,
  "Pete Crow-Armstrong": 0.11882932151743776,
  "Masyn Winn": 0.11838915659236077,
  "Brendan Donovan": 0.10769381057554775,
  "Michael Busch": 0.13592368602666086,
  "Matt Shaw": 0.12630081745401137,
  "Nico Hoerner": 0.08152547880142319,
  "Thomas Saggese": 0.1310732419395786,
  "Victor Scott II": 0.06766807093380073,
  "Nolan Arenado": 0.12000000000000001,
  "Mike Trout": 0.1756371598650459,
  "Vladimir Guerrero Jr.": 0.13373001772990348,
  "Addison Barger": 0.13721376579597713,
  "Taylor Ward": 0.1339267522826938,
  "Logan O'Hoppe": 0.15770346571740299,
  "Jo Adell": 0.12999515310649562,
  "Zach Neto": 0.1278751292451135,
  "Jorge Soler": 0.12126150184809587,
  "George Springer": 0.11004281908210699,
  "Bo Bichette": 0.10193989644435072,
  "Alejandro Kirk": 0.09789829793644916,
  "Davis Schneider": 0.11373626373626373,
  "Chad Stevens": 0.09718053707779735,
  "Nathan Lukes": 0.09345616504707414,
  "Nolan Schanuel": 0.08492451002659987,
  "Ernie Clement": 0.072988840810623,
  "Will Wagner": 0.06690255323490606,
  "Luis Rengifo": 0.07355099838406298,
  "Leo Jimenez": 0.08392857142857142,
  "Kevin Newman": 0.060000000000000005,
  "Travis d'Arnaud": 0.09761904761904762,
  "Myles Straw": 0.05587301587301587,
  "James Wood": 0.14010426855302,
  "Romy Gonzalez": 0.13060952143696322,
  "Rob Refsnyder": 0.11364221864692992,
  "Trevor Story": 0.11531030477475289,
  "Carlos Narvaez": 0.11143695933131961,
  "CJ Abrams": 0.11446037392979919,
  "Ceddanne Rafaela": 0.10383719356167055,
  "Luis Garcia Jr.": 0.09810615674854208,
  "Nate Eaton": 0.08154524786354636,
  "Roman Anthony": 0.09617135619658047,
  "Jarren Duran": 0.10064439857257537,
  "Josh Bell": 0.10212152137256109,
  "Keibert Ruiz": 0.08951025201025202,
  "Daylen Lile": 0.07338566771967542,
  "Brady House": 0.10463526372617282,
  "Nathaniel Lowe": 0.09989003754881713,
  "Abraham Toro": 0.09066494570585781,
  "Jacob Young": 0.06685714285714286,
  "Marcelo Mayer": 0.07361111111111111,
  "Paul DeJong": 0.09761904761904762,
  "Kyle Schwarber": 0.18359929632656904,
  "Bryce Harper": 0.1406044442293108,
  "Trea Turner": 0.121960709743959,
  "Nick Castellanos": 0.11936878009971548,
  "Elly De La Cruz": 0.10178558764975218,
  "Austin Hays": 0.10286636651533868,
  "J.T. Realmuto": 0.1044338598793866,
  "Rece Hinds": 0.11049647581323603,
  "Spencer Steer": 0.09759957278873149,
  "Alec Bohm": 0.1025937463945647,
  "Noelvi Marte": 0.08391733900375345,
  "Otto Kemp": 0.0952936267903795,
  "TJ Friedl": 0.06846957251369017,
  "Will Benson": 0.08327224610422479,
  "Edmundo Sosa": 0.10633772792863701,
  "Johan Rojas": 0.07010123389803259,
  "Jose Trevino": 0.09325856515083035,
  "Santiago Espinal": 0.06346286702471798,
  "Tyler Stephenson": 0.08392857142857142,
  "Matt McLain": 0.11015779600334008,
  "Christian Encarnacion-Strand": 0.09761904761904762,
  "Gavin Lux": 0.060000000000000005,
  "Corbin Carroll": 0.15249602491486383,
  "Eugenio Suarez": 0.12552722272010539,
  "Bobby Witt Jr.": 0.12272564652360048,
  "Vinnie Pasquantino": 0.11006564306246974,
  "Salvador Perez": 0.10704575677721226,
  "Pavin Smith": 0.09766533261672666,
  "Lourdes Gurriel Jr.": 0.08043803727710516,
  "James McCann": 0.07234123142180719,
  "Jac Caglianone": 0.08897536937193408,
  "Jonathan India": 0.0766456772181963,
  "Josh Naylor": 0.09332491894096046,
  "Alek Thomas": 0.07118779446313739,
  "Geraldo Perdomo": 0.07652747095401735,
  "Maikel Garcia": 0.06383974252495409,
  "Nick Loftin": 0.05905730660940486,
  "Blaze Alexander": 0.08484848484848485,
  "Kyle Isbel": 0.07709930423782416,
  "Freddy Fermin": 0.09427164622816797,
  "John Rave": 0.060000000000000005,
  "Matt Olson": 0.16626191449210403,
  "Ronald Acuna Jr.": 0.13686697928163205,
  "Austin Riley": 0.125242936267781,
  "Marcell Ozuna": 0.11223683740757713,
  "Drake Baldwin": 0.12662486938349007,
  "Colton Cowser": 0.0966695093829406,
  "Jordan Westburg": 0.09478196521674782,
  "Gunnar Henderson": 0.10535244338234162,
  "Tyler O'Neill": 0.1274455077086656,
  "Jurickson Profar": 0.09295510926836908,
  "Gary Sanchez": 0.09159901151792905,
  "Michael Harris II": 0.11219662292721654,
  "Cedric Mullins": 0.1066937325600692,
  "Jackson Holliday": 0.08286880579698258,
  "Ozzie Albies": 0.08328493310511735,
  "Ryan O'Hearn": 0.08142636979142309,
  "Nick Allen": 0.07019565217391305,
  "Sean Murphy": 0.05986978964023552,
  "Rhys Hoskins": 0.11645625185125044,
  "Christian Yelich": 0.11285711407686873,
  "Jackson Chourio": 0.10079141441175879,
  "Kyle Stowers": 0.11413870153630357,
  "Agust\u00edn Ram\u00edrez": 0.10815237195491208,
  "William Contreras": 0.10875389155345583,
  "Jesus Sanchez": 0.10919895272898138,
  "Dane Myers": 0.08848736434614297,
  "Eric Wagaman": 0.07337276638805007,
  "Joey Ortiz": 0.08260125604840772,
  "Otto Lopez": 0.07636526390065324,
  "Liam Hicks": 0.0636264718533383,
  "Isaac Collins": 0.07011617616730761,
  "Caleb Durbin": 0.07481791674267858,
  "Brice Turang": 0.06189973110450364,
  "Sal Frelick": 0.06862813659262167,
  "Javier Sanoja": 0.08132251521298176,
  "Xavier Edwards": 0.0520094191522763,
  "Connor Norby": 0.060000000000000005,
  "Aaron Judge": 0.20809823896221064,
  "Pete Alonso": 0.1435814396383502,
  "Ben Rice": 0.14093589448661914,
  "Francisco Lindor": 0.12850982125760954,
  "Trent Grisham": 0.12378767504918518,
  "Jazz Chisholm Jr.": 0.12279111635682868,
  "Juan Soto": 0.12982433057231665,
  "Cody Bellinger": 0.11679785571110883,
  "Austin Wells": 0.11920856001601345,
  "Mark Vientos": 0.104083161729271,
  "Jasson Dom\u00ednguez": 0.10220813697841903,
  "Brandon Nimmo": 0.09612306389471938,
  "Jeff McNeil": 0.08834726421360085,
  "Starling Marte": 0.07748804115695869,
  "Anthony Volpe": 0.08349489113291146,
  "Luis Torrens": 0.09674586469017006,
  "Oswald Peraza": 0.09297215574971711,
  "Tyrone Taylor": 0.07667188232461532,
  "Brett Baty": 0.07361111111111111,
  "Hayden Senger": 0.060000000000000005,
  "Spencer Torkelson": 0.1433334995950097,
  "Jose Ramirez": 0.12179418228230504,
  "Riley Greene": 0.1329496900723316,
  "Gleyber Torres": 0.11153687393519553,
  "Carlos Santana": 0.09899962773542705,
  "Bo Naylor": 0.11243102514401618,
  "Jahmai Jones": 0.0940672954594875,
  "Javier Baez": 0.09283209480775449,
  "Wenceel Perez": 0.10391675077029928,
  "Nolan Jones": 0.08800876879238168,
  "Matt Vierling": 0.08959439520416787,
  "Jake Rogers": 0.09372232737723046,
  "Daniel Schneemann": 0.09206956108978587,
  "Angel Martinez": 0.08906374862257216,
  "Johnathan Rodriguez": 0.08413499829062743,
  "Steven Kwan": 0.06310743910579135,
  "Zach McKinstry": 0.07548595128015018,
  "Brayan Rocchio": 0.07636682733901866,
  "Shohei Ohtani": 0.1653750006393094,
  "Christian Walker": 0.12475492919409294,
  "Isaac Paredes": 0.11705149909732297,
  "Jose Altuve": 0.1062130766921142,
  "Victor Caratini": 0.10137743014149181,
  "Teoscar Hernandez": 0.10854996872070845,