{
  "Jarren Duran": 0.15282677508568757,
  "Roman Anthony": 0.13820270576772725,
  "Alex Bregman": 0.12873343047719701,
  "Trevor Story": 0.11594139523886214,
  "Gunnar Henderson": 0.10491344666570487,
  "Nathaniel Lowe": 0.11706664844522745,
  "Colton Cowser": 0.1070445660836985,
  "Samuel Basallo": 0.09359703411866378,
  "Coby Mayo": 0.09042404441751488,
  "Ceddanne Rafaela": 0.08692880240099862,
  "Ryan Mountcastle": 0.08516782217930385,
  "Jackson Holliday": 0.08104614899528445,
  "Masataka Yoshida": 0.08516287469024884,
  "Luis Vazquez": 0.08794888686520315,
  "David Hamilton": 0.08677040969556986,
  "Dylan Carlson": 0.06821487614537508,
  "Jeremiah Jackson": 0.07089697995757194,
  "Connor Wong": 0.07151380566943481,
  "Dylan Beavers": 0.07361111111111111,
  "Vimael Machin": 0.060000000000000005,
  "Matt Olson": 0.11396812500875222,
  "Michael Harris II": 0.09197014672984466,
  "Marcell Ozuna": 0.09496680421847348,
  "Ronald Acuna Jr.": 0.1204223061952121,
  "Ozzie Albies": 0.07288382109776013,
  "Nacho Alvarez Jr.": 0.06181139374074956,
  "Agust\u00edn Ram\u00edrez": 0.10857924733186111,
  "Otto Lopez": 0.07474804488870984,
  "Nick Allen": 0.05628494623655914,
  "Xavier Edwards": 0.05520743279613741,
  "Liam Hicks": 0.06221435413245758,
  "Jurickson Profar": 0.08251770855182287,
  "Drake Baldwin": 0.0773265240251389,
  "Maximo Acosta": 0.06966969409094646,
  "Jakob Marsee": 0.07815325073305936,
  "Troy Johnston": 0.06827842013135536,
  "Eric Wagaman": 0.08468331777155307,
  "Joey Wiemer": 0.06951645117208032,
  "Carlos Santana": 0.0952112101241999,
  "Brandon Lowe": 0.13149453940117525,
  "Josh Lowe": 0.08201472209138994,
  "Gabriel Arias": 0.07286525481536159,
  "Brayan Rocchio": 0.059812922399862294,
  "Jose Ramirez": 0.10746243265773417,
  "Yandy Diaz": 0.10025642446281471,
  "Steven Kwan": 0.0645919940594184,
  "Angel Martinez": 0.08825863678804856,
  "Junior Caminero": 0.1403092095194812,
  "Jake Mangum": 0.06326924273666708,
  "Bob Seymour": 0.0766812192385224,
  "Hunter Feduccia": 0.06895594719580732,
  "Chandler Simpson": 0.052417994397078845,
  "Carson Williams": 0.07605226453096436,
  "Kyle Manzardo": 0.11581253566421372,
  "Bo Naylor": 0.08282588731973656,
  "Nolan Jones": 0.07933661740558293,
  "Aaron Judge": 0.19943234357747003,
  "Ben Rice": 0.16039187643020594,
  "Jazz Chisholm Jr.": 0.14517750559299855,
  "Trent Grisham": 0.14203594774688494,
  "James Wood": 0.13007301931193863,
  "Cody Bellinger": 0.130911547539793,
  "Josh Bell": 0.11165844349693266,
  "Paul DeJong": 0.1118127412931261,
  "Ryan McMahon": 0.1151119476857386,
  "CJ Abrams": 0.09628782290882383,
  "Luis Garcia Jr.": 0.09541416639015766,
  "Riley Adams": 0.09189867927365938,
  "Jasson Dom\u00ednguez": 0.10870277299460081,
  "Dylan Crews": 0.08200235779232212,
  "Robert Hassell III": 0.07432721385846922,
  "Paul Goldschmidt": 0.07600583996620595,
  "Jose Caballero": 0.060420300456242186,
  "Jacob Young": 0.05872670807453416,
  "George Springer": 0.1400826489418425,
  "Ryan Jeffers": 0.09236225203076032,
  "Vladimir Guerrero Jr.": 0.13691736626775242,
  "Trevor Larnach": 0.10103522550104972,
  "Alejandro Kirk": 0.09265003334458143,
  "Bo Bichette": 0.09705568425990352,
  "Byron Buxton": 0.16835103797267992,
  "Matt Wallner": 0.1425053663794163,
  "Ernie Clement": 0.06594909659054396,
  "Brooks Lee": 0.07905445333163388,
  "Daulton Varsho": 0.1487959126752669,
  "Andres Gimenez": 0.05820594749772116,
  "Royce Lewis": 0.13084714944049983,
  "Nathan Lukes": 0.06818188289502677,
  "James Outman": 0.07355471499637409,
  "Kody Clemens": 0.11847841922458717,
  "Edouard Julien": 0.0887319155249242,
  "Ty France": 0.0917084408020634,
  "Bryce Harper": 0.1357568246816789,
  "Jeff McNeil": 0.05500608392528282,
  "J.T. Realmuto": 0.0962133819040432,
  "Brandon Nimmo": 0.06798764384078476,
  "Francisco Lindor": 0.09936521571020508,
  "Pete Alonso": 0.1296244684798669,
  "Alec Bohm": 0.0621717745631764,
  "Kyle Schwarber": 0.1804604333454856,
  "Starling Marte": 0.06847791350266598,
  "Brandon Marsh": 0.08310781110856978,
  "Mark Vientos": 0.09261216223132536,
  "Bryson Stott": 0.059684426928651356,
  "Juan Soto": 0.09827337567102633,
  "Luis Torrens": 0.07128762583536716,
  "Max Kepler": 0.10463350772379583,
  "Trea Turner": 0.09076740705798843,
  "Tyrone Taylor": 0.07638095238095238,
  "Harrison Bader": 0.07848346599365819,
  "Isaac Collins": 0.09900841866278776,
  "Sal Frelick": 0.07033699633699633,
  "Pavin Smith": 0.09116252271054384,
  "Ketel Marte": 0.14145952883287405,
  "Geraldo Perdomo": 0.0858845465590515,
  "Christian Yelich": 0.10065446110723393,
  "William Contreras": 0.1208345642899083,
  "Corbin Carroll": 0.16009175475923682,
  "Blaze Alexander": 0.09075375889945435,
  "Brice Turang": 0.07730401406133908,
  "Alek Thomas": 0.07261806307429135,
  "Caleb Durbin": 0.08936007695535826,
  "Adrian Del Castillo": 0.0906232337429916,
  "Andruw Monasterio": 0.08101533727622957,
  "Andrew Vaughn": 0.12887893840561662,
  "Lourdes Gurriel Jr.": 0.1018524056894523,
  "Gabriel Moreno": 0.07779071802109748,
  "Brandon Lockridge": 0.060000000000000005,
  "Blake Perkins": 0.08020541549953314,
  "Salvador Perez": 0.14751029410126956,
  "Maikel Garcia": 0.09299635835878428,
  "Bobby Witt Jr.": 0.16250755173680076,
  "Adam Frazier": 0.06711008650417047,
  "Kyle Isbel": 0.06020405355832722,
  "Luis Robert Jr.": 0.11983053710691395,
  "Vinnie Pasquantino": 0.14144916091496718,
  "Lenyn Sosa": 0.09939759637448954,
  "Miguel Vargas": 0.09993452948962615,
  "Chase Meidroth": 0.07459820453095434,
  "Michael A. Taylor": 0.10075408878333567,
  "Jonathan India": 0.0989699909095883,
  "Curtis Mead": 0.07182517305228642,
  "Mike Yastrzemski": 0.12590185344516186,
  "Edgar Quero": 0.08236728920577566,
  "Michael Massey": 0.09219081572022748,
  "Korey Lee": 0.09939886452308448,
  "Brooks Baldwin": 0.08129719926879907,
  "Nolan Gorman": 0.0975388961050815,
  "Jack Suwinski": 0.10414567250375831,
  "Alec Burleson": 0.09583645442759937,
  "Bryan Reynolds": 0.08362064959596192,
  "Lars Nootbaar": 0.09855654780821708,
  "Masyn Winn": 0.062138116768704364,
  "Willson Contreras": 0.10090168290917174,
  "Jared Triolo": 0.08028899835796388,
  "Nick Gonzales": 0.07104383389173109,
  "Pedro Pages": 0.06889818828162354,
  "Spencer Horwitz": 0.07513284514867886,
  "Thomas Saggese": 0.06858175914994097,
  "Ronny Simon": 0.07096906946118477,
  "Nathan Church": 0.06261363636363636,
  "Jordan Walker": 0.07930237618705112,
  "Liover Peguero": 0.07857732503429576,
  "Joey Bart": 0.08173344280240832,
  "Tommy Pham": 0.0701533189033189,
  "Taylor Ward": 0.11387029019224734,
  "Adolis Garcia": 0.09518003631360289,
  "Luis Rengifo": 0.08051283511809827,
  "Corey Seager": 0.11879811246685466,
  "Jo Adell": 0.14726439725099336,
  "Josh Smith": 0.07359645007428259,
  "Wyatt Langford": 0.10232135049091769,
  "Zach Neto": 0.10040882096747165,
  "Josh Jung": 0.06686059355141578,
  "Bryce Teodosio": 0.06606989247311827,
  "Travis d'Arnaud": 0.09864660727156459,
  "Joc Pederson": 0.09544806542887586,
  "Niko Kavadas": 0.08421092585203716,
  "Yoan Moncada": 0.10503971042456178,
  "Rowdy Tellez": 0.0902441529728686,
  "Jonah Heim": 0.07467901442623004,
  "Logan O'Hoppe": 0.09237331432124458,
  "Alejandro Osuna": 0.06712847593616693,
  "Cal Raleigh": 0.20779247469465398,
  "Eugenio Suarez": 0.18019774137223904,
  "Randy Arozarena": 0.1649497334496607,
  "Julio Rodriguez": 0.15564324288633305,
  "Manny Machado": 0.13161006387934718,
  "Fernando Tatis Jr.": 0.12994340063126655,
  "Mitch Garver": 0.12301297773347199,
  "Ramon Laureano": 0.10311665771128005,
  "Gavin Sheets": 0.09685618978414547,
  "Josh Naylor": 0.09232574073994022,
  "Ryan O'Hearn": 0.09529240642127089,
  "Xander Bogaerts": 0.07609900505136269,
  "Jorge Polanco": 0.1027960537710503,
  "Victor Robles": 0.0630925635667015,
  "Jake Cronenworth": 0.0790838215901116,
  "J.P. Crawford": 0.07221988798366866,
  "Luis Arraez": 0.06692796877090307,