{
  "Aaron Judge": 0.18952093306145001,
  "Giancarlo Stanton": 0.15859137388223737,
  "Trent Grisham": 0.11298543801832074,
  "Ben Rice": 0.11517913981858839,
  "Jazz Chisholm Jr.": 0.11118043318810583,
  "Vladimir Guerrero Jr.": 0.09256709193227859,
  "George Springer": 0.10102261578590759,
  "Cody Bellinger": 0.10328348215076871,
  "Austin Wells": 0.09219230082194967,
  "Alejandro Kirk": 0.08279586108746255,
  "Daulton Varsho": 0.07760690570058762,
  "Ryan McMahon": 0.0831676848118335,
  "Davis Schneider": 0.08096130243303733,
  "Anthony Volpe": 0.08000433377026328,
  "Ernie Clement": 0.055466965694238424,
  "Andres Gimenez": 0.05003300249755044,
  "Myles Straw": 0.04832682568352458,
  "Isiah Kiner-Falefa": 0.049827052476508996,
  "Addison Barger": 0.07361111111111111,
  "Cal Raleigh": 0.12878629491737018,
  "Kerry Carpenter": 0.1271635294137067,
  "Julio Rodriguez": 0.08596012744636868,
  "Spencer Torkelson": 0.09132934198463487,
  "Riley Greene": 0.12908564581513582,
  "Eugenio Suarez": 0.09521916365856078,
  "Colt Keith": 0.08366503754010664,
  "Randy Arozarena": 0.08225810884351097,
  "Gleyber Torres": 0.07131372805514317,
  "Jorge Polanco": 0.07029702507765587,
  "Dillon Dingler": 0.0692991765636832,
  "Mitch Garver": 0.06760580276576149,
  "Zach McKinstry": 0.06690018558637945,
  "Josh Naylor": 0.0572028036136947,
  "Javier Baez": 0.060486339250171516,
  "Parker Meadows": 0.06188885523683242,
  "J.P. Crawford": 0.05031858392528282,
  "Victor Robles": 0.043281921424186624,
  "Wenceel Perez": 0.07361111111111111,
  "Kyle Schwarber": 0.16618113792149727,
  "Shohei Ohtani": 0.16732509942369514,
  "Teoscar Hernandez": 0.116837606925863,
  "Bryce Harper": 0.10577893542666855,
  "Freddie Freeman": 0.10041076924296582,
  "Mookie Betts": 0.09968963584594646,
  "Enrique Hernandez": 0.0966597228035555,
  "Trea Turner": 0.07878373658653591,
  "Andy Pages": 0.08809967975357502,
  "Tommy Edman": 0.09332040482424925,
  "J.T. Realmuto": 0.08407880628743065,
  "Otto Kemp": 0.081052767534249,
  "Nick Castellanos": 0.0811999077853099,
  "Miguel Rojas": 0.06953473651580305,
  "Alec Bohm": 0.08160443324858194,
  "Edmundo Sosa": 0.06592292040398692,
  "Brandon Marsh": 0.05867635144677087,
  "Ben Rortvedt": 0.04398159263705482,
  "Andrew Vaughn": 0.11304490578512934,
  "Seiya Suzuki": 0.1108353098255334,
  "William Contreras": 0.10971369708825635,
  "Jackson Chourio": 0.11351504300120902,
  "Christian Yelich": 0.09765462373827259,
  "Kyle Tucker": 0.10446486031250916,
  "Pete Crow-Armstrong": 0.08918370075935629,
  "Carson Kelly": 0.0788130959497935,
  "Ian Happ": 0.08725824708229271,
  "Dansby Swanson": 0.08080313049068875,
  "Caleb Durbin": 0.07337842797559357,
  "Brice Turang": 0.0758540744177872,
  "Justin Turner": 0.057886904761904764,
  "Blake Perkins": 0.06258328153528585,
  "Matt Shaw": 0.05726352033603942,
  "Nico Hoerner": 0.05815571312026106,
  "Sal Frelick": 0.055128105590062114,
  "Joey Ortiz": 0.05823230404347426,
  "Michael Busch": 0.08044385264092321,
  "Isaac Collins": 0.07361111111111111
}