{
  "Junior Caminero": 0.14550321543658415,
  "Pete Crow-Armstrong": 0.11166038010758507,
  "Michael Busch": 0.12136781312670641,
  "Christopher Morel": 0.11213739488443046,
  "Yandy Diaz": 0.11154916627467014,
  "Ian Happ": 0.10673637895357033,
  "Carson Kelly": 0.08930929669934373,
  "Dansby Swanson": 0.09245486468785029,
  "Mois\u00e9s Ballesteros": 0.0756547826858137,
  "Nick Fortes": 0.06806460866244862,
  "Carson Williams": 0.06870741804142574,
  "Matt Shaw": 0.07003556884648503,
  "Willi Castro": 0.06538872228280625,
  "Everson Pereira": 0.0733702455173747,
  "Jake Mangum": 0.0532600410735207,
  "Richie Palacios": 0.052411684576043394,
  "Nico Hoerner": 0.05513671931264944,
  "Chandler Simpson": 0.03779650990831115,
  "Brandon Lowe": 0.09761904761904762,
  "Josh Lowe": 0.060000000000000005,
  "Seiya Suzuki": 0.10757575757575757,
  "Andrew McCutchen": 0.08874697550374303,
  "Riley Adams": 0.09061974251497583,
  "Josh Bell": 0.10518091748636685,
  "Luis Garcia Jr.": 0.0804410975777951,
  "CJ Abrams": 0.09405815483766043,
  "Bryan Reynolds": 0.09789259499748817,
  "Jared Triolo": 0.07001665577500325,
  "Henry Davis": 0.0700834070335138,
  "James Wood": 0.11014626330849016,
  "Dylan Crews": 0.07408211523842062,
  "Nick Gonzales": 0.0629997584375189,
  "Robert Hassell III": 0.06926716536817155,
  "Brady House": 0.0623916006963104,
  "Cam Devanney": 0.06252940023520194,
  "Daylen Lile": 0.07701600999241844,
  "Spencer Horwitz": 0.07662214788598015,
  "Oneil Cruz": 0.13189225055069398,
  "Ji Hwan Bae": 0.05739191881373011,
  "Kyle Schwarber": 0.2107049621058198,
  "Bryce Harper": 0.16145420792696527,
  "Bobby Witt Jr.": 0.14705555997351075,
  "Salvador Perez": 0.13203054996125785,
  "Vinnie Pasquantino": 0.1265716705280513,
  "Max Kepler": 0.11709886082739572,
  "Harrison Bader": 0.11536878497333065,
  "Mike Yastrzemski": 0.1127136593440515,
  "Brandon Marsh": 0.09415522271192188,
  "Otto Kemp": 0.09216625228362317,
  "Michael Massey": 0.08182179899878579,
  "Jac Caglianone": 0.08923319194962516,
  "Edmundo Sosa": 0.07639342075093493,
  "Maikel Garcia": 0.08189124712162658,
  "Bryson Stott": 0.06740501673902444,
  "Rafael Marchan": 0.05617921640648914,
  "Kyle Isbel": 0.055664072261397565,
  "Adam Frazier": 0.06197111481599172,
  "George Springer": 0.1415739805975458,
  "Vladimir Guerrero Jr.": 0.13250123213970372,
  "Davis Schneider": 0.11703720143140245,
  "Tyler O'Neill": 0.11269088854814859,
  "Gunnar Henderson": 0.10922677246475873,
  "Alejandro Kirk": 0.08746323426299228,
  "Jackson Holliday": 0.08328900511531417,
  "Samuel Basallo": 0.08397967563357091,
  "Colton Cowser": 0.07922036114669441,
  "Dylan Beavers": 0.07121108721176157,
  "Jeremiah Jackson": 0.08690826467213451,
  "Ryan Mountcastle": 0.07119217480894825,
  "Ty France": 0.07547350985443183,
  "Ernie Clement": 0.0652610348509496,
  "Myles Straw": 0.05023499294729529,
  "Emmanuel Rivera": 0.05960063772563773,
  "Isiah Kiner-Falefa": 0.054570399667382426,
  "Andres Gimenez": 0.05236788894947292,
  "Aaron Judge": 0.18921053530883516,
  "Giancarlo Stanton": 0.16098839411824065,
  "Ben Rice": 0.1124348176179874,
  "Jazz Chisholm Jr.": 0.1013892742501283,
  "Trent Grisham": 0.10486186514158016,
  "Trevor Story": 0.10780983410426992,
  "Jarren Duran": 0.10045977211385436,
  "Alex Bregman": 0.10297550991531602,
  "Austin Wells": 0.08989937803663293,
  "Cody Bellinger": 0.09488025227408498,
  "Ryan McMahon": 0.08130895930315526,
  "Nathaniel Lowe": 0.07352964230959874,
  "Ceddanne Rafaela": 0.0693130989102645,
  "David Hamilton": 0.058445906564577536,
  "Masataka Yoshida": 0.06285486971269423,
  "Carlos Narvaez": 0.07579973174895871,
  "Nate Eaton": 0.053342768428975326,
  "Jose Caballero": 0.060466319180867124,
  "Jose Ramirez": 0.12602270258777903,
  "Colson Montgomery": 0.12620061301413665,
  "Kyle Manzardo": 0.10686451835203595,
  "Gabriel Arias": 0.08900881522620786,
  "Jhonkensy Noel": 0.10116233108844513,
  "David Fry": 0.09120601189216522,
  "Miguel Vargas": 0.0822982178022949,
  "Brooks Baldwin": 0.0851282987647278,
  "Lenyn Sosa": 0.0827963837089568,
  "Kyle Teel": 0.08464474786785618,
  "Andrew Benintendi": 0.08832159252597872,
  "Mike Tauchman": 0.07278729531614972,
  "Will Robertson": 0.07109204685853526,
  "Angel Martinez": 0.07394838806357534,
  "Brayan Rocchio": 0.0634383608815427,
  "Austin Hedges": 0.057836996605112545,
  "Chase Meidroth": 0.049575658599271794,
  "Steven Kwan": 0.0537911619326093,
  "Nolan Jones": 0.060000000000000005,
  "Riley Greene": 0.1315925451375539,
  "Kerry Carpenter": 0.13049713147318986,
  "Spencer Torkelson": 0.10059889218029695,
  "Agust\u00edn Ram\u00edrez": 0.09109005845814382,
  "Colt Keith": 0.08587849302366994,
  "Gleyber Torres": 0.06900249333650105,
  "Parker Meadows": 0.07293803620763134,
  "Eric Wagaman": 0.060414606663384766,
  "Heriberto Hernandez": 0.062167493307844185,
  "Zach McKinstry": 0.05885841666777785,
  "Otto Lopez": 0.0628431227863046,
  "Jake Rogers": 0.07701126263299975,
  "Javier Baez": 0.06432507995007995,
  "Maximo Acosta": 0.05780377849096591,
  "Joey Wiemer": 0.056722968099666114,
  "Jakob Marsee": 0.06812264337408015,
  "Xavier Edwards": 0.05153911046169372,
  "Javier Sanoja": 0.05122929606625259,
  "Juan Soto": 0.15215805095025725,
  "Pete Alonso": 0.15144116116847553,
  "Jake Burger": 0.1275812975193437,
  "Wyatt Langford": 0.12984429884800752,
  "Joc Pederson": 0.12109014549016434,
  "Francisco Lindor": 0.10729299397068236,
  "Mark Vientos": 0.09938723130599657,
  "Brandon Nimmo": 0.09594713571928871,
  "Francisco Alvarez": 0.08095656743804892,
  "Brett Baty": 0.07790449766484625,
  "Cedric Mullins": 0.08196789690368408,
  "Josh Jung": 0.08506065093439746,
  "Jonah Heim": 0.06994341401426382,
  "Josh Smith": 0.06654250349261026,
  "Alejandro Osuna": 0.06318746347090358,
  "Michael Helman": 0.07261449347549134,
  "Cody Freeman": 0.07108928046800782,
  "Jeff McNeil": 0.06804397643605264,
  "Yordan Alvarez": 0.15525950166201674,
  "Ronald Acuna Jr.": 0.1273663249468788,
  "Matt Olson": 0.1363715029579938,
  "Marcell Ozuna": 0.10356001960430672,
  "Jurickson Profar": 0.10617913134679714,
  "Christian Walker": 0.10593212937596115,
  "Ozzie Albies": 0.09862209234161377,
  "Jesus Sanchez": 0.0983507578165479,
  "Michael Harris II": 0.09528192428215125,
  "Carlos Correa": 0.0902260366448079,
  "Jose Altuve": 0.09150678403794803,
  "Drake Baldwin": 0.09096770750453646,
  "Victor Caratini": 0.09305603771040678,
  "Jake Meyers": 0.06302990462896776,
  "Ha-Seong Kim": 0.06676992993568481,
  "Nacho Alvarez Jr.": 0.05539045407997021,
  "Mauricio Dubon": 0.05586491275899673,
  "Yainer Diaz": 0.08392857142857142,
  "Byron Buxton": 0.16821732025769515,
  "Corbin Carroll": 0.15905251273510554,
  "Matt Wallner": 0.1387225898385835,
  "Kody Clemens": 0.1352104550431884,
  "Royce Lewis": 0.11639424359256956,
  "Trevor Larnach": 0.10043739940582747,
  "Geraldo Perdomo": 0.07947132047220656,
  "Brooks Lee": 0.07196401755329605,
  "Blaze Alexander": 0.0743615105376235,
  "Alek Thomas": 0.07142226149700995,
  "Gabriel Moreno": 0.0777975433066079,
  "Tim Tawa": 0.06807601116083045,
  "Luke Keaschall": 0.05378707305298845,
  "Jordan Lawlar": 0.05504922584621372,
  "Ildemaro Vargas": 0.056488384729125464,
  "Jake McCarthy": 0.05772156084656085,
  "Jhonny Pereda": 0.0537881352073341,
  "Austin Martin": 0.0521429144203912,
  "Adrian Del Castillo": 0.09761904761904762,
  "Jackson Chourio": 0.12389406939344277,
  "Alec Burleson": 0.09446717187218097,
  "Willson Contreras": 0.09297949573334013,
  "Jake Bauers": 0.08906385482837388,
  "Christian Yelich": 0.09271282443172262,
  "Brice Turang": 0.07884087267529533,
  "Lars Nootbaar": 0.10092041446208112,
  "Nolan Gorman": 0.09573455959769053,
  "Jordan Walker": 0.07570215009062403,
  "Caleb Durbin": 0.0745081756382764,
  "Sal Frelick": 0.06465824234908986,
  "Brendan Donovan": 0.0725389761557496,
  "Masyn Winn": 0.0626857051857052,
  "Isaac Collins": 0.06224417494699083,