{
  "Nolan Gorman": 0.11653224309833281,
  "Willson Contreras": 0.11824309999522548,
  "Jose Ramirez": 0.11632221218709901,
  "Lane Thomas": 0.09486212077094175,
  "Masyn Winn": 0.09277534718500546,
  "Carlos Santana": 0.10064947205987668,
  "Nolan Arenado": 0.09555951214966078,
  "David Fry": 0.1007899026849747,
  "Pedro Pages": 0.08105288706499919,
  "Brendan Donovan": 0.08542188466954984,
  "Thomas Saggese": 0.08094858543012913,
  "Gabriel Arias": 0.07437359889005475,
  "Johnathan Rodriguez": 0.0721549696265838,
  "Angel Martinez": 0.07838229842613487,
  "Steven Kwan": 0.06231049855222041,
  "Austin Hedges": 0.07736506075015392,
  "Victor Scott II": 0.07250512956201369,
  "Garrett Hampson": 0.0602023464146122,
  "Ronald Acuna Jr.": 0.12590036417941816,
  "Kyle Schwarber": 0.1452040371746306,
  "Matt Olson": 0.11998177001992125,
  "Austin Riley": 0.12008173708940742,
  "Sean Murphy": 0.106195767986047,
  "Max Kepler": 0.10411234282458448,
  "Marcell Ozuna": 0.09963518830410584,
  "Trea Turner": 0.09125569652251353,
  "Ozzie Albies": 0.08437256854080409,
  "Nick Castellanos": 0.09049542046881671,
  "J.T. Realmuto": 0.08730428488409352,
  "Alec Bohm": 0.0772927657074748,
  "Stuart Fairchild": 0.07121373029740956,
  "Brandon Marsh": 0.06991617141747491,
  "Otto Kemp": 0.06872259791228484,
  "Eli White": 0.07175211567131456,
  "Bryson Stott": 0.07411227241915655,
  "Nick Allen": 0.07285863016126175,
  "Michael Harris II": 0.08392857142857142,
  "Gunnar Henderson": 0.14306656657038858,
  "Brandon Lowe": 0.1351513945061774,
  "Colton Cowser": 0.13110564889966678,
  "Jonathan Aranda": 0.14663396944565046,
  "Josh Lowe": 0.11592651303759838,
  "Cedric Mullins": 0.11672313323187271,
  "Ryan O'Hearn": 0.10538998244657914,
  "Jackson Holliday": 0.10478667575385464,
  "Ramon Laureano": 0.09669122290573486,
  "Gary Sanchez": 0.1011723149748551,
  "Yandy Diaz": 0.10310800838546993,
  "Ramon Urias": 0.08859638909742881,
  "Curtis Mead": 0.07710276764378046,
  "Danny Jansen": 0.07472466469112317,
  "Coby Mayo": 0.0798670269329222,
  "Taylor Walls": 0.07130976065543435,
  "Jake Mangum": 0.07756939039547736,
  "Chandler Simpson": 0.068640975000422,
  "Romy Gonzalez": 0.12996773910852585,
  "Vladimir Guerrero Jr.": 0.11972184162069796,
  "George Springer": 0.113050298857246,
  "Trevor Story": 0.1108747604743589,
  "Rob Refsnyder": 0.10601015194777855,
  "Addison Barger": 0.10544941795615301,
  "Bo Bichette": 0.10133099509505678,
  "Carlos Narvaez": 0.10929441457187611,
  "Roman Anthony": 0.08449945441412335,
  "Ceddanne Rafaela": 0.10377824368314677,
  "Jarren Duran": 0.08042083550724995,
  "Nate Eaton": 0.0753374458052741,
  "Ernie Clement": 0.07447565108595705,
  "Jonatan Clase": 0.06636008476382697,
  "Nathan Lukes": 0.07164272596090777,
  "Andres Gimenez": 0.07434341691588069,
  "Nick Sogard": 0.07891418127878845,
  "Tyler Heineman": 0.056675163014791745,
  "David Hamilton": 0.060000000000000005,
  "Abraham Toro": 0.12000000000000001,
  "Juan Soto": 0.15899800649507934,
  "Pete Alonso": 0.13313687542323027,
  "Francisco Lindor": 0.12078300250913328,
  "Oneil Cruz": 0.11205843976854217,
  "Brandon Nimmo": 0.11357578060608667,
  "Mark Vientos": 0.09546771059696427,
  "Bryan Reynolds": 0.09815340421590937,
  "Ronny Mauricio": 0.09198814356076172,
  "Brett Baty": 0.09336850582673328,
  "Andrew McCutchen": 0.08671438599156653,
  "Jeff McNeil": 0.08322437110449282,
  "Spencer Horwitz": 0.07748157138436745,
  "Henry Davis": 0.06632521695350106,
  "Tommy Pham": 0.06500363905969418,
  "Luis Torrens": 0.0622282510071904,
  "Jared Triolo": 0.07139389831840327,
  "Adam Frazier": 0.06351341576474825,
  "Ke'Bryan Hayes": 0.06293108406114403,
  "Joey Bart": 0.060000000000000005,
  "Nick Gonzales": 0.07361111111111111,
  "Isiah Kiner-Falefa": 0.060000000000000005,
  "Aaron Judge": 0.24109725016157768,
  "Jazz Chisholm Jr.": 0.14679906216012673,
  "Ben Rice": 0.16817653192624593,
  "Trent Grisham": 0.15325744088231028,
  "Brent Rooker": 0.13772345170853909,
  "Cody Bellinger": 0.14181551133119347,
  "Lawrence Butler": 0.13207773937349082,
  "Nick Kurtz": 0.13406753243786854,
  "Paul Goldschmidt": 0.11875618874318906,
  "Tyler Soderstrom": 0.1154506833324205,
  "Jasson Dom\u00ednguez": 0.11885175053465728,
  "Anthony Volpe": 0.0968186997248868,
  "Max Muncy (2002)": 0.07217533909984405,
  "Luis Urias": 0.08518680304078392,
  "Oswald Peraza": 0.08681301849760645,
  "Willie MacIver": 0.07405826790659775,
  "Denzel Clarke": 0.07859759554889442,
  "Jacob Wilson": 0.07236501092232317,
  "Giancarlo Stanton": 0.18717948717948718,
  "DJ LeMahieu": 0.07361111111111111,
  "Austin Wells": 0.15,
  "Austin Wynns": 0.07361111111111111,
  "Manny Machado": 0.16750265782209683,
  "Elly De La Cruz": 0.13102532919613905,
  "Fernando Tatis Jr.": 0.1396730591244158,
  "Jackson Merrill": 0.1219600664377804,
  "Christian Encarnacion-Strand": 0.12134878808791855,
  "Will Benson": 0.11323595002622905,
  "Matt McLain": 0.11497657383867604,
  "Austin Hays": 0.11018849699177569,
  "Gavin Sheets": 0.0967442402187172,
  "TJ Friedl": 0.0901264606734099,
  "Xander Bogaerts": 0.09193885029586227,
  "Jake Cronenworth": 0.09375000383158856,
  "Spencer Steer": 0.095019829971224,
  "Elias Diaz": 0.08470372794745568,
  "Gavin Lux": 0.08698853919693392,
  "Jose Trevino": 0.07423467989245154,
  "Luis Arraez": 0.07740684635421478,
  "Jose Iglesias": 0.06888903544515747,
  "Tyler Stephenson": 0.09761904761904762,
  "Josh Rojas": 0.07802729429637827,
  "Mike Yastrzemski": 0.13766606639986978,
  "Heliot Ramos": 0.1356250277621925,
  "Andrew Benintendi": 0.12059103629699086,
  "Lenyn Sosa": 0.08641424472646561,
  "Wilmer Flores": 0.10251104025194553,
  "Willy Adames": 0.12357036737908994,
  "Jung Hoo Lee": 0.09317835609531962,
  "Miguel Vargas": 0.11479595559057842,
  "Mike Tauchman": 0.10544502861295366,
  "Michael A. Taylor": 0.08496565863185963,
  "Patrick Bailey": 0.0836237272108501,
  "Kyle Teel": 0.0948027502942654,
  "Christian Koss": 0.07599399949469537,
  "Chase Meidroth": 0.07439389889396485,
  "Rafael Devers": 0.19623852392872296,
  "Ryan Noda": 0.09289068302433859,
  "Brett Wisely": 0.07355994316877476,
  "Isaac Paredes": 0.13159997810716487,
  "Christian Walker": 0.13562196983724026,
  "Jose Altuve": 0.10546556340578012,
  "Seiya Suzuki": 0.10209129115180476,
  "Kyle Tucker": 0.10217653100811575,
  "Ian Happ": 0.08744673654349099,
  "Cam Smith": 0.11606169032377697,
  "Yainer Diaz": 0.10676916487569146,
  "Dansby Swanson": 0.08410495838213893,
  "Pete Crow-Armstrong": 0.09687212141893271,
  "Jake Meyers": 0.08446025175870622,
  "Cooper Hummel": 0.0659945004569604,
  "Carson Kelly": 0.08022532566843713,
  "Justin Turner": 0.06619047308675613,
  "Mauricio Dubon": 0.0653172799440716,
  "Nico Hoerner": 0.06328484392631825,
  "Luis Guillorme": 0.057397183261616566,
  "Jon Berti": 0.06014678213435977,
  "Christian Yelich": 0.12795431930899714,
  "Ryan McMahon": 0.132014616475301,
  "Jordan Beck": 0.1233391883438996,
  "Michael Toglia": 0.12639129402191318,
  "Rhys Hoskins": 0.12520373215364808,
  "Mickey Moniak": 0.10979907095318653,
  "Jackson Chourio": 0.11250876120573393,
  "William Contreras": 0.12029549212731447,
  "Brenton Doyle": 0.10355766179407999,
  "Isaac Collins": 0.08145588046793241,
  "Caleb Durbin": 0.07409395604406283,
  "Tyler Freeman": 0.0816598958519049,
  "Joey Ortiz": 0.07065081248716383,
  "Braxton Fulford": 0.08459717308786692,
  "Orlando Arcia": 0.07495686465661716,
  "Thairo Estrada": 0.0880605097326548,
  "Brice Turang": 0.07623490782480595,
  "Sal Frelick": 0.07393723517895703,
  "Shohei Ohtani": 0.1501005862883195,
  "Bobby Witt Jr.": 0.12498085606237734,
  "Teoscar Hernandez": 0.1114517873250032,
  "Will Smith": 0.0862260830247588,
  "Salvador Perez": 0.11483428656976039,
  "Max Muncy": 0.10363948729686732,
  "Andy Pages": 0.09309846928152296,
  "Enrique Hernandez": 0.08011474359970763,
  "Mookie Betts": 0.09119907441537727,
  "Tommy Edman": 0.08572769394399679,