{
  "Hunter Goodman": 0.12392126306977813,
  "Agust\u00edn Ram\u00edrez": 0.08985598657656813,
  "Ryan McMahon": 0.10097056377037068,
  "Jordan Beck": 0.09050073293807662,
  "Connor Norby": 0.0903785466278568,
  "Dane Myers": 0.08580053246717703,
  "Keston Hiura": 0.08375407000407001,
  "Heriberto Hernandez": 0.07730566111915656,
  "Eric Wagaman": 0.08148089377253834,
  "Brenton Doyle": 0.07119751461450138,
  "Orlando Arcia": 0.058755840123117895,
  "Jack Winkler": 0.052933270340669025,
  "Thairo Estrada": 0.06235403252506705,
  "Otto Lopez": 0.05622739541231102,
  "Nick Fortes": 0.061336911909431,
  "Tyler Freeman": 0.06767415416910945,
  "Jacob Stallings": 0.05898717907800407,
  "Javier Sanoja": 0.05041076464805576,
  "Xavier Edwards": 0.060000000000000005,
  "Sam Hilliard": 0.09761904761904762,
  "Kyle Stowers": 0.08392857142857142,
  "Mickey Moniak": 0.060000000000000005,
  "Rhys Hoskins": 0.17442488328161837,
  "Christian Yelich": 0.11845336285545276,
  "Elly De La Cruz": 0.11030486006444193,
  "Tyler Stephenson": 0.10546203873222378,
  "Jackson Chourio": 0.11942048310687663,
  "Eric Haase": 0.12002890913646064,
  "Will Benson": 0.10310931160734901,
  "Matt McLain": 0.0941542668765287,
  "Daz Cameron": 0.10011323903783745,
  "Spencer Steer": 0.09213876513128116,
  "Joey Ortiz": 0.08439330100214279,
  "Andruw Monasterio": 0.0869810518245305,
  "Jose Trevino": 0.07396371450331847,
  "TJ Friedl": 0.0650398933426552,
  "Connor Joe": 0.0827657597194291,
  "Sal Frelick": 0.05628530693123994,
  "Brice Turang": 0.055627401763858206,
  "Santiago Espinal": 0.061825111211859546,
  "Jake Fraley": 0.08392857142857142,
  "William Contreras": 0.13333333333333333,
  "Caleb Durbin": 0.07361111111111111,
  "Gavin Lux": 0.060000000000000005,
  "Mike Trout": 0.18404234654234655,
  "Logan O'Hoppe": 0.13304149270143964,
  "Taylor Ward": 0.1392639661667386,
  "Rafael Devers": 0.12350353848416976,
  "Zach Neto": 0.1261176485691991,
  "Jorge Soler": 0.11890282835154473,
  "Wilyer Abreu": 0.10598504837149311,
  "Jo Adell": 0.11730158538418409,
  "Carlos Narvaez": 0.08293165238368252,
  "Jarren Duran": 0.08358304765899471,
  "Chris Taylor": 0.07191588873484228,
  "Abraham Toro": 0.06151170672941007,
  "David Hamilton": 0.056761417545240285,
  "Kristian Campbell": 0.06574637013060042,
  "Nolan Schanuel": 0.05950444673532955,
  "Ceddanne Rafaela": 0.06808604466381765,
  "Marcelo Mayer": 0.057669285360672916,
  "Kevin Newman": 0.05160223396749686,
  "Luis Rengifo": 0.060000000000000005,
  "Trevor Story": 0.08392857142857142,
  "Scott Kingery": 0.07361111111111111,
  "Oneil Cruz": 0.1360715136131205,
  "Christian Walker": 0.1339148378657758,
  "Isaac Paredes": 0.11619260797084192,
  "Bryan Reynolds": 0.09248468534798028,
  "Andrew McCutchen": 0.09025156457286798,
  "Yainer Diaz": 0.08658294476064148,
  "Jeremy Pena": 0.08955881590856679,
  "Jose Altuve": 0.07976442812355893,
  "Victor Caratini": 0.08581733592772695,
  "Spencer Horwitz": 0.08393367004502132,
  "Jacob Melton": 0.06151041689719123,
  "Cam Smith": 0.07150656340263553,
  "Jake Meyers": 0.0677239023766186,
  "Endy Rodriguez": 0.06792163981178542,
  "Tommy Pham": 0.07429890541184908,
  "Ke'Bryan Hayes": 0.0570640828359941,
  "Adam Frazier": 0.05994079234802623,
  "Isiah Kiner-Falefa": 0.05164456575544067,
  "Henry Davis": 0.07361111111111111,
  "Nick Gonzales": 0.060000000000000005,
  "Alexander Canario": 0.08392857142857142,
  "Seiya Suzuki": 0.09813412252113679,
  "James Wood": 0.08546675514508928,
  "Pete Crow-Armstrong": 0.08445516811832433,
  "Michael Busch": 0.08272055439235604,
  "Josh Bell": 0.07719858110564354,
  "Carson Kelly": 0.07487749446242004,
  "Dansby Swanson": 0.07865294890394,
  "Ian Happ": 0.07795563181773403,
  "Nathaniel Lowe": 0.06552076413894316,
  "CJ Abrams": 0.07529931881989416,
  "Riley Adams": 0.0794642867415856,
  "Matt Shaw": 0.05034809565745685,
  "Justin Turner": 0.057167719062985775,
  "Amed Rosario": 0.06712353038529255,
  "Alex Call": 0.047967812550778914,
  "Nasim Nunez": 0.048815034675603435,
  "Nico Hoerner": 0.04785696998032761,
  "Robert Hassell III": 0.04651139836984208,
  "Jon Berti": 0.060000000000000005,
  "Aaron Judge": 0.2012354720429458,
  "Ben Rice": 0.1533258794409608,
  "Trent Grisham": 0.13744389826482545,
  "Jose Ramirez": 0.12373601633066242,
  "Austin Wells": 0.12735321992284526,
  "Carlos Santana": 0.11314198631192096,
  "Jazz Chisholm Jr.": 0.11979748912926062,
  "Kyle Manzardo": 0.10900401717281667,
  "Bo Naylor": 0.09756547479334987,
  "Cody Bellinger": 0.11961578657489073,
  "Daniel Schneemann": 0.08555713997791461,
  "Paul Goldschmidt": 0.09210623070848206,
  "Anthony Volpe": 0.08375603937486012,
  "Angel Martinez": 0.07136559420005882,
  "Gabriel Arias": 0.06759662339485044,
  "Nolan Jones": 0.0654359965168376,
  "DJ LeMahieu": 0.05720407579398037,
  "Steven Kwan": 0.06683670850337517,
  "Kyle Schwarber": 0.15622436088558933,
  "Vladimir Guerrero Jr.": 0.13344000701547504,
  "Bryce Harper": 0.12236731054835107,
  "Addison Barger": 0.12639564452273752,
  "George Springer": 0.103498994103107,
  "Trea Turner": 0.0875325730188084,
  "Max Kepler": 0.09727431627549113,
  "Alejandro Kirk": 0.08726913535452749,
  "J.T. Realmuto": 0.0901889669724326,
  "Brandon Marsh": 0.07570822866146718,
  "Alec Bohm": 0.08102981537828674,
  "Bo Bichette": 0.10520711425029321,
  "Nick Castellanos": 0.08735322196373498,
  "Bryson Stott": 0.06904501278561066,
  "Jonatan Clase": 0.06459021949635216,
  "Nathan Lukes": 0.060013634079031514,
  "Alan Roden": 0.05535926281325045,
  "Andres Gimenez": 0.05991735537190083,
  "Ernie Clement": 0.060000000000000005,
  "Matt Olson": 0.1375347726070674,
  "Austin Riley": 0.10987066685307664,
  "Ketel Marte": 0.09203017574476663,
  "Ronald Acuna Jr.": 0.10369898867079826,
  "Marcell Ozuna": 0.09692475821406639,
  "Sean Murphy": 0.08158733597001902,
  "Corbin Carroll": 0.06944709966129795,
  "Eugenio Suarez": 0.0807767671816471,
  "Randal Grichuk": 0.07420161471782791,
  "Lourdes Gurriel Jr.": 0.061046598122117185,
  "Ozzie Albies": 0.07487753817398207,
  "Tim Tawa": 0.060960988482954254,
  "Michael Harris II": 0.06574349537332441,
  "Josh Naylor": 0.05806703869994831,
  "Alex Verdugo": 0.06301604259937593,
  "Gabriel Moreno": 0.05274483010401983,
  "Geraldo Perdomo": 0.042484683932052354,
  "Nick Allen": 0.04580451127819549,
  "Corey Seager": 0.11898811007426041,
  "Junior Caminero": 0.09550583695490439,
  "Jake Burger": 0.0957068962033501,
  "Jonathan Aranda": 0.09544703288297363,
  "Wyatt Langford": 0.10095585626944606,
  "Brandon Lowe": 0.097247559284862,
  "Josh Lowe": 0.08356934898153429,
  "Adolis Garcia": 0.09205665390514173,
  "Jonah Heim": 0.06045939410712729,
  "Marcus Semien": 0.06946434653683126,
  "Josh Jung": 0.06946976337854295,
  "Josh Smith": 0.061314138726121806,
  "Kameron Misner": 0.06181223215013849,
  "Evan Carter": 0.06251467741241061,
  "Yandy Diaz": 0.06436271373299139,
  "Matt Thaiss": 0.05568061633334932,
  "Jose Caballero": 0.05354641532512994,
  "Jake Mangum": 0.04652052262637492,
  "Danny Jansen": 0.08392857142857142,
  "Alejandro Osuna": 0.060000000000000005,
  "Kyle Higashioka": 0.09761904761904762,
  "Riley Greene": 0.10960804806872582,
  "Spencer Torkelson": 0.11500046320767646,
  "Miguel Vargas": 0.09411395844201009,
  "Andrew Benintendi": 0.0842164085914086,
  "Joshua Palacios": 0.08313415750915751,
  "Gleyber Torres": 0.0817581569664903,
  "Mike Tauchman": 0.07681239515722202,
  "Javier Baez": 0.07404046041077404,
  "Dillon Dingler": 0.08010040030873364,
  "Tim Elko": 0.06846532255623165,
  "Wenceel Perez": 0.08254481426035679,
  "Andy Ibanez": 0.07319338422391858,
  "Colt Keith": 0.07421609223399504,
  "Josh Rojas": 0.06375798804370233,
  "Michael A. Taylor": 0.05716388646707374,
  "Korey Lee": 0.05580385915291085,
  "Zach McKinstry": 0.059076741481625665,
  "Chase Meidroth": 0.05804968446879516,
  "Kerry Carpenter": 0.13333333333333333,
  "Trey Sweeney": 0.060000000000000005,