{
  "Kerry Carpenter": 0.1429099578498124,
  "Spencer Torkelson": 0.1221332976710551,
  "Riley Greene": 0.11693702512695507,
  "Seiya Suzuki": 0.10607920247190185,
  "Kyle Tucker": 0.1135613087718095,
  "Pete Crow-Armstrong": 0.0948965368153021,
  "Ian Happ": 0.09829319972908386,
  "Dansby Swanson": 0.09030593384353039,
  "Parker Meadows": 0.08963349220924978,
  "Michael Busch": 0.09268114979564714,
  "Gleyber Torres": 0.08222106632997722,
  "Jake Rogers": 0.07798721027359418,
  "Wenceel Perez": 0.07365612916337554,
  "Trey Sweeney": 0.06775588955366205,
  "Matt Shaw": 0.05990642485908207,
  "Reese McGuire": 0.05533202225268238,
  "Zach McKinstry": 0.06519185360094451,
  "Nico Hoerner": 0.05178596146779396,
  "Addison Barger": 0.1485870521840487,
  "Matt Wallner": 0.14806453651713697,
  "Vladimir Guerrero Jr.": 0.10908506187849955,
  "Kody Clemens": 0.114259084716869,
  "George Springer": 0.0925249475343053,
  "Trevor Larnach": 0.09416339331003604,
  "Ryan Jeffers": 0.08950610250405332,
  "Royce Lewis": 0.11324155015167085,
  "Bo Bichette": 0.09339742873584783,
  "Nathan Lukes": 0.0797202740236376,
  "Andres Gimenez": 0.07118211765270589,
  "Carlos Correa": 0.08415285822275069,
  "Ernie Clement": 0.061499487381135226,
  "Jonatan Clase": 0.06736915486915487,
  "Ty France": 0.07209908145599976,
  "Tyler Heineman": 0.057634706763443365,
  "Harrison Bader": 0.06773858159164406,
  "Willi Castro": 0.07450929964412255,
  "Shohei Ohtani": 0.19916603181497317,
  "Max Muncy": 0.1109207898488767,
  "Freddie Freeman": 0.10945897429166491,
  "Will Smith": 0.09328082526834755,
  "Willson Contreras": 0.09564504006555113,
  "Andy Pages": 0.09835485041993307,
  "Michael Conforto": 0.09597256379522222,
  "Mookie Betts": 0.0933650960039579,
  "Ivan Herrera": 0.07167514058797304,
  "Lars Nootbaar": 0.08161584121685989,
  "Nolan Gorman": 0.08559861383747301,
  "Alec Burleson": 0.07105965024864568,
  "Tommy Edman": 0.06351671253397127,
  "Masyn Winn": 0.06485557230620809,
  "Ha-Seong Kim": 0.05862307500885329,
  "Brendan Donovan": 0.06575561127541325,
  "Pedro Pages": 0.07238119915318725,
  "Victor Scott II": 0.051384450423493544,
  "Kyle Schwarber": 0.15982446282615348,
  "Nick Castellanos": 0.09447268528410224,
  "Trea Turner": 0.09166399821738042,
  "J.T. Realmuto": 0.09421752713339021,
  "Andrew McCutchen": 0.07537817909493312,
  "Alexander Canario": 0.07653876670828366,
  "Alec Bohm": 0.0894191634361866,
  "Weston Wilson": 0.07259796606215783,
  "Edmundo Sosa": 0.07086202330378519,
  "Bryan Reynolds": 0.07107181097701669,
  "Henry Davis": 0.05988051217388571,
  "Nick Gonzales": 0.07627883983459442,
  "Ke'Bryan Hayes": 0.0623395587723651,
  "Tommy Pham": 0.06371173158871539,
  "Jared Triolo": 0.05342636831767267,
  "Isiah Kiner-Falefa": 0.044303546331297856,
  "Johan Rojas": 0.052033208020050126,
  "Bryson Stott": 0.060000000000000005,
  "Oneil Cruz": 0.05340094062316284,
  "Matt Chapman": 0.12091683090812558,
  "Matt Olson": 0.10454807078437875,
  "Heliot Ramos": 0.09422840270954437,
  "Austin Riley": 0.09038568160894364,
  "Daniel Johnson": 0.08087529214851195,
  "Ronald Acuna Jr.": 0.08183210956948113,
  "Drake Baldwin": 0.06402463424868582,
  "Willy Adames": 0.08435909458766123,
  "Mike Yastrzemski": 0.09001525682314546,
  "Dominic Smith": 0.061911807497915444,
  "Marcell Ozuna": 0.07487595108288046,
  "Wilmer Flores": 0.07699012679844691,
  "Michael Harris II": 0.06533008382346131,
  "Ozzie Albies": 0.06485125384478188,
  "Patrick Bailey": 0.06532888351387595,
  "Tyler Fitzgerald": 0.061863696251048025,
  "Alex Verdugo": 0.052827605038547575,
  "Nick Allen": 0.047028688890915674,
  "Jake Burger": 0.1343787358396376,
  "Wyatt Langford": 0.11368610041363572,
  "James Wood": 0.10188970928145624,
  "Adolis Garcia": 0.10172653673492886,
  "Josh Jung": 0.09602909245075457,
  "Jonah Heim": 0.08560296605655972,
  "Marcus Semien": 0.08719348179721186,
  "Kyle Higashioka": 0.08740882321898978,
  "Josh Bell": 0.08250690594330945,
  "CJ Abrams": 0.08337076032442971,
  "Luis Garcia Jr.": 0.0696987766767368,
  "Nathaniel Lowe": 0.06806539542190167,
  "Ezequiel Duran": 0.06342436140873703,
  "Sam Haggerty": 0.058433303686720464,
  "Robert Hassell III": 0.05197324623963834,
  "Keibert Ruiz": 0.05535627447249484,
  "Jose Tena": 0.05328512829192952,
  "Alex Call": 0.052872063530329215,
  "Corey Seager": 0.13333333333333333,
  "Corbin Carroll": 0.24047807999878332,
  "Ketel Marte": 0.17647863843431819,
  "Eugenio Suarez": 0.1605126641223194,
  "Elly De La Cruz": 0.15946618707517907,
  "Will Benson": 0.16024047922809867,
  "Christian Encarnacion-Strand": 0.13256358376495947,
  "Pavin Smith": 0.13165324539329448,
  "Spencer Steer": 0.10263969836049372,
  "TJ Friedl": 0.10033543424447407,
  "Lourdes Gurriel Jr.": 0.10859069320006884,
  "Geraldo Perdomo": 0.101890951139882,
  "Alek Thomas": 0.09737281636880515,
  "Matt McLain": 0.13079877112135177,
  "Gavin Lux": 0.08577825737544248,
  "Jake Fraley": 0.09473935429560076,
  "Jose Trevino": 0.09597922502334266,
  "Jose Herrera": 0.06859963269054178,
  "Ildemaro Vargas": 0.05593882141250563,
  "Tyler Stephenson": 0.10610670783464901,
  "Santiago Espinal": 0.05261790383583813,
  "Bobby Witt Jr.": 0.11273872603668,
  "Vinnie Pasquantino": 0.11446422752360644,
  "Miguel Vargas": 0.0962966650823526,
  "Salvador Perez": 0.09709173659923286,
  "Andrew Benintendi": 0.0858538580984233,
  "Luis Robert Jr.": 0.09009648057322164,
  "Mike Tauchman": 0.08961369406810052,
  "Jac Caglianone": 0.08083284787657334,
  "Kyle Teel": 0.08330491687376321,
  "Tim Elko": 0.07922914663838755,
  "Edgar Quero": 0.09903596441490596,
  "Michael Massey": 0.09183434179337234,
  "Drew Waters": 0.05718568192252402,
  "Jonathan India": 0.06360306934057466,
  "Josh Rojas": 0.07202623498093642,
  "Maikel Garcia": 0.05851488640197332,
  "Kyle Isbel": 0.06709685648912168,
  "Chase Meidroth": 0.05549116983684353,
  "Nick Loftin": 0.0070921985815602835,
  "Jose Ramirez": 0.0938749162578,
  "Kyle Manzardo": 0.08823204552057379,
  "Christian Walker": 0.09836861844171511,
  "Isaac Paredes": 0.074930431447457,
  "Mauricio Dubon": 0.06224448685326548,
  "Bo Naylor": 0.08766607642738247,
  "Yainer Diaz": 0.06816631001891475,
  "Victor Caratini": 0.06688626772167253,
  "Brendan Rodgers": 0.06910318005033174,
  "Angel Martinez": 0.05443550536077889,
  "Daniel Schneemann": 0.059255224296461406,
  "Will Wilson": 0.06190224267381821,
  "Jeremy Pena": 0.06452961487967261,
  "Nolan Jones": 0.0646255879693741,
  "Jake Meyers": 0.05481138919533359,
  "Jose Altuve": 0.05874417666683299,
  "Gabriel Arias": 0.0539772362092309,
  "Steven Kwan": 0.050348411444973144,
  "Junior Caminero": 0.12352244831179168,
  "Jesus Sanchez": 0.10659505391128635,
  "Brandon Lowe": 0.11813922342438424,
  "Agust\u00edn Ram\u00edrez": 0.09737080868027159,
  "Christopher Morel": 0.11906463726682658,
  "Connor Norby": 0.0986029668568927,
  "Yandy Diaz": 0.10152360936053222,
  "Jose Caballero": 0.0794106186108422,
  "Otto Lopez": 0.07227948709095575,
  "Danny Jansen": 0.09274830795224052,
  "Eric Wagaman": 0.07205918697978644,
  "Dane Myers": 0.078983735259309,
  "Curtis Mead": 0.0696530547958076,
  "Taylor Walls": 0.0668809578281095,
  "Nick Fortes": 0.07793355875585456,
  "Jake Mangum": 0.05073075323309688,
  "Liam Hicks": 0.061108438133609756,
  "Xavier Edwards": 0.04766672503133221,
  "Josh Lowe": 0.08392857142857142,
  "Aaron Judge": 0.16642179310036223,
  "Rafael Devers": 0.1258088394662549,
  "Ben Rice": 0.13274986150562187,
  "Paul Goldschmidt": 0.09527969482964861,
  "Rob Refsnyder": 0.08265010015851078,
  "Trevor Story": 0.08137061925876524,
  "Jasson Dom\u00ednguez": 0.08155802008580611,
  "Austin Wells": 0.07653876670828366,
  "Ceddanne Rafaela": 0.08679945307420556,
  "Romy Gonzalez": 0.08582636951863624,
  "Jarren Duran": 0.07807141104731342,
  "Cody Bellinger": 0.07578180842136185,
  "Carlos Narvaez": 0.074077326906818,
  "Abraham Toro": 0.06560420498408849,
  "Oswald Peraza": 0.06482713142523171,