{
  "Josh Lowe": 0.10516757311028208,
  "Yandy Diaz": 0.10501474318467782,
  "Brandon Lowe": 0.14899288427088062,
  "Colton Cowser": 0.09413027189422989,
  "Gunnar Henderson": 0.12386571406341138,
  "Jordan Westburg": 0.1105369912990631,
  "Junior Caminero": 0.17834176717066016,
  "Jake Mangum": 0.05860506054224796,
  "Bob Seymour": 0.10727187612725421,
  "Jackson Holliday": 0.09054292976282645,
  "Coby Mayo": 0.07577616652963752,
  "Carson Williams": 0.06825039993734881,
  "Samuel Basallo": 0.11163187411477885,
  "Dylan Beavers": 0.08535891184962413,
  "Chandler Simpson": 0.045084098082768295,
  "Hunter Feduccia": 0.08810239607458985,
  "Adley Rutschman": 0.09860502170916112,
  "Tyler O'Neill": 0.14284547785839297,
  "Oneil Cruz": 0.16372800635598342,
  "Will Benson": 0.14923275636049813,
  "Noelvi Marte": 0.1211706239481938,
  "Elly De La Cruz": 0.11360770563301835,
  "Alexander Canario": 0.09415211100646999,
  "Bryan Reynolds": 0.11841059880742419,
  "Matt McLain": 0.09818067482001908,
  "Spencer Steer": 0.10181962125038901,
  "Jack Suwinski": 0.11344891745760914,
  "Rafael Flores": 0.09270725916924746,
  "Spencer Horwitz": 0.10231282493789404,
  "TJ Friedl": 0.09768541948896216,
  "Gavin Lux": 0.07942476590624739,
  "Jared Triolo": 0.08959582934163522,
  "Jose Trevino": 0.0887319155249242,
  "Nick Yorke": 0.07127388322399,
  "Nick Gonzales": 0.07209087668804229,
  "Ke'Bryan Hayes": 0.06711415703917117,
  "Tyler Stephenson": 0.09761904761904762,
  "Austin Hays": 0.10757575757575757,
  "Kerry Carpenter": 0.13453857264195718,
  "Jose Ramirez": 0.10231216525982459,
  "Riley Greene": 0.11897447868036104,
  "Spencer Torkelson": 0.10611710508887925,
  "Wenceel Perez": 0.0733461524202265,
  "Kyle Manzardo": 0.08893942465462261,
  "David Fry": 0.07447830407546968,
  "Parker Meadows": 0.07265807214771086,
  "Gabriel Arias": 0.06597768277580532,
  "Jhonkensy Noel": 0.0763599649082452,
  "Zach McKinstry": 0.06279337730060429,
  "Gleyber Torres": 0.06831086668829905,
  "Angel Martinez": 0.06388296866092398,
  "Dillon Dingler": 0.06941620360822526,
  "Javier Baez": 0.058824719051991776,
  "Austin Hedges": 0.05248770703933747,
  "Brayan Rocchio": 0.056725656589787024,
  "Steven Kwan": 0.04458104955918446,
  "Kyle Schwarber": 0.20721616440348753,
  "Max Kepler": 0.11437649307214524,
  "Agust\u00edn Ram\u00edrez": 0.1006043081763828,
  "J.T. Realmuto": 0.0980256664606371,
  "Connor Norby": 0.08423312913693103,
  "Weston Wilson": 0.09762100725063688,
  "Harrison Bader": 0.09566724321126265,
  "Alec Bohm": 0.09081520799569835,
  "Heriberto Hernandez": 0.0841964652820336,
  "Otto Lopez": 0.07289870566073653,
  "Brandon Marsh": 0.09211054169368037,
  "Bryson Stott": 0.08170769990530247,
  "Eric Wagaman": 0.07826203260980019,
  "Jakob Marsee": 0.072798250489098,
  "Otto Kemp": 0.07633596110554049,
  "Dane Myers": 0.06861210388816168,
  "Griffin Conine": 0.06038677955602172,
  "Xavier Edwards": 0.04961666696316326,
  "Javier Sanoja": 0.060000000000000005,
  "Aaron Judge": 0.2089598357540321,
  "Giancarlo Stanton": 0.19003788649275852,
  "Trent Grisham": 0.165136293324195,
  "Jazz Chisholm Jr.": 0.13930439634110026,
  "Cody Bellinger": 0.13532940946836938,
  "Austin Wells": 0.1284759034804114,
  "Ben Rice": 0.13406986618310818,
  "Colson Montgomery": 0.12382464626000293,
  "Ryan McMahon": 0.11651139468132933,
  "Brooks Baldwin": 0.09919680385448867,
  "Anthony Volpe": 0.09248494081006717,
  "Kyle Teel": 0.09231127635875926,
  "Miguel Vargas": 0.09683994547561033,
  "Lenyn Sosa": 0.09230550656476583,
  "Will Robertson": 0.0902481450624441,
  "Dominic Fletcher": 0.07166391859999846,
  "Edgar Quero": 0.06872569456628944,
  "Chase Meidroth": 0.05918249024309631,
  "Daulton Varsho": 0.13639229265380276,
  "George Springer": 0.14113010044361798,
  "Vladimir Guerrero Jr.": 0.12448356715102077,
  "Addison Barger": 0.12064202661516703,
  "Trevor Story": 0.11795342674486621,
  "Davis Schneider": 0.10575633680505496,
  "Alex Bregman": 0.10460018678035675,
  "Wilyer Abreu": 0.10180756586941796,
  "Jarren Duran": 0.1019828044330654,
  "Alejandro Kirk": 0.09288336741970257,
  "Ceddanne Rafaela": 0.0798376720146588,
  "Carlos Narvaez": 0.07521688141222053,
  "Romy Gonzalez": 0.07867450061058047,
  "Nathaniel Lowe": 0.0726652778400012,
  "Nathan Lukes": 0.06792318757159514,
  "Andres Gimenez": 0.05382674260333835,
  "Ernie Clement": 0.0568062597871557,
  "Masataka Yoshida": 0.06197866996210296,
  "Matt Olson": 0.14665692586762413,
  "Ronald Acuna Jr.": 0.13224191421574474,
  "James Wood": 0.1086745891667959,
  "Drake Baldwin": 0.1054910044681962,
  "Jurickson Profar": 0.11281230357148961,
  "Marcell Ozuna": 0.0974999441713658,
  "Michael Harris II": 0.10241943896900324,
  "CJ Abrams": 0.08922287396066753,
  "Riley Adams": 0.07826558393783152,
  "Dylan Crews": 0.07224959808293142,
  "Luis Garcia Jr.": 0.07341593345972215,
  "Daylen Lile": 0.07752393310149086,
  "Ha-Seong Kim": 0.06770491177576159,
  "Brady House": 0.06689469428481186,
  "Nasim Nunez": 0.05664987550725146,
  "Nacho Alvarez Jr.": 0.05478533434650456,
  "Jacob Young": 0.05049594879757923,
  "Pete Alonso": 0.1253089975497514,
  "Juan Soto": 0.10321668451070393,
  "Mark Vientos": 0.08916426213415882,
  "Francisco Lindor": 0.09071616365253543,
  "Brandon Nimmo": 0.08041742000055868,
  "Seiya Suzuki": 0.07831749456848978,
  "Francisco Alvarez": 0.07147680384557874,
  "Pete Crow-Armstrong": 0.05635618448761895,
  "Dansby Swanson": 0.06644971164813103,
  "Brett Baty": 0.06452422583928225,
  "Carson Kelly": 0.06755760603063737,
  "Ian Happ": 0.06620008734278188,
  "Carlos Santana": 0.059353819581092315,
  "Starling Marte": 0.052446271222866964,
  "Jeff McNeil": 0.06196647591857567,
  "Matt Shaw": 0.059878544886196275,
  "Justin Turner": 0.054698202151883805,
  "Nico Hoerner": 0.05139001249671139,
  "Kevin Alcantara": 0.060000000000000005,
  "Byron Buxton": 0.1659708433292731,
  "Adolis Garcia": 0.12485470139510972,
  "Joc Pederson": 0.1291060092114745,
  "Jake Burger": 0.12262776608227832,
  "Wyatt Langford": 0.11927583379030625,
  "Royce Lewis": 0.106960810891563,
  "Kyle Higashioka": 0.10227898530274394,
  "Josh Jung": 0.09522978644261898,
  "Ryan Jeffers": 0.08762674041769668,
  "Kody Clemens": 0.09090097436498962,
  "Alejandro Osuna": 0.07243004369387596,
  "Luke Keaschall": 0.06815538571400999,
  "Carson McCusker": 0.06505383729806173,
  "Austin Martin": 0.07010250282431009,
  "Cody Freeman": 0.06857296015119227,
  "Brooks Lee": 0.0702595195935273,
  "Ezequiel Duran": 0.06894507851227606,
  "Christian Vazquez": 0.06005928695322635,
  "Salvador Perez": 0.16441746604493898,
  "Jo Adell": 0.14412099236930442,
  "Randal Grichuk": 0.1343257421278685,
  "Bobby Witt Jr.": 0.143682326114794,
  "Logan O'Hoppe": 0.12627824785971362,
  "Mike Trout": 0.11856857510108283,
  "Vinnie Pasquantino": 0.13118490467763544,
  "Taylor Ward": 0.11802943359088222,
  "Carter Jensen": 0.1026223594256381,
  "Christian Moore": 0.10023908604670856,
  "Mike Yastrzemski": 0.11332617779062588,
  "Maikel Garcia": 0.10317651786283047,
  "Denzer Guzman": 0.08096130243303733,
  "Nolan Schanuel": 0.067436399123348,
  "Oswald Peraza": 0.07127388322399,
  "Adam Frazier": 0.06294585314128671,
  "Tyler Tolbert": 0.062436820702550494,
  "Bryce Teodosio": 0.05476230559563893,
  "Luis Rengifo": 0.07361111111111111,
  "Yoan Moncada": 0.08392857142857142,
  "Luke Maile": 0.07361111111111111,
  "Jac Caglianone": 0.10757575757575757,
  "Shohei Ohtani": 0.19342296231427675,
  "Max Muncy": 0.12435387391394485,
  "Corbin Carroll": 0.11830916824186481,
  "Freddie Freeman": 0.11593230591078513,
  "Ketel Marte": 0.10399041574725482,
  "Mookie Betts": 0.09525600415912844,
  "Teoscar Hernandez": 0.08838312905961994,
  "James McCann": 0.08221931048290738,
  "Andy Pages": 0.07662214788598015,
  "Michael Conforto": 0.07838232412306485,
  "Gabriel Moreno": 0.064143243648127,
  "Tommy Edman": 0.060775636879389645,
  "Ildemaro Vargas": 0.07213057213057213,