{
  "Michael Busch": 0.1066814177175887,
  "Seiya Suzuki": 0.10375647345331414,
  "Pete Crow-Armstrong": 0.0996229875646795,
  "Andrew Vaughn": 0.08796540371151343,
  "Ian Happ": 0.09388021225542995,
  "William Contreras": 0.08186848555715524,
  "Owen Caissie": 0.06981204923088567,
  "Dansby Swanson": 0.07242409678254048,
  "Willi Castro": 0.060776760787963326,
  "Reese McGuire": 0.06029580807682045,
  "Christian Yelich": 0.06061727320435094,
  "Isaac Collins": 0.05780206077809393,
  "Matt Shaw": 0.06280061111389675,
  "Sal Frelick": 0.046015563676484426,
  "Joey Ortiz": 0.058472507497425545,
  "Caleb Durbin": 0.05972050899697763,
  "Brice Turang": 0.05607271269465429,
  "Brandon Lockridge": 0.04906212118627194,
  "Kerry Carpenter": 0.11928033664058507,
  "Spencer Torkelson": 0.09560344557377798,
  "Riley Greene": 0.10231462606436197,
  "Christian Walker": 0.0900873072791416,
  "Carlos Correa": 0.07882870208503863,
  "Dillon Dingler": 0.07553091063607423,
  "Colt Keith": 0.07354941249225179,
  "Jose Altuve": 0.07299257625095565,
  "Gleyber Torres": 0.07083358782751022,
  "Wenceel Perez": 0.07313335249699884,
  "Zach McKinstry": 0.06705381700205514,
  "Ramon Urias": 0.06416037487362752,
  "Yainer Diaz": 0.0734029673676593,
  "Chas McCormick": 0.058003216244768466,
  "Jeremy Pena": 0.08032178666154136,
  "Trey Sweeney": 0.06945679763264119,
  "Cam Smith": 0.06607248532324399,
  "Mauricio Dubon": 0.06045950309629886,
  "Nolan Gorman": 0.09924551792900536,
  "Lars Nootbaar": 0.09759273013245373,
  "Agust\u00edn Ram\u00edrez": 0.10213462717819756,
  "Alec Burleson": 0.09513707673316324,
  "Willson Contreras": 0.08988290355182109,
  "Heriberto Hernandez": 0.08653255547911926,
  "Ivan Herrera": 0.07347253463759615,
  "Troy Johnston": 0.0754584931184758,
  "Jakob Marsee": 0.0895553839772887,
  "Masyn Winn": 0.06668250023988515,
  "Otto Lopez": 0.08056524632902701,
  "Pedro Pages": 0.07155826860507991,
  "Nathan Church": 0.06787668539197728,
  "Liam Hicks": 0.07221825520857274,
  "Thomas Saggese": 0.06628632382942728,
  "Eric Wagaman": 0.07958648408952669,
  "Xavier Edwards": 0.06820684840021857,
  "Addison Barger": 0.11225248180366688,
  "George Springer": 0.09848775064771019,
  "Jack Suwinski": 0.09366048805670156,
  "Andrew McCutchen": 0.08881002872641759,
  "Bryan Reynolds": 0.08298904626853029,
  "Spencer Horwitz": 0.0749814997020259,
  "Alejandro Kirk": 0.07058523575763698,
  "Bo Bichette": 0.0766689687025862,
  "Ronny Simon": 0.06977347828153496,
  "Nick Gonzales": 0.06527437828500876,
  "Jared Triolo": 0.06421672826414798,
  "Ty France": 0.06343137473473895,
  "Nathan Lukes": 0.07115223912420568,
  "Joey Bart": 0.08155692743928038,
  "Andres Gimenez": 0.06168481682684181,
  "Myles Straw": 0.062288066080155004,
  "Ernie Clement": 0.06356356171331419,
  "Isiah Kiner-Falefa": 0.054471834023464456,
  "Juan Soto": 0.1598412123284742,
  "Pete Alonso": 0.15317565395302885,
  "Francisco Lindor": 0.13161205602839962,
  "Brandon Nimmo": 0.12406980045982761,
  "Mark Vientos": 0.10742733500713726,
  "Brett Baty": 0.08725423592315346,
  "Riley Adams": 0.08573711450995268,
  "Paul DeJong": 0.10027494553825557,
  "Cedric Mullins": 0.0955544097389044,
  "Jeff McNeil": 0.08590776548009096,
  "James Wood": 0.0858231973169344,
  "CJ Abrams": 0.07153496395391173,
  "Dylan Crews": 0.07667148993757307,
  "Josh Bell": 0.08336348664297068,
  "Andr\u00e9s Chaparro": 0.08114022575203521,
  "Luis Torrens": 0.07409610988113312,
  "Brady House": 0.07410412788265222,
  "Jacob Young": 0.05842032617776324,
  "Kyle Schwarber": 0.20242686913681993,
  "Bryce Harper": 0.1713538882638415,
  "Cal Raleigh": 0.1497274124439455,
  "Harrison Bader": 0.1029153005937416,
  "Eugenio Suarez": 0.11356337576352855,
  "Randy Arozarena": 0.1016144442119828,
  "Julio Rodriguez": 0.09740394097005751,
  "Trea Turner": 0.100638393393784,
  "Nick Castellanos": 0.09445890500235993,
  "Brandon Marsh": 0.09182578336651344,
  "Mitch Garver": 0.08808587259067499,
  "J.T. Realmuto": 0.09144109195211475,
  "Jorge Polanco": 0.07869926102267477,
  "Alec Bohm": 0.07349608657586719,
  "Dylan Moore": 0.07445990998869471,
  "Josh Naylor": 0.07040995079587903,
  "Bryson Stott": 0.0750607542703131,
  "J.P. Crawford": 0.06692472641230406,
  "Ryan Mountcastle": 0.09543791641758137,
  "Jarren Duran": 0.10881223073574846,
  "Trevor Story": 0.12303524102959935,
  "Gunnar Henderson": 0.11531876323320174,
  "Masataka Yoshida": 0.07265575044141341,
  "Colton Cowser": 0.09474782407322543,
  "Jackson Holliday": 0.0750036927741122,
  "Coby Mayo": 0.07970676905244274,
  "Alex Bregman": 0.12647440043771255,
  "Dylan Carlson": 0.06816387066144922,
  "Roman Anthony": 0.09710909246780243,
  "Dylan Beavers": 0.07781800784995606,
  "Romy Gonzalez": 0.08914289257648043,
  "Nathaniel Lowe": 0.0758899899022394,
  "Connor Wong": 0.08575204959515428,
  "Abraham Toro": 0.0798634414625046,
  "Luis Vazquez": 0.08044092478321616,
  "Alex Jackson": 0.07529255135302246,
  "Matt Olson": 0.14375228901772788,
  "Luis Robert Jr.": 0.0906543000998848,
  "Ozzie Albies": 0.08546353158281739,
  "Ronald Acuna Jr.": 0.136654839132845,
  "Marcell Ozuna": 0.1148889912850062,
  "Lenyn Sosa": 0.08396100910307963,
  "Michael Harris II": 0.1086413910978968,
  "Mike Tauchman": 0.08897669048202206,
  "Miguel Vargas": 0.09761077247173543,
  "Andrew Benintendi": 0.09391429273486679,
  "Nick Allen": 0.06561877394636015,
  "Nacho Alvarez Jr.": 0.062484792842774355,
  "Brooks Baldwin": 0.08941554563152473,
  "Josh Rojas": 0.060000000000000005,
  "Jurickson Profar": 0.09717116966403488,
  "Kyle Teel": 0.08352121610102473,
  "Drake Baldwin": 0.08850532942079352,
  "Chase Meidroth": 0.05296789226744709,
  "Curtis Mead": 0.07361111111111111,
  "Edgar Quero": 0.07426400854090646,
  "Aaron Judge": 0.1978315431272293,
  "Yandy Diaz": 0.12456752449859554,
  "Giancarlo Stanton": 0.15009520251147046,
  "Brandon Lowe": 0.11020334687405824,
  "Junior Caminero": 0.13749775942608242,
  "Jasson Dom\u00ednguez": 0.08392857142857142,
  "Trent Grisham": 0.11555454173778813,
  "Anthony Volpe": 0.08338134103992881,
  "Paul Goldschmidt": 0.09315626811149386,
  "Ben Rice": 0.1280540954320984,
  "Jazz Chisholm Jr.": 0.11933343572945064,
  "Ha-Seong Kim": 0.0793165250444818,
  "Christopher Morel": 0.11044343599911882,
  "Jake Mangum": 0.05856496386676428,
  "Cody Bellinger": 0.11170368720223502,
  "Everson Pereira": 0.07599801841386755,
  "Nick Fortes": 0.06518153401882038,
  "Chandler Simpson": 0.058726508232198965,
  "Ryan McMahon": 0.09761904761904762,
  "Jose Caballero": 0.07611492273984995,
  "Bobby Witt Jr.": 0.12103344540534088,
  "Josh Smith": 0.06343642134571305,
  "Corey Seager": 0.12971305356123464,
  "Kyle Isbel": 0.062281829131170564,
  "Marcus Semien": 0.09653390757039669,
  "Jonah Heim": 0.0838082984006517,
  "Maikel Garcia": 0.07138461859960371,
  "Evan Carter": 0.06695987213954746,
  "Vinnie Pasquantino": 0.09627043626371118,
  "Wyatt Langford": 0.11483152116010852,
  "Adam Frazier": 0.06167485009734774,
  "Jonathan India": 0.07311626902968131,
  "Alejandro Osuna": 0.06814187167324388,
  "John Rave": 0.07493572650244223,
  "Joc Pederson": 0.10384443366936043,
  "Rowdy Tellez": 0.09332098012422602,
  "Mike Yastrzemski": 0.097166197669606,
  "Luke Maile": 0.079056505360765,
  "Royce Lewis": 0.10034652009825501,
  "Trevor Larnach": 0.09302218120849046,
  "Shea Langeliers": 0.14765957296657753,
  "Byron Buxton": 0.17358029436928912,
  "Lawrence Butler": 0.1058738250765979,
  "Ryan Jeffers": 0.10426459013068624,
  "Tyler Soderstrom": 0.11939692180033391,
  "Darell Hernaiz": 0.07036664401476024,
  "Brent Rooker": 0.13375898857202745,
  "Austin Martin": 0.06333530676529611,
  "Brett Harris": 0.07274594874430097,
  "Brooks Lee": 0.07282274999741466,
  "Nick Kurtz": 0.18099104915481118,
  "Luke Keaschall": 0.07667944658067583,
  "Kody Clemens": 0.11360767409343418,
  "Luis Urias": 0.07073083415058193,
  "Matt Wallner": 0.11653184196396005,
  "JJ Bleday": 0.10334351423077903,