{
  "Kyle Tucker": 0.09936598064182486,
  "Pete Crow-Armstrong": 0.09770193301259636,
  "Seiya Suzuki": 0.09517126605166717,
  "Agust\u00edn Ram\u00edrez": 0.08869479801569354,
  "Jesus Sanchez": 0.08529970952029106,
  "Michael Busch": 0.08610040364816138,
  "Dansby Swanson": 0.08522385665632792,
  "Kyle Stowers": 0.0834453944366225,
  "Connor Norby": 0.08116771330761986,
  "Eric Wagaman": 0.06853504127033538,
  "Mois\u00e9s Ballesteros": 0.06599640202581379,
  "Otto Lopez": 0.05576458765888724,
  "Miguel Amaya": 0.06365461530088032,
  "Matt Shaw": 0.052022735756478596,
  "Derek Hill": 0.05076725261636745,
  "Liam Hicks": 0.058649540305169445,
  "Nico Hoerner": 0.04157358977153028,
  "Javier Sanoja": 0.04027288430415814,
  "Carson Kelly": 0.05318930041152264,
  "Matt Mervis": 0.07361111111111111,
  "Vidal Brujan": 0.041949317738791424,
  "Will Benson": 0.10562549609074662,
  "Elly De La Cruz": 0.10075929722026072,
  "Alexander Canario": 0.09273713506107872,
  "Austin Hays": 0.08675938260404398,
  "Joey Bart": 0.08225810884351097,
  "Andrew McCutchen": 0.08275569423717571,
  "Spencer Steer": 0.07179390527974407,
  "Tyler Stephenson": 0.06978247692672644,
  "TJ Friedl": 0.06743875357910445,
  "Bryan Reynolds": 0.06679872344902854,
  "Matt McLain": 0.06858882406172087,
  "Gavin Lux": 0.06541276814004088,
  "Tommy Pham": 0.06353142915642916,
  "Ke'Bryan Hayes": 0.05964078009532555,
  "Nick Solak": 0.06062491370902506,
  "Jared Triolo": 0.05258936320608506,
  "Santiago Espinal": 0.04298831179149254,
  "Isiah Kiner-Falefa": 0.03893049699685855,
  "Oneil Cruz": 0.08392857142857142,
  "Spencer Horwitz": 0.060000000000000005,
  "Juan Soto": 0.1375182958830263,
  "Wilyer Abreu": 0.12864548586915805,
  "Francisco Lindor": 0.12612041915962152,
  "Pete Alonso": 0.1277933638233064,
  "Rafael Devers": 0.12254139726037572,
  "Brandon Nimmo": 0.1084831480836342,
  "Alex Bregman": 0.09025340821584953,
  "Mark Vientos": 0.08828776889269314,
  "Jarren Duran": 0.0897361896366004,
  "Francisco Alvarez": 0.06778251018803604,
  "Brett Baty": 0.07582110495401918,
  "Trevor Story": 0.060530017381268265,
  "Jeff McNeil": 0.0620537912053827,
  "Carlos Narvaez": 0.0528292776467658,
  "Tyrone Taylor": 0.0547784541652025,
  "Nick Sogard": 0.0534736401883935,
  "Ceddanne Rafaela": 0.05711794098744795,
  "David Hamilton": 0.06117915744508698,
  "Kristian Campbell": 0.07361111111111111,
  "Christopher Morel": 0.16712998219441133,
  "Christian Walker": 0.1417948838913436,
  "Yandy Diaz": 0.12789404064171878,
  "Junior Caminero": 0.13002807058581892,
  "Brandon Lowe": 0.10676688071735227,
  "Danny Jansen": 0.11140170294919031,
  "Isaac Paredes": 0.08902791068580543,
  "Jeremy Pena": 0.09220539889731523,
  "Yainer Diaz": 0.10133469647725515,
  "Victor Caratini": 0.07343405163507873,
  "Jose Caballero": 0.08206134638590779,
  "Jake Meyers": 0.0663431431378432,
  "Jose Altuve": 0.07943330709120182,
  "Curtis Mead": 0.07159389049064441,
  "Cam Smith": 0.06729357240536889,
  "Kameron Misner": 0.0695909650942956,
  "Chas McCormick": 0.06879465145695382,
  "Taylor Walls": 0.0547943905270152,
  "Josh Lowe": 0.07361111111111111,
  "Zach Dezenzo": 0.08392857142857142,
  "Gunnar Henderson": 0.1165588620628766,
  "Ryan Mountcastle": 0.08743293917679164,
  "Rhys Hoskins": 0.10785193987077171,
  "Jackson Chourio": 0.09716077459926978,
  "William Contreras": 0.0916475329389693,
  "Cedric Mullins": 0.08970921182593507,
  "Ramon Laureano": 0.08636996235752455,
  "Christian Yelich": 0.08900573505264174,
  "Ramon Urias": 0.06340733408178502,
  "Jackson Holliday": 0.06959601194037532,
  "Ryan O'Hearn": 0.07599945518540054,
  "Isaac Collins": 0.05899380165882056,
  "Dylan Carlson": 0.06370558343428327,
  "Andruw Monasterio": 0.06766824773610366,
  "Caleb Durbin": 0.05055932849539985,
  "Brice Turang": 0.052503452427781365,
  "Sal Frelick": 0.04672709818747727,
  "Maverick Handley": 0.04636061045171457,
  "Adley Rutschman": 0.07161531279178338,
  "Joey Ortiz": 0.060000000000000005,
  "Heston Kjerstad": 0.09761904761904762,
  "Jake Bauers": 0.09761904761904762,
  "J.P. Crawford": 0.06407391924643743,
  "Andrew Vaughn": 0.07370242880745163,
  "Luis Robert Jr.": 0.08042307262795248,
  "Cal Raleigh": 0.16692388859377916,
  "Dylan Moore": 0.07452314713570932,
  "Julio Rodriguez": 0.11352118711909484,
  "Jorge Polanco": 0.10613273001508297,
  "Miguel Vargas": 0.07070493020493021,
  "Randy Arozarena": 0.1186779129977961,
  "Matt Thaiss": 0.08290981527803233,
  "Josh Rojas": 0.06317165840695252,
  "Rowdy Tellez": 0.08572290667651586,
  "Joshua Palacios": 0.08782108472488111,
  "Leody Taveras": 0.05602846297216848,
  "Ben Williamson": 0.04882082447650098,
  "Chase Meidroth": 0.04814685485823321,
  "Tim Elko": 0.057784465458729686,
  "Austin Slater": 0.05595975424581817,
  "Jose Ramirez": 0.12310265458893273,
  "Kyle Manzardo": 0.1229624562233258,
  "Bo Naylor": 0.10657413592827533,
  "Ryan Jeffers": 0.11464830376595082,
  "Carlos Santana": 0.10269504089801913,
  "Royce Lewis": 0.10720676465241682,
  "Harrison Bader": 0.09162141699178736,
  "Carson McCusker": 0.09891806722689075,
  "Ty France": 0.09207023391233918,
  "Brooks Lee": 0.08650207608521476,
  "Trevor Larnach": 0.07504992038782672,
  "Angel Martinez": 0.06709051197964096,
  "Gabriel Arias": 0.0666263722277468,
  "Nolan Jones": 0.06943923046273934,
  "Willi Castro": 0.05708625501443181,
  "Jonah Bride": 0.06162789977198374,
  "Steven Kwan": 0.05973396037804435,
  "Will Brennan": 0.050200390905215886,
  "Christian Vazquez": 0.07361111111111111,
  "Daniel Schneemann": 0.08392857142857142,
  "Kody Clemens": 0.07361111111111111,
  "DaShawn Keirsey Jr.": 0.060000000000000005,
  "Kerry Carpenter": 0.11161973268494463,
  "Riley Greene": 0.10127036164130612,
  "Willson Contreras": 0.10437958401751506,
  "Spencer Torkelson": 0.09032544369538867,
  "Lars Nootbaar": 0.09222460547658855,
  "Ivan Herrera": 0.0722128229493821,
  "Akil Baddoo": 0.0689571776049108,
  "Alec Burleson": 0.06797435045245366,
  "Gleyber Torres": 0.06959310902635893,
  "Masyn Winn": 0.0699085143907839,
  "Pedro Pages": 0.07165549763540915,
  "Colt Keith": 0.05345605560077434,
  "Trey Sweeney": 0.059392254415481724,
  "Dillon Dingler": 0.0697135037659225,
  "Nolan Arenado": 0.07057925829470578,
  "Brendan Donovan": 0.06501125080256154,
  "Victor Scott II": 0.057560785722841054,
  "Zach McKinstry": 0.05390388739051448,
  "Javier Baez": 0.07361111111111111,
  "Jordan Walker": 0.08392857142857142,
  "Kyle Schwarber": 0.17249281758508772,
  "Bryce Harper": 0.12963592667674056,
  "Hunter Goodman": 0.10378851143694952,
  "Nick Castellanos": 0.11410839789304432,
  "Trea Turner": 0.11788496710659854,
  "Michael Toglia": 0.0942608971810275,
  "J.T. Realmuto": 0.10709252212963608,
  "Weston Wilson": 0.08338754753910142,
  "Alec Bohm": 0.0886173366863022,
  "Jordan Beck": 0.08120532702716611,
  "Edmundo Sosa": 0.07606707952541286,
  "Ezequiel Tovar": 0.07475781947662191,
  "Brenton Doyle": 0.07069746965494529,
  "Ryan McMahon": 0.05978154008593509,
  "Adael Amador": 0.06558435085648004,
  "Jacob Stallings": 0.051368263404213514,
  "Tyler Freeman": 0.050232354106526295,
  "Johan Rojas": 0.04399346286037351,
  "Kyle Farmer": 0.060000000000000005,
  "Salvador Perez": 0.12131604451924868,
  "Heliot Ramos": 0.10535629030985068,
  "Wilmer Flores": 0.0784166991574399,
  "Bobby Witt Jr.": 0.11233951573318343,
  "Maikel Garcia": 0.05757835569507755,
  "Dairon Blanco": 0.060000000000000005,
  "Vinnie Pasquantino": 0.0805404347003495,
  "Michael Massey": 0.06003922417000567,
  "Freddy Fermin": 0.060000000000000005,
  "Drew Waters": 0.060000000000000005,
  "David Villar": 0.060000000000000005,
  "Luis Matos": 0.06280212842712843,
  "Patrick Bailey": 0.060000000000000005,
  "Tyler Fitzgerald": 0.07188827706300042,
  "Willy Adames": 0.0992908372886126,
  "Jonathan India": 0.05543218614375207,
  "Jung Hoo Lee": 0.05901153770471952,
  "Matt Chapman": 0.12610195872312915,
  "Hunter Renfroe": 0.08217745980672103,