{
  "Anthony Santander": 0.10743950686309377,
  "Vladimir Guerrero Jr.": 0.10413716437687627,
  "Tyler O'Neill": 0.10790973017565385,
  "Gunnar Henderson": 0.1077162082825272,
  "Adley Rutschman": 0.08305570226683151,
  "Jordan Westburg": 0.07740610529079793,
  "Ryan O'Hearn": 0.07161816367485986,
  "George Springer": 0.07269075013251201,
  "Heston Kjerstad": 0.07565285053685665,
  "Cedric Mullins": 0.08146393491463914,
  "Bo Bichette": 0.07057203948487195,
  "Davis Schneider": 0.0702874920689067,
  "Alejandro Kirk": 0.06876459723894467,
  "Ernie Clement": 0.06539192090718808,
  "Ryan Mountcastle": 0.0652032207184879,
  "Jackson Holliday": 0.061104956574769206,
  "Andres Gimenez": 0.053255225015185724,
  "Myles Straw": 0.047879886334032604,
  "Aaron Judge": 0.19887629531847537,
  "Matt Chapman": 0.14263286661833963,
  "Heliot Ramos": 0.11531650869063403,
  "Willy Adames": 0.1162260950886607,
  "Christian Koss": 0.08763978265958464,
  "Ben Rice": 0.08749381365760676,
  "Jazz Chisholm Jr.": 0.08715069013397267,
  "Wilmer Flores": 0.09129754209470903,
  "Luis Matos": 0.07792326100305114,
  "Jasson Dom\u00ednguez": 0.07366917308093779,
  "Casey Schmitt": 0.07306649192000027,
  "Patrick Bailey": 0.07224973424049749,
  "Jung Hoo Lee": 0.0710278003121498,
  "Paul Goldschmidt": 0.07997252635393919,
  "Cody Bellinger": 0.06656287202827806,
  "Anthony Volpe": 0.059729421154198575,
  "J.C. Escarra": 0.05768366154646419,
  "Oswaldo Cabrera": 0.05241039001738749,
  "Tyler Fitzgerald": 0.08392857142857142,
  "Austin Wells": 0.07361111111111111,
  "Matt Olson": 0.14116786660441574,
  "Marcell Ozuna": 0.136697129695167,
  "Austin Riley": 0.12985751793622133,
  "Christopher Morel": 0.13468496753114947,
  "Yandy Diaz": 0.10602614054432538,
  "Michael Harris II": 0.1149688590134388,
  "Danny Jansen": 0.10600746268164628,
  "Sean Murphy": 0.09653542162462955,
  "Ozzie Albies": 0.09190031706017114,
  "Junior Caminero": 0.09793357521750069,
  "Jarred Kelenic": 0.09314067068228399,
  "Coco Montes": 0.07789814767620683,
  "Curtis Mead": 0.07796623046487784,
  "Jose Caballero": 0.07091757188874553,
  "Eli White": 0.06430367593570233,
  "Taylor Walls": 0.055539318837191175,
  "Jake Mangum": 0.05321951072947144,
  "Nick Allen": 0.06467592592592593,
  "Orlando Arcia": 0.060000000000000005,
  "Bryan De La Cruz": 0.09761904761904762,
  "Elly De La Cruz": 0.12218148036355192,
  "Bryan Reynolds": 0.09549676106308,
  "Oneil Cruz": 0.1249476481977746,
  "Jeimer Candelario": 0.09518441413548538,
  "Enmanuel Valdez": 0.09652501099975576,
  "Alexander Canario": 0.09798455351052182,
  "Spencer Steer": 0.09427730228695426,
  "Endy Rodriguez": 0.08843075814497241,
  "Gavin Lux": 0.07847568327960484,
  "TJ Friedl": 0.08023931337842762,
  "Henry Davis": 0.07456178003292002,
  "Tsung-Che Cheng": 0.0645810790167243,
  "Noelvi Marte": 0.0755143405296077,
  "Jake Fraley": 0.06123438508254011,
  "Santiago Espinal": 0.06964460205297902,
  "Isiah Kiner-Falefa": 0.053909628530794035,
  "Austin Wynns": 0.0588411665841298,
  "Adam Frazier": 0.05759451423339902,
  "Ke'Bryan Hayes": 0.07361111111111111,
  "Jack Suwinski": 0.09761904761904762,
  "Blake Dunn": 0.07361111111111111,
  "Christian Encarnacion-Strand": 0.12000000000000001,
  "Tommy Pham": 0.08392857142857142,
  "Bobby Witt Jr.": 0.1146156353974439,
  "Vinnie Pasquantino": 0.10230228520216444,
  "Salvador Perez": 0.11333545115823608,
  "Jhonkensy Noel": 0.10013807645773119,
  "Jose Ramirez": 0.11727475104399185,
  "Michael Massey": 0.0970080906425914,
  "MJ Melendez": 0.09622779509080436,
  "Carlos Santana": 0.08831067676555897,
  "Hunter Renfroe": 0.08647113443951632,
  "Maikel Garcia": 0.05292151970234323,
  "Freddy Fermin": 0.06377020815584178,
  "Gabriel Arias": 0.059005469211135066,
  "Kyle Isbel": 0.061900831868120954,
  "Angel Martinez": 0.058016796701611334,
  "Daniel Schneemann": 0.06878611106231568,
  "Austin Hedges": 0.059580318619606526,
  "Brayan Rocchio": 0.053690281848169416,
  "Steven Kwan": 0.04939125135554644,
  "Bo Naylor": 0.060000000000000005,
  "Kyle Manzardo": 0.08392857142857142,
  "James Wood": 0.09578194039861057,
  "Paul DeJong": 0.08738475105141771,
  "Nathaniel Lowe": 0.08539155101637583,
  "Josh Bell": 0.08816740388130184,
  "Eric Wagaman": 0.0816545643898585,
  "Luis Garcia Jr.": 0.09213436587386167,
  "Kyle Stowers": 0.08342931546038422,
  "Keibert Ruiz": 0.08729057951836673,
  "Dylan Crews": 0.07915891437168034,
  "Griffin Conine": 0.08124045866547282,
  "Alex Call": 0.06361731062004157,
  "Otto Lopez": 0.06069299479754738,
  "Derek Hill": 0.0619675668937507,
  "Amed Rosario": 0.05952579824228069,
  "Jonah Bride": 0.06134119259772798,
  "Xavier Edwards": 0.04892636352120698,
  "Javier Sanoja": 0.05192453681584116,
  "Graham Pauley": 0.07361111111111111,
  "Liam Hicks": 0.060000000000000005,
  "Rafael Devers": 0.16611652557239073,
  "Wilyer Abreu": 0.14894531565140232,
  "Alex Bregman": 0.12837545458168062,
  "Triston Casas": 0.11463912957762475,
  "Trevor Story": 0.10748281235774626,
  "Luis Robert Jr.": 0.10040109353012579,
  "Jarren Duran": 0.11308707830958471,
  "Andrew Vaughn": 0.11198630434886654,
  "Kristian Campbell": 0.09633193212565759,
  "Miguel Vargas": 0.09457376039559948,
  "Michael A. Taylor": 0.09286799702316943,
  "Ceddanne Rafaela": 0.08760799367931013,
  "Chase Meidroth": 0.06464017911422255,
  "Carlos Narvaez": 0.06811310691133396,
  "Brooks Baldwin": 0.06603785700766965,
  "Lenyn Sosa": 0.07322868877027174,
  "Matt Thaiss": 0.059974178473677066,
  "Jacob Amaya": 0.0567369657456104,
  "Byron Buxton": 0.15707335127573344,
  "Ryan Jeffers": 0.08141233845560135,
  "Carlos Correa": 0.08392857142857142,
  "Trevor Larnach": 0.08643195313821096,
  "Javier Baez": 0.060000000000000005,
  "Riley Greene": 0.1032143704307459,
  "Matt Wallner": 0.1435718177913642,
  "Kerry Carpenter": 0.13389826018512727,
  "Spencer Torkelson": 0.11270552058800139,
  "Edouard Julien": 0.07248341486633497,
  "Zach McKinstry": 0.0726525159575747,
  "Christian Vazquez": 0.060000000000000005,
  "Trey Sweeney": 0.09405157745880549,
  "Ty France": 0.07749117220737448,
  "Willi Castro": 0.07964468550694992,
  "Gleyber Torres": 0.08318898155376987,
  "Colt Keith": 0.07454167698343886,
  "Dillon Dingler": 0.09978407805838813,
  "Harrison Bader": 0.07679096785925886,
  "Ryan Kreidler": 0.07083535896585078,
  "Brooks Lee": 0.074411531708624,
  "Yordan Alvarez": 0.16019756220106773,
  "Mike Trout": 0.1372476100087705,
  "Christian Walker": 0.14688455170214162,
  "Jorge Soler": 0.12332364469078204,
  "Taylor Ward": 0.10243923919436405,
  "Isaac Paredes": 0.10536498786707549,
  "Jo Adell": 0.0989920573290651,
  "Travis d'Arnaud": 0.09245679469911225,
  "Jose Altuve": 0.09448626211668641,
  "Jeremy Pena": 0.09233578701901783,
  "Kyren Paris": 0.07163444310503134,
  "Luis Rengifo": 0.07180089649645893,
  "Victor Caratini": 0.0741397907205718,
  "Jake Meyers": 0.07549727518822441,
  "Cam Smith": 0.07154560055971716,
  "Kevin Newman": 0.05510734460043483,
  "Mauricio Dubon": 0.06355817270710887,
  "Nolan Schanuel": 0.05785831249690773,
  "Bryce Harper": 0.1137952867097252,
  "J.T. Realmuto": 0.1048762293138008,
  "Lars Nootbaar": 0.08652475365276101,
  "Alec Bohm": 0.09626411880182055,
  "Brendan Donovan": 0.07561465205744804,
  "Nolan Arenado": 0.06750752973882428,
  "Nick Castellanos": 0.11498031935255836,
  "Kyle Schwarber": 0.13888796936081688,
  "Edmundo Sosa": 0.08896057967390969,
  "Johan Rojas": 0.057830209086744466,
  "Trea Turner": 0.12234832146700868,
  "Alec Burleson": 0.07809518142851476,
  "Willson Contreras": 0.09057128019622684,
  "Jordan Walker": 0.07214563439131784,
  "Pedro Pages": 0.07361111111111111,
  "Thomas Saggese": 0.060000000000000005,
  "Max Kepler": 0.08392857142857142,
  "Victor Scott II": 0.06775899008118696,
  "Yohel Pozo": 0.06725779444365833,
  "Nolan Gorman": 0.11471868530020704,
  "Brandon Marsh": 0.07988858822755132,
  "Juan Soto": 0.1567542752435904,
  "Pete Alonso": 0.14259641292825143,