{
  "Jose Altuve": 0.09080448534235512,
  "Carlos Correa": 0.0853197616676988,
  "Jeremy Pena": 0.08079322811431973,
  "Yainer Diaz": 0.09287677055172332,
  "Christian Walker": 0.112871581663923,
  "Cam Smith": 0.0691079014421589,
  "Jesus Sanchez": 0.10562551973630126,
  "Liam Hicks": 0.07763510843191973,
  "Otto Lopez": 0.08656354900290461,
  "Eric Wagaman": 0.07540850192806378,
  "Kyle Stowers": 0.11604603525117493,
  "Agust\u00edn Ram\u00edrez": 0.11343988218735597,
  "Jakob Marsee": 0.07403881066660604,
  "Xavier Edwards": 0.07088748179831356,
  "Javier Sanoja": 0.07182892603224524,
  "Heriberto Hernandez": 0.08300123167014921,
  "Ramon Urias": 0.0832071710445027,
  "Mauricio Dubon": 0.0693557917533105,
  "Kerry Carpenter": 0.13405918558236546,
  "Matt Wallner": 0.13438049829335258,
  "Spencer Torkelson": 0.11843206802670354,
  "Kody Clemens": 0.11609266029107584,
  "Ryan Jeffers": 0.09400253747701445,
  "Royce Lewis": 0.11154955959933556,
  "Colt Keith": 0.09805983662011235,
  "Wenceel Perez": 0.08946176680061306,
  "Trevor Larnach": 0.08359747368388812,
  "Jahmai Jones": 0.08055128694174471,
  "Zach McKinstry": 0.07649789761895473,
  "Javier Baez": 0.09515608045019809,
  "Luke Keaschall": 0.08520483032515118,
  "Jake Rogers": 0.0852929617216285,
  "Matt Vierling": 0.07957852644876762,
  "Brooks Lee": 0.07937856538834082,
  "Christian Vazquez": 0.05971499246715574,
  "Austin Martin": 0.06573913641364136,
  "Gleyber Torres": 0.08392857142857142,
  "Rafael Devers": 0.12014548712837504,
  "Matt Chapman": 0.11128272427708577,
  "Willy Adames": 0.11086944130626036,
  "Heliot Ramos": 0.0987723397487929,
  "Oneil Cruz": 0.09315642422969285,
  "Jerar Encarnaci\u00f3n": 0.08823642973392519,
  "Spencer Horwitz": 0.06411397828947148,
  "Dominic Smith": 0.06872158283873891,
  "Christian Koss": 0.06588147620039912,
  "Bryan Reynolds": 0.06744872751360184,
  "Jack Suwinski": 0.07199192442895791,
  "Henry Davis": 0.06568456913470823,
  "Patrick Bailey": 0.0688025989156299,
  "Jung Hoo Lee": 0.06837430624423682,
  "Tommy Pham": 0.06857105493266169,
  "Jared Triolo": 0.060668925985183704,
  "Nick Gonzales": 0.0634973824135252,
  "Isiah Kiner-Falefa": 0.06322196796338672,
  "Kyle Schwarber": 0.2263160727484637,
  "Bryce Harper": 0.17627021078624316,
  "Tyler O'Neill": 0.16068437515141965,
  "Gunnar Henderson": 0.14912196043845408,
  "Jordan Westburg": 0.14224297193998656,
  "Colton Cowser": 0.12601189599889634,
  "Max Kepler": 0.11879981532155444,
  "Jackson Holliday": 0.11822281575415203,
  "Adley Rutschman": 0.11508993297167014,
  "Nick Castellanos": 0.11513309910382924,
  "Trea Turner": 0.10395480586017439,
  "J.T. Realmuto": 0.10747274943318429,
  "Brandon Marsh": 0.0962618882620875,
  "Coby Mayo": 0.09190416366672609,
  "Edmundo Sosa": 0.08065081089592999,
  "Jeremiah Jackson": 0.10710684387910414,
  "Bryson Stott": 0.0810901250654284,
  "Dylan Carlson": 0.08184271740196883,
  "Brent Rooker": 0.1434832869229683,
  "Nick Kurtz": 0.1261958368540917,
  "Shea Langeliers": 0.12998196795663686,
  "James Wood": 0.12098477397750235,
  "Josh Bell": 0.10362308058351544,
  "CJ Abrams": 0.09459924874882147,
  "Tyler Soderstrom": 0.09221549415354226,
  "Nathaniel Lowe": 0.08750689007837023,
  "Luis Garcia Jr.": 0.08681057671974766,
  "JJ Bleday": 0.09358521348908276,
  "Brady House": 0.07905045154801887,
  "Darell Hernaiz": 0.07537556316328695,
  "Colby Thomas": 0.08443330852693112,
  "Drew Millas": 0.06961906252009609,
  "Daylen Lile": 0.0729837497038513,
  "Gio Urshela": 0.06380461824170433,
  "Max Schuemann": 0.06676782295904264,
  "Jacob Young": 0.05933713498121895,
  "Alex Bregman": 0.12715200001827698,
  "Wilyer Abreu": 0.12803231765475123,
  "Trevor Story": 0.11015584875128265,
  "Salvador Perez": 0.09487754090258449,
  "Bobby Witt Jr.": 0.09448575699981868,
  "Carlos Narvaez": 0.09860962768890925,
  "Jarren Duran": 0.0992667161720847,
  "Randal Grichuk": 0.08377190838140827,
  "Romy Gonzalez": 0.08462338297281936,
  "Vinnie Pasquantino": 0.08164089882910044,
  "Abraham Toro": 0.07167265893599438,
  "Masataka Yoshida": 0.07113572091696631,
  "Maikel Garcia": 0.07296875316212334,
  "David Hamilton": 0.0731970832218357,
  "Jonathan India": 0.058635386324565254,
  "John Rave": 0.06851253460765351,
  "Nick Loftin": 0.06267293718429642,
  "Luke Maile": 0.06793462628155969,
  "Pete Alonso": 0.160809804933775,
  "Juan Soto": 0.1505088976192131,
  "Francisco Lindor": 0.1285584003612771,
  "Mark Vientos": 0.10976083161976052,
  "Francisco Alvarez": 0.10827369585955747,
  "Jose Ramirez": 0.10250151567145031,
  "Brandon Nimmo": 0.10724278705529221,
  "Kyle Manzardo": 0.10052298470390125,
  "Starling Marte": 0.08177514663940329,
  "Angel Martinez": 0.07912922948681589,
  "Bo Naylor": 0.09493584503793488,
  "Daniel Schneemann": 0.07916627158328417,
  "C. J. Kayfus": 0.09598975418581686,
  "Tyrone Taylor": 0.07491791633094774,
  "Gabriel Arias": 0.07438435758931865,
  "Jeff McNeil": 0.08462995127128867,
  "Steven Kwan": 0.06468641289337539,
  "Brayan Rocchio": 0.05587201013022453,
  "Cedric Mullins": 0.09761904761904762,
  "Luis Torrens": 0.08392857142857142,
  "Andrew Vaughn": 0.10156392522309617,
  "Matt Olson": 0.10874845549642768,
  "Sean Murphy": 0.09225070566702381,
  "Danny Jansen": 0.08243031159437988,
  "Christian Yelich": 0.08088955231550488,
  "Drake Baldwin": 0.08136207428753456,
  "William Contreras": 0.08442868112729601,
  "Jurickson Profar": 0.0752039039683599,
  "Michael Harris II": 0.07664956530530448,
  "Caleb Durbin": 0.06913708668607996,
  "Ozzie Albies": 0.07299778769803168,
  "Blake Perkins": 0.06089701112552875,
  "Eli White": 0.05739015014636099,
  "Isaac Collins": 0.06881385271970514,
  "Joey Ortiz": 0.0768636327278881,
  "Nacho Alvarez Jr.": 0.05967048467928717,
  "Brice Turang": 0.05688170295742606,
  "Nick Allen": 0.05858885941644563,
  "Anthony Seigler": 0.060000000000000005,
  "Brandon Lockridge": 0.060000000000000005,
  "Sal Frelick": 0.060000000000000005,
  "Nico Hoerner": 0.05983977325385706,
  "Ian Happ": 0.09252662611730392,
  "TJ Friedl": 0.05893086807436618,
  "Noelvi Marte": 0.07653374603524436,
  "Spencer Steer": 0.07610644873031756,
  "Matt McLain": 0.09718265998950856,
  "Elly De La Cruz": 0.08356118591004617,
  "Seiya Suzuki": 0.13333333333333333,
  "Dansby Swanson": 0.08585109438113939,
  "Pete Crow-Armstrong": 0.11413152675771908,
  "Kyle Tucker": 0.10627420954582321,
  "Michael Busch": 0.11362565892222833,
  "Matt Shaw": 0.07175102352413976,
  "Austin Hays": 0.09557634803434789,
  "Reese McGuire": 0.058742681840357,
  "Ke'Bryan Hayes": 0.060000000000000005,
  "Miguel Andujar": 0.06388939966879173,
  "Jose Trevino": 0.06950950169691764,
  "Santiago Espinal": 0.07132914704343275,
  "Willi Castro": 0.08405343344336205,
  "Aaron Judge": 0.1969610152528041,
  "Corey Seager": 0.13176302467625065,
  "Trent Grisham": 0.11368040301522944,
  "Jazz Chisholm Jr.": 0.11496443122167031,
  "Ben Rice": 0.11619046285892824,
  "Adolis Garcia": 0.1126605403901193,
  "Joc Pederson": 0.1078364885855607,
  "Cody Bellinger": 0.10053333704757941,
  "Wyatt Langford": 0.10127011544829224,
  "Paul Goldschmidt": 0.08688267127662301,
  "Rowdy Tellez": 0.08574296881919966,
  "Marcus Semien": 0.09403861600138681,
  "Ryan McMahon": 0.09386229698799893,
  "Jasson Dom\u00ednguez": 0.08399596453466779,
  "Jonah Heim": 0.07521961165353558,
  "Alejandro Osuna": 0.07211708930529093,
  "Josh Smith": 0.07890610265600323,
  "Anthony Volpe": 0.06601652593626123,
  "Austin Wells": 0.09761904761904762,
  "Hunter Goodman": 0.17491037615581895,
  "Addison Barger": 0.17239255645052745,
  "Daulton Varsho": 0.16507645014614936,
  "Vladimir Guerrero Jr.": 0.13714832745569602,
  "Mickey Moniak": 0.132020523367289,
  "Ezequiel Tovar": 0.11180183686546553,
  "Nathan Lukes": 0.09684132359599633,
  "Brenton Doyle": 0.1039343469030969,
  "Bo Bichette": 0.12326121811629058,
  "Warming Bernabel": 0.0945936423040594,
  "Alejandro Kirk": 0.09760693806938771,