{
  "Corbin Carroll": 0.14426357321821603,
  "Oneil Cruz": 0.13627490123815292,
  "Ketel Marte": 0.1110036041249328,
  "Eugenio Suarez": 0.1159473774866654,
  "Bryan Reynolds": 0.10217591746520537,
  "Adrian Del Castillo": 0.08935890765745483,
  "Spencer Horwitz": 0.09394219790775465,
  "Jack Suwinski": 0.11210123220682582,
  "Henry Davis": 0.08720850927667,
  "Nick Gonzales": 0.07998947162998718,
  "Tommy Pham": 0.07233887263507623,
  "Tristin English": 0.07682388270623565,
  "Alek Thomas": 0.08174611068938739,
  "Geraldo Perdomo": 0.06857560579602749,
  "James McCann": 0.060449683744145784,
  "Ke'Bryan Hayes": 0.06861670147039689,
  "Jake McCarthy": 0.06100351608181289,
  "Isiah Kiner-Falefa": 0.05352966002238833,
  "Tyler O'Neill": 0.18869016165446195,
  "Ramon Laureano": 0.1596388725929219,
  "Jordan Westburg": 0.15493757259001162,
  "Mickey Moniak": 0.1471239736834714,
  "Gunnar Henderson": 0.1571191430427221,
  "Cedric Mullins": 0.12779877059278844,
  "Ezequiel Tovar": 0.10770898304913168,
  "Ramon Urias": 0.10497836151309568,
  "Yanquiel Fern\u00e1ndez": 0.11063918032419619,
  "Jordan Beck": 0.09766079025888943,
  "Alex Jackson": 0.09948946398978235,
  "Coby Mayo": 0.09492046734786425,
  "Tyler Freeman": 0.08153236169448198,
  "Dylan Carlson": 0.08730246914153703,
  "Warming Bernabel": 0.06554231066263151,
  "Thairo Estrada": 0.08001162242049285,
  "Orlando Arcia": 0.06920114411412603,
  "Austin Nola": 0.06373347709487488,
  "Michael Toglia": 0.12000000000000001,
  "Hunter Goodman": 0.17142857142857143,
  "Shohei Ohtani": 0.22002429071766844,
  "Alex Bregman": 0.12005214497541863,
  "Teoscar Hernandez": 0.11388976431794112,
  "Wilyer Abreu": 0.11712536673500858,
  "Andy Pages": 0.10337973637656306,
  "Trevor Story": 0.10718600511418191,
  "Mookie Betts": 0.10042073784642322,
  "Jarren Duran": 0.09933510233477275,
  "Freddie Freeman": 0.09583564205542032,
  "Roman Anthony": 0.09311851238621821,
  "Michael Conforto": 0.09261776010267904,
  "Ceddanne Rafaela": 0.08552337834516052,
  "Carlos Narvaez": 0.08274865485010413,
  "Masataka Yoshida": 0.07603479933962981,
  "Abraham Toro": 0.07340846619149598,
  "Tommy Edman": 0.06617343764054907,
  "Dalton Rushing": 0.06746624900478437,
  "Miguel Rojas": 0.061441525826599994,
  "Kyle Schwarber": 0.19763209971260626,
  "Giancarlo Stanton": 0.13867017453954744,
  "Bryce Harper": 0.14521861575226047,
  "Ben Rice": 0.12490056421428969,
  "Jazz Chisholm Jr.": 0.12629294754113043,
  "Cody Bellinger": 0.12245095471416986,
  "Trea Turner": 0.11047029453790162,
  "Trent Grisham": 0.11666245459063138,
  "Jasson Dom\u00ednguez": 0.10230819494455762,
  "Nick Castellanos": 0.11149809522369575,
  "Otto Kemp": 0.09347644320092019,
  "Ryan McMahon": 0.10754089726537425,
  "Weston Wilson": 0.08504860041917021,
  "J.T. Realmuto": 0.1012838743874229,
  "Austin Wells": 0.10926547671244945,
  "Anthony Volpe": 0.075291230042716,
  "Edmundo Sosa": 0.07770682613501721,
  "Johan Rojas": 0.056378709518050366,
  "Brandon Marsh": 0.07361111111111111,
  "Paul Goldschmidt": 0.12000000000000001,
  "Junior Caminero": 0.14760988606272124,
  "Jonathan Aranda": 0.14842405361749408,
  "Elly De La Cruz": 0.13220590311223304,
  "Yandy Diaz": 0.1174381359851989,
  "Austin Hays": 0.11736407313276913,
  "Matt McLain": 0.10773784706888666,
  "Josh Lowe": 0.1044622017068723,
  "Noelvi Marte": 0.10008870488593301,
  "TJ Friedl": 0.09090743301132906,
  "Matt Thaiss": 0.07292087913766078,
  "Gavin Lux": 0.08144763184991655,
  "Jake Fraley": 0.08078012517987765,
  "Jose Trevino": 0.06912429809343726,
  "Taylor Walls": 0.06457833070837105,
  "Jake Mangum": 0.06246439844171145,
  "Chandler Simpson": 0.05212017546922717,
  "Santiago Espinal": 0.06558010607617383,
  "Jose Caballero": 0.07361111111111111,
  "Danny Jansen": 0.09761904761904762,
  "Kerry Carpenter": 0.12932732129231475,
  "Vladimir Guerrero Jr.": 0.12260259659419323,
  "Riley Greene": 0.12334415309109287,
  "Spencer Torkelson": 0.11974524114943091,
  "George Springer": 0.1136101328424162,
  "Addison Barger": 0.11728912771967656,
  "Zach McKinstry": 0.0865929091727178,
  "Bo Bichette": 0.09903783751202037,
  "Colt Keith": 0.0983827017828172,
  "Gleyber Torres": 0.09199710233725096,
  "Dillon Dingler": 0.09180183694774811,
  "Javier Baez": 0.07265575044141341,
  "Nathan Lukes": 0.07199638647979664,
  "Ernie Clement": 0.0711215604478963,
  "Parker Meadows": 0.07824651515006073,
  "Joey Loperfido": 0.06693897618453153,
  "Tyler Heineman": 0.06133875182788227,
  "Alan Roden": 0.05776010385882154,
  "Carlos Santana": 0.09798668478993068,
  "Kyle Isbel": 0.07361111111111111,
  "Salvador Perez": 0.1376459365009861,
  "Jose Ramirez": 0.12960336625703325,
  "Maikel Garcia": 0.07880660598826916,
  "Steven Kwan": 0.07087410297644349,
  "Brayan Rocchio": 0.06457387913504935,
  "Bobby Witt Jr.": 0.13158810989813102,
  "David Fry": 0.09735038967153245,
  "Vinnie Pasquantino": 0.09710911374250235,
  "Freddy Fermin": 0.07361111111111111,
  "Angel Martinez": 0.08630747303651055,
  "Johnathan Rodriguez": 0.08586986634890387,
  "John Rave": 0.07883943028981197,
  "Jonathan India": 0.08016579262597924,
  "Adam Frazier": 0.060000000000000005,
  "Gabriel Arias": 0.08671179687533002,
  "Bo Naylor": 0.08102989402425781,
  "Tyler Tolbert": 0.06745898346413276,
  "Luke Maile": 0.08948332876904305,
  "Randal Grichuk": 0.09512635537001375,
  "Jose Altuve": 0.09040929781765084,
  "Shea Langeliers": 0.14025117507573648,
  "Lawrence Butler": 0.09470040720371037,
  "Mauricio Dubon": 0.06672314153161078,
  "Brent Rooker": 0.15673381297504718,
  "Miguel Andujar": 0.0802689795461601,
  "Jon Singleton": 0.08265666588796455,
  "Victor Caratini": 0.0993613301218508,
  "Luis Urias": 0.07770260158385756,
  "Christian Walker": 0.12532798194490868,
  "Austin Wynns": 0.08209160601421786,
  "Colby Thomas": 0.08602123292821252,
  "Taylor Trammell": 0.11551561435799276,
  "Cam Smith": 0.08471550540716774,
  "Zack Short": 0.07475425429515818,
  "Cooper Hummel": 0.0636327194035663,
  "Gio Urshela": 0.06846441561284469,
  "Max Schuemann": 0.06032042482645715,
  "Christian Yelich": 0.10574822631556667,
  "Brice Turang": 0.07274742971571495,
  "Xavier Edwards": 0.06717683394428005,
  "Jesus Sanchez": 0.1152106641925672,
  "Dane Myers": 0.08078906458586328,
  "William Contreras": 0.11205517490589008,
  "Kyle Stowers": 0.13949175181994256,
  "Jackson Chourio": 0.12395361712944483,
  "Otto Lopez": 0.08608365767803547,
  "Joey Ortiz": 0.07984695932339912,
  "Isaac Collins": 0.07859398811618937,
  "Graham Pauley": 0.0852088930258485,
  "Agust\u00edn Ram\u00edrez": 0.12465352054703242,
  "Andrew Vaughn": 0.11110406643659432,
  "Liam Hicks": 0.06765967499565853,
  "Caleb Durbin": 0.08446751976184681,
  "Eric Haase": 0.10384629460989152,
  "Heriberto Hernandez": 0.09497027083660747,
  "Michael Busch": 0.12109656416540242,
  "Pete Crow-Armstrong": 0.1187104856037557,
  "Seiya Suzuki": 0.12070904811199842,
  "Kyle Tucker": 0.12687081292396776,
  "Ian Happ": 0.10397642458679995,
  "Dansby Swanson": 0.08859688807207435,
  "Miguel Vargas": 0.08969286279932553,
  "Carson Kelly": 0.08838111633389055,
  "Mike Tauchman": 0.10671256494204194,
  "Andrew Benintendi": 0.10261618359696575,
  "Luis Robert Jr.": 0.10511452045606975,
  "Colson Montgomery": 0.09941191228862462,
  "Lenyn Sosa": 0.07435390273546723,
  "Brooks Baldwin": 0.09400846224375635,
  "Edgar Quero": 0.07431894391346651,
  "Matt Shaw": 0.06067927729503996,
  "Nico Hoerner": 0.060238083443502205,
  "Chase Meidroth": 0.058439528483148984,
  "Kody Clemens": 0.182084185758405,
  "Matt Wallner": 0.18015614530879812,
  "James Wood": 0.13979024961527614,
  "Royce Lewis": 0.12197235192119872,
  "Josh Bell": 0.12055040375848962,
  "Trevor Larnach": 0.1280978236473548,
  "CJ Abrams": 0.10675748053550294,
  "Willi Castro": 0.1111668620094286,
  "Carlos Correa": 0.0940996468967894,
  "Nathaniel Lowe": 0.09666776058467187,
  "Luis Garcia Jr.": 0.08406049053267377,
  "Brooks Lee": 0.09541529445984111,