{
  "Jackson Chourio": 0.11411702964330671,
  "Andrew Vaughn": 0.10727231213559167,
  "Michael Busch": 0.11967012791322883,
  "Kyle Tucker": 0.11113508186108671,
  "Seiya Suzuki": 0.10683543719612647,
  "Ian Happ": 0.09290271535999757,
  "Pete Crow-Armstrong": 0.09630273177225698,
  "William Contreras": 0.09475638245283359,
  "Christian Yelich": 0.08701403017088778,
  "Carson Kelly": 0.08769106743687333,
  "Brice Turang": 0.07350671051128352,
  "Caleb Durbin": 0.07079605676577139,
  "Dansby Swanson": 0.0858214654730973,
  "Blake Perkins": 0.05938963320386245,
  "Matt Shaw": 0.06520038042765315,
  "Joey Ortiz": 0.05719793532936979,
  "Sal Frelick": 0.06117915744508698,
  "Nico Hoerner": 0.05960063772563773,
  "Aaron Judge": 0.19283169357135507,
  "Giancarlo Stanton": 0.1461921226568216,
  "George Springer": 0.13368660475580368,
  "Anthony Santander": 0.1197957230056037,
  "Ben Rice": 0.10868276931651581,
  "Trent Grisham": 0.11049225245807436,
  "Daulton Varsho": 0.11642149681675372,
  "Vladimir Guerrero Jr.": 0.11360925635629192,
  "Jazz Chisholm Jr.": 0.09977398879101194,
  "Addison Barger": 0.09247261258998347,
  "Cody Bellinger": 0.09565700882641907,
  "Ryan McMahon": 0.08353894562137638,
  "Austin Wells": 0.09522542745841305,
  "Alejandro Kirk": 0.07742718260190595,
  "Anthony Volpe": 0.07027505339448298,
  "Nathan Lukes": 0.06486829566574383,
  "Ernie Clement": 0.060726258894362346,
  "Andres Gimenez": 0.056484052295222506,
  "Kyle Schwarber": 0.1932189206920221,
  "Shohei Ohtani": 0.13978913805603405,
  "Bryce Harper": 0.13336734745775017,
  "Teoscar Hernandez": 0.10126774663201837,
  "Trea Turner": 0.09268452189280187,
  "Max Kepler": 0.08155813620976804,
  "Mookie Betts": 0.08023405598705234,
  "Freddie Freeman": 0.07589705773963763,
  "J.T. Realmuto": 0.08488004461043676,
  "Tommy Edman": 0.07374593409307123,
  "Alec Bohm": 0.07049833876525843,
  "Enrique Hernandez": 0.07214072844567393,
  "Brandon Marsh": 0.06829642375438627,
  "Andy Pages": 0.06789282081593744,
  "Alex Call": 0.05195807279140612,
  "Harrison Bader": 0.0666902328142678,
  "Bryson Stott": 0.0660834017515052,
  "Ben Rortvedt": 0.04856167148288651,
  "Miguel Rojas": 0.060000000000000005,
  "Cal Raleigh": 0.18980075740460556,
  "Eugenio Suarez": 0.13030645467503013,
  "Riley Greene": 0.1143772455897543,
  "Julio Rodriguez": 0.11839202035302204,
  "Jorge Polanco": 0.10499497521852218,
  "Kerry Carpenter": 0.10151174997981104,
  "Randy Arozarena": 0.10143648521452663,
  "Spencer Torkelson": 0.09865737744117217,
  "Dominic Canzone": 0.09292746443130885,
  "Josh Naylor": 0.09181981488002222,
  "Colt Keith": 0.06334706159691599,
  "Gleyber Torres": 0.06814018414085851,
  "Zach McKinstry": 0.054479840176725775,
  "Dillon Dingler": 0.06626376574196506,
  "Parker Meadows": 0.05873653563047502,
  "Javier Baez": 0.06342395594832843,
  "J.P. Crawford": 0.058057241671372106,
  "Victor Robles": 0.0521626154642459,
  "Wenceel Perez": 0.060000000000000005
}