{
  "Tyler O'Neill": 0.150256562194567,
  "Jordan Westburg": 0.12608463587455182,
  "Addison Barger": 0.13408189632442122,
  "Colton Cowser": 0.11548747022149038,
  "Davis Schneider": 0.10366062115116041,
  "Ramon Laureano": 0.11787688396749116,
  "Cedric Mullins": 0.11196891266648452,
  "Vladimir Guerrero Jr.": 0.10900198062522257,
  "Gunnar Henderson": 0.133870343680977,
  "Ramon Urias": 0.09406178833643734,
  "Ernie Clement": 0.0797285703572476,
  "Alex Jackson": 0.11607752732240437,
  "Coby Mayo": 0.10993623493623493,
  "Bo Bichette": 0.08213257219577207,
  "Joey Loperfido": 0.08620450045735785,
  "Nathan Lukes": 0.0832698551070568,
  "Will Wagner": 0.0741317319794141,
  "Ali Sanchez": 0.07467004304658154,
  "Adley Rutschman": 0.16487455197132617,
  "Jackson Holliday": 0.16804915514592933,
  "Dylan Carlson": 0.12287076992959345,
  "Myles Straw": 0.08994708994708994,
  "Tyler Heineman": 0.11376437182888795,
  "Riley Greene": 0.1335487528344671,
  "Spencer Torkelson": 0.11959090151175432,
  "Ketel Marte": 0.12045343917059823,
  "Alek Thomas": 0.06616175458083039,
  "Kerry Carpenter": 0.14556326334187406,
  "Javier Baez": 0.07361111111111111,
  "Geraldo Perdomo": 0.0606506513139954,
  "Blaze Alexander": 0.05666182526792168,
  "Corbin Carroll": 0.1292688957134788,
  "Zach McKinstry": 0.0777471623620753,
  "Lourdes Gurriel Jr.": 0.07361111111111111,
  "Wenceel Perez": 0.08230964101057857,
  "Dillon Dingler": 0.07515078236650394,
  "Colt Keith": 0.09795708789978375,
  "James McCann": 0.06791186335319144,
  "Gleyber Torres": 0.09126057742908461,
  "Tristin English": 0.0650920324219993,
  "Adrian Del Castillo": 0.08812922989980462,
  "Jake McCarthy": 0.06596376562320834,
  "Matt Vierling": 0.06596834210404307,
  "Nolan Jones": 0.09439946978449403,
  "Brayan Rocchio": 0.06842474249541172,
  "Jose Ramirez": 0.14286398365819908,
  "Steven Kwan": 0.0786965211573635,
  "Bo Naylor": 0.1363550174251219,
  "Ezequiel Tovar": 0.09992496598747114,
  "Michael Toglia": 0.09401101201865754,
  "Warming Bernabel": 0.06572104520276018,
  "Hunter Goodman": 0.12869659358197127,
  "Jordan Beck": 0.09467831109639134,
  "Brenton Doyle": 0.08813814566891368,
  "Kyle Manzardo": 0.14128574243568018,
  "Daniel Schneemann": 0.11962762836325859,
  "Thairo Estrada": 0.060000000000000005,
  "Kyle Farmer": 0.0682226734750079,
  "Tyler Freeman": 0.076696552669584,
  "Orlando Arcia": 0.07753036984669792,
  "David Fry": 0.12428558156819026,
  "Gabriel Arias": 0.08285054916380899,
  "Ben Rice": 0.1481720609767241,
  "Trent Grisham": 0.14171360354338217,
  "Cody Bellinger": 0.13375296696228137,
  "Jazz Chisholm Jr.": 0.13652287739609703,
  "Austin Wells": 0.12812953977067754,
  "Junior Caminero": 0.1147242246777142,
  "Ryan McMahon": 0.13005882534950303,
  "Yandy Diaz": 0.1114793896493243,
  "Jasson Dom\u00ednguez": 0.11584277992610598,
  "Christopher Morel": 0.09926919987501868,
  "Jonathan Aranda": 0.10314738579998824,
  "Paul Goldschmidt": 0.11753006213769734,
  "Anthony Volpe": 0.08070283769534198,
  "Josh Lowe": 0.09538183141124318,
  "Jonny Deluca": 0.07244702645533936,
  "Nick Fortes": 0.06100493693186767,
  "Jose Caballero": 0.06199042408660781,
  "Taylor Walls": 0.07451006341328922,
  "Jake Mangum": 0.045235253296322,
  "Matt Thaiss": 0.060000000000000005,
  "Shohei Ohtani": 0.2091649214013047,
  "Teoscar Hernandez": 0.1484707568236436,
  "Will Smith": 0.14573602034665925,
  "Andy Pages": 0.1300947143696568,
  "Elly De La Cruz": 0.14747320441857448,
  "Mookie Betts": 0.12362950133241594,
  "Freddie Freeman": 0.12052900490624914,
  "Will Benson": 0.12924031038045333,
  "Austin Hays": 0.1246049075328764,
  "Matt McLain": 0.12058515519279041,
  "Tommy Edman": 0.10704575677721226,
  "Noelvi Marte": 0.09882330543569276,
  "Spencer Steer": 0.09750992050494905,
  "Jake Fraley": 0.08583139356161379,
  "Jose Trevino": 0.08822525533051849,
  "Gavin Lux": 0.09216284595262383,
  "Esteury Ruiz": 0.06539534234859631,
  "Miguel Rojas": 0.06898653125334121,
  "TJ Friedl": 0.09761904761904762,
  "Tyler Stephenson": 0.12000000000000001,
  "Michael Conforto": 0.09761904761904762,
  "Ronald Acuna Jr.": 0.14113939469011932,
  "Matt Olson": 0.1336058432439805,
  "Bobby Witt Jr.": 0.1322513624394787,
  "Salvador Perez": 0.12921028081880792,
  "Austin Riley": 0.12091195257841132,
  "Marcell Ozuna": 0.12492063492063493,
  "Vinnie Pasquantino": 0.1073070996282424,
  "Jurickson Profar": 0.08123746025706809,
  "Jonathan India": 0.09371117023282571,
  "Michael Harris II": 0.09240105410831605,
  "Drake Baldwin": 0.09267617276258719,
  "Maikel Garcia": 0.07442853253065618,
  "Ozzie Albies": 0.08108105340045306,
  "Freddy Fermin": 0.0707097797740993,
  "John Rave": 0.08025263104116419,
  "Kyle Isbel": 0.07603354931589311,
  "Adam Frazier": 0.0657354476352001,
  "Nick Allen": 0.060112276031694147,
  "Sean Murphy": 0.12000000000000001,
  "Randal Grichuk": 0.08392857142857142,
  "Wilyer Abreu": 0.16887538585442363,
  "Kody Clemens": 0.16065912003099111,
  "Matt Wallner": 0.14546835099996697,
  "Alex Bregman": 0.12836026505463846,
  "Royce Lewis": 0.14059602268750704,
  "Jarren Duran": 0.13351513920374367,
  "Trevor Larnach": 0.12224207639219493,
  "Carlos Correa": 0.10538856736039051,
  "Roman Anthony": 0.11228947750366927,
  "Trevor Story": 0.11223680610165718,
  "Willi Castro": 0.10260482654391681,
  "Harrison Bader": 0.11059274899577712,
  "Ceddanne Rafaela": 0.08789671654155917,
  "Carlos Narvaez": 0.10000109257355634,
  "Abraham Toro": 0.09129613057072163,
  "Ty France": 0.08658270721889648,
  "David Hamilton": 0.10691769015298427,
  "Christian Vazquez": 0.08162599469496021,
  "Romy Gonzalez": 0.060000000000000005,
  "Pete Crow-Armstrong": 0.125144146198617,
  "Michael Busch": 0.12484662660459064,
  "Kyle Tucker": 0.12798420668899296,
  "Seiya Suzuki": 0.12391140265169123,
  "Jackson Chourio": 0.11933732546870643,
  "Christian Yelich": 0.11545814577439659,
  "Andrew Vaughn": 0.10746362592570312,
  "William Contreras": 0.10110539486910841,
  "Anthony Seigler": 0.11159336419753085,
  "Ian Happ": 0.09935997034142582,
  "Dansby Swanson": 0.0856178513049374,
  "Reese McGuire": 0.08715431465108607,
  "Isaac Collins": 0.07328574291253459,
  "Sal Frelick": 0.07420582134572333,
  "Joey Ortiz": 0.06413291567145103,
  "Brice Turang": 0.07207797132105812,
  "Matt Shaw": 0.06992474124259716,
  "Nico Hoerner": 0.06048172191998059,
  "Carson Kelly": 0.09761904761904762,
  "Caleb Durbin": 0.060000000000000005,
  "Kyle Schwarber": 0.2274113801386591,
  "Bryce Harper": 0.1736166304857241,
  "Max Kepler": 0.12010803091548433,
  "Luis Robert Jr.": 0.09823397092587223,
  "Nick Castellanos": 0.10355898416480297,
  "Miguel Vargas": 0.10199936940854035,
  "Trea Turner": 0.09833487694824282,
  "J.T. Realmuto": 0.10482219844254281,
  "Otto Kemp": 0.08707600722191838,
  "Brandon Marsh": 0.09484777473067561,
  "Michael A. Taylor": 0.08973960502135249,
  "Lenyn Sosa": 0.08225887404890132,
  "Austin Slater": 0.08381822999375335,
  "Bryson Stott": 0.08122203005495462,
  "Edgar Quero": 0.07799516992477858,
  "Colson Montgomery": 0.07042380891981875,
  "Chase Meidroth": 0.0703414721699601,
  "Kyle Teel": 0.08099643881339429,
  "Kyle Stowers": 0.10299367061288443,
  "Agust\u00edn Ram\u00edrez": 0.09944201385167212,
  "Alec Burleson": 0.0968689574362978,
  "Willson Contreras": 0.09599505576533782,
  "Jesus Sanchez": 0.08093753756765928,
  "Ivan Herrera": 0.07629104001089185,
  "Jordan Walker": 0.0807857107206144,
  "Nolan Arenado": 0.08110674376301963,
  "Pedro Pages": 0.07280562652266472,
  "Otto Lopez": 0.06673721489178094,
  "Thomas Saggese": 0.07863297992977862,
  "Masyn Winn": 0.06684155202677879,
  "Graham Pauley": 0.07343993448284587,
  "Victor Scott II": 0.06155968960795304,
  "Liam Hicks": 0.06472412822431091,
  "Javier Sanoja": 0.0704957264957265,
  "Xavier Edwards": 0.05245611764919545,
  "Brendan Donovan": 0.060000000000000005,
  "Dane Myers": 0.07361111111111111,
  "Eric Wagaman": 0.060000000000000005,