{
  "Shohei Ohtani": 0.16855913351369628,
  "Freddie Freeman": 0.09950660820762906,
  "Max Muncy": 0.10075393095744686,
  "Teoscar Hernandez": 0.08811050111372513,
  "Kyle Stowers": 0.08715040925680106,
  "Connor Norby": 0.08840344309409565,
  "Mookie Betts": 0.0858865833924973,
  "Jesus Sanchez": 0.08628672110915535,
  "Andy Pages": 0.081151476472372,
  "Eric Wagaman": 0.0779358608983022,
  "Will Smith": 0.07605635261610731,
  "Michael Conforto": 0.07383150997359496,
  "Dane Myers": 0.07458278471746485,
  "Graham Pauley": 0.06046638765225153,
  "Ha-Seong Kim": 0.05403805734094941,
  "Nick Fortes": 0.05091688678832599,
  "Javier Sanoja": 0.051718678416471285,
  "Xavier Edwards": 0.046732574433713044,
  "Matt Mervis": 0.08392857142857142,
  "Agust\u00edn Ram\u00edrez": 0.09761904761904762,
  "Carlos Santana": 0.11828689935860831,
  "Jhonkensy Noel": 0.09761904761904762,
  "Gabriel Arias": 0.08263686370624294,
  "Josh Bell": 0.08392857142857142,
  "Jose Ramirez": 0.1389304451716794,
  "Luis Garcia Jr.": 0.08511650274502176,
  "Keibert Ruiz": 0.09628383683711553,
  "Brayan Rocchio": 0.060000000000000005,
  "Steven Kwan": 0.06247943942631288,
  "Bo Naylor": 0.12074028793754937,
  "CJ Abrams": 0.12266884531590413,
  "Jacob Young": 0.04138575605680869,
  "Angel Martinez": 0.06849373182706515,
  "Kyle Manzardo": 0.1388831682403445,
  "Jose Tena": 0.08049084881223471,
  "James Wood": 0.11546138584927168,
  "Daniel Schneemann": 0.10119781777409526,
  "Dylan Crews": 0.07835792925139114,
  "Nathaniel Lowe": 0.09945196417638982,
  "Alex Call": 0.07942633082338965,
  "Nolan Jones": 0.09684015121475087,
  "Aaron Judge": 0.1905430807487504,
  "Xander Bogaerts": 0.07026289399156559,
  "Fernando Tatis Jr.": 0.11286806609943571,
  "Oswaldo Cabrera": 0.060000000000000005,
  "Austin Wells": 0.08313802548238887,
  "Trent Grisham": 0.09667636556019824,
  "Anthony Volpe": 0.06784134877388308,
  "Manny Machado": 0.10124241934536052,
  "Ben Rice": 0.09722234860297985,
  "Tyler Wade": 0.048826676191283364,
  "Luis Arraez": 0.0491542846783273,
  "Jorbit Vivas": 0.05029540716212902,
  "Elias Diaz": 0.06219613082292508,
  "Cody Bellinger": 0.07568480948058412,
  "Paul Goldschmidt": 0.09642119928647017,
  "Jose Iglesias": 0.060000000000000005,
  "Gavin Sheets": 0.060000000000000005,
  "Oscar Gonzalez": 0.06982742475175369,
  "Jason Heyward": 0.060000000000000005,
  "Brandon Lockridge": 0.05913070511527862,
  "Luis Campusano": 0.0707666201006278,
  "Oswald Peraza": 0.07320388462569592,
  "Marcell Ozuna": 0.12813265098358637,
  "Austin Riley": 0.12429311105146204,
  "Matt Olson": 0.11075983486159821,
  "Spencer Steer": 0.09154850390433622,
  "Matt McLain": 0.09297628198663574,
  "Elly De La Cruz": 0.08952654785110925,
  "Tyler Stephenson": 0.09072091183526812,
  "Ozzie Albies": 0.07602614675616959,
  "Michael Harris II": 0.08589033057284967,
  "Sean Murphy": 0.08446277057412185,
  "Gavin Lux": 0.07283464749189851,
  "TJ Friedl": 0.06848026718990874,
  "Tyler Callihan": 0.056289086790973476,
  "Jake Fraley": 0.0644945126853492,
  "Alex Verdugo": 0.06387185153206285,
  "Eli White": 0.07120099117248832,
  "Santiago Espinal": 0.06298797937694825,
  "Nick Allen": 0.05238491527965212,
  "Noelvi Marte": 0.07361111111111111,
  "Jose Trevino": 0.060000000000000005,
  "Nico Hoerner": 0.04280131704118516,
  "Ian Happ": 0.06823084323084323,
  "David Villar": 0.0652520438997771,
  "Seiya Suzuki": 0.08132080775371607,
  "Wilmer Flores": 0.06640410360506054,
  "Luis Matos": 0.0615954799891297,
  "Heliot Ramos": 0.09215703399913927,
  "Patrick Bailey": 0.058667329943925685,
  "Dansby Swanson": 0.06580270746937414,
  "Michael Busch": 0.07284370602792661,
  "Pete Crow-Armstrong": 0.0770943999161821,
  "Jung Hoo Lee": 0.054620076161578136,
  "Matt Chapman": 0.11321832300977484,
  "Kyle Tucker": 0.08936356225827065,
  "Willy Adames": 0.09559396383699213,
  "Carson Kelly": 0.0642485773790692,
  "Jon Berti": 0.060000000000000005,
  "Christian Koss": 0.05386321387281905,
  "Nicky Lopez": 0.03834816462736374,
  "Bobby Witt Jr.": 0.09882775501249072,
  "Salvador Perez": 0.10539797633650708,
  "Vinnie Pasquantino": 0.08621243993657787,
  "Andrew Vaughn": 0.0767999358961868,
  "Luis Robert Jr.": 0.07642912455394937,
  "Miguel Vargas": 0.0675087800240472,
  "Jonathan India": 0.06689221238558987,
  "Michael Massey": 0.06726961562645559,
  "Drew Waters": 0.05935778236914601,
  "Edgar Quero": 0.05821993045677256,
  "Lenyn Sosa": 0.06075679259586048,
  "Maikel Garcia": 0.05656307029484077,
  "Michael A. Taylor": 0.06040317821927018,
  "Joshua Palacios": 0.0557549007970209,
  "Freddy Fermin": 0.05682138367049849,
  "Matt Thaiss": 0.058144918761640615,
  "Chase Meidroth": 0.05228950284886433,
  "Kyle Isbel": 0.04952072673166927,
  "Brooks Baldwin": 0.060000000000000005,
  "Josh Rojas": 0.060000000000000005,
  "Jacob Amaya": 0.060000000000000005,
  "Christian Walker": 0.13285408640458807,
  "Rhys Hoskins": 0.11489073600454676,
  "Jackson Chourio": 0.10947525309801678,
  "William Contreras": 0.10270034470172396,
  "Jake Bauers": 0.09874391471185721,
  "Yainer Diaz": 0.09716955021440773,
  "Jeremy Pena": 0.0984040496408235,
  "Christian Yelich": 0.09411031092517809,
  "Isaac Paredes": 0.09174274141351606,
  "Jose Altuve": 0.08842536344448912,
  "Zach Dezenzo": 0.09370002592688617,
  "Jake Meyers": 0.06865097360402547,
  "Isaac Collins": 0.07705654086902394,
  "Cam Smith": 0.07013307799287476,
  "Caleb Durbin": 0.057699613214880395,
  "Mauricio Dubon": 0.06014401328809726,
  "Joey Ortiz": 0.059843007779079124,
  "Vinny Capra": 0.06045251796370722,
  "Brice Turang": 0.060000000000000005,
  "Sal Frelick": 0.060000000000000005,
  "Victor Caratini": 0.08392857142857142,
  "Brendan Rodgers": 0.08392857142857142,
  "Oneil Cruz": 0.14063230439850244,
  "Nolan Gorman": 0.10392454925338243,
  "Andrew McCutchen": 0.09172368377059047,
  "Enmanuel Valdez": 0.07908777860630553,
  "Lars Nootbaar": 0.08351127032684695,
  "Bryan Reynolds": 0.08521344831844904,
  "Joey Bart": 0.07476518608910378,
  "Alec Burleson": 0.06750953413074626,
  "Nolan Arenado": 0.0657180147408512,
  "Brendan Donovan": 0.05808754644866343,
  "Willson Contreras": 0.07601640314310629,
  "Tommy Pham": 0.07135327635327635,
  "Victor Scott II": 0.06702755661461715,
  "Ke'Bryan Hayes": 0.055360449989337146,
  "Jose Barrero": 0.07323527482618392,
  "Pedro Pages": 0.06025071803326846,
  "Jared Triolo": 0.061282816220120294,
  "Adam Frazier": 0.04913693050384116,
  "Alexander Canario": 0.07361111111111111,
  "Corbin Carroll": 0.13650449470014686,
  "Pete Alonso": 0.14587106859687504,
  "Juan Soto": 0.136539935001465,
  "Eugenio Suarez": 0.12889797592672583,
  "Ketel Marte": 0.11074899823417488,
  "Francisco Lindor": 0.11647071365833299,
  "Mark Vientos": 0.10495261839635395,
  "Brandon Nimmo": 0.0915306030783608,
  "Francisco Alvarez": 0.08721504418018457,
  "Pavin Smith": 0.08800424410598519,
  "Josh Naylor": 0.08083368109163262,
  "Lourdes Gurriel Jr.": 0.07302591169257835,
  "Tyrone Taylor": 0.07303324341823915,
  "Starling Marte": 0.0634735490803562,
  "Jeff McNeil": 0.061533884488429946,
  "Alek Thomas": 0.06817629981446363,
  "Geraldo Perdomo": 0.05407348030059366,
  "Gabriel Moreno": 0.057107914272273096,
  "Luisangel Acu\u00f1a": 0.060000000000000005,
  "Cal Raleigh": 0.1754714008130369,
  "Brent Rooker": 0.1428838421825529,
  "Lawrence Butler": 0.12892900711741292,
  "Tyler Soderstrom": 0.12071303243064208,
  "Shea Langeliers": 0.1260834868461259,
  "Julio Rodriguez": 0.12130641634414648,
  "Jorge Polanco": 0.12140520213998385,
  "Rowdy Tellez": 0.10205238911743407,
  "JJ Bleday": 0.10414652969980838,
  "Luis Urias": 0.0858719996378921,
  "Rhylan Thomas": 0.07838791927027221,
  "J.P. Crawford": 0.0720238531789687,
  "Nick Kurtz": 0.0728487064964397,
  "Miguel Andujar": 0.07978921106396354,
  "Ben Williamson": 0.05428757165011801,
  "Leo Rivas": 0.05277811209442524,
  "Miles Mastrobuoni": 0.05266951018057764,
  "Jacob Wilson": 0.04948841168332938,