{
  "Kyle Tucker": 0.18714882701265836,
  "Seiya Suzuki": 0.17576854070412445,
  "Michael Busch": 0.1643045632069419,
  "Luis Robert Jr.": 0.15837481280609536,
  "Pete Crow-Armstrong": 0.15212619893463442,
  "Carson Kelly": 0.15195011640352798,
  "Dansby Swanson": 0.14563682312854498,
  "Andrew Vaughn": 0.13889414429076,
  "Mois\u00e9s Ballesteros": 0.11114795491275364,
  "Joshua Palacios": 0.1052630003614349,
  "Miguel Vargas": 0.12111419218036865,
  "Josh Rojas": 0.09478225800870195,
  "Matt Thaiss": 0.10122186302681993,
  "Edgar Quero": 0.0925750059567562,
  "Brooks Baldwin": 0.08632590376331349,
  "Chase Meidroth": 0.08251604244585037,
  "Jon Berti": 0.07391461479696773,
  "Nico Hoerner": 0.05545833825521992,
  "Lenyn Sosa": 0.12000000000000001,
  "Michael A. Taylor": 0.09761904761904762,
  "Tim Elko": 0.13333333333333333,
  "Jose Ramirez": 0.1531869430805601,
  "Kyle Manzardo": 0.14620720082904956,
  "Bo Naylor": 0.1442838091774262,
  "Austin Hays": 0.1164021164021164,
  "Tyler Stephenson": 0.14393939393939395,
  "Matt McLain": 0.17028985507246375,
  "Will Benson": 0.18537414965986393,
  "Carlos Santana": 0.11634275028384426,
  "Elly De La Cruz": 0.11496768813841984,
  "Gabriel Arias": 0.11042097998619738,
  "TJ Friedl": 0.0803679496489954,
  "Daniel Schneemann": 0.065359477124183,
  "Nolan Jones": 0.0830896686159844,
  "Santiago Espinal": 0.08712121212121213,
  "Will Brennan": 0.08095238095238094,
  "Steven Kwan": 0.051163577896251165,
  "Will Wilson": 0.0196078431372549,
  "Gavin Lux": 0.014084507042253521,
  "Spencer Steer": 0.2127659574468085,
  "Kyle Schwarber": 0.18565851993750668,
  "Bryce Harper": 0.16882785609751166,
  "Trea Turner": 0.14710211820010302,
  "Nick Castellanos": 0.14226205013646348,
  "J.T. Realmuto": 0.13607719722120878,
  "Alec Bohm": 0.11758494583527113,
  "Bryan Reynolds": 0.09716233114283045,
  "Alexander Canario": 0.11997239475500344,
  "Weston Wilson": 0.10204853217981072,
  "Edmundo Sosa": 0.09731812537125767,
  "Andrew McCutchen": 0.09522646290896086,
  "Joey Bart": 0.09342314300419946,
  "Matt Gorski": 0.09303197140925336,
  "Ke'Bryan Hayes": 0.1,
  "Tommy Pham": 0.0719467599317251,
  "Johan Rojas": 0.05441536064247401,
  "Jared Triolo": 0.07218801554679417,
  "Isiah Kiner-Falefa": 0.05277760014014649,
  "Max Kepler": 0.09761904761904762,
  "Ryan O'Hearn": 0.08837594042782775,
  "Gunnar Henderson": 0.10549725592999855,
  "CJ Abrams": 0.0961245501974288,
  "Cedric Mullins": 0.08200526633859967,
  "Ramon Laureano": 0.0918045989548818,
  "James Wood": 0.09312722017094563,
  "Nathaniel Lowe": 0.06997810588606576,
  "Ryan Mountcastle": 0.08418770013712946,
  "Dylan Crews": 0.07709674182654078,
  "Adley Rutschman": 0.0798465140983796,
  "Ramon Urias": 0.07420040531805237,
  "Alex Call": 0.08756912067288779,
  "Jose Tena": 0.06977355211268402,
  "Jackson Holliday": 0.0644618393130902,
  "Jorge Mateo": 0.07141532603332264,
  "Nasim Nunez": 0.05317395379834863,
  "Keibert Ruiz": 0.06212322240164747,
  "Jacob Young": 0.19338507158986576,
  "Josh Bell": 0.09761904761904762,
  "Trey Lipscomb": 0.060000000000000005,
  "Amed Rosario": 0.09761904761904762,
  "Tyler O'Neill": 0.13333333333333333,
  "Emmanuel Rivera": 0.060000000000000005,
  "Aaron Judge": 0.22110948812948555,
  "Pete Alonso": 0.14058664725251901,
  "Francisco Lindor": 0.134321593293053,
  "Juan Soto": 0.13874376471920064,
  "Trent Grisham": 0.1357780877485053,
  "Mark Vientos": 0.11400121976663939,
  "Austin Wells": 0.10771327084772017,
  "Francisco Alvarez": 0.08967541521979058,
  "Paul Goldschmidt": 0.0974105337914842,
  "Jasson Dom\u00ednguez": 0.11347051376870793,
  "Cody Bellinger": 0.09583763191737316,
  "Brandon Nimmo": 0.08119421640991391,
  "Tyrone Taylor": 0.07698001494245625,
  "Anthony Volpe": 0.07323540017394276,
  "Oswald Peraza": 0.06690386357053024,
  "Starling Marte": 0.06478636553295641,
  "Luisangel Acu\u00f1a": 0.1574460391055147,
  "Jorbit Vivas": 0.051036147902869755,
  "Ben Rice": 0.13333333333333333,
  "Bo Bichette": 0.09477061470822175,
  "Vladimir Guerrero Jr.": 0.1373766959572586,
  "George Springer": 0.1019837369372973,
  "Javier Baez": 0.10599426931928714,
  "Alejandro Kirk": 0.08628376496797549,
  "Spencer Torkelson": 0.12762404068639607,
  "Riley Greene": 0.13584411042720312,
  "Daulton Varsho": 0.12485470139510972,
  "Addison Barger": 0.10704040306474384,
  "Kerry Carpenter": 0.17593421459118253,
  "Nathan Lukes": 0.16668546941274212,
  "Trey Sweeney": 0.10524390540294523,
  "Ernie Clement": 0.07361111111111111,
  "Zach McKinstry": 0.0863869424018554,
  "Colt Keith": 0.09709741178372439,
  "Dillon Dingler": 0.10506593351802951,
  "Gleyber Torres": 0.10831942568649061,
  "Anthony Santander": 0.13333333333333333,
  "Jonatan Clase": 0.06632804887131712,
  "Austin Riley": 0.13812843085662554,
  "Marcell Ozuna": 0.12383989177749755,
  "Sean Murphy": 0.10325461511980197,
  "Matt Olson": 0.10116510138230554,
  "Alex Bregman": 0.10672566970156169,
  "Rob Refsnyder": 0.09015098289688453,
  "Trevor Story": 0.0899698973419642,
  "Kristian Campbell": 0.08630800440980446,
  "Eli White": 0.06784737484737485,
  "Ozzie Albies": 0.08005578280881968,
  "Rafael Devers": 0.08294074400959035,
  "Stuart Fairchild": 0.07108685170135587,
  "Jarren Duran": 0.06568565883798419,
  "Ceddanne Rafaela": 0.07485319320132951,
  "Michael Harris II": 0.06765965613698198,
  "Carlos Narvaez": 0.061774489465877026,
  "Nick Sogard": 0.06311173856014658,
  "Nick Allen": 0.05665065780762888,
  "Alex Verdugo": 0.060000000000000005,
  "Agust\u00edn Ram\u00edrez": 0.10085762028838804,
  "Jonathan Aranda": 0.10546601723109875,
  "Josh Lowe": 0.09678300560950154,
  "Connor Norby": 0.09202206377075506,
  "Junior Caminero": 0.0978740890110153,
  "Kyle Stowers": 0.09626616546329575,
  "Jesus Sanchez": 0.09125328211088497,
  "Brandon Lowe": 0.09481960547988144,
  "Eric Wagaman": 0.08085459387978264,
  "Yandy Diaz": 0.07358676156668806,
  "Kameron Misner": 0.07313428704517813,
  "Graham Pauley": 0.06639091658647095,
  "Derek Hill": 0.05985150004457785,
  "Jose Caballero": 0.06054281625438218,
  "Ronny Simon": 0.06722862744354219,
  "Ben Rortvedt": 0.06376033474490825,
  "Javier Sanoja": 0.05750000000000001,
  "Chandler Simpson": 0.05611111111111111,
  "Nick Fortes": 0.060000000000000005,
  "Taylor Walls": 0.060000000000000005,
  "Danny Jansen": 0.08392857142857142,
  "Matt Mervis": 0.08392857142857142,
  "Bobby Witt Jr.": 0.10455487219042206,
  "Salvador Perez": 0.10510359838053511,
  "Willson Contreras": 0.09210194724133325,
  "Nolan Arenado": 0.09246019241698283,
  "Masyn Winn": 0.080998215543249,
  "Lars Nootbaar": 0.07118439966664296,
  "Ivan Herrera": 0.0785215203309398,
  "Jordan Walker": 0.07146523520583309,
  "Vinnie Pasquantino": 0.07465228966689295,
  "Pedro Pages": 0.06901657925387297,
  "Jonathan India": 0.06935521366438062,
  "Brendan Donovan": 0.053187393978520826,
  "Michael Massey": 0.061528192831703764,
  "Cavan Biggio": 0.06254589272796506,
  "Drew Waters": 0.058095915324615166,
  "Maikel Garcia": 0.05763334211675229,
  "Victor Scott II": 0.0485318911969101,
  "Kyle Isbel": 0.05152788546579314,
  "Freddy Fermin": 0.060000000000000005,
  "Adolis Garcia": 0.1173048885160144,
  "Wyatt Langford": 0.11497813525523819,
  "Jake Burger": 0.11180706775463808,
  "Christian Walker": 0.0961085319373651,
  "Joc Pederson": 0.09243458244541836,
  "Marcus Semien": 0.08907865672073323,
  "Josh Jung": 0.0832668482641733,
  "Victor Caratini": 0.0750376831010505,
  "Jeremy Pena": 0.067904706490728,
  "Josh Smith": 0.06455362909419605,
  "Jonah Heim": 0.07336673830884595,
  "Isaac Paredes": 0.07251624169817554,
  "Yainer Diaz": 0.06878087456725977,
  "Zach Dezenzo": 0.06854249598300666,
  "Jose Altuve": 0.06006572872088982,
  "Jake Meyers": 0.06257225305314897,
  "Cam Smith": 0.05745275641892521,
  "Evan Carter": 0.06047274599678861,
  "Trevor Larnach": 0.12208457640644446,
  "Rhys Hoskins": 0.10996578776438112,
  "Royce Lewis": 0.11792174960321465,