{
  "Jackson Chourio": 0.10895182438330149,
  "Jake Burger": 0.11027198055331047,
  "Danny Jansen": 0.11949450187084444,
  "Christian Yelich": 0.09822073873689559,
  "Kyle Higashioka": 0.09236376148779946,
  "Jake Bauers": 0.1112882571364126,
  "Joc Pederson": 0.09403487675417499,
  "Wyatt Langford": 0.09791701055704144,
  "Brice Turang": 0.08212583371123583,
  "Caleb Durbin": 0.0771314358072399,
  "Josh Jung": 0.07849113659707413,
  "Alejandro Osuna": 0.06462938157948835,
  "Josh Smith": 0.06363550254639364,
  "Cody Freeman": 0.06994234791993076,
  "Michael Helman": 0.06744663157741308,
  "Blake Perkins": 0.06989864634725157,
  "Sal Frelick": 0.05976553586928863,
  "Joey Ortiz": 0.05617921640648914,
  "Isaac Collins": 0.0851101101101101,
  "Andrew Vaughn": 0.11933621933621934,
  "Shea Langeliers": 0.17557051872632654,
  "Brent Rooker": 0.15749012077491575,
  "Nick Kurtz": 0.14077735632980304,
  "Trevor Story": 0.1332368204150609,
  "Alex Bregman": 0.13004404857466423,
  "Jarren Duran": 0.12050692984511552,
  "Colby Thomas": 0.10342138184991721,
  "Zack Gelof": 0.10403444773153604,
  "Nathaniel Lowe": 0.10613886239946964,
  "JJ Bleday": 0.10207464102352,
  "David Hamilton": 0.08563054395110589,
  "Jacob Wilson": 0.09001276549388264,
  "Masataka Yoshida": 0.08934182141393135,
  "Connor Wong": 0.07978619293435356,
  "Darell Hernaiz": 0.08209140315623045,
  "Nick Sogard": 0.0765561976210249,
  "Willie MacIver": 0.09318819472134804,
  "Nate Eaton": 0.0647752210369009,
  "Lawrence Butler": 0.12000000000000001,
  "Rob Refsnyder": 0.10757575757575757,
  "Tyler Soderstrom": 0.12000000000000001,
  "Ceddanne Rafaela": 0.10757575757575757,
  "Max Schuemann": 0.060000000000000005,
  "Ketel Marte": 0.12254615294987965,
  "Corbin Carroll": 0.13835322849794995,
  "Rafael Devers": 0.11337365533017706,
  "Willy Adames": 0.10499273187163838,
  "Matt Chapman": 0.11376541441444461,
  "Heliot Ramos": 0.09461957019522106,
  "Casey Schmitt": 0.07477740760037965,
  "Wilmer Flores": 0.07826203260980019,
  "Adrian Del Castillo": 0.08644300911979269,
  "Blaze Alexander": 0.06049633916788918,
  "Gabriel Moreno": 0.06227639523071098,
  "Geraldo Perdomo": 0.06441195581546459,
  "Tim Tawa": 0.06702107679637956,
  "Alek Thomas": 0.059090445232658655,
  "Luis Matos": 0.06874338158159826,
  "Jung Hoo Lee": 0.06044365486175831,
  "Jake McCarthy": 0.05164178213091257,
  "Patrick Bailey": 0.05957785734998654,
  "Andrew Knizner": 0.060000000000000005,
  "Jo Adell": 0.18769682794087078,
  "Byron Buxton": 0.15867082956280906,
  "Mike Trout": 0.17154006674908684,
  "Taylor Ward": 0.14026327583311457,
  "Zach Neto": 0.1452494836176824,
  "Royce Lewis": 0.11442375482422154,
  "Kody Clemens": 0.12593655280318863,
  "Trevor Larnach": 0.09764905959579431,
  "Logan Davidson": 0.07929728080983789,
  "Sebastian Rivero": 0.07027540360873695,
  "Luke Keaschall": 0.07729556204670998,
  "Ryan Fitzgerald": 0.06508685909273867,
  "James Outman": 0.08061307283281968,
  "Luis Rengifo": 0.07057243755350408,
  "Oswald Peraza": 0.07853873996575522,
  "Mickey Gasper": 0.06953273659682688,
  "Bryce Teodosio": 0.053135926395280766,
  "Austin Martin": 0.053275658089322685,
  "Matt Wallner": 0.12000000000000001,
  "Brooks Lee": 0.07361111111111111,
  "Matthew Lugo": 0.10952380952380952,
  "Travis d'Arnaud": 0.1406060606060606,
  "Yoan Moncada": 0.13797101449275362,
  "Oneil Cruz": 0.12804207617954846,
  "Nick Yorke": 0.08661848859407129,
  "Gunnar Henderson": 0.09781975968135762,
  "Samuel Basallo": 0.11216796887389407,
  "Spencer Horwitz": 0.09534125879189417,
  "Colton Cowser": 0.08214951128847227,
  "Bryan Reynolds": 0.09782795139064508,
  "Henry Davis": 0.07303536889636676,
  "Jackson Holliday": 0.07282228792851814,
  "Ryan Mountcastle": 0.06776770627576297,
  "Jeremiah Jackson": 0.06889900123880512,
  "Tommy Pham": 0.07862873006497612,
  "Cam Devanney": 0.06568296314707797,
  "Jared Triolo": 0.07446090348051132,
  "Ji Hwan Bae": 0.05400764822502359,
  "Coby Mayo": 0.05623318866054646,
  "Dylan Beavers": 0.05690276997528906,
  "Dylan Carlson": 0.05827362134614043,
  "Andrew McCutchen": 0.09761904761904762,
  "Nick Gonzales": 0.060000000000000005,
  "Emmanuel Rivera": 0.060000000000000005,
  "Bobby Witt Jr.": 0.11075876487757585,
  "Salvador Perez": 0.10943219408576303,
  "Jose Ramirez": 0.11126507879472305,
  "Kyle Manzardo": 0.10968942017924363,
  "Randal Grichuk": 0.09905533985101912,
  "Jac Caglianone": 0.08428900604465979,
  "Vinnie Pasquantino": 0.10654757336964561,
  "Angel Martinez": 0.07465489323413327,
  "Daniel Schneemann": 0.07184489270589058,
  "Bo Naylor": 0.07432339362644158,
  "George Valera": 0.07044860511772276,
  "C. J. Kayfus": 0.06705097179531481,
  "Maikel Garcia": 0.06339029108144895,
  "Jonathan India": 0.06060938644271977,
  "Adam Frazier": 0.06339736652236652,
  "Steven Kwan": 0.06171422295050822,
  "Brayan Rocchio": 0.055472147533317744,
  "Kyle Isbel": 0.05844143557483198,
  "Gabriel Arias": 0.07361111111111111,
  "Nolan Jones": 0.07361111111111111,
  "James Wood": 0.12084972430555706,
  "Josh Bell": 0.1067480213152837,
  "CJ Abrams": 0.09964485638728937,
  "Luis Garcia Jr.": 0.08744084784474311,
  "Jakob Marsee": 0.09114420980714512,
  "Maximo Acosta": 0.08373980949280585,
  "Jorge Alfaro": 0.07886319355507031,
  "Otto Lopez": 0.08484013531771815,
  "Dylan Crews": 0.07725472508524911,
  "Liam Hicks": 0.07514385355049819,
  "Troy Johnston": 0.07949149407463275,
  "Heriberto Hernandez": 0.09006376271885314,
  "Victor Mesa": 0.08311264108425341,
  "Daylen Lile": 0.08027482059995555,
  "Joey Wiemer": 0.07059532550545382,
  "Robert Hassell III": 0.06687958635327057,
  "Brady House": 0.06827254222454654,
  "Xavier Edwards": 0.06066804690433217,
  "Riley Adams": 0.09761904761904762,
  "Agust\u00edn Ram\u00edrez": 0.12000000000000001,
  "Javier Sanoja": 0.060000000000000005,
  "Kyle Schwarber": 0.15066955332936452,
  "Pete Alonso": 0.11412393099459775,
  "Juan Soto": 0.1107703408857975,
  "Bryce Harper": 0.10770987732757965,
  "Mark Vientos": 0.0982927566297644,
  "Francisco Lindor": 0.09044973544973545,
  "Max Kepler": 0.07872149112889854,
  "Francisco Alvarez": 0.07161882202791173,
  "Brandon Marsh": 0.07439615877488612,
  "Harrison Bader": 0.07057605654577116,
  "J.T. Realmuto": 0.06852190523981387,
  "Otto Kemp": 0.060590178961972954,
  "Jose Siri": 0.06062020083150448,
  "Brandon Nimmo": 0.058824719051991776,
  "Starling Marte": 0.05516911539638812,
  "Luisangel Acu\u00f1a": 0.04141910173160173,
  "Bryson Stott": 0.05609015703187367,
  "Nick Castellanos": 0.08392857142857142,
  "Jeff McNeil": 0.060000000000000005,
  "Edmundo Sosa": 0.060000000000000005,
  "Hayden Senger": 0.060000000000000005,
  "Aaron Judge": 0.18477656501576148,
  "Giancarlo Stanton": 0.16098355638704842,
  "Jazz Chisholm Jr.": 0.11730464230148828,
  "Ben Rice": 0.13007785847623168,
  "Trent Grisham": 0.12302896920926015,
  "Spencer Torkelson": 0.11879835485425548,
  "Cody Bellinger": 0.11977020125241468,
  "Gleyber Torres": 0.09982615656858956,
  "Austin Wells": 0.10962318143477563,
  "Ryan McMahon": 0.09246227744613499,
  "Jahmai Jones": 0.09561465432088867,
  "Dillon Dingler": 0.08077753479234652,
  "Riley Greene": 0.09084532610234387,
  "Wenceel Perez": 0.08740622792928242,
  "Andy Ibanez": 0.0755327829015578,
  "Parker Meadows": 0.06354103560231603,
  "Jose Caballero": 0.054170385215022196,
  "Javier Baez": 0.06673692121798774,
  "Zach McKinstry": 0.060000000000000005,
  "Anthony Volpe": 0.07361111111111111,
  "Paul Goldschmidt": 0.09761904761904762,
  "Yordan Alvarez": 0.16162602163690803,
  "Daulton Varsho": 0.165538513091525,
  "George Springer": 0.13592451660957894,
  "Christian Walker": 0.12793835494286407,
  "Vladimir Guerrero Jr.": 0.11458893913224015,
  "Addison Barger": 0.11573452595171986,
  "Alejandro Kirk": 0.0867405982220797,
  "Jesus Sanchez": 0.09409676404904789,
  "Yainer Diaz": 0.0914632119018084,
  "Carlos Correa": 0.09358949600243133,
  "Nathan Lukes": 0.07401492549318271,