{
  "Cal Raleigh": 0.2397407338470516,
  "Eugenio Suarez": 0.1513939412763533,
  "Randy Arozarena": 0.14067244286452388,
  "Julio Rodriguez": 0.14495726320336833,
  "Gunnar Henderson": 0.13030481402526137,
  "Jorge Polanco": 0.11702822108561078,
  "Josh Naylor": 0.12632258857636505,
  "Dominic Canzone": 0.11249640187830628,
  "Jordan Westburg": 0.10220360489125636,
  "Jackson Holliday": 0.09719353120903652,
  "Adley Rutschman": 0.10246406211560187,
  "Ryan Noda": 0.0974121404760142,
  "J.P. Crawford": 0.07707335768286365,
  "Ryan Mountcastle": 0.08573710720580471,
  "Dylan Carlson": 0.07472778156181323,
  "Coby Mayo": 0.0751867092209609,
  "Cole Young": 0.07113785102925287,
  "Greg Allen": 0.06183098201998748,
  "Kyle Schwarber": 0.2264589193755336,
  "Bryce Harper": 0.1979356354807371,
  "Max Kepler": 0.12981177410570335,
  "Nick Castellanos": 0.10860787595438065,
  "Trea Turner": 0.11151217857729537,
  "Brandon Marsh": 0.11250532028465283,
  "Spencer Steer": 0.10202014801246556,
  "Elly De La Cruz": 0.09107040215129152,
  "Austin Hays": 0.09965790174499102,
  "Noelvi Marte": 0.08883061005038831,
  "Matt McLain": 0.08944255991502012,
  "Edmundo Sosa": 0.08612568969840913,
  "Rafael Marchan": 0.07743135201868284,
  "Miguel Andujar": 0.07392402033553508,
  "Bryson Stott": 0.08684170434327322,
  "Jose Trevino": 0.07464963355548598,
  "TJ Friedl": 0.06319112644332085,
  "Santiago Espinal": 0.060221297313424245,
  "Jose Ramirez": 0.1372284659545483,
  "Kyle Manzardo": 0.13468674025380978,
  "Agust\u00edn Ram\u00edrez": 0.12107583769324907,
  "Bo Naylor": 0.1200559530097438,
  "Heriberto Hernandez": 0.09674131521667138,
  "Carlos Santana": 0.10014333606554718,
  "Daniel Schneemann": 0.09988744299534841,
  "Gabriel Arias": 0.093126931947506,
  "Eric Wagaman": 0.08396924477485984,
  "Jakob Marsee": 0.08558370757500154,
  "Steven Kwan": 0.07235029527343585,
  "Derek Hill": 0.07306278157083826,
  "Otto Lopez": 0.07672854756250455,
  "Dane Myers": 0.09154015701919453,
  "Nolan Jones": 0.0766519658285785,
  "Javier Sanoja": 0.059268599045869154,
  "Brayan Rocchio": 0.06026433641042593,
  "Xavier Edwards": 0.05406683869199854,
  "Giancarlo Stanton": 0.2106872582682016,
  "Aaron Judge": 0.22272091164830402,
  "Byron Buxton": 0.17102861161770333,
  "Ben Rice": 0.13446536106585752,
  "Cody Bellinger": 0.13799747440066826,
  "Jazz Chisholm Jr.": 0.1485353640178258,
  "Trent Grisham": 0.1497625414101642,
  "Kody Clemens": 0.11076920251339373,
  "Austin Martin": 0.08088610024718536,
  "Ryan McMahon": 0.11079630519388321,
  "Royce Lewis": 0.10165785586062868,
  "Ryan Jeffers": 0.10180035969410227,
  "Anthony Volpe": 0.09267590271193059,
  "Paul Goldschmidt": 0.10967374604130695,
  "Ryan Fitzgerald": 0.07582735339741543,
  "Mickey Gasper": 0.08198850091735208,
  "Edouard Julien": 0.07705033641778408,
  "Luke Keaschall": 0.08165193801712868,
  "Seiya Suzuki": 0.14596083524212952,
  "Vladimir Guerrero Jr.": 0.1426746155123981,
  "Daulton Varsho": 0.13891379091554437,
  "Kyle Tucker": 0.13275093126594634,
  "Pete Crow-Armstrong": 0.1314739840120981,
  "Michael Busch": 0.13016402082323145,
  "Addison Barger": 0.12802905880893653,
  "Ian Happ": 0.1044022091005616,
  "Bo Bichette": 0.09610996613051825,
  "Dansby Swanson": 0.09938172593974101,
  "Carson Kelly": 0.09564363202582506,
  "Alejandro Kirk": 0.09147490375815048,
  "Ty France": 0.07566346525830872,
  "Andres Gimenez": 0.06325062061812207,
  "Nathan Lukes": 0.07381945624681403,
  "Matt Shaw": 0.07689614335243133,
  "Nico Hoerner": 0.058984642875778585,
  "Ernie Clement": 0.06694389792185974,
  "Tyler Heineman": 0.07361111111111111,
  "Joey Loperfido": 0.060000000000000005,
  "Pete Alonso": 0.1502186334906036,
  "Juan Soto": 0.1459077832385111,
  "Francisco Lindor": 0.11727322158152198,
  "Marcell Ozuna": 0.1092779681912213,
  "Brandon Nimmo": 0.10902516451328054,
  "Matt Olson": 0.11317587007333225,
  "Cedric Mullins": 0.09307370024104834,
  "Drake Baldwin": 0.09244069210920039,
  "Francisco Alvarez": 0.09423561555266918,
  "Jurickson Profar": 0.08612568969840913,
  "Michael Harris II": 0.08952364219859496,
  "Starling Marte": 0.07659662245762032,
  "Jeff McNeil": 0.07698135738583596,
  "Ozzie Albies": 0.07778027701700571,
  "Brett Baty": 0.08382399747581007,
  "Nacho Alvarez Jr.": 0.06028966019787908,
  "Vidal Brujan": 0.06284231331645125,
  "Nick Allen": 0.056442302845648315,
  "Kerry Carpenter": 0.15927999452070266,
  "Riley Greene": 0.14491565799972447,
  "Spencer Torkelson": 0.14068153606029704,
  "Colson Montgomery": 0.11288578959602664,
  "Luis Robert Jr.": 0.12075408793057246,
  "Lenyn Sosa": 0.1094902855411743,
  "Andrew Benintendi": 0.10189774533496791,
  "Colt Keith": 0.104847835563314,
  "Gleyber Torres": 0.1063900509853442,
  "Wenceel Perez": 0.0985527891378574,
  "Mike Tauchman": 0.10139718122116391,
  "Miguel Vargas": 0.09360409614552877,
  "Dillon Dingler": 0.09581632588689994,
  "Zach McKinstry": 0.08601071741092177,
  "Trey Sweeney": 0.07817865277077969,
  "Edgar Quero": 0.07785939307652646,
  "Kyle Teel": 0.08285822319612952,
  "Curtis Mead": 0.08269522453429241,
  "Javier Baez": 0.08392857142857142,
  "Salvador Perez": 0.12465970317836148,
  "James Wood": 0.10444272533521798,
  "Vinnie Pasquantino": 0.09259384045387603,
  "Paul DeJong": 0.09210901471547432,
  "Josh Bell": 0.09305312123171816,
  "Luis Garcia Jr.": 0.06407649399313221,
  "Bobby Witt Jr.": 0.1321615776509732,
  "Randal Grichuk": 0.13069396510170636,
  "Tyler Tolbert": 0.07811068255866618,
  "Riley Adams": 0.08936413935586121,
  "CJ Abrams": 0.08227702934859311,
  "Maikel Garcia": 0.0787348208002275,
  "Nathaniel Lowe": 0.0805723045568515,
  "Nick Loftin": 0.0882806376460367,
  "Robert Hassell III": 0.07178294180769429,
  "Jonathan India": 0.07330532691945736,
  "Daylen Lile": 0.0769239463620539,
  "Adam Frazier": 0.06387257559424576,
  "Drew Millas": 0.060000000000000005,
  "Jacob Young": 0.060000000000000005,
  "Brady House": 0.060000000000000005,
  "Oneil Cruz": 0.11646491895967195,
  "Christian Yelich": 0.09886377816156329,
  "Andrew Vaughn": 0.0945738005777657,
  "William Contreras": 0.09310039958100844,
  "Andrew McCutchen": 0.09175194557337739,
  "Bryan Reynolds": 0.08563498017404644,
  "Isaac Collins": 0.07660187989620625,
  "Nick Gonzales": 0.07411670026677711,
  "Spencer Horwitz": 0.08205344215967236,
  "Henry Davis": 0.0702576898706892,
  "Brice Turang": 0.07971844176525306,
  "Jack Suwinski": 0.08429640113546902,
  "Jared Triolo": 0.062166022175627354,
  "Caleb Durbin": 0.05807330311373112,
  "Sal Frelick": 0.06980441130941917,
  "Isiah Kiner-Falefa": 0.06086670871439083,
  "Joey Ortiz": 0.06837534166387482,
  "Blake Perkins": 0.06164504123234358,
  "Anthony Seigler": 0.08392857142857142,
  "Willson Contreras": 0.11939656482079378,
  "Hunter Goodman": 0.11669046372303185,
  "Ivan Herrera": 0.1084942408676672,
  "Alec Burleson": 0.09411839995800216,
  "Masyn Winn": 0.09487308056475685,
  "Jordan Walker": 0.09340448676970116,
  "Ezequiel Tovar": 0.09419190976153446,
  "Yohel Pozo": 0.09658638347173489,
  "Jordan Beck": 0.0887050583805403,
  "Brenton Doyle": 0.08260261156816831,
  "Warming Bernabel": 0.07154952669720918,
  "Brendan Donovan": 0.07520411860016973,
  "Braxton Fulford": 0.07432367564927168,
  "Kyle Farmer": 0.06816135583895326,
  "Tyler Freeman": 0.07164640200974556,
  "Thomas Saggese": 0.06898118222375647,
  "Kyle Karros": 0.06347500811170564,
  "Victor Scott II": 0.06371886901008217,
  "Corbin Carroll": 0.17194330209169337,
  "Corey Seager": 0.16334245860453375,
  "Ketel Marte": 0.1484279051466118,
  "Joc Pederson": 0.1339133113893224,
  "Rowdy Tellez": 0.11544797643329545,
  "Wyatt Langford": 0.11425665043459268,
  "Adolis Garcia": 0.11751373783904272,
  "Adrian Del Castillo": 0.09972858893308628,
  "Marcus Semien": 0.10341282074675474,
  "Kyle Higashioka": 0.09370920240720508,
  "Josh Jung": 0.09717585330868031,
  "Lourdes Gurriel Jr.": 0.09849212960190346,
  "Josh Smith": 0.08585405759692738,