{
  "Riley Greene": 0.13261335132722712,
  "Matt Olson": 0.1336045725388764,
  "Kerry Carpenter": 0.12602787293444767,
  "Spencer Torkelson": 0.11909708210103466,
  "Ronald Acuna Jr.": 0.12412924402993221,
  "Marcell Ozuna": 0.10710568556883367,
  "Jurickson Profar": 0.09921764547339879,
  "Michael Harris II": 0.091971846135494,
  "Drake Baldwin": 0.09198514867561226,
  "Wenceel Perez": 0.08122547037471174,
  "Ozzie Albies": 0.09103213374856696,
  "Parker Meadows": 0.0809594157103018,
  "Gleyber Torres": 0.08046438121737758,
  "Jake Rogers": 0.08125530757817051,
  "Javier Baez": 0.07198703335958238,
  "Zach McKinstry": 0.06867310232083551,
  "Ha-Seong Kim": 0.06131232301529796,
  "Nacho Alvarez Jr.": 0.04801569078611021,
  "Seiya Suzuki": 0.1509236424361823,
  "Pete Crow-Armstrong": 0.12474186013515393,
  "Ian Happ": 0.13591978148079129,
  "Austin Hays": 0.12923682501287823,
  "Spencer Steer": 0.11129017536877929,
  "Noelvi Marte": 0.11007969473326366,
  "Dansby Swanson": 0.10974983591283882,
  "Carson Kelly": 0.10909527846751747,
  "Matt McLain": 0.1119049663039433,
  "Elly De La Cruz": 0.11300445006145221,
  "Carlos Santana": 0.10396612863306048,
  "Ke'Bryan Hayes": 0.091698223203483,
  "TJ Friedl": 0.08194749157653976,
  "Jose Trevino": 0.08313826422383255,
  "Miguel Andujar": 0.09746656697601437,
  "Matt Shaw": 0.08049993515156699,
  "Nico Hoerner": 0.07237192911334422,
  "Justin Turner": 0.07992553399960807,
  "Nick Kurtz": 0.15273446673662183,
  "Brent Rooker": 0.11300746652043286,
  "Shea Langeliers": 0.1159058975159882,
  "Oneil Cruz": 0.11984988534760607,
  "Lawrence Butler": 0.09465523934456764,
  "Tyler Soderstrom": 0.09607581652272056,
  "Bryan Reynolds": 0.08976573951327967,
  "Carlos Cortes": 0.09408063197680684,
  "Jack Suwinski": 0.08714259322816155,
  "Andrew McCutchen": 0.08244757244403185,
  "Zack Gelof": 0.08303558243133083,
  "Spencer Horwitz": 0.07546897022931881,
  "Henry Davis": 0.07979343987030281,
  "Nick Gonzales": 0.05856818546212486,
  "Jared Triolo": 0.059244619471892204,
  "Nick Yorke": 0.06088832422823898,
  "Jacob Wilson": 0.056567812075510024,
  "Darell Hernaiz": 0.05485300799709197,
  "Aaron Judge": 0.20353577081416419,
  "Giancarlo Stanton": 0.15202539940505824,
  "Gunnar Henderson": 0.12667999984774714,
  "Jordan Westburg": 0.11405568128122777,
  "Paul Goldschmidt": 0.10891093127830666,
  "Cody Bellinger": 0.1004894273752386,
  "Austin Wells": 0.096756188709762,
  "Colton Cowser": 0.10467585486568952,
  "Samuel Basallo": 0.09870843292832138,
  "Jazz Chisholm Jr.": 0.08508883606015571,
  "Jackson Holliday": 0.09275844504284962,
  "Dylan Beavers": 0.08775782047711872,
  "Anthony Volpe": 0.0744582610372084,
  "Ryan Mountcastle": 0.08314848083524748,
  "Jeremiah Jackson": 0.07803079934909785,
  "Coby Mayo": 0.08048956929411562,
  "Austin Slater": 0.06966376847468464,
  "Amed Rosario": 0.060909746525764946,
  "Luis Garcia Jr.": 0.07993952274846788,
  "Brandon Nimmo": 0.09327702702271821,
  "Pete Alonso": 0.15768235254220667,
  "CJ Abrams": 0.09131042225363734,
  "Josh Bell": 0.10472880148392635,
  "Mark Vientos": 0.12168430344747586,
  "Francisco Lindor": 0.1311110161973333,
  "Dylan Crews": 0.08719459167603189,
  "James Wood": 0.1310116417076639,
  "Daylen Lile": 0.06892569383725929,
  "Juan Soto": 0.14582676968985192,
  "Francisco Alvarez": 0.10064080320397636,
  "Starling Marte": 0.06746686265802052,
  "Jose Siri": 0.09603818150770672,
  "Brett Baty": 0.07520611834459229,
  "Jorge Alfaro": 0.07005378607827727,
  "Paul DeJong": 0.09416207052686604,
  "Jacob Young": 0.05249732905982906,
  "Yandy Diaz": 0.10137828911720899,
  "Christopher Morel": 0.10276075576651288,
  "Jarren Duran": 0.10794632317561469,
  "Alex Bregman": 0.0990682751270183,
  "Trevor Story": 0.10033309726140564,
  "Carson Williams": 0.06892569383725929,
  "Carlos Narvaez": 0.07107128359894814,
  "Tristan Gray": 0.07989116693638638,
  "Nick Fortes": 0.06847339280740052,
  "Everson Pereira": 0.07179750001143906,
  "Ceddanne Rafaela": 0.06806460866244862,
  "Nathaniel Lowe": 0.08145881950867158,
  "Romy Gonzalez": 0.07145473827391038,
  "Masataka Yoshida": 0.07745586733718829,
  "Nate Eaton": 0.05417473362878325,
  "Josh Lowe": 0.06491863450841778,
  "Richie Palacios": 0.06162865510925856,
  "Bob Seymour": 0.061934062907094245,
  "Brandon Lowe": 0.09761904761904762,
  "Junior Caminero": 0.12000000000000001,
  "Chandler Simpson": 0.060000000000000005,
  "Manny Machado": 0.13800644678531293,
  "Fernando Tatis Jr.": 0.14821224423787038,
  "Ramon Laureano": 0.12426512690735741,
  "Colson Montgomery": 0.12839627887257418,
  "Jackson Merrill": 0.12099255707120582,
  "Gavin Sheets": 0.10641385785127162,
  "Miguel Vargas": 0.09432901747109397,
  "Jake Cronenworth": 0.07500206015478131,
  "Will Robertson": 0.07213639647040418,
  "Kyle Teel": 0.0821460256865464,
  "Ryan O'Hearn": 0.08738813902230462,
  "Mike Tauchman": 0.07435454456541903,
  "Michael A. Taylor": 0.06442306825409375,
  "Edgar Quero": 0.059244619471892204,
  "Freddy Fermin": 0.05890744640744641,
  "Curtis Mead": 0.06174011650815774,
  "Chase Meidroth": 0.05572912899615398,
  "Luis Arraez": 0.05770201389519571,
  "Daulton Varsho": 0.14393956789730195,
  "George Springer": 0.12667133714763246,
  "Vinnie Pasquantino": 0.1088054904213243,
  "Carter Jensen": 0.10320758806270822,
  "Salvador Perez": 0.11711659343304902,
  "Bobby Witt Jr.": 0.12266462012266258,
  "Vladimir Guerrero Jr.": 0.10273469610606413,
  "Addison Barger": 0.09739255530678483,
  "Davis Schneider": 0.09600692509359422,
  "Jac Caglianone": 0.08600406623554772,
  "Maikel Garcia": 0.07302170169294137,
  "Alejandro Kirk": 0.06882830925142586,
  "John Rave": 0.062010076756524035,
  "Michael Massey": 0.061878046541105264,
  "Nathan Lukes": 0.06185515873015873,
  "Ernie Clement": 0.05469374031046217,
  "Andres Gimenez": 0.05693235470448389,
  "Adam Frazier": 0.051585929584599795,
  "Jake Burger": 0.1419756367266203,
  "Adolis Garcia": 0.13258709925416381,
  "Agust\u00edn Ram\u00edrez": 0.11903347308964887,
  "Joc Pederson": 0.1248335417638197,
  "Josh Jung": 0.09629400015713109,
  "Jonah Heim": 0.08065664949107215,
  "Heriberto Hernandez": 0.09505516153990333,
  "Michael Helman": 0.09766516653489833,
  "Josh Smith": 0.07778439040945952,
  "Jakob Marsee": 0.08021115484994963,
  "Eric Wagaman": 0.08364386289495222,
  "Otto Lopez": 0.07884891907929853,
  "Connor Norby": 0.08849537483244972,
  "Troy Johnston": 0.07423292692377444,
  "Graham Pauley": 0.06971946326722155,
  "Cody Freeman": 0.07776935829691088,
  "Liam Hicks": 0.061837052181929086,
  "Alejandro Osuna": 0.06688513270029497,
  "Wyatt Langford": 0.12000000000000001,
  "Javier Sanoja": 0.060000000000000005,
  "Jose Ramirez": 0.11641431032735382,
  "Byron Buxton": 0.14310152436287105,
  "Royce Lewis": 0.08797742369262165,
  "Steven Kwan": 0.05869876369067375,
  "Brayan Rocchio": 0.05164542247875581,
  "Gabriel Arias": 0.07082089682639059,
  "Kyle Manzardo": 0.11194377705243008,
  "Bo Naylor": 0.09905533985101912,
  "Austin Martin": 0.05485300799709197,
  "Brooks Lee": 0.06741790219320495,
  "Luke Keaschall": 0.05798727157422809,
  "Carson McCusker": 0.057136269046094354,
  "Jhonny Pereda": 0.05268074874393509,
  "C. J. Kayfus": 0.07934490523836714,
  "Kody Clemens": 0.08746656800935217,
  "James Outman": 0.06596112403129947,
  "Angel Martinez": 0.07524855855666542,
  "George Valera": 0.06694043103405363,
  "Cal Raleigh": 0.15469079347658352,
  "Eugenio Suarez": 0.11442602313378307,
  "Isaac Paredes": 0.10980724242101166,
  "Julio Rodriguez": 0.10615997797157219,
  "Christian Walker": 0.10895502216956245,
  "Randy Arozarena": 0.09791091027287523,
  "Jesus Sanchez": 0.09869120300547794,
  "Dominic Canzone": 0.09268518871158166,
  "Jorge Polanco": 0.09772430952932135,
  "Zach Cole": 0.08903353497577465,
  "Jose Altuve": 0.09122267139227379,
  "Josh Naylor": 0.09200703665381535,
  "Carlos Correa": 0.08071670918873676,
  "Yainer Diaz": 0.08623444510268398,