{
  "Gunnar Henderson": 0.10920641538434298,
  "Alex Bregman": 0.09906687307496431,
  "Rafael Devers": 0.08679753738611075,
  "Rob Refsnyder": 0.08905432199583653,
  "Cedric Mullins": 0.08109424338588794,
  "Trevor Story": 0.09006038717143872,
  "Kristian Campbell": 0.07083945996447119,
  "Adley Rutschman": 0.08191420508497974,
  "Ryan Mountcastle": 0.08006491455346325,
  "Heston Kjerstad": 0.07168655172118554,
  "Ceddanne Rafaela": 0.07184222791354436,
  "Carlos Narvaez": 0.06165699130451922,
  "Jarren Duran": 0.0651371428971519,
  "Ryan O'Hearn": 0.06584874453846265,
  "Jackson Holliday": 0.06261025696150785,
  "Ramon Urias": 0.062214412096580095,
  "Jorge Mateo": 0.06079381040652701,
  "Nick Sogard": 0.05925744089560471,
  "Kyle Tucker": 0.1409475532516,
  "Tyler Stephenson": 0.11711035611803837,
  "Seiya Suzuki": 0.10912682842383344,
  "Austin Hays": 0.11551934692122512,
  "Michael Busch": 0.09792668207366455,
  "Pete Crow-Armstrong": 0.1028415078863654,
  "Carson Kelly": 0.09868257987340699,
  "Elly De La Cruz": 0.10395701678584997,
  "Spencer Steer": 0.0971734207514908,
  "Dansby Swanson": 0.09169194651079285,
  "Ian Happ": 0.09171339301041811,
  "Matt McLain": 0.08797981084237302,
  "Jose Trevino": 0.0826960898592444,
  "Santiago Espinal": 0.06635362390956592,
  "Connor Joe": 0.07219748037882409,
  "Matt Shaw": 0.054410406647248756,
  "TJ Friedl": 0.050707098260289754,
  "Nico Hoerner": 0.04581971697553977,
  "Oneil Cruz": 0.10428386453185819,
  "Andrew McCutchen": 0.08696219054747799,
  "Alexander Canario": 0.07103859720526387,
  "Rhys Hoskins": 0.07027918569260741,
  "William Contreras": 0.0687519296451185,
  "Bryan Reynolds": 0.061148328827360834,
  "Christian Yelich": 0.06077322032237257,
  "Jackson Chourio": 0.06029741456111422,
  "Jake Bauers": 0.052267473000097674,
  "Spencer Horwitz": 0.05048976461850122,
  "Ke'Bryan Hayes": 0.05427856112487201,
  "Henry Davis": 0.05510981340680128,
  "Andruw Monasterio": 0.0443112202188761,
  "Isiah Kiner-Falefa": 0.044887974662933226,
  "Brice Turang": 0.03993000724289931,
  "Caleb Durbin": 0.043308648112886025,
  "Sal Frelick": 0.03933950193372421,
  "Adam Frazier": 0.0415367699535303,
  "Joey Ortiz": 0.060000000000000005,
  "Isaac Collins": 0.060000000000000005,
  "Joey Bart": 0.060000000000000005,
  "Matt Chapman": 0.11559825537446056,
  "Heliot Ramos": 0.10411058153769304,
  "Willy Adames": 0.08923139424018098,
  "James Wood": 0.08095641869698325,
  "Wilmer Flores": 0.06900000296531991,
  "CJ Abrams": 0.08311458656048208,
  "Mike Yastrzemski": 0.07741500725920898,
  "Josh Bell": 0.06529073107258147,
  "Keibert Ruiz": 0.055711762551226715,
  "Jung Hoo Lee": 0.05566565724196352,
  "Luis Garcia Jr.": 0.059885120620078294,
  "Casey Schmitt": 0.06546906417067405,
  "Patrick Bailey": 0.05477497574932318,
  "Nathaniel Lowe": 0.060255057255057254,
  "Tyler Fitzgerald": 0.0571949323716599,
  "Jose Tena": 0.05662164623908499,
  "Robert Hassell III": 0.049600780314462155,
  "LaMonte Wade Jr.": 0.060000000000000005,
  "Alex Call": 0.060000000000000005,
  "Christopher Morel": 0.15144958957146307,
  "Junior Caminero": 0.12812654646110372,
  "Brandon Lowe": 0.10410879450384698,
  "Daulton Varsho": 0.11804526108981168,
  "Yandy Diaz": 0.12931903120154656,
  "Danny Jansen": 0.1138318529695785,
  "Vladimir Guerrero Jr.": 0.1056463441211725,
  "Addison Barger": 0.09569676668430936,
  "Josh Lowe": 0.0921707802407746,
  "George Springer": 0.0880720064249476,
  "Bo Bichette": 0.08026051992289483,
  "Curtis Mead": 0.07779071802109748,
  "Jonatan Clase": 0.07818606421547598,
  "Alejandro Kirk": 0.061512945291687736,
  "Jose Caballero": 0.08853910018951491,
  "Ernie Clement": 0.07708193168719485,
  "Nathan Lukes": 0.06478563060067762,
  "Chandler Simpson": 0.04178899920926014,
  "Taylor Walls": 0.060000000000000005,
  "Anthony Santander": 0.13333333333333333,
  "Wilyer Abreu": 0.18518518518518517,
  "Abraham Toro": 0.11764705882352941,
  "Connor Wong": 0.1111111111111111,
  "Emmanuel Rivera": 0.07436426116838489,
  "Dylan Carlson": 0.07333333333333333,
  "Maverick Handley": 0.06923076923076923,
  "Ramon Laureano": 0.14666666666666667,
  "Kerry Carpenter": 0.11541796660484126,
  "Kyle Manzardo": 0.0914982727342638,
  "Spencer Torkelson": 0.08924896550206445,
  "Jose Ramirez": 0.09277402279127427,
  "Bo Naylor": 0.08616915166210941,
  "Carlos Santana": 0.07582346962433034,
  "Gleyber Torres": 0.07796706452700305,
  "Dillon Dingler": 0.07050805191530046,
  "Javier Baez": 0.0697602955301214,
  "Angel Martinez": 0.07346846846846847,
  "Andy Ibanez": 0.06480484120190003,
  "Daniel Schneemann": 0.05612798345242179,
  "Akil Baddoo": 0.06893229289438657,
  "Gabriel Arias": 0.052934852041176705,
  "Colt Keith": 0.06109435626675749,
  "Trey Sweeney": 0.06746952286077564,
  "Nolan Jones": 0.05590430866291049,
  "Steven Kwan": 0.04532286615312033,
  "Zach McKinstry": 0.060000000000000005,
  "Riley Greene": 0.12000000000000001,
  "Justyn-Henry Malloy": 0.07361111111111111,
  "Lane Thomas": 0.08392857142857142,
  "Shohei Ohtani": 0.18239338634075475,
  "Pete Alonso": 0.12917336984178732,
  "Francisco Lindor": 0.11498699484360625,
  "Freddie Freeman": 0.09273987966980611,
  "Mookie Betts": 0.0779491165842176,
  "Juan Soto": 0.09950758198170206,
  "Max Muncy": 0.08790276067940206,
  "Teoscar Hernandez": 0.08461201465147555,
  "Will Smith": 0.07894963154713452,
  "Francisco Alvarez": 0.07769996761193944,
  "Brandon Nimmo": 0.07273748087525916,
  "Tyrone Taylor": 0.07075164664510854,
  "Michael Conforto": 0.07245473416518952,
  "Andy Pages": 0.07689443152611798,
  "Brett Baty": 0.06401507276507276,
  "Tommy Edman": 0.04934460996062838,
  "Starling Marte": 0.0579859305973341,
  "Luisangel Acu\u00f1a": 0.07083333333333333,
  "Mark Vientos": 0.09306411945542381,
  "Luis Torrens": 0.07361111111111111,
  "Marcell Ozuna": 0.13603695710142488,
  "Austin Riley": 0.13888069644020706,
  "Ronald Acuna Jr.": 0.13258092753230324,
  "Matt Olson": 0.10958682225612014,
  "Fernando Tatis Jr.": 0.091555429101509,
  "Sean Murphy": 0.09967341080579994,
  "Manny Machado": 0.09266042885395145,
  "Michael Harris II": 0.07365871202504866,
  "Jackson Merrill": 0.06354819446856594,
  "Ozzie Albies": 0.05821710656508375,
  "Elias Diaz": 0.05118086031164181,
  "Xander Bogaerts": 0.05999076457409791,
  "Alex Verdugo": 0.060665433517007726,
  "Jose Iglesias": 0.04638742046611386,
  "Gavin Sheets": 0.04836949151357548,
  "Brandon Lockridge": 0.04358160513392191,
  "Luis Arraez": 0.04022445220089199,
  "Nick Allen": 0.04668454731943296,
  "Jake Cronenworth": 0.08392857142857142,
  "Drake Baldwin": 0.060000000000000005,
  "Jake Burger": 0.11448082501141979,
  "Adolis Garcia": 0.11471094847623858,
  "Joc Pederson": 0.09704530758568461,
  "Wyatt Langford": 0.09605274874375619,
  "Andrew Benintendi": 0.08621784231062045,
  "Luis Robert Jr.": 0.0740264190943308,
  "Josh Jung": 0.07523845750698671,
  "Jonah Heim": 0.06921970831431036,
  "Josh Smith": 0.06742653562877571,
  "Marcus Semien": 0.06502836968000152,
  "Miguel Vargas": 0.06651611259893732,
  "Joshua Palacios": 0.05669804175380677,
  "Lenyn Sosa": 0.060038919413919416,
  "Mike Tauchman": 0.05793202185617047,
  "Josh Rojas": 0.04868658359381748,
  "Edgar Quero": 0.05335657556052293,
  "Sam Haggerty": 0.05344881523609594,
  "Chase Meidroth": 0.04490344195633403,
  "Cal Raleigh": 0.15011802432855062,
  "Christian Walker": 0.09753369952795139,
  "Randy Arozarena": 0.10972637850621303,
  "Julio Rodriguez": 0.1184151363501548,
  "Jorge Polanco": 0.09281193720206517,
  "Rowdy Tellez": 0.0789289050354624,
  "Isaac Paredes": 0.08194515008811606,
  "Yainer Diaz": 0.06936048004498324,
  "Victor Caratini": 0.06028331408828961,
  "Jeremy Pena": 0.06379376274865696,
  "Leody Taveras": 0.05826929345678029,
  "J.P. Crawford": 0.06182120813446796,
  "Jose Altuve": 0.05813790387864462,
  "Cam Smith": 0.05086564470959594,
  "Jake Meyers": 0.05377190039916596,
  "Ben Williamson": 0.04710784250013413,