{
  "Elly De La Cruz": 0.12060128135575707,
  "James Wood": 0.11334776988250406,
  "Austin Hays": 0.11259816529239518,
  "Will Benson": 0.10881748536704965,
  "CJ Abrams": 0.08928843141165464,
  "Luis Garcia Jr.": 0.059211979066485065,
  "Nathaniel Lowe": 0.07869380701961513,
  "Noelvi Marte": 0.0882828895276562,
  "Brady House": 0.0921929147727234,
  "Amed Rosario": 0.08976297160203948,
  "Jose Trevino": 0.0707652010150996,
  "Drew Millas": 0.07973563122293069,
  "TJ Friedl": 0.0760999596615108,
  "Gavin Lux": 0.07552353815722349,
  "Alex Call": 0.08069498107547483,
  "Jake Fraley": 0.07470137025106291,
  "Santiago Espinal": 0.06543373545848793,
  "Jacob Young": 0.06276563547780263,
  "Kyle Stowers": 0.11606325424558567,
  "Manny Machado": 0.11670048620491236,
  "Fernando Tatis Jr.": 0.10599218167107782,
  "Agust\u00edn Ram\u00edrez": 0.09534306707210459,
  "Jackson Merrill": 0.0966910671236137,
  "Jesus Sanchez": 0.0977045886986007,
  "Gavin Sheets": 0.09051667918559672,
  "Xander Bogaerts": 0.07719872248993565,
  "Elias Diaz": 0.06516557034801851,
  "Jake Cronenworth": 0.07722039302655084,
  "Otto Lopez": 0.07071875013444394,
  "Graham Pauley": 0.0634359590084781,
  "Liam Hicks": 0.06638255273912566,
  "Javier Sanoja": 0.06614135564773028,
  "Nick Fortes": 0.062008896367911716,
  "Tyler Wade": 0.05618712699829721,
  "Xavier Edwards": 0.057169928898332785,
  "Luis Arraez": 0.06984237810256619,
  "Matt Olson": 0.14075015698899787,
  "Sean Murphy": 0.12103007569738293,
  "Rafael Devers": 0.12440226371802073,
  "Matt Chapman": 0.1054210391990616,
  "Drake Baldwin": 0.10297691403941919,
  "Willy Adames": 0.10349106172747993,
  "Heliot Ramos": 0.09634026401941286,
  "Jurickson Profar": 0.08903493287626421,
  "Mike Yastrzemski": 0.09352090368898393,
  "Luis Matos": 0.06801743049373227,
  "Ozzie Albies": 0.0842188502766354,
  "Michael Harris II": 0.08482103141540921,
  "Casey Schmitt": 0.07788865509959764,
  "Patrick Bailey": 0.06172026607956519,
  "Eli White": 0.07922631457434591,
  "Nacho Alvarez Jr.": 0.06636888827871358,
  "Dominic Smith": 0.07764457522362041,
  "Nick Allen": 0.06485939486397152,
  "Spencer Torkelson": 0.14487245642022178,
  "Oneil Cruz": 0.13202599423243552,
  "Gleyber Torres": 0.1090973622186909,
  "Jahmai Jones": 0.10375537065341256,
  "Bryan Reynolds": 0.09617902696029093,
  "Andrew McCutchen": 0.09496951230040167,
  "Wenceel Perez": 0.09919532429741414,
  "Dillon Dingler": 0.09134939960688143,
  "Matt Vierling": 0.07953629195020916,
  "Javier Baez": 0.09198063367184671,
  "Tommy Pham": 0.07906467612490288,
  "Spencer Horwitz": 0.08620025849589552,
  "Parker Meadows": 0.07203567157295844,
  "Joey Bart": 0.07017686401577657,
  "Nick Gonzales": 0.07528583675677654,
  "Zach McKinstry": 0.07555464339520372,
  "Ke'Bryan Hayes": 0.06481668982205906,
  "Isiah Kiner-Falefa": 0.06301883072069407,
  "Mike Trout": 0.14448840344779987,
  "Taylor Ward": 0.12152017563686329,
  "Brandon Nimmo": 0.1096597010391816,
  "Francisco Lindor": 0.13188695146002208,
  "Starling Marte": 0.07688752964081866,
  "Pete Alonso": 0.161832421912908,
  "Brett Baty": 0.09260421842047803,
  "Jo Adell": 0.14926501858788227,
  "Zach Neto": 0.12771541703473893,
  "Nolan Schanuel": 0.062261346435395416,
  "Juan Soto": 0.14091640856884757,
  "Jorge Soler": 0.12809433103529957,
  "Luis Torrens": 0.08715635833188168,
  "Travis d'Arnaud": 0.10292228442192755,
  "Chris Taylor": 0.06964782200504485,
  "Luis Rengifo": 0.07683900241152149,
  "Tyrone Taylor": 0.07419623479497689,
  "Mark Vientos": 0.10851109795565271,
  "Michael Busch": 0.17962754341786333,
  "Pete Crow-Armstrong": 0.1813297739334071,
  "Seiya Suzuki": 0.1829153051835104,
  "Salvador Perez": 0.17525706621464188,
  "Vinnie Pasquantino": 0.1549646672310793,
  "Ian Happ": 0.14038023353859339,
  "Jac Caglianone": 0.1419101630666647,
  "Carson Kelly": 0.13605018324140505,
  "Dansby Swanson": 0.12821274254778092,
  "John Rave": 0.10510841725184457,
  "Maikel Garcia": 0.09736595098629536,
  "Freddy Fermin": 0.08880923746840841,
  "Reese McGuire": 0.07959797350076958,
  "Matt Shaw": 0.08333435208348353,
  "Tyler Tolbert": 0.06565518036157311,
  "Kyle Isbel": 0.0712838532984626,
  "Adam Frazier": 0.0742349759463543,
  "Nico Hoerner": 0.06832792207792207,
  "Alec Burleson": 0.16302833379559167,
  "Hunter Goodman": 0.13697143298831996,
  "Willson Contreras": 0.140020495111836,
  "Mickey Moniak": 0.10586695305857473,
  "Ivan Herrera": 0.10409817503580163,
  "Brendan Donovan": 0.11666866105890497,
  "Yohel Pozo": 0.11447190802029511,
  "Nolan Arenado": 0.10348527932116419,
  "Ryan McMahon": 0.10106867167475447,
  "Jordan Walker": 0.096778061509517,
  "Ezequiel Tovar": 0.08824506667404525,
  "Masyn Winn": 0.0833244610777501,
  "Adael Amador": 0.06436105819208368,
  "Jordan Beck": 0.08575395517984279,
  "Victor Scott II": 0.0791783308546027,
  "Tyler Freeman": 0.06907635044326109,
  "Kyle Farmer": 0.07384779654436031,
  "Austin Nola": 0.06156105792049157,
  "Eugenio Suarez": 0.14596873811948924,
  "Ketel Marte": 0.13051876012401886,
  "Christian Walker": 0.11995025592415846,
  "Taylor Trammell": 0.10953797216416448,
  "Randal Grichuk": 0.10410978146872601,
  "Corbin Carroll": 0.09971916444355729,
  "Victor Caratini": 0.088864919403231,
  "Yainer Diaz": 0.08849718274822246,
  "Lourdes Gurriel Jr.": 0.08407648749193382,
  "James McCann": 0.07797047582110915,
  "Josh Naylor": 0.07700154957631952,
  "Brice Matthews": 0.07959733340469716,
  "Shay Whitcomb": 0.07793615299759331,
  "Mauricio Dubon": 0.06582707862313125,
  "Chas McCormick": 0.06660221335462249,
  "Cooper Hummel": 0.07332625724757998,
  "Blaze Alexander": 0.09153430860327412,
  "Geraldo Perdomo": 0.07631729055258467,
  "Jorge Polanco": 0.11000826999527032,
  "Christian Yelich": 0.09683916568049701,
  "Mitch Garver": 0.10495262739371745,
  "Randy Arozarena": 0.10230831232751741,
  "Julio Rodriguez": 0.09752694373494358,
  "Luke Raley": 0.09619708572316199,
  "Dominic Canzone": 0.10155996546599648,
  "Jackson Chourio": 0.09202385704177833,
  "William Contreras": 0.08677979427734907,
  "Anthony Seigler": 0.06092319299312933,
  "Tyler Black": 0.07208174806971192,
  "Brice Turang": 0.07078518870907553,
  "Isaac Collins": 0.059820713466434375,
  "Joey Ortiz": 0.07391971923667472,
  "J.P. Crawford": 0.06823893827611469,
  "Ben Williamson": 0.06045486515053437,
  "Blake Perkins": 0.07172189792247564,
  "Cole Young": 0.06213646448313466,
  "Caleb Durbin": 0.060000000000000005,
  "Shohei Ohtani": 0.27440842010999894,
  "Byron Buxton": 0.1705710505789918,
  "Teoscar Hernandez": 0.14258732947138744,
  "Matt Wallner": 0.1299431057767901,
  "Kody Clemens": 0.12549471015285943,
  "Freddie Freeman": 0.13391401808068473,
  "Andy Pages": 0.12188392438605566,
  "James Outman": 0.1350569358178054,
  "Ryan Jeffers": 0.10657905567434772,
  "Mookie Betts": 0.12506315901618054,
  "Trevor Larnach": 0.09479383676949646,
  "Royce Lewis": 0.11307174577292137,
  "Dalton Rushing": 0.12595520421607379,
  "Brooks Lee": 0.0806172963043824,
  "Willi Castro": 0.09055977064618509,
  "Ty France": 0.08151395351620438,
  "Tommy Edman": 0.08625398264042632,
  "Hyeseong Kim": 0.06867918921706802,
  "Will Smith": 0.09761904761904762,
  "Gunnar Henderson": 0.1399707037063869,
  "Jose Ramirez": 0.13972770651093291,
  "Kyle Manzardo": 0.12908836201655846,
  "Cedric Mullins": 0.10727217695719281,
  "Jordan Westburg": 0.11789991564562434,
  "Colton Cowser": 0.12279790110627367,
  "Jackson Holliday": 0.10955943683543973,
  "Ryan O'Hearn": 0.10624105634314618,
  "Bo Naylor": 0.11305495098312779,
  "Carlos Santana": 0.09894197419401052,
  "Ramon Laureano": 0.09945348763808581,
  "Ramon Urias": 0.10245740572100263,
  "Nolan Jones": 0.08487294020852441,
  "Daniel Schneemann": 0.09979506389035592,
  "Angel Martinez": 0.0919051642242752,
  "Jacob Stallings": 0.061008245137576494,
  "Brayan Rocchio": 0.07554272699310868,
  "Steven Kwan": 0.07754865208979489,
  "Kyle Schwarber": 0.21288062937203558,