{
  "Will Benson": 0.14573376943714,
  "Bryan Reynolds": 0.11103064815812157,
  "Andrew McCutchen": 0.10660256812430725,
  "Noelvi Marte": 0.10365036434253191,
  "Tommy Pham": 0.09948641392160301,
  "Jared Triolo": 0.08900460486220772,
  "Spencer Steer": 0.09429561015321303,
  "Elly De La Cruz": 0.10447495222931749,
  "Rafael Flores": 0.08954320608003503,
  "Joey Bart": 0.09503413146703979,
  "Nick Gonzales": 0.08392659668185648,
  "TJ Friedl": 0.09400023590212492,
  "Alexander Canario": 0.08883108101157136,
  "Miguel Andujar": 0.09412407238766929,
  "Jose Trevino": 0.07551829518124933,
  "Nick Yorke": 0.07058066933066932,
  "Gavin Lux": 0.07812212355859781,
  "Ke'Bryan Hayes": 0.0594281914893617,
  "Junior Caminero": 0.15114402283528058,
  "Yandy Diaz": 0.13299237170035658,
  "Christopher Morel": 0.12294746405857516,
  "Gunnar Henderson": 0.12239606313084485,
  "Colton Cowser": 0.13371980676328502,
  "Jordan Westburg": 0.1065419020408329,
  "Ryan Mountcastle": 0.09166963838217296,
  "Alex Jackson": 0.10130056724884312,
  "Everson Pereira": 0.10373482726423904,
  "Coby Mayo": 0.10016487815783591,
  "Dylan Beavers": 0.098911267943526,
  "Carson Williams": 0.07869817818781691,
  "Jeremiah Jackson": 0.08049515593231653,
  "Jake Mangum": 0.06662745535540245,
  "Nick Fortes": 0.06792318757159514,
  "Richie Palacios": 0.07645175231808894,
  "Bob Seymour": 0.09023268398268398,
  "Jorge Mateo": 0.07703030303030303,
  "Jackson Holliday": 0.08392857142857142,
  "Joc Pederson": 0.17762259310121548,
  "Byron Buxton": 0.16347423620150894,
  "Rowdy Tellez": 0.15023505414730004,
  "Kody Clemens": 0.13316247857032532,
  "Kyle Higashioka": 0.12277498438989122,
  "Josh Jung": 0.12217716627269375,
  "Michael Helman": 0.1034947277401672,
  "Trevor Larnach": 0.09578916903667761,
  "Royce Lewis": 0.1038437761343112,
  "Josh Smith": 0.09517794286143606,
  "Ezequiel Duran": 0.06634883859306301,
  "Carson McCusker": 0.07825014951398178,
  "Brooks Lee": 0.07525523405859827,
  "Alejandro Osuna": 0.07507285218614194,
  "Edouard Julien": 0.06818997547829893,
  "Austin Martin": 0.053872253925187984,
  "Christian Vazquez": 0.06147785677963023,
  "Christian Walker": 0.13254538852578068,
  "Nick Kurtz": 0.11819759585074577,
  "Shea Langeliers": 0.13573390167977334,
  "Brent Rooker": 0.11780126711558239,
  "Jesus Sanchez": 0.10663841163994414,
  "Zach Cole": 0.10175002330673198,
  "Isaac Paredes": 0.10744652034125718,
  "Carlos Correa": 0.10376380459934136,
  "Jose Altuve": 0.10216007016951996,
  "Victor Caratini": 0.0907851102951896,
  "Tyler Soderstrom": 0.0872707568458832,
  "Taylor Trammell": 0.09071225107287485,
  "Colby Thomas": 0.09011172975361499,
  "Brett Harris": 0.06489701058328509,
  "Willie MacIver": 0.06222207938393563,
  "Jacob Wilson": 0.06188885523683242,
  "Mauricio Dubon": 0.07033699633699633,
  "Darell Hernaiz": 0.06745238095238096,
  "Max Muncy (2002)": 0.08392857142857142,
  "Shohei Ohtani": 0.18117774484995286,
  "Teoscar Hernandez": 0.10863210721266987,
  "Corbin Carroll": 0.11372289834553986,
  "Mookie Betts": 0.09821983541115911,
  "Freddie Freeman": 0.09551542251807452,
  "Ketel Marte": 0.09348448955843322,
  "Michael Conforto": 0.07686036484533001,
  "Andy Pages": 0.07671882273325699,
  "Adrian Del Castillo": 0.06765639934334822,
  "Alek Thomas": 0.0546345677359423,
  "Geraldo Perdomo": 0.055991244767840516,
  "Enrique Hernandez": 0.05789908815271134,
  "Tim Tawa": 0.05729717813051147,
  "Gabriel Moreno": 0.057793011966940165,
  "Blaze Alexander": 0.060013420630142485,
  "Dalton Rushing": 0.06181729371137768,
  "Jake McCarthy": 0.05058217466375863,
  "Miguel Rojas": 0.05087986454989026,
  "Kyle Schwarber": 0.21382154728627986,
  "Bryce Harper": 0.18825644197095362,
  "Agust\u00edn Ram\u00edrez": 0.12707547109020742,
  "Max Kepler": 0.1250149830811852,
  "Brandon Marsh": 0.10192253501042374,
  "J.T. Realmuto": 0.1001195704262791,
  "Harrison Bader": 0.10809114923057953,
  "Griffin Conine": 0.09646238410119955,
  "Otto Lopez": 0.091560957697884,
  "Jakob Marsee": 0.09469754302266939,
  "Connor Norby": 0.09789689761483009,
  "Alec Bohm": 0.09136980095293963,
  "Troy Johnston": 0.08182069780176406,
  "Bryson Stott": 0.0777028041390502,
  "Liam Hicks": 0.06899887931112678,
  "Graham Pauley": 0.06904658504725941,
  "Edmundo Sosa": 0.07434663577365103,
  "Xavier Edwards": 0.056589590964590965,
  "Jose Ramirez": 0.14046913500824157,
  "Kyle Manzardo": 0.1271914091652397,
  "Spencer Torkelson": 0.10017351998624847,
  "Riley Greene": 0.094982118361748,
  "Gabriel Arias": 0.08285668669107232,
  "George Valera": 0.07764922763485982,
  "C. J. Kayfus": 0.08133478515946123,
  "Jahmai Jones": 0.08469166867065842,
  "Wenceel Perez": 0.0812278308012229,
  "Angel Martinez": 0.06988750006222341,
  "Dillon Dingler": 0.07504992038782672,
  "Gleyber Torres": 0.0753813741735862,
  "Steven Kwan": 0.05802800907264606,
  "Andy Ibanez": 0.060532778598268,
  "Austin Hedges": 0.054264483874412954,
  "Javier Baez": 0.062401836811662115,
  "Parker Meadows": 0.060688393875581295,
  "Brayan Rocchio": 0.055899016586204005,
  "Bo Naylor": 0.10757575757575757,
  "Aaron Judge": 0.23556412072028932,
  "Giancarlo Stanton": 0.19150601863698558,
  "Trent Grisham": 0.15043755146056936,
  "Ben Rice": 0.14558538208852345,
  "Austin Wells": 0.1367612024957459,
  "Jazz Chisholm Jr.": 0.1390543142321528,
  "Cody Bellinger": 0.1260295885144772,
  "Ryan McMahon": 0.10408355523466001,
  "Colson Montgomery": 0.1011485184286332,
  "Miguel Vargas": 0.08139534483385433,
  "Kyle Teel": 0.06993433366228076,
  "Chase Meidroth": 0.0644655137995215,
  "Anthony Volpe": 0.08261485242915147,
  "Michael A. Taylor": 0.07669208646166586,
  "Edgar Quero": 0.06000412758153,
  "Corey Julks": 0.0577871689125861,
  "Curtis Mead": 0.07351770649371268,
  "George Springer": 0.1340499194847021,
  "Daulton Varsho": 0.12796236547009318,
  "Vladimir Guerrero Jr.": 0.10564165431686158,
  "Alex Bregman": 0.10832575126067809,
  "Anthony Santander": 0.10863254444016696,
  "Addison Barger": 0.0973900253994752,
  "Trevor Story": 0.09635100389502332,
  "Romy Gonzalez": 0.08779603778275061,
  "Jarren Duran": 0.08671538152968056,
  "Ceddanne Rafaela": 0.07588984565019424,
  "Masataka Yoshida": 0.07191950809562106,
  "Rob Refsnyder": 0.06804407878159525,
  "Nathaniel Lowe": 0.06804203828883462,
  "Nathan Lukes": 0.06514046356362031,
  "Andres Gimenez": 0.057492376859098714,
  "Connor Wong": 0.06285269612475496,
  "Ernie Clement": 0.05862436428418959,
  "Tyler Heineman": 0.05233852321920504,
  "Alejandro Kirk": 0.07361111111111111,
  "Davis Schneider": 0.08392857142857142,
  "Pete Alonso": 0.17236027949223984,
  "Juan Soto": 0.13455308784867107,
  "Francisco Lindor": 0.12310855160412126,
  "Pete Crow-Armstrong": 0.08768313542864864,
  "Michael Busch": 0.09908739544829664,
  "Brett Baty": 0.07551180569527088,
  "Seiya Suzuki": 0.09354238241745151,
  "Mark Vientos": 0.11827122857882122,
  "Dansby Swanson": 0.07149215901982356,
  "Ian Happ": 0.0883669750011406,
  "Brandon Nimmo": 0.08530228026049318,
  "Luis Torrens": 0.08077753479234652,
  "Luisangel Acu\u00f1a": 0.057186258230895216,
  "Mois\u00e9s Ballesteros": 0.05760261293986542,
  "Tyrone Taylor": 0.0680029245946054,
  "Carson Kelly": 0.07490466545697051,
  "Nico Hoerner": 0.05478533434650456,
  "Matt Shaw": 0.06047488611897009,
  "Bobby Witt Jr.": 0.16004822912952013,
  "Jo Adell": 0.15019350539020093,
  "Salvador Perez": 0.15769876258650523,
  "Mike Trout": 0.14824258067504856,
  "Logan O'Hoppe": 0.131032167142536,
  "Vinnie Pasquantino": 0.123184548505515,
  "Carter Jensen": 0.10723434375608289,
  "Randal Grichuk": 0.12116366353304607,
  "Mike Yastrzemski": 0.10758736964100153,
  "Jac Caglianone": 0.09992938962740515,
  "Yoan Moncada": 0.11537278886516204,
  "Chris Taylor": 0.09489753049895397,
  "Michael Massey": 0.07285338992914629,
  "Maikel Garcia": 0.08715286486929809,
  "Denzer Guzman": 0.0795151716518692,
  "Christian Moore": 0.08710793239007993,