{
  "Michael Busch": 0.1305267617046893,
  "Oneil Cruz": 0.13209297890134125,
  "Mois\u00e9s Ballesteros": 0.10447064523944118,
  "Pete Crow-Armstrong": 0.1030346460263162,
  "Ian Happ": 0.09680725607894557,
  "Henry Davis": 0.07817589552690171,
  "Spencer Horwitz": 0.07967056636174283,
  "Willi Castro": 0.07046908579803317,
  "Andrew McCutchen": 0.08537849046873111,
  "Tommy Pham": 0.07251949428420017,
  "Bryan Reynolds": 0.08154050850866758,
  "Carson Kelly": 0.07273587063544837,
  "Dansby Swanson": 0.07722241197790573,
  "Jared Triolo": 0.07405011106389174,
  "Nick Gonzales": 0.06210135166252188,
  "Cam Devanney": 0.06445545102068366,
  "Matt Shaw": 0.058514908522559916,
  "Nico Hoerner": 0.05118631024053209,
  "Jack Suwinski": 0.14285714285714285,
  "Ronald Acuna Jr.": 0.14774777866477296,
  "Matt Olson": 0.13550424852529866,
  "Marcell Ozuna": 0.11432103297035585,
  "Ozzie Albies": 0.12013131178657063,
  "Jurickson Profar": 0.11830714827491015,
  "Josh Bell": 0.10683475563906084,
  "James Wood": 0.10984990861639576,
  "CJ Abrams": 0.09494826975503777,
  "Michael Harris II": 0.09208228389249123,
  "Ha-Seong Kim": 0.08328900511531417,
  "Luis Garcia Jr.": 0.07646424680215315,
  "Paul DeJong": 0.10261472410813574,
  "Riley Adams": 0.07606004070192594,
  "Drake Baldwin": 0.0913841430023223,
  "Dylan Crews": 0.0849898607169509,
  "Daylen Lile": 0.07083098660827442,
  "Robert Hassell III": 0.06494811840206577,
  "Nacho Alvarez Jr.": 0.057712203399390816,
  "Junior Caminero": 0.17534839484695017,
  "Daulton Varsho": 0.14254996916364127,
  "George Springer": 0.14134377888353264,
  "Vladimir Guerrero Jr.": 0.13153769540607058,
  "Addison Barger": 0.12642036000457224,
  "Brandon Lowe": 0.12781768119663026,
  "Davis Schneider": 0.11045936647924068,
  "Tristan Gray": 0.09977973113206039,
  "Yandy Diaz": 0.09899007287893478,
  "Josh Lowe": 0.0868910377936278,
  "Nathan Lukes": 0.07419375958591645,
  "Nick Fortes": 0.07108613245868148,
  "Carson Williams": 0.06096368975561455,
  "Ernie Clement": 0.05941410901127461,
  "Andres Gimenez": 0.05703633663673101,
  "Tyler Heineman": 0.058131006115317414,
  "Jake Mangum": 0.04755629838142154,
  "Chandler Simpson": 0.03466248037676609,
  "Cody Bellinger": 0.12306968977344702,
  "Giancarlo Stanton": 0.1884043199060069,
  "Aaron Judge": 0.2216660909811116,
  "Byron Buxton": 0.156683789212362,
  "Austin Wells": 0.11618487808956898,
  "Austin Martin": 0.06388028007346189,
  "Royce Lewis": 0.09726303466536072,
  "Ben Rice": 0.15,
  "Trent Grisham": 0.15027927779499567,
  "Matt Wallner": 0.11242410009142469,
  "Jose Caballero": 0.06895121926561913,
  "Luke Keaschall": 0.05952421278994259,
  "Jazz Chisholm Jr.": 0.14407237020757344,
  "Ryan McMahon": 0.12415941562202824,
  "Brooks Lee": 0.07126274733195816,
  "Carson McCusker": 0.06293619106119107,
  "Jhonny Pereda": 0.05417223610876681,
  "Edouard Julien": 0.05620686262670734,
  "Paul Goldschmidt": 0.08519179298297921,
  "Tyler O'Neill": 0.15162507311515697,
  "Colson Montgomery": 0.1239885396699386,
  "Gunnar Henderson": 0.12227356505218566,
  "Jeremiah Jackson": 0.09870008562246833,
  "Ryan Mountcastle": 0.09687649254887526,
  "Colton Cowser": 0.09666916379411043,
  "Coby Mayo": 0.08608312871164774,
  "Samuel Basallo": 0.09704722024071573,
  "Mike Tauchman": 0.0816582637447552,
  "Andrew Benintendi": 0.09261423761423761,
  "Lenyn Sosa": 0.09141056406565448,
  "Kyle Teel": 0.07408218603229282,
  "Dylan Beavers": 0.0801122840910869,
  "Jackson Holliday": 0.08987949755030843,
  "Curtis Mead": 0.06096669737020614,
  "Dominic Fletcher": 0.06405525974153425,
  "Edgar Quero": 0.06638546545069808,
  "Chase Meidroth": 0.05666761788216582,
  "Lars Nootbaar": 0.1005051217731951,
  "Alec Burleson": 0.10467929408944392,
  "Willson Contreras": 0.11708972722883154,
  "Ivan Herrera": 0.1008562202824498,
  "Sal Stewart": 0.09074712094164138,
  "Austin Hays": 0.09462477354242761,
  "Nolan Arenado": 0.09223291633530593,
  "Brendan Donovan": 0.08486608713937648,
  "Tyler Stephenson": 0.09386821954801557,
  "Elly De La Cruz": 0.07474325651615338,
  "Noelvi Marte": 0.08456526981568994,
  "Jimmy Crooks": 0.07339149425249211,
  "Miguel Andujar": 0.0739257603527756,
  "Matt McLain": 0.0785812988059951,
  "Victor Scott II": 0.05833826250492918,
  "Thomas Saggese": 0.06058838748232688,
  "Ke'Bryan Hayes": 0.04921690219104013,
  "TJ Friedl": 0.05485300799709197,
  "Spencer Steer": 0.07361111111111111,
  "Yordan Alvarez": 0.1789089769332435,
  "Christian Walker": 0.13463448518325677,
  "Joc Pederson": 0.14241978036247138,
  "Jake Burger": 0.13372378707580593,
  "Jesus Sanchez": 0.11486769891964055,
  "Adolis Garcia": 0.12390066327534359,
  "Wyatt Langford": 0.12478732757925304,
  "Yainer Diaz": 0.1081736395383797,
  "Jose Altuve": 0.10469005360870336,
  "Carlos Correa": 0.10252897006858755,
  "Jeremy Pena": 0.10012533478076133,
  "Dylan Moore": 0.08046917769956986,
  "Josh Jung": 0.08597499274176988,
  "Jonah Heim": 0.07880476549594197,
  "Josh Smith": 0.07565557380339129,
  "Alejandro Osuna": 0.0703760175231467,
  "Jake Meyers": 0.06484759674168071,
  "Zach Cole": 0.08620689655172414,
  "Victor Caratini": 0.07165464274486831,
  "Ketel Marte": 0.11679093869562958,
  "Corbin Carroll": 0.12213030646849216,
  "Rafael Devers": 0.12235919199546214,
  "Matt Chapman": 0.10895128298075002,
  "Willy Adames": 0.10829772821187324,
  "Casey Schmitt": 0.07574514195591357,
  "Heliot Ramos": 0.085760137394303,
  "Bryce Eldridge": 0.06770248717993492,
  "Geraldo Perdomo": 0.06896535596225621,
  "James McCann": 0.05520182907600126,
  "Blaze Alexander": 0.06203186162902722,
  "Gabriel Moreno": 0.07506180979050964,
  "Alek Thomas": 0.06293619106119107,
  "Drew Gilbert": 0.05607319552006898,
  "Patrick Bailey": 0.06536837531155713,
  "Jung Hoo Lee": 0.06134888947388947,
  "Ildemaro Vargas": 0.048250675688335534,
  "Jake McCarthy": 0.042960729746444035,
  "Wilmer Flores": 0.060000000000000005,
  "Tim Tawa": 0.060000000000000005,
  "Adrian Del Castillo": 0.07361111111111111,
  "Kyle Schwarber": 0.20606406305946895,
  "Shohei Ohtani": 0.16137642472942137,
  "Teoscar Hernandez": 0.11982522057138852,
  "Bryce Harper": 0.14284040736792247,
  "Max Muncy": 0.11104135615986382,
  "Harrison Bader": 0.10820654312749176,
  "Weston Wilson": 0.09821797746733937,
  "J.T. Realmuto": 0.10511897264203453,
  "Otto Kemp": 0.09934157120316912,
  "Max Kepler": 0.10109136122096002,
  "Mookie Betts": 0.09995341562579835,
  "Freddie Freeman": 0.09418333202000116,
  "Andy Pages": 0.0834232583512246,
  "Chuckie Robinson": 0.06601193993375123,
  "Alex Call": 0.06847021878461865,
  "Brandon Marsh": 0.08086209804167253,
  "Miguel Rojas": 0.061255910159418926,
  "Bryson Stott": 0.0682455843623578,
  "Enrique Hernandez": 0.09761904761904762,
  "Tommy Edman": 0.09761904761904762,
  "Donnie Walton": 0.07361111111111111,
  "Ben Rortvedt": 0.060000000000000005
}