{
  "Cal Raleigh": 0.21148565788165344,
  "Kyle Tucker": 0.17666986296311682,
  "Pete Crow-Armstrong": 0.16348033001158543,
  "Seiya Suzuki": 0.16841937138236357,
  "Mitch Garver": 0.14194020569448335,
  "Randy Arozarena": 0.1626515959861052,
  "Michael Busch": 0.15572293277334512,
  "Ian Happ": 0.1556370483063847,
  "Julio Rodriguez": 0.14238935255308985,
  "Dylan Moore": 0.11476535505476468,
  "Dansby Swanson": 0.13730475008247917,
  "J.P. Crawford": 0.09986260645408586,
  "Reese McGuire": 0.07403158862749656,
  "Donovan Solano": 0.09247133374771829,
  "Ben Williamson": 0.08963659952968757,
  "Matt Shaw": 0.08555229390913385,
  "Cole Young": 0.0681095667518804,
  "Nico Hoerner": 0.06972756099139327,
  "Oneil Cruz": 0.14132114397928214,
  "Corey Seager": 0.14506197390449777,
  "Jake Burger": 0.12037358780600153,
  "Adolis Garcia": 0.11609187785786253,
  "Marcus Semien": 0.10150644259173003,
  "Evan Carter": 0.08967937886584751,
  "Josh Jung": 0.08250886164177587,
  "Andrew McCutchen": 0.08582387941694479,
  "Josh Smith": 0.08667053480905473,
  "Jonah Heim": 0.0774152404503096,
  "Sam Haggerty": 0.061387925082579765,
  "Spencer Horwitz": 0.08203479545311444,
  "Alexander Canario": 0.0730391797250436,
  "Joey Bart": 0.0705290221121751,
  "Nick Gonzales": 0.06564355225455139,
  "Jared Triolo": 0.07019436792164065,
  "Adam Frazier": 0.05911522301228184,
  "Isiah Kiner-Falefa": 0.05005354038248775,
  "Aaron Judge": 0.257462672669712,
  "Giancarlo Stanton": 0.19626844719881978,
  "Trent Grisham": 0.16656173723723008,
  "Austin Wells": 0.16069837264318482,
  "Jazz Chisholm Jr.": 0.1625581321569059,
  "Paul Goldschmidt": 0.14084271209669488,
  "Jasson Dom\u00ednguez": 0.14358174294416035,
  "Gary Sanchez": 0.11960775813576738,
  "Ramon Laureano": 0.09877408151195557,
  "Jordan Westburg": 0.10154765174721314,
  "Colton Cowser": 0.09451159479590851,
  "Anthony Volpe": 0.09875812720907426,
  "Adley Rutschman": 0.08851829033386696,
  "Ramon Urias": 0.07573855427555617,
  "Dylan Carlson": 0.07225529203337125,
  "DJ LeMahieu": 0.0763224631244889,
  "Coby Mayo": 0.07236672569083637,
  "Brandon Lowe": 0.14987716403079446,
  "Kerry Carpenter": 0.11799070204888269,
  "Yandy Diaz": 0.11619870235703053,
  "Riley Greene": 0.11863520845535602,
  "Spencer Torkelson": 0.11902266220078979,
  "Jonathan Aranda": 0.11639061907625477,
  "Javier Baez": 0.09626073496029636,
  "Parker Meadows": 0.10571812424242444,
  "Colt Keith": 0.08821091811414392,
  "Josh Lowe": 0.1043870548850057,
  "Trey Sweeney": 0.0938437554508983,
  "Gleyber Torres": 0.08913602613602614,
  "Dillon Dingler": 0.0834375061552095,
  "Curtis Mead": 0.10402869984611772,
  "Matt Thaiss": 0.08687022966070278,
  "Kameron Misner": 0.08075102430056741,
  "Jake Mangum": 0.07566238984851943,
  "Taylor Walls": 0.08799987575342545,
  "Bo Bichette": 0.12726697216148775,
  "Vladimir Guerrero Jr.": 0.13623593208612858,
  "Luis Robert Jr.": 0.10404754984127532,
  "Andrew Benintendi": 0.09225539898325133,
  "Addison Barger": 0.11191045963840081,
  "George Springer": 0.12253449274037509,
  "Jonatan Clase": 0.06742604384436283,
  "Ernie Clement": 0.07726188639480062,
  "Miguel Vargas": 0.11560748491630035,
  "Josh Rojas": 0.06109504332721156,
  "Chase Meidroth": 0.06471226425971745,
  "Andres Gimenez": 0.06563504299859527,
  "Ryan Noda": 0.07910038647428677,
  "Kyle Teel": 0.06728672042207953,
  "Lenyn Sosa": 0.08073866985988198,
  "Austin Slater": 0.06355134547836086,
  "Tyler Heineman": 0.07955891023267932,
  "Nathan Lukes": 0.09139206204657369,
  "Ronald Acuna Jr.": 0.15194632469036304,
  "Matt Olson": 0.15660582316738972,
  "Austin Riley": 0.14239585335435398,
  "Marcell Ozuna": 0.12328325429657283,
  "Jesus Sanchez": 0.11858536024380426,
  "Kyle Stowers": 0.11114134311699053,
  "Sean Murphy": 0.09884221381828176,
  "Agust\u00edn Ram\u00edrez": 0.10915415588973129,
  "Michael Harris II": 0.08989646570058141,
  "Ozzie Albies": 0.0853482448726828,
  "Heriberto Hernandez": 0.0888850471399401,
  "Alex Verdugo": 0.07227929369138776,
  "Connor Norby": 0.09011380204569809,
  "Dane Myers": 0.08132545338487614,
  "Otto Lopez": 0.07457287260735537,
  "Liam Hicks": 0.06497398986153509,
  "Nick Allen": 0.053269496204278816,
  "Xavier Edwards": 0.05455417732459675,
  "Brandon Nimmo": 0.1356196953154945,
  "Jeff McNeil": 0.10401113893594585,
  "J.T. Realmuto": 0.10082091731886814,
  "Kyle Schwarber": 0.1876527569621418,
  "Francisco Lindor": 0.15008006369135204,
  "Nick Castellanos": 0.10495590195788504,
  "Alec Bohm": 0.09290666096778151,
  "Pete Alonso": 0.14983480948370342,
  "Brandon Marsh": 0.09656404023070689,
  "Trea Turner": 0.10980367044397206,
  "Bryson Stott": 0.08106151905489653,
  "Tyrone Taylor": 0.07411448724497906,
  "Otto Kemp": 0.07809967000027693,
  "Max Kepler": 0.1342150069319142,
  "Juan Soto": 0.15986730837293578,
  "Brett Baty": 0.08866851084348523,
  "Jared Young": 0.10092687677715995,
  "Luis Torrens": 0.08358087000788525,
  "Alec Burleson": 0.12676299308203917,
  "Nolan Gorman": 0.14416011850175905,
  "Elly De La Cruz": 0.11383728245017703,
  "Lars Nootbaar": 0.12701916442205913,
  "Tyler Stephenson": 0.0978435340874574,
  "Thomas Saggese": 0.09019651935643413,
  "Will Benson": 0.0980759557048885,
  "Jordan Walker": 0.09880709894985175,
  "Matt McLain": 0.08310946718165971,
  "Pedro Pages": 0.08616498393156716,
  "Brendan Donovan": 0.09695091389098796,
  "Spencer Steer": 0.08423591739413142,
  "Masyn Winn": 0.07986792577143455,
  "TJ Friedl": 0.07338625840606039,
  "Jose Trevino": 0.06814138475903182,
  "Gavin Lux": 0.07011646293255488,
  "Jake Fraley": 0.07384099293368063,
  "Victor Scott II": 0.07248500324435761,
  "Nolan Arenado": 0.09761904761904762,
  "Willson Contreras": 0.12000000000000001,
  "Byron Buxton": 0.15922987484698564,
  "Matt Wallner": 0.15365658391153875,
  "Kody Clemens": 0.1284436427933017,
  "Christian Yelich": 0.11869409950374347,
  "William Contreras": 0.10388641930514478,
  "Rhys Hoskins": 0.11094951789707537,
  "Carlos Correa": 0.10250536048420973,
  "Harrison Bader": 0.09238974605641273,
  "Willi Castro": 0.10249932493945653,
  "Jackson Chourio": 0.08836449654219326,
  "Brooks Lee": 0.09984525328379587,
  "Ryan Jeffers": 0.08217049774924538,
  "Isaac Collins": 0.0824286190615333,
  "Caleb Durbin": 0.06267917412709707,
  "Joey Ortiz": 0.06305955174800676,
  "Brice Turang": 0.07459871268861726,
  "Sal Frelick": 0.07612988678504788,
  "Christian Vazquez": 0.07387788778877888,
  "Trevor Larnach": 0.08392857142857142,
  "Ketel Marte": 0.19767321862437714,
  "Eugenio Suarez": 0.19725052441854934,
  "Hunter Goodman": 0.19431262874580638,
  "Randal Grichuk": 0.15935620904117323,
  "Michael Toglia": 0.1427472492366874,
  "Josh Naylor": 0.12664201139392955,
  "Lourdes Gurriel Jr.": 0.14389282823151128,
  "Jordan Beck": 0.1282968444061221,
  "Tim Tawa": 0.13649740091976117,
  "Ryan McMahon": 0.13703462909398342,
  "Mickey Moniak": 0.11860841510261373,
  "Brenton Doyle": 0.10551875590615885,
  "Ryan Ritter": 0.0820938190938191,
  "Orlando Arcia": 0.08109922433808352,
  "Geraldo Perdomo": 0.07812906746441786,
  "Ildemaro Vargas": 0.08298134077181388,
  "Jose Herrera": 0.06734357083709888,
  "Tyler Freeman": 0.08543389083861894,
  "Mike Trout": 0.14316946793235974,
  "Christian Walker": 0.1293734827264239,
  "Taylor Ward": 0.11852902033643406,
  "Yainer Diaz": 0.1152811499237016,
  "Jo Adell": 0.10701692528178633,
  "Zach Neto": 0.10486583356539496,
  "Jose Altuve": 0.10059829767895605,
  "Isaac Paredes": 0.1043635586444042,
  "Cam Smith": 0.10263264536010437,
  "Travis d'Arnaud": 0.08839973846021529,
  "Jeremy Pena": 0.09042843022377399,
  "Jake Meyers": 0.08310453789534686,
  "Luis Rengifo": 0.06401642766481282,
  "Christian Moore": 0.063044865663271,
  "Cooper Hummel": 0.06788471816279738,
  "Mauricio Dubon": 0.07020398621742406,
  "Nolan Schanuel": 0.0738511500005753,
  "LaMonte Wade Jr.": 0.07007221399205871,
  "Logan O'Hoppe": 0.10757575757575757,
  "Victor Caratini": 0.08392857142857142,