{
  "Jose Ramirez": 0.1359293109051,
  "Kyle Manzardo": 0.11804600002056158,
  "Gunnar Henderson": 0.10767772888765702,
  "Jordan Westburg": 0.09242968125488878,
  "Cedric Mullins": 0.10947815681970612,
  "Bo Naylor": 0.09226268909272473,
  "Colton Cowser": 0.08698846553825126,
  "Carlos Santana": 0.09213112536970756,
  "Ramon Laureano": 0.08417962609846254,
  "Daniel Schneemann": 0.08976022344889313,
  "Jackson Holliday": 0.08646263569925058,
  "Angel Martinez": 0.08783261954448196,
  "Ramon Urias": 0.08516152669469315,
  "Nolan Jones": 0.07343704734230234,
  "Coby Mayo": 0.05885002741827995,
  "Steven Kwan": 0.07373858467103642,
  "Jacob Stallings": 0.08208333333333333,
  "Brayan Rocchio": 0.06050171423174929,
  "Ryan O'Hearn": 0.08392857142857142,
  "Oneil Cruz": 0.11467589524603754,
  "Riley Greene": 0.09732934393409043,
  "Spencer Torkelson": 0.09356201408226993,
  "Bryan Reynolds": 0.08072012213932103,
  "Alexander Canario": 0.06561388789013765,
  "Zach McKinstry": 0.06589908423500693,
  "Colt Keith": 0.08394687275935583,
  "Wenceel Perez": 0.07125073474498883,
  "Nick Gonzales": 0.07196692274011862,
  "Javier Baez": 0.06648591871970701,
  "Tommy Pham": 0.058453119418008494,
  "Jake Rogers": 0.07912084539156362,
  "Gleyber Torres": 0.06794591589332528,
  "Parker Meadows": 0.06614366386304561,
  "Spencer Horwitz": 0.0656437984193965,
  "Henry Davis": 0.07490611860229085,
  "Ke'Bryan Hayes": 0.06177251911173203,
  "Isiah Kiner-Falefa": 0.05513297996544155,
  "Kyle Stowers": 0.10946946776366666,
  "Manny Machado": 0.10273508881455518,
  "Agust\u00edn Ram\u00edrez": 0.09647977369755249,
  "Jesus Sanchez": 0.09161016771149465,
  "Jackson Merrill": 0.08991026965183697,
  "Fernando Tatis Jr.": 0.0876016792079844,
  "Gavin Sheets": 0.08012323505813873,
  "Graham Pauley": 0.0748982076619534,
  "Jake Cronenworth": 0.07337786738466796,
  "Heriberto Hernandez": 0.08928851082167728,
  "Dane Myers": 0.0642419360088533,
  "Martin Maldonado": 0.07078814734430579,
  "Otto Lopez": 0.07157861566395735,
  "Eric Wagaman": 0.07340487713491219,
  "Xander Bogaerts": 0.08090364800891116,
  "Jose Iglesias": 0.08024509803921569,
  "Xavier Edwards": 0.06574244739807654,
  "Luis Arraez": 0.06609806714339554,
  "Kyle Schwarber": 0.17339321306712613,
  "Bryce Harper": 0.11818226450484917,
  "Alex Bregman": 0.0896207824972602,
  "Trea Turner": 0.09207193423272807,
  "Nick Castellanos": 0.0975836469608453,
  "Max Kepler": 0.09027470540438748,
  "Trevor Story": 0.08578557293982333,
  "Carlos Narvaez": 0.07133074680325452,
  "Rob Refsnyder": 0.07497466480639224,
  "Romy Gonzalez": 0.07931995079866457,
  "J.T. Realmuto": 0.08564588735774976,
  "Ceddanne Rafaela": 0.0759429774550294,
  "Brandon Marsh": 0.0748199599019224,
  "Otto Kemp": 0.07333049746614875,
  "Roman Anthony": 0.0662945340707931,
  "Abraham Toro": 0.05749548520073938,
  "Bryson Stott": 0.06646646172363678,
  "Masataka Yoshida": 0.0668918458237286,
  "James Wood": 0.11321418617614269,
  "CJ Abrams": 0.09459128694064468,
  "Elly De La Cruz": 0.1070891382868937,
  "Josh Bell": 0.09107440885804437,
  "Austin Hays": 0.09068747185138906,
  "Matt McLain": 0.08701603836760667,
  "Luis Garcia Jr.": 0.059166869486957784,
  "Spencer Steer": 0.0829589109978282,
  "Riley Adams": 0.08173908244604494,
  "Noelvi Marte": 0.0702351109751041,
  "Brady House": 0.07764537686314973,
  "Tyler Stephenson": 0.08534839483485593,
  "TJ Friedl": 0.06685398902971132,
  "Nathaniel Lowe": 0.08177080447609343,
  "Daylen Lile": 0.058575016886187097,
  "Jake Fraley": 0.07724285663860504,
  "Gavin Lux": 0.06897475263651856,
  "Jacob Young": 0.05611111111111111,
  "Aaron Judge": 0.1868602732964435,
  "Giancarlo Stanton": 0.166253747584284,
  "Jazz Chisholm Jr.": 0.12837052585590122,
  "George Springer": 0.11415670022903211,
  "Trent Grisham": 0.11527834183152307,
  "Cody Bellinger": 0.10964968686076283,
  "Austin Wells": 0.10815032798315262,
  "Vladimir Guerrero Jr.": 0.11180494310106016,
  "Ben Rice": 0.10646707183674244,
  "Addison Barger": 0.11194830201890536,
  "Bo Bichette": 0.09554043841540917,
  "Alejandro Kirk": 0.07789543153431444,
  "Anthony Volpe": 0.07317218274374651,
  "Joey Loperfido": 0.06916156135543147,
  "Nathan Lukes": 0.07220577465361168,
  "Ernie Clement": 0.06005933626469745,
  "Will Wagner": 0.06629494380428005,
  "Jorbit Vivas": 0.05369858809085329,
  "Pete Alonso": 0.16272272830359336,
  "Juan Soto": 0.15178463825088911,
  "Mike Trout": 0.1461798366689671,
  "Brandon Nimmo": 0.12749570623108158,
  "Jo Adell": 0.12262984856774345,
  "Taylor Ward": 0.11624628061167415,
  "Francisco Lindor": 0.1247522118603539,
  "Mark Vientos": 0.11306487762572469,
  "Zach Neto": 0.10377567411520972,
  "Logan O'Hoppe": 0.09866352176998451,
  "Brett Baty": 0.08746199362591082,
  "Francisco Alvarez": 0.09436628421815714,
  "Ronny Mauricio": 0.08856647473039193,
  "Jorge Soler": 0.08833273887819797,
  "Yoan Moncada": 0.08437409619242182,
  "Jeff McNeil": 0.08615039636071367,
  "Nolan Schanuel": 0.0688118327448333,
  "Luis Rengifo": 0.05752004615423016,
  "Rafael Devers": 0.14803207553745795,
  "Matt Chapman": 0.13442726489471224,
  "Willy Adames": 0.1289182031207871,
  "Ronald Acuna Jr.": 0.1209157277170959,
  "Heliot Ramos": 0.10906277785889491,
  "Matt Olson": 0.11224655575175661,
  "Sean Murphy": 0.10075383925637149,
  "Casey Schmitt": 0.09049313760034114,
  "Jurickson Profar": 0.07497522103704915,
  "Luis Matos": 0.07102011730605903,
  "Drake Baldwin": 0.08620953661182132,
  "Michael Harris II": 0.06968929917101414,
  "Jung Hoo Lee": 0.073230267315609,
  "Ozzie Albies": 0.08870171086637826,
  "Patrick Bailey": 0.0703875946027285,
  "Wilmer Flores": 0.07416396905576697,
  "Nacho Alvarez Jr.": 0.06516600412366594,
  "Nick Allen": 0.07444444444444444,
  "Junior Caminero": 0.15483627349146376,
  "Jonathan Aranda": 0.11895142723898239,
  "Yandy Diaz": 0.10922179453922055,
  "Josh Lowe": 0.08800874220092428,
  "Andrew Benintendi": 0.08836697457784014,
  "Miguel Vargas": 0.08430963662146473,
  "Mike Tauchman": 0.07574773219429597,
  "Lenyn Sosa": 0.0710511666382806,
  "Edgar Quero": 0.06170088081868493,
  "Chase Meidroth": 0.06288449314055222,
  "Jake Mangum": 0.06407993262815774,
  "Brooks Baldwin": 0.06733688378952833,
  "Michael A. Taylor": 0.06455307737388248,
  "Jose Caballero": 0.07104890604890605,
  "Matt Thaiss": 0.0725745291994564,
  "Taylor Walls": 0.058612300113713926,
  "Colson Montgomery": 0.07072909973584636,
  "Chandler Simpson": 0.06041258760554354,
  "Seiya Suzuki": 0.15406278538407553,
  "Kyle Tucker": 0.12093192371517297,
  "Salvador Perez": 0.13700491567217943,
  "Pete Crow-Armstrong": 0.1185487013282778,
  "Bobby Witt Jr.": 0.13164002301927208,
  "Carson Kelly": 0.11870558002108275,
  "Ian Happ": 0.11000703587792166,
  "Dansby Swanson": 0.1119076206732433,
  "Jac Caglianone": 0.0920561023314349,
  "Justin Turner": 0.08478637702826715,
  "Jonathan India": 0.07915525451739491,
  "John Rave": 0.07573790105485653,
  "Nick Loftin": 0.07803711022956483,
  "Matt Shaw": 0.07791339744030695,
  "Maikel Garcia": 0.0812225437998889,
  "Nico Hoerner": 0.0714266459850576,
  "Freddy Fermin": 0.08440574576938213,
  "Kyle Isbel": 0.06483335269213007,
  "Corey Seager": 0.14986466359165185,
  "Nick Kurtz": 0.13069219846122923,
  "Adolis Garcia": 0.12326469769194226,
  "Brent Rooker": 0.10664334431750878,
  "Wyatt Langford": 0.11112341129503601,
  "Shea Langeliers": 0.10213309955878494,
  "Rowdy Tellez": 0.10364308036586148,
  "Marcus Semien": 0.10944468635005487,
  "Kyle Higashioka": 0.09754754973517632,
  "Evan Carter": 0.10713807529835756,
  "Lawrence Butler": 0.09919364027015574,
  "Tyler Soderstrom": 0.09768390081291331,
  "Josh Smith": 0.08774605598978373,
  "Josh Jung": 0.08362079353471516,
  "Luis Urias": 0.06405665808858764,
  "Miguel Andujar": 0.06513116529730809,
  "Jacob Wilson": 0.06608562763250929,
  "Jonah Heim": 0.07361111111111111,
  "Hunter Goodman": 0.1639066957549928,
  "Willson Contreras": 0.1397123059511468,