{
  "Byron Buxton": 0.20005797898434152,
  "Elly De La Cruz": 0.1695101600447671,
  "Matt Wallner": 0.19649608804125543,
  "Will Benson": 0.14253184026792534,
  "Christian Encarnacion-Strand": 0.1552467647693973,
  "Tyler Stephenson": 0.1405631580352577,
  "Kody Clemens": 0.14041482790389997,
  "Matt McLain": 0.12522563920769747,
  "Carlos Correa": 0.11749532957275295,
  "TJ Friedl": 0.11282304732304733,
  "Trevor Larnach": 0.11751982731126367,
  "Spencer Steer": 0.12049217565399103,
  "Willi Castro": 0.1023361770818795,
  "Brooks Lee": 0.10456011597884145,
  "Ryan Jeffers": 0.11387660380944926,
  "Ty France": 0.08898800601122325,
  "Gavin Lux": 0.0977567730776686,
  "Santiago Espinal": 0.06204890617942871,
  "Hunter Goodman": 0.2006872547488788,
  "James Wood": 0.15488953824470014,
  "Ryan McMahon": 0.15446730809960485,
  "CJ Abrams": 0.13523822862478324,
  "Michael Toglia": 0.14377691465251666,
  "Josh Bell": 0.1341840609622949,
  "Jordan Beck": 0.1374836654782109,
  "Sam Hilliard": 0.13548792432391582,
  "Nathaniel Lowe": 0.12233330936400144,
  "Mickey Moniak": 0.1272597314218663,
  "Luis Garcia Jr.": 0.1087061699458344,
  "Daylen Lile": 0.08173053532614251,
  "Brenton Doyle": 0.09983652263229728,
  "Brady House": 0.09252408166229967,
  "Keibert Ruiz": 0.08621548552231642,
  "Orlando Arcia": 0.0793813312774034,
  "Ryan Ritter": 0.07433508759162297,
  "Jacob Young": 0.05207150778000494,
  "Aaron Judge": 0.2733705403549065,
  "Giancarlo Stanton": 0.22971854566578592,
  "Taylor Ward": 0.14452959655250391,
  "Mike Trout": 0.15520416188425934,
  "Jo Adell": 0.1378334693857038,
  "Paul Goldschmidt": 0.15732834457890588,
  "Austin Wells": 0.14553874145804607,
  "Zach Neto": 0.13021076309311602,
  "Trent Grisham": 0.12115341250195807,
  "Cody Bellinger": 0.1406037203735165,
  "Jazz Chisholm Jr.": 0.11932120917274783,
  "Travis d'Arnaud": 0.11425471190314998,
  "Anthony Volpe": 0.10922922679067278,
  "Christian Moore": 0.07772826024806223,
  "Scott Kingery": 0.07912093249653059,
  "Nolan Schanuel": 0.0748230094150039,
  "DJ LeMahieu": 0.07769902365202111,
  "Kevin Newman": 0.054962653685485995,
  "Spencer Torkelson": 0.1519332502587896,
  "Riley Greene": 0.1138811682624969,
  "Wenceel Perez": 0.10861919691375535,
  "Andrew McCutchen": 0.08507243769743769,
  "Gleyber Torres": 0.1120445559469732,
  "Javier Baez": 0.09467972247603632,
  "Jahmai Jones": 0.09269520758829562,
  "Parker Meadows": 0.08138930138254653,
  "Dillon Dingler": 0.09811374738183541,
  "Ke'Bryan Hayes": 0.06226772900854603,
  "Zach McKinstry": 0.06042755410244619,
  "Nick Gonzales": 0.09412587412587413,
  "Billy Cook": 0.0637377285016051,
  "Joey Bart": 0.0756776943175849,
  "Jared Triolo": 0.059421109636868134,
  "Alexander Canario": 0.08430267263600597,
  "Tommy Pham": 0.06284760280923964,
  "Isiah Kiner-Falefa": 0.054027061116844396,
  "Adam Frazier": 0.060000000000000005,
  "Oneil Cruz": 0.05314996858537528,
  "Spencer Horwitz": 0.060000000000000005,
  "Willson Contreras": 0.14245332129584515,
  "Alec Burleson": 0.1347561082725452,
  "Nolan Gorman": 0.14360522761086794,
  "Ivan Herrera": 0.1291804666509667,
  "Nolan Arenado": 0.11886548900175835,
  "Miguel Vargas": 0.12058198143427515,
  "Masyn Winn": 0.10510336384926548,
  "Mike Tauchman": 0.10140360562418718,
  "Andrew Benintendi": 0.10863153009397142,
  "Lars Nootbaar": 0.12252529517177577,
  "Luis Robert Jr.": 0.12001300684685459,
  "Ryan Noda": 0.09953236891533396,
  "Jordan Walker": 0.09816744672875372,
  "Kyle Teel": 0.09607497760352351,
  "Chase Meidroth": 0.08004444895654303,
  "Michael A. Taylor": 0.0841449062559308,
  "Victor Scott II": 0.07988372557000008,
  "Josh Rojas": 0.08293938175029793,
  "Pedro Pages": 0.13333333333333333,
  "Kyle Tucker": 0.10724419518804154,
  "Seiya Suzuki": 0.122918501788067,
  "Rhys Hoskins": 0.11283726276342143,
  "Pete Crow-Armstrong": 0.10066669936626076,
  "William Contreras": 0.10517659533449006,
  "Christian Yelich": 0.10044800856460301,
  "Dansby Swanson": 0.10188629054213609,
  "Jackson Chourio": 0.1006668167897676,
  "Ian Happ": 0.09313683123789918,
  "Michael Busch": 0.08807354335354058,
  "Carson Kelly": 0.08911787185200266,
  "Matt Shaw": 0.06147188079244168,
  "Isaac Collins": 0.06682314348261909,
  "Brice Turang": 0.06674560122835986,
  "Caleb Durbin": 0.06781961448628115,
  "Sal Frelick": 0.05821871962066196,
  "Joey Ortiz": 0.057952178500375706,
  "Nico Hoerner": 0.05259644920770241,
  "Jake Bauers": 0.07361111111111111,
  "Corey Seager": 0.14421140290686796,
  "Wyatt Langford": 0.12538569792895904,
  "Adolis Garcia": 0.12660680031577104,
  "Evan Carter": 0.11069024738216371,
  "Jake Burger": 0.11876040519233677,
  "Salvador Perez": 0.105611273702823,
  "Bobby Witt Jr.": 0.123178292478538,
  "Vinnie Pasquantino": 0.11274013477612907,
  "Jac Caglianone": 0.09707256438563153,
  "Marcus Semien": 0.10830548265794168,
  "Jonah Heim": 0.08112916114896314,
  "Josh Jung": 0.08873965680077735,
  "Alejandro Osuna": 0.09149548143054638,
  "Jonathan India": 0.07623215453038158,
  "Freddy Fermin": 0.07740195675417372,
  "Maikel Garcia": 0.06896367564953952,
  "Kyle Isbel": 0.062098326654492296,
  "Drew Waters": 0.08623978919631094,
  "Ezequiel Duran": 0.060000000000000005,
  "Nick Loftin": 0.060000000000000005,
  "John Rave": 0.060000000000000005,
  "Ketel Marte": 0.13625751775546857,
  "Eugenio Suarez": 0.14136400215630573,
  "Vladimir Guerrero Jr.": 0.12530208949863786,
  "George Springer": 0.12055039035985327,
  "Addison Barger": 0.13331709683736243,
  "Josh Naylor": 0.1083158617305878,
  "Bo Bichette": 0.11217747177172013,
  "Pavin Smith": 0.09421272601653853,
  "Randal Grichuk": 0.1049611685689911,
  "Lourdes Gurriel Jr.": 0.09782575836742503,
  "Alejandro Kirk": 0.09150962448058636,
  "Ernie Clement": 0.07539292311062647,
  "Geraldo Perdomo": 0.07553967211186462,
  "Alek Thomas": 0.08384109303081634,
  "Andres Gimenez": 0.06543205843315576,
  "Jonatan Clase": 0.07845654564885221,
  "Alan Roden": 0.0738868548945147,
  "Jose Herrera": 0.07109086819613135,
  "Rafael Devers": 0.15076785350194333,
  "Jose Ramirez": 0.09981631736407509,
  "Willy Adames": 0.11549926331129541,
  "Mike Yastrzemski": 0.1399749373433584,
  "Heliot Ramos": 0.10290586940382022,
  "Bo Naylor": 0.09567419149603057,
  "Casey Schmitt": 0.09047872722137427,
  "Dominic Smith": 0.07961280963261161,
  "Carlos Santana": 0.0785813921473119,
  "Christian Koss": 0.06440125446879072,
  "Lane Thomas": 0.06872407324616499,
  "Daniel Schneemann": 0.08034272973403409,
  "Jung Hoo Lee": 0.0712024882024882,
  "Nolan Jones": 0.06444121667805879,
  "Steven Kwan": 0.06643276379631607,
  "Patrick Bailey": 0.07040136321745517,
  "Angel Martinez": 0.06144008436826117,
  "Gabriel Arias": 0.06625509011789275,
  "Andrew Knizner": 0.07361111111111111,
  "Brendan Donovan": 0.1325957147874956,
  "Edgar Quero": 0.1111111111111111,
  "Kerry Carpenter": 0.14835164835164835,
  "Henry Davis": 0.12404870624048706,
  "Jake Rogers": 0.09,
  "Colt Keith": 0.08855799373040753,
  "Kyle Schwarber": 0.14774137838584236,
  "Max Kepler": 0.10301021528763254,
  "Agust\u00edn Ram\u00edrez": 0.07683294451651132,
  "Nick Castellanos": 0.07991871907760326,
  "Alec Bohm": 0.06786328881771281,
  "Trea Turner": 0.07926208641480262,
  "Heriberto Hernandez": 0.07150952620458015,
  "Connor Norby": 0.07301977185122074,
  "Brandon Marsh": 0.07294851994851995,
  "Bryson Stott": 0.06452263659080203,
  "Jesus Sanchez": 0.0719183329940561,
  "Eric Wagaman": 0.07362004862004862,
  "Otto Lopez": 0.06337481173225065,
  "Otto Kemp": 0.06726010273100363,
  "Dane Myers": 0.07240187463825645,
  "Nick Fortes": 0.06819862155388472,
  "Rafael Marchan": 0.05560790095829974,
  "Xavier Edwards": 0.04853106991462428,
  "J.T. Realmuto": 0.07361111111111111,
  "Edmundo Sosa": 0.060000000000000005,
  "Pete Alonso": 0.1514493926207705,
  "Juan Soto": 0.15124861577096743,
  "Ronald Acuna Jr.": 0.13822989704710828,
  "Francisco Lindor": 0.13064482684066722,
  "Matt Olson": 0.13752147410427257,