{
  "Kyle Stowers": 0.11649527128629514,
  "Hunter Goodman": 0.10292879675826931,
  "Jesus Sanchez": 0.11082248470483765,
  "Ryan McMahon": 0.10619793621074806,
  "Agust\u00edn Ram\u00edrez": 0.11015405325044317,
  "Sam Hilliard": 0.08590432486669045,
  "Ezequiel Tovar": 0.07942692444682042,
  "Connor Norby": 0.07725760693252223,
  "Brenton Doyle": 0.06829856217936713,
  "Eric Wagaman": 0.06694704913558927,
  "Liam Hicks": 0.07226635283887192,
  "Otto Lopez": 0.06211285494982992,
  "Dane Myers": 0.0643626149401727,
  "Thairo Estrada": 0.06388707052523435,
  "Keston Hiura": 0.06411247630459453,
  "Orlando Arcia": 0.06521326212327563,
  "Tyler Freeman": 0.06204460200914995,
  "Xavier Edwards": 0.04594939415581446,
  "Javier Sanoja": 0.060000000000000005,
  "Kyle Farmer": 0.005847953216374269,
  "Mike Trout": 0.15097018243124907,
  "Taylor Ward": 0.1205504068971583,
  "Rafael Devers": 0.11470808454573486,
  "Rob Refsnyder": 0.10657179605077641,
  "Jorge Soler": 0.1042947911290052,
  "Logan O'Hoppe": 0.10021727598939104,
  "Carlos Narvaez": 0.0941534891625487,
  "Zach Neto": 0.10182057105007924,
  "Jo Adell": 0.0961025316279424,
  "Romy Gonzalez": 0.11296551650226465,
  "Jarren Duran": 0.08048248963404352,
  "Ceddanne Rafaela": 0.08762344328127783,
  "Trevor Story": 0.09657072598668018,
  "Abraham Toro": 0.07970414508084225,
  "Kristian Campbell": 0.08392855854522871,
  "Nolan Schanuel": 0.059117430658932636,
  "Scott Kingery": 0.08086274509803922,
  "Luis Rengifo": 0.05348650364462993,
  "Elly De La Cruz": 0.14076782396347615,
  "Rhys Hoskins": 0.11807477663835722,
  "Will Benson": 0.12441594753398402,
  "Christian Yelich": 0.12474407024065623,
  "William Contreras": 0.10851447268601686,
  "Tyler Stephenson": 0.11055744242921543,
  "Jake Bauers": 0.14292394387221974,
  "Jackson Chourio": 0.10475661884441619,
  "TJ Friedl": 0.09043781053955162,
  "Gavin Lux": 0.0832567483831814,
  "Spencer Steer": 0.09447242294831495,
  "Jake Fraley": 0.07740334935001324,
  "Brice Turang": 0.07818223745346274,
  "Sal Frelick": 0.06101115094304699,
  "Jose Trevino": 0.07417521219896844,
  "Joey Ortiz": 0.07157166066256976,
  "Andruw Monasterio": 0.07699145299145299,
  "Garrett Hampson": 0.04678851762704909,
  "Kerry Carpenter": 0.16587243882117986,
  "Riley Greene": 0.15423923626488475,
  "Miguel Vargas": 0.10704483168952164,
  "Parker Meadows": 0.11955023564533093,
  "Luis Robert Jr.": 0.10046653151230615,
  "Dillon Dingler": 0.10043881310826475,
  "Javier Baez": 0.09204898219154085,
  "Gleyber Torres": 0.0941382793858284,
  "Colt Keith": 0.09061165876949331,
  "Joshua Palacios": 0.08277331597486635,
  "Zach McKinstry": 0.08365629348033911,
  "Lenyn Sosa": 0.07614668349104688,
  "Mike Tauchman": 0.06872943453355024,
  "Wenceel Perez": 0.08219587460408945,
  "Andrew Benintendi": 0.07509592898369813,
  "Chase Meidroth": 0.06492789958794373,
  "Korey Lee": 0.07481135174117631,
  "Josh Rojas": 0.06952401024535412,
  "Spencer Torkelson": 0.13333333333333333,
  "Trey Sweeney": 0.08392857142857142,
  "Matt Chapman": 0.0898226308112422,
  "Fernando Tatis Jr.": 0.0728162250892469,
  "Jackson Merrill": 0.07244857573333591,
  "Heliot Ramos": 0.07006152893030136,
  "Manny Machado": 0.06461647019402796,
  "Mike Yastrzemski": 0.061561208975118076,
  "Willy Adames": 0.06030848410069614,
  "Wilmer Flores": 0.05069736869077559,
  "LaMonte Wade Jr.": 0.04599225859140002,
  "Jake Cronenworth": 0.0513441164734685,
  "Jung Hoo Lee": 0.05153893907962109,
  "Patrick Bailey": 0.0485138728239647,
  "Tyler Fitzgerald": 0.049402536482790665,
  "Xander Bogaerts": 0.04436396247240618,
  "Elias Diaz": 0.05100292397660818,
  "Luis Arraez": 0.037068410814412554,
  "Jose Iglesias": 0.05277432712215321,
  "Tyler Wade": 0.037176759102056214,
  "Gavin Sheets": 0.07361111111111111,
  "Brent Rooker": 0.12417348257422124,
  "Byron Buxton": 0.12870097274708503,
  "Matt Wallner": 0.11969292038833311,
  "Lawrence Butler": 0.11841078504390312,
  "Shea Langeliers": 0.11795530581125309,
  "Tyler Soderstrom": 0.11694391235799917,
  "Kody Clemens": 0.10551731162623128,
  "Trevor Larnach": 0.09013614051998187,
  "Brooks Lee": 0.07351989811726317,
  "Scott Alexander": 0.07768886841986257,
  "Carlos Correa": 0.07287547281652978,
  "Willi Castro": 0.06083231644439505,
  "Luis Urias": 0.06472643356085622,
  "Ty France": 0.062327476483105625,
  "Jacob Wilson": 0.0539515502691768,
  "Denzel Clarke": 0.05558334415069304,
  "Christian Vazquez": 0.056803055100927445,
  "Drew Avans": 0.049765539803707744,
  "Shohei Ohtani": 0.213983938541606,
  "Pete Alonso": 0.1297592121442372,
  "Francisco Lindor": 0.10710065894655178,
  "Teoscar Hernandez": 0.10770143428893963,
  "Max Muncy": 0.10837787162600038,
  "Freddie Freeman": 0.10226217746233154,
  "Juan Soto": 0.10315853232733029,
  "Andy Pages": 0.10067140918396868,
  "Michael Conforto": 0.0925286342719293,
  "Brandon Nimmo": 0.08211023183465747,
  "Dalton Rushing": 0.08290052446794045,
  "Brett Baty": 0.05917739333168131,
  "Francisco Alvarez": 0.06784145155848872,
  "Tommy Edman": 0.06804391510540725,
  "Ha-Seong Kim": 0.04743043775391203,
  "Jared Young": 0.06235047077183158,
  "Tyrone Taylor": 0.06297020646301058,
  "Jeff McNeil": 0.06120086179379609,
  "Mark Vientos": 0.10757575757575757
}