{
  "Junior Caminero": 0.13189340043112538,
  "Jonathan Aranda": 0.11049284636373213,
  "Riley Greene": 0.11261617165545958,
  "Yandy Diaz": 0.10038536103340294,
  "Spencer Torkelson": 0.10779853738979132,
  "Danny Jansen": 0.09561885548919985,
  "Dillon Dingler": 0.08470372794745568,
  "Gleyber Torres": 0.08128990108219787,
  "Zach McKinstry": 0.08126328352215179,
  "Colt Keith": 0.0840083578619448,
  "Parker Meadows": 0.07570082934352387,
  "Josh Lowe": 0.0811308282322775,
  "Trey Sweeney": 0.07129903465927752,
  "Taylor Walls": 0.061711697105448916,
  "Javier Baez": 0.0740681221758584,
  "Jose Caballero": 0.05925769011681471,
  "Jake Mangum": 0.0692976295402608,
  "Chandler Simpson": 0.05060185185185185,
  "Wenceel Perez": 0.07361111111111111,
  "Matt Vierling": 0.060000000000000005,
  "Romy Gonzalez": 0.1559768199135966,
  "Hunter Goodman": 0.14500666269477894,
  "Trevor Story": 0.155457138075117,
  "Wilyer Abreu": 0.13886763492454549,
  "Rob Refsnyder": 0.12495193480700727,
  "Carlos Narvaez": 0.12615228536410605,
  "Ceddanne Rafaela": 0.12384314324432512,
  "Mickey Moniak": 0.13570829063582687,
  "Michael Toglia": 0.10254728810295397,
  "Ryan McMahon": 0.10088538565566771,
  "Roman Anthony": 0.09940669136862709,
  "Abraham Toro": 0.09766079025888943,
  "Brenton Doyle": 0.09683745468274672,
  "Nate Eaton": 0.09697023832651228,
  "Thairo Estrada": 0.07060529470757335,
  "Tyler Freeman": 0.07010322674139055,
  "Yanquiel Fern\u00e1ndez": 0.07478910150047985,
  "Ryan Ritter": 0.07013754722926385,
  "Jarren Duran": 0.12000000000000001,
  "Jordan Beck": 0.07820217681444434,
  "Kyle Stowers": 0.14963445371997153,
  "Elly De La Cruz": 0.13808028789989935,
  "Agust\u00edn Ram\u00edrez": 0.13107253190621626,
  "Jesus Sanchez": 0.13093751670283457,
  "Matt McLain": 0.11832546293510478,
  "Austin Hays": 0.12035167055606218,
  "TJ Friedl": 0.09931335662919774,
  "Will Benson": 0.11623187042615668,
  "Tyler Stephenson": 0.10561713050403458,
  "Spencer Steer": 0.10484172712662906,
  "Connor Norby": 0.10010039932259555,
  "Liam Hicks": 0.08606736633418335,
  "Noelvi Marte": 0.09576401503172087,
  "Gavin Lux": 0.08577499603382427,
  "Javier Sanoja": 0.06874830405374636,
  "Eric Wagaman": 0.0872276310689624,
  "Derek Hill": 0.07421250733546199,
  "Xavier Edwards": 0.055294853196687616,
  "Otto Lopez": 0.08392857142857142,
  "Dane Myers": 0.07361111111111111,
  "Heriberto Hernandez": 0.07361111111111111,
  "Bryan Reynolds": 0.0947841809170818,
  "Salvador Perez": 0.130443730596928,
  "Andrew McCutchen": 0.0947268835206755,
  "Bobby Witt Jr.": 0.13240260042881644,
  "Ke'Bryan Hayes": 0.07240607995192293,
  "Kyle Isbel": 0.06379610258029711,
  "Freddy Fermin": 0.07361111111111111,
  "Maikel Garcia": 0.07922459754903938,
  "Vinnie Pasquantino": 0.09824004981361056,
  "Oneil Cruz": 0.09761904761904762,
  "Jared Triolo": 0.06392378502753779,
  "Nick Gonzales": 0.07954734186945805,
  "Henry Davis": 0.08113064485049667,
  "Isiah Kiner-Falefa": 0.05823447674218361,
  "Jac Caglianone": 0.08113678027974873,
  "Mark Canha": 0.0734468113220364,
  "Tommy Pham": 0.08274471565303797,
  "Jonathan India": 0.08345143687959146,
  "John Rave": 0.060000000000000005,
  "Nick Loftin": 0.0873535915743708,
  "Alexander Canario": 0.08388255413013057,
  "Jake Bauers": 0.08392857142857142,
  "Enrique Hernandez": 0.08392857142857142,
  "Mookie Betts": 0.10954551530131157,
  "Freddie Freeman": 0.11404322819237447,
  "Andy Pages": 0.10277088337670219,
  "Brice Turang": 0.05558375211126635,
  "Will Smith": 0.1063369139631063,
  "Christian Yelich": 0.086466661641385,
  "William Contreras": 0.09413501072515934,
  "Jackson Chourio": 0.09135987775606802,
  "Joey Ortiz": 0.060000000000000005,
  "Sal Frelick": 0.06193331905475834,
  "Shohei Ohtani": 0.2097931223961781,
  "Isaac Collins": 0.06574868815592204,
  "Caleb Durbin": 0.06449326924460173,
  "Michael Conforto": 0.09759993124227781,
  "Andruw Monasterio": 0.09086114560679259,
  "Miguel Rojas": 0.09223597547126958,
  "James Outman": 0.0900071468671837,
  "Vladimir Guerrero Jr.": 0.14209366896436004,
  "George Springer": 0.14304265901372332,
  "Addison Barger": 0.1277709799678009,
  "Andrew Benintendi": 0.10420321103451212,
  "Miguel Vargas": 0.10764850557668237,
  "Bo Bichette": 0.1050864425121279,
  "Colson Montgomery": 0.1132995841877421,
  "Mike Tauchman": 0.09653307985656692,
  "Alejandro Kirk": 0.09543509414733581,
  "Brooks Baldwin": 0.09859469321316368,
  "Lenyn Sosa": 0.08466602643660116,
  "Kyle Teel": 0.08493803286620966,
  "Joey Loperfido": 0.08750811918970486,
  "Will Wagner": 0.07587640527595568,
  "Chase Meidroth": 0.0740434755142208,
  "Nathan Lukes": 0.07057124397498618,
  "Ernie Clement": 0.06502389503853889,
  "Josh Rojas": 0.0703550971980315,
  "Davis Schneider": 0.08392857142857142,
  "Carlos Santana": 0.10443611933926317,
  "Jose Altuve": 0.09757688334478473,
  "Jose Ramirez": 0.12988611383913534,
  "Jake Meyers": 0.060000000000000005,
  "Austin Hedges": 0.060000000000000005,
  "Brayan Rocchio": 0.06628827009784788,
  "Yainer Diaz": 0.0996011780896654,
  "Steven Kwan": 0.07258846688292561,
  "Angel Martinez": 0.07064129823922133,
  "Mauricio Dubon": 0.060000000000000005,
  "Victor Caratini": 0.09833365393947274,
  "Taylor Trammell": 0.08877588207835638,
  "Johnathan Rodriguez": 0.07361111111111111,
  "David Fry": 0.09661266681854884,
  "Isaac Paredes": 0.1123272521273575,
  "Cam Smith": 0.09415839193866954,
  "Will Wilson": 0.08038085633908537,
  "Cooper Hummel": 0.06578166611633036,
  "Zack Short": 0.061771639042357274,
  "Bo Naylor": 0.07273978377594095,
  "Nolan Jones": 0.07096359812268642,
  "Luis Rengifo": 0.08608986415882967,
  "Jo Adell": 0.11822059501087402,
  "Taylor Ward": 0.1100511127806917,
  "Mike Trout": 0.14723950798405228,
  "Adolis Garcia": 0.11898069109066552,
  "Jonah Heim": 0.09686619732864696,
  "Logan O'Hoppe": 0.09761904761904762,
  "Marcus Semien": 0.09691617055851713,
  "Zach Neto": 0.11068077761480237,
  "Corey Seager": 0.15918219025218158,
  "Nolan Schanuel": 0.07337129400229464,
  "Ezequiel Duran": 0.06532191540765787,
  "Sam Haggerty": 0.06867273787751042,
  "Wyatt Langford": 0.11766396533008511,
  "Jake Burger": 0.12470973896582395,
  "Kyle Higashioka": 0.08392857142857142,
  "Jorge Soler": 0.10289157791960031,
  "Chad Stevens": 0.095,
  "Michael Helman": 0.09572823710576055,
  "Travis d'Arnaud": 0.09624191915952131,
  "Corbin Carroll": 0.15539978605154006,
  "Fernando Tatis Jr.": 0.14421240093054027,
  "Eugenio Suarez": 0.13810024389287082,
  "Manny Machado": 0.13895825820357455,
  "Jackson Merrill": 0.11716239395267297,
  "Josh Naylor": 0.10732357602054875,
  "Gavin Sheets": 0.10097569215137753,
  "Lourdes Gurriel Jr.": 0.10459935436178212,
  "Alek Thomas": 0.08165205559514539,
  "Trenton Brooks": 0.09500033336667,
  "James McCann": 0.07782883557075214,
  "Jake Cronenworth": 0.09140280456887401,
  "Xander Bogaerts": 0.08287778242459372,
  "Geraldo Perdomo": 0.07381547775437586,
  "Blaze Alexander": 0.07635576933120254,
  "Jake McCarthy": 0.06464379486727381,
  "Martin Maldonado": 0.08216209542287681,
  "Luis Arraez": 0.05778993218954878,
  "Ketel Marte": 0.09266848473715694,
  "Jose Herrera": 0.060000000000000005,
  "Kyle Schwarber": 0.12213587004137759,
  "Matt Chapman": 0.10173538016754992,
  "Bryce Harper": 0.09316427304717394,
  "Heliot Ramos": 0.09226370720640305,
  "Willy Adames": 0.07630199064766435,
  "Rafael Devers": 0.09510642388117635,
  "Trea Turner": 0.06949970854672372,
  "Max Kepler": 0.07525635364279148,
  "Nick Castellanos": 0.06478876881535661,
  "Casey Schmitt": 0.06466055873636226,
  "Wilmer Flores": 0.06759196381993243,
  "J.T. Realmuto": 0.07316932430820722,
  "Luis Matos": 0.06361240426767749,
  "Jung Hoo Lee": 0.06843936564064894,
  "Alec Bohm": 0.06361033396831547,
  "Brandon Marsh": 0.06463709415106303,
  "Bryson Stott": 0.07384126984126985,
  "Patrick Bailey": 0.05842175638371291
}