{
  "Matt Chapman": 0.12629044300647088,
  "Kerry Carpenter": 0.10003719091561936,
  "Mike Yastrzemski": 0.09392235292030374,
  "Willy Adames": 0.0996575584498814,
  "Riley Greene": 0.08709336241425794,
  "Spencer Torkelson": 0.08067602388986686,
  "Wilmer Flores": 0.055729556154773284,
  "Gleyber Torres": 0.06998118924578764,
  "Javier Baez": 0.06586639727849133,
  "Tyler Fitzgerald": 0.06419797104922194,
  "Jung Hoo Lee": 0.0655480658715927,
  "LaMonte Wade Jr.": 0.06657005797493146,
  "Colt Keith": 0.05727310605495646,
  "Patrick Bailey": 0.0579123770972927,
  "Dillon Dingler": 0.07127274368859282,
  "Trey Sweeney": 0.06123912632658601,
  "Zach McKinstry": 0.055870145307231396,
  "Luis Matos": 0.0641011900594191,
  "Jake Rogers": 0.07361111111111111,
  "Matt Vierling": 0.07361111111111111,
  "Heliot Ramos": 0.05543534762833008,
  "Rafael Devers": 0.13866610501965193,
  "Wilyer Abreu": 0.13559601195078172,
  "Jarren Duran": 0.10336007187692904,
  "Eric Haase": 0.09393696581196581,
  "David Hamilton": 0.0788937547600914,
  "Rhys Hoskins": 0.09452218981410683,
  "Carlos Narvaez": 0.08113542282189147,
  "Marcelo Mayer": 0.0789002296428039,
  "Jackson Chourio": 0.0666907393453883,
  "Daz Cameron": 0.08067355506174545,
  "William Contreras": 0.07524323692517076,
  "Trevor Story": 0.07904574918946046,
  "Abraham Toro": 0.0693120092841455,
  "Kristian Campbell": 0.06946823710359622,
  "Andruw Monasterio": 0.07725670498084292,
  "Isaac Collins": 0.05763735754349021,
  "Caleb Durbin": 0.06618752700982282,
  "Joey Ortiz": 0.06174652317067178,
  "Christian Yelich": 0.060000000000000005,
  "Brice Turang": 0.060000000000000005,
  "Sal Frelick": 0.060000000000000005,
  "Kyle Tucker": 0.09271291170747795,
  "Seiya Suzuki": 0.09411682685759293,
  "Dansby Swanson": 0.08387801191062574,
  "Nick Martini": 0.05755362683338953,
  "Pete Crow-Armstrong": 0.0686177897354368,
  "Kyle Farmer": 0.06607514811016185,
  "Ryan McMahon": 0.07668069729313749,
  "Reese McGuire": 0.06252468784164332,
  "Michael Toglia": 0.07344542451371552,
  "Ian Happ": 0.06984301070218671,
  "Mickey Moniak": 0.06691422221210341,
  "Jacob Stallings": 0.0668586836703037,
  "Brenton Doyle": 0.06060272728859116,
  "Jordan Beck": 0.06458183653085829,
  "Ezequiel Tovar": 0.07179777661844158,
  "Justin Turner": 0.059080991228553814,
  "Matt Shaw": 0.061044964687659214,
  "Nico Hoerner": 0.051493489436751846,
  "Gunnar Henderson": 0.10634810287751464,
  "Lars Nootbaar": 0.09183909133806858,
  "Ivan Herrera": 0.07825180577160776,
  "Nolan Gorman": 0.11635690698190698,
  "Ryan O'Hearn": 0.0719831492633511,
  "Ramon Urias": 0.06644044161295981,
  "Jackson Holliday": 0.0699840103899211,
  "Heston Kjerstad": 0.08896986258136345,
  "Willson Contreras": 0.07101606505547488,
  "Brendan Donovan": 0.06826851420936883,
  "Ryan Mountcastle": 0.0743662631620378,
  "Masyn Winn": 0.05765786023960273,
  "Emmanuel Rivera": 0.07213458805503652,
  "Victor Scott II": 0.05757683616220814,
  "Jordan Walker": 0.07568520103890088,
  "Dylan Carlson": 0.057671643768205466,
  "Pedro Pages": 0.058616244375598744,
  "Maverick Handley": 0.058159519533004043,
  "Cedric Mullins": 0.08392857142857142,
  "Jake Burger": 0.10420124953484224,
  "Daulton Varsho": 0.09427057796410056,
  "Anthony Santander": 0.10680923801212547,
  "Vladimir Guerrero Jr.": 0.08967948184820326,
  "Wyatt Langford": 0.09152202754283362,
  "Adolis Garcia": 0.09122691907484926,
  "Josh Jung": 0.06999587277067837,
  "Addison Barger": 0.0785642004485288,
  "Alejandro Osuna": 0.060029340762669366,
  "Jonah Heim": 0.0655269393693373,
  "Marcus Semien": 0.06789141040576326,
  "Josh Smith": 0.06166130835512827,
  "Alejandro Kirk": 0.05408260426043109,
  "Bo Bichette": 0.05641007880148065,
  "Ernie Clement": 0.048182245638515434,
  "Sam Haggerty": 0.05080325011334199,
  "Nathan Lukes": 0.04737139067428274,
  "Michael Stefanic": 0.0458572931935205,
  "Francisco Lindor": 0.12091220622089488,
  "Pete Alonso": 0.11947147232292278,
  "Juan Soto": 0.11654978676717806,
  "Brandon Nimmo": 0.09232963238623122,
  "Brett Baty": 0.08600676261083147,
  "Jared Young": 0.1176969696969697,
  "Andrew Benintendi": 0.0715649295121489,
  "Luis Robert Jr.": 0.07115388679956341,
  "Francisco Alvarez": 0.07402943886550445,
  "Miguel Vargas": 0.06847282040088794,
  "Jeff McNeil": 0.06198903431720715,
  "Tyrone Taylor": 0.06332358439093327,
  "Mike Tauchman": 0.05509927222453036,
  "Lenyn Sosa": 0.06434753125662217,
  "Joshua Palacios": 0.05242431728350701,
  "Edgar Quero": 0.07329085457271364,
  "Chase Meidroth": 0.04756605774413802,
  "Josh Rojas": 0.055088769386641735,
  "Bobby Witt Jr.": 0.07966815881496704,
  "Salvador Perez": 0.08507907614002354,
  "Austin Hays": 0.07400093598193012,
  "Elly De La Cruz": 0.06346979098362325,
  "Vinnie Pasquantino": 0.06743599127838922,
  "Spencer Steer": 0.06465996332193516,
  "Will Benson": 0.05798750295900011,
  "Tyler Stephenson": 0.06451345462447303,
  "Jonathan India": 0.057368666599578094,
  "Matt McLain": 0.06586319246331283,
  "Michael Massey": 0.06028557622015439,
  "TJ Friedl": 0.048538657932741903,
  "Nick Loftin": 0.051435308422886065,
  "Maikel Garcia": 0.04639507807739033,
  "Gavin Lux": 0.04731268042112413,
  "Garrett Hampson": 0.06222222222222223,
  "Kyle Isbel": 0.045350877192982454,
  "Mookie Betts": 0.06594878312576993,
  "Gabriel Arias": 0.05364565052065052,
  "Will Smith": 0.0648656700403934,
  "Jose Ramirez": 0.06889949773388336,
  "Max Muncy": 0.08592156999416985,
  "Freddie Freeman": 0.07855541696148444,
  "Andy Pages": 0.06506552977281771,
  "Teoscar Hernandez": 0.0802975521924413,
  "Steven Kwan": 0.03998592702111009,
  "Shohei Ohtani": 0.15647142529471836,
  "Bo Naylor": 0.05766256403756996,
  "Kyle Manzardo": 0.07127581534915793,
  "Lane Thomas": 0.05724946979796533,
  "Tommy Edman": 0.060000000000000005,
  "Daniel Schneemann": 0.04705444894025477,
  "Michael Conforto": 0.0561243779139137,
  "Ha-Seong Kim": 0.04886611835369599,
  "Angel Martinez": 0.047217837411207574,
  "Will Wilson": 0.055179539456008085,
  "Kody Clemens": 0.13470531357202783,
  "Junior Caminero": 0.11398531401455377,
  "Jonathan Aranda": 0.1113530952959768,
  "Brandon Lowe": 0.10444928930436176,
  "Ryan Jeffers": 0.11209477239699933,
  "Trevor Larnach": 0.1081523561560692,
  "Royce Lewis": 0.10512610998320378,
  "Christopher Morel": 0.0895586526256447,
  "Carlos Correa": 0.07862266458657129,
  "Danny Jansen": 0.08174628143259403,
  "Willi Castro": 0.08283246222270613,
  "Kameron Misner": 0.0766537219975214,
  "Ty France": 0.07562940516397068,
  "Jose Caballero": 0.07133315774930055,
  "Curtis Mead": 0.06700992778198661,
  "DaShawn Keirsey Jr.": 0.05773928810192458,
  "Christian Vazquez": 0.06388512964867644,
  "Chandler Simpson": 0.03939941314541489,
  "Yandy Diaz": 0.09761904761904762,
  "Josh Lowe": 0.12000000000000001,
  "Taylor Walls": 0.060000000000000005,
  "Ketel Marte": 0.15479744121293418,
  "Oneil Cruz": 0.14334621225859917,
  "Eugenio Suarez": 0.12445397143150674,
  "Lourdes Gurriel Jr.": 0.10337484500559542,
  "Corbin Carroll": 0.09508559169265676,
  "Andrew McCutchen": 0.09530802176352074,
  "Randal Grichuk": 0.1045951677541426,
  "Tim Tawa": 0.10292961123843476,
  "Alexander Canario": 0.0820621887813905,
  "Bryan Reynolds": 0.07433359479282382,
  "Joey Bart": 0.07634551621969865,
  "Josh Naylor": 0.07761427995604833,
  "Spencer Horwitz": 0.07251413467138569,
  "Gabriel Moreno": 0.07003236220264084,
  "Ke'Bryan Hayes": 0.053978292756116084,
  "Geraldo Perdomo": 0.05205112216935252,
  "Isiah Kiner-Falefa": 0.057878787878787884,
  "Adam Frazier": 0.04938652085742544,
  "Jordan Lawlar": 0.07361111111111111,
  "Fernando Tatis Jr.": 0.12221860811448912,
  "Manny Machado": 0.11939634159023316,
  "Kyle Stowers": 0.09448164843286795,
  "Jesus Sanchez": 0.09297872499644816,
  "Agust\u00edn Ram\u00edrez": 0.0908250613353549,
  "Matt Mervis": 0.08983245564791639,
  "Connor Norby": 0.07913246613456291,
  "Eric Wagaman": 0.0771174620380615,