{
  "Nolan Gorman": 0.17102883583236575,
  "Willson Contreras": 0.14826836460580953,
  "Lars Nootbaar": 0.14960077407128664,
  "Elly De La Cruz": 0.11484298736216894,
  "Austin Hays": 0.10723978630877905,
  "Noelvi Marte": 0.10975577809596272,
  "Spencer Steer": 0.09724330904832089,
  "Ivan Herrera": 0.10217644043588782,
  "Jimmy Crooks": 0.07555611303695595,
  "Gavin Lux": 0.07908560873724056,
  "Nathan Church": 0.08009093888012613,
  "Matt McLain": 0.08182179899878579,
  "Will Banfield": 0.08170346071827245,
  "TJ Friedl": 0.09288937523472054,
  "Jordan Walker": 0.09954646295912913,
  "Thomas Saggese": 0.07667982884706906,
  "Ke'Bryan Hayes": 0.07299169478172204,
  "Masyn Winn": 0.07361111111111111,
  "Jose Trevino": 0.07361111111111111,
  "Pedro Pages": 0.08392857142857142,
  "Byron Buxton": 0.15012145081443862,
  "Manny Machado": 0.12032138975324054,
  "Fernando Tatis Jr.": 0.12246009212414107,
  "Matt Wallner": 0.13308670378769755,
  "Kody Clemens": 0.0969681955349927,
  "Royce Lewis": 0.09274651916401552,
  "Ryan O'Hearn": 0.09286893161483326,
  "Gavin Sheets": 0.0992179076905174,
  "Jake Cronenworth": 0.08689282992205878,
  "Ramon Laureano": 0.09765947477389125,
  "Ryan Jeffers": 0.07121594201275332,
  "Brooks Lee": 0.06909962804619182,
  "Luke Keaschall": 0.06617123182098429,
  "James Outman": 0.061701114339895016,
  "Freddy Fermin": 0.05531323565048813,
  "Austin Martin": 0.06082105146621276,
  "Luis Arraez": 0.0552158880080958,
  "Jose Iglesias": 0.052149721274648474,
  "Jarren Duran": 0.09579596686153544,
  "Oneil Cruz": 0.09983810706685271,
  "Roman Anthony": 0.09910825861770602,
  "Andrew McCutchen": 0.09385002305830303,
  "Alex Bregman": 0.10237666354805289,
  "Tommy Pham": 0.0892029047359423,
  "Trevor Story": 0.10355102277153065,
  "Spencer Horwitz": 0.07102789924183828,
  "Romy Gonzalez": 0.07407901843653261,
  "Nathaniel Lowe": 0.07782927409310636,
  "Henry Davis": 0.08087851570256133,
  "Carlos Narvaez": 0.06951089228695008,
  "Nick Gonzales": 0.06702100744412405,
  "Jared Triolo": 0.07250189548805053,
  "Masataka Yoshida": 0.06408664309671624,
  "Alexander Canario": 0.06563502746903517,
  "Ceddanne Rafaela": 0.07357189107189106,
  "Bryan Reynolds": 0.08392857142857142,
  "Isiah Kiner-Falefa": 0.060000000000000005,
  "Junior Caminero": 0.14440927368870835,
  "James Wood": 0.11103171841071759,
  "Brandon Lowe": 0.1084476757302418,
  "Bob Seymour": 0.08995894262771388,
  "Andr\u00e9s Chaparro": 0.09624923785135052,
  "Riley Adams": 0.09269294678385588,
  "Paul DeJong": 0.09179653679653678,
  "CJ Abrams": 0.08883518351423053,
  "Josh Lowe": 0.07429327946800282,
  "Tristan Gray": 0.08719414622434957,
  "Dylan Crews": 0.08921586713355763,
  "Daylen Lile": 0.06838642816438349,
  "Everson Pereira": 0.07287986973000159,
  "Brady House": 0.06697411741187788,
  "Hunter Feduccia": 0.06643681935993598,
  "Carson Williams": 0.09590121521898357,
  "Chandler Simpson": 0.05148040020853511,
  "Jacob Young": 0.04720496894409938,
  "Vladimir Guerrero Jr.": 0.12064420583048034,
  "Addison Barger": 0.10833464721717992,
  "Andrew Vaughn": 0.09799065466449136,
  "George Springer": 0.12451393441182708,
  "Jackson Chourio": 0.10903025665482839,
  "William Contreras": 0.09311216773511856,
  "Christian Yelich": 0.09803170646952444,
  "Bo Bichette": 0.08912535146621094,
  "Ernie Clement": 0.06189106081287211,
  "Brice Turang": 0.06833267558782022,
  "Sal Frelick": 0.05723020289865935,
  "Isaac Collins": 0.0653881167851756,
  "Andres Gimenez": 0.05514606097367856,
  "Caleb Durbin": 0.0581800100414601,
  "Tyler Heineman": 0.053194644096692036,
  "Andruw Monasterio": 0.05898477577063346,
  "Nathan Lukes": 0.0677309121846937,
  "Myles Straw": 0.05136784848872083,
  "Cal Raleigh": 0.1981734321973872,
  "Eugenio Suarez": 0.12921993377956348,
  "Kyle Manzardo": 0.1316524159742574,
  "Jose Ramirez": 0.12145930709952836,
  "Jorge Polanco": 0.11185967685440289,
  "Randy Arozarena": 0.10584665749653674,
  "Julio Rodriguez": 0.10163228386356246,
  "Dominic Canzone": 0.09561792436368441,
  "Josh Naylor": 0.1004002678513067,
  "Daniel Schneemann": 0.09208228389249123,
  "C. J. Kayfus": 0.07367675596209361,
  "Will Wilson": 0.061316395374463886,
  "Austin Hedges": 0.05466849344508919,
  "Cole Young": 0.057689217126303226,
  "Nolan Jones": 0.0675535296469597,
  "Steven Kwan": 0.05652385319778139,
  "Brayan Rocchio": 0.05900897966880497,
  "J.P. Crawford": 0.06201266161693528,
  "Gabriel Arias": 0.07361111111111111,
  "Angel Martinez": 0.08392857142857142,
  "Bo Naylor": 0.09761904761904762,
  "Mitch Garver": 0.07361111111111111,
  "Pete Alonso": 0.14940781963022465,
  "Juan Soto": 0.14332493966557802,
  "Agust\u00edn Ram\u00edrez": 0.10801976799235007,
  "Mark Vientos": 0.1264658355964324,
  "Brandon Nimmo": 0.10738061466998433,
  "Francisco Lindor": 0.10448956811474175,
  "Heriberto Hernandez": 0.08458284691842724,
  "Otto Lopez": 0.075588415764329,
  "Cedric Mullins": 0.08561465293620682,
  "Jeff McNeil": 0.07772926894004056,
  "Brett Baty": 0.07278729531614972,
  "Javier Sanoja": 0.057499836656968624,
  "Joey Wiemer": 0.06063524041054318,
  "Hayden Senger": 0.0688414388991299,
  "Jakob Marsee": 0.05890744640744641,
  "Troy Johnston": 0.05647636871321082,
  "Liam Hicks": 0.05491927579995762,
  "Xavier Edwards": 0.049019745502271214,
  "Starling Marte": 0.07361111111111111,
  "Aaron Judge": 0.21106860566738198,
  "Giancarlo Stanton": 0.17718317821594629,
  "Colson Montgomery": 0.12266532080428082,
  "Paul Goldschmidt": 0.1224363049300731,
  "Cody Bellinger": 0.11042020329511609,
  "Ben Rice": 0.10641909130857169,
  "Lenyn Sosa": 0.0958095076972754,
  "Jazz Chisholm Jr.": 0.09527745876044436,
  "Kyle Teel": 0.08336156984305132,
  "Mike Tauchman": 0.08969878626445871,
  "Anthony Volpe": 0.08306436594180422,
  "Michael A. Taylor": 0.06534512341529886,
  "Curtis Mead": 0.06683269632102437,
  "Will Robertson": 0.07450281243331136,
  "Edgar Quero": 0.06844009447922951,
  "Amed Rosario": 0.06570970939590326,
  "Jose Caballero": 0.06261033611101048,
  "Chase Meidroth": 0.05270601148260723,
  "Riley Greene": 0.10500303272553912,
  "Kerry Carpenter": 0.10186680749716595,
  "Spencer Torkelson": 0.10110469808059008,
  "Bobby Witt Jr.": 0.09199783954559727,
  "Randal Grichuk": 0.08476647426647427,
  "Salvador Perez": 0.08808804674227559,
  "Wenceel Perez": 0.06311848869218718,
  "Colt Keith": 0.06712142541823672,
  "Jake Rogers": 0.07684489457798038,
  "Vinnie Pasquantino": 0.05934528171730135,
  "Gleyber Torres": 0.06975107635646852,
  "Maikel Garcia": 0.061924892807245745,
  "Zach McKinstry": 0.06488007488007488,
  "Trey Sweeney": 0.06153784298822467,
  "Nick Loftin": 0.058061125871538846,
  "Michael Massey": 0.05083784868553081,
  "Luke Maile": 0.05264341928475667,
  "Tyler Tolbert": 0.04891342511759262,
  "Javier Baez": 0.060000000000000005,
  "Adam Frazier": 0.060000000000000005,
  "Dillon Dingler": 0.07361111111111111,
  "Jonathan India": 0.060000000000000005,
  "Jo Adell": 0.11306597928173603,
  "Yordan Alvarez": 0.12192121981024488,
  "Mike Trout": 0.11774453055831234,
  "Taylor Ward": 0.09875505629666961,
  "Zach Neto": 0.09875505629666961,
  "Yoan Moncada": 0.09091748469779092,
  "Christian Walker": 0.09711442951950744,
  "Travis d'Arnaud": 0.07603284832451498,
  "Ramon Urias": 0.06942006777368331,
  "Matthew Lugo": 0.0627080542769244,
  "Carlos Correa": 0.07287986973000159,
  "Jose Altuve": 0.07315533819645142,
  "Jeremy Pena": 0.06903574241018896,
  "Jesus Sanchez": 0.07615667919589489,
  "Jacob Melton": 0.05760103370478647,
  "Luis Rengifo": 0.061355027548209366,
  "Yainer Diaz": 0.08249909222948439,
  "Oswald Peraza": 0.0586830745373482,
  "Mauricio Dubon": 0.060000000000000005,
  "Cam Smith": 0.060000000000000005,
  "Michael Busch": 0.18922138542548295,
  "Pete Crow-Armstrong": 0.17086582319247798,
  "Kyle Tucker": 0.17759663048168273,
  "Ian Happ": 0.17115673341667212,
  "Seiya Suzuki": 0.168388432193777,
  "Dansby Swanson": 0.1348596719172909,