{
  "Byron Buxton": 0.13246149744362085,
  "Gunnar Henderson": 0.10738121863312917,
  "Ramon Laureano": 0.08980245883111497,
  "Trevor Larnach": 0.0907413356599854,
  "Royce Lewis": 0.08791709690876708,
  "Heston Kjerstad": 0.0906296194192369,
  "Ryan Mountcastle": 0.08614563885873006,
  "Ryan O'Hearn": 0.08019088184493552,
  "Carlos Correa": 0.06612845108150296,
  "Jackson Holliday": 0.06394708513913591,
  "Emmanuel Rivera": 0.06543877945623491,
  "Coby Mayo": 0.06618357077103046,
  "Harrison Bader": 0.06476062255214297,
  "Ty France": 0.06596073589989272,
  "Brooks Lee": 0.07118504157800816,
  "Willi Castro": 0.06596145154682352,
  "Christian Vazquez": 0.052764176231481254,
  "Maverick Handley": 0.06983333333333333,
  "Cedric Mullins": 0.09761904761904762,
  "Adley Rutschman": 0.07361111111111111,
  "Rafael Devers": 0.14596148010554405,
  "Alex Bregman": 0.12393337599219952,
  "Wilyer Abreu": 0.12609637719684846,
  "Adolis Garcia": 0.11107407349710428,
  "Jarren Duran": 0.09526507461921402,
  "Kristian Campbell": 0.0866998132481765,
  "Wyatt Langford": 0.09186674329965161,
  "Trevor Story": 0.08646712898148183,
  "Joc Pederson": 0.0891553147633125,
  "Carlos Narvaez": 0.07668401725219907,
  "Ceddanne Rafaela": 0.07462335539945333,
  "Marcus Semien": 0.07226814760636428,
  "Dustin Harris": 0.06620682403049961,
  "Josh Smith": 0.059241755518351265,
  "Josh Jung": 0.06283061222239922,
  "Evan Carter": 0.05772328886832704,
  "Abraham Toro": 0.06363674949451403,
  "Connor Wong": 0.07361111111111111,
  "Salvador Perez": 0.10541807257517444,
  "Bobby Witt Jr.": 0.10783272148052066,
  "Andrew Vaughn": 0.07501442007042329,
  "Vinnie Pasquantino": 0.07891534990304089,
  "Luis Robert Jr.": 0.06927346445051745,
  "Jonathan India": 0.0712990553712479,
  "Miguel Vargas": 0.06485078901952716,
  "Michael Massey": 0.061955461592910634,
  "Hunter Renfroe": 0.08041569552671585,
  "Michael A. Taylor": 0.06350432298773316,
  "Joshua Palacios": 0.06303360990860991,
  "Edgar Quero": 0.06073171851426895,
  "Maikel Garcia": 0.06070328451751377,
  "Freddy Fermin": 0.06086641508666736,
  "Drew Waters": 0.05587792888929253,
  "Lenyn Sosa": 0.057451505751297566,
  "Brooks Baldwin": 0.05122318021643194,
  "Chase Meidroth": 0.04909770641702995,
  "Kyle Isbel": 0.060000000000000005,
  "Jacob Amaya": 0.060000000000000005,
  "Kerry Carpenter": 0.11220657035599564,
  "Spencer Torkelson": 0.14241216221725966,
  "Hunter Goodman": 0.11700960143489421,
  "Brenton Doyle": 0.08992547224431859,
  "Ryan McMahon": 0.09351940950967716,
  "Michael Toglia": 0.09793244474823423,
  "Gleyber Torres": 0.09956760613324979,
  "Justyn-Henry Malloy": 0.0917658551997159,
  "Tomas Nido": 0.06629376198003649,
  "Trey Sweeney": 0.08837679770122625,
  "Mickey Moniak": 0.08329107530960222,
  "Jordan Beck": 0.08896312442556574,
  "Andy Ibanez": 0.08930160068614283,
  "Adael Amador": 0.07086968402007336,
  "Javier Baez": 0.0798606148295514,
  "Alan Trejo": 0.055348574972962306,
  "Zach McKinstry": 0.0626601708394122,
  "Nick Martini": 0.068321782485008,
  "Riley Greene": 0.13333333333333333,
  "Dillon Dingler": 0.09761904761904762,
  "Kyle Farmer": 0.060000000000000005,
  "Jacob Stallings": 0.060000000000000005,
  "Colt Keith": 0.0789581138040042,
  "Kyle Schwarber": 0.16597315658232542,
  "Christopher Morel": 0.13427092069690894,
  "Bryce Harper": 0.1269987797959699,
  "Junior Caminero": 0.09981585360120851,
  "J.T. Realmuto": 0.11182093677449714,
  "Yandy Diaz": 0.10250542745446523,
  "Max Kepler": 0.10238697679551312,
  "Nick Castellanos": 0.1077017547701834,
  "Trea Turner": 0.10357476189722922,
  "Danny Jansen": 0.09725865690203034,
  "Alec Bohm": 0.0760744002330602,
  "Brandon Marsh": 0.07807165507119088,
  "Bryson Stott": 0.07025601131541725,
  "Jose Caballero": 0.06142015828679781,
  "Jonathan Aranda": 0.07457317118025446,
  "Curtis Mead": 0.06538351204043759,
  "Kameron Misner": 0.06580010520993052,
  "Taylor Walls": 0.0519921452676152,
  "Brandon Lowe": 0.07361111111111111,
  "Rafael Marchan": 0.060000000000000005,
  "Chandler Simpson": 0.060000000000000005,
  "Austin Riley": 0.16209716526283421,
  "Marcell Ozuna": 0.15864405082013422,
  "Matt Olson": 0.11677315278498143,
  "Sean Murphy": 0.11623750918568476,
  "Ozzie Albies": 0.10113536000428767,
  "Matt McLain": 0.0954564456190532,
  "Elly De La Cruz": 0.10191890041361873,
  "Spencer Steer": 0.10008848645563019,
  "Tyler Stephenson": 0.09801569980409257,
  "Rece Hinds": 0.08719061983767866,
  "Michael Harris II": 0.07318018692491514,
  "TJ Friedl": 0.08154393808805574,
  "Eli White": 0.08072694462400345,
  "Jose Trevino": 0.0662744883084846,
  "Gavin Lux": 0.07953289765789766,
  "Santiago Espinal": 0.059318037581818264,
  "Nick Allen": 0.05468511406828329,
  "Alex Verdugo": 0.054636524822695036,
  "Jake Fraley": 0.060000000000000005,
  "Blake Dunn": 0.060000000000000005,
  "Anthony Santander": 0.1217969321857334,
  "Jorge Soler": 0.10848524526089506,
  "Daulton Varsho": 0.10018880991131632,
  "Zach Neto": 0.09321022612279442,
  "Vladimir Guerrero Jr.": 0.08446042474127029,
  "Logan O'Hoppe": 0.09111436155829414,
  "Taylor Ward": 0.09096987882641265,
  "Jo Adell": 0.07898270072658155,
  "Yoan Moncada": 0.08889393341168621,
  "George Springer": 0.07237202369594138,
  "Addison Barger": 0.07568208928729854,
  "Kyren Paris": 0.060324443854978205,
  "Nolan Schanuel": 0.06690761323523556,
  "Ernie Clement": 0.06215445528326495,
  "Alejandro Kirk": 0.06219453530329219,
  "Bo Bichette": 0.06206548675135063,
  "Tim Anderson": 0.05903119690588433,
  "Nathan Lukes": 0.052890453342199474,
  "Luis Rengifo": 0.07361111111111111,
  "Tyler Heineman": 0.060000000000000005,
  "Andres Gimenez": 0.060000000000000005,
  "Will Smith": 0.10875119671994672,
  "Ketel Marte": 0.11358704137392663,
  "Pavin Smith": 0.08083884479717814,
  "Geraldo Perdomo": 0.05582995851560478,
  "Mookie Betts": 0.1056500123011317,
  "James Outman": 0.10268538433650373,
  "Max Muncy": 0.15530662080670204,
  "Jose Herrera": 0.060000000000000005,
  "Freddie Freeman": 0.14297218741297688,
  "Andy Pages": 0.10653679653679653,
  "Corbin Carroll": 0.11725108225108224,
  "Alek Thomas": 0.06493602945808828,
  "Josh Naylor": 0.09350016737048099,
  "Shohei Ohtani": 0.22721835226326603,
  "Gabriel Moreno": 0.06394496204278813,
  "Eugenio Suarez": 0.1391720228469495,
  "Ha-Seong Kim": 0.07488216440422323,
  "Lourdes Gurriel Jr.": 0.08139905954881202,
  "Michael Conforto": 0.11358635617256307
}