{
  "Andrew McCutchen": 0.09223307171451191,
  "Jack Suwinski": 0.0920050069556618,
  "Jacob Wilson": 0.05806836152230889,
  "Nick Gonzales": 0.06697323974536894,
  "Jared Triolo": 0.07270901056271041,
  "Spencer Horwitz": 0.07293798431053333,
  "Nick Kurtz": 0.13770069652529712,
  "Darell Hernaiz": 0.05338056418219462,
  "Joey Bart": 0.0637258628321875,
  "Bryan Reynolds": 0.09332040482424925,
  "Lawrence Butler": 0.08993897340298866,
  "Oneil Cruz": 0.13169396433403666,
  "Tyler Soderstrom": 0.09977985920070336,
  "Brent Rooker": 0.1213727307109164,
  "Carlos Cortes": 0.07867450061058047,
  "Willie MacIver": 0.0628431227863046,
  "Max Schuemann": 0.04932938810598385,
  "Nick Yorke": 0.056827490141274244,
  "Aaron Judge": 0.19602087236683446,
  "Ben Rice": 0.12348409792591802,
  "Jazz Chisholm Jr.": 0.10983125147902538,
  "Austin Wells": 0.10822269334120102,
  "Trent Grisham": 0.11844544689265186,
  "Ryan McMahon": 0.10167998712334256,
  "Cody Bellinger": 0.10320006166812273,
  "Gunnar Henderson": 0.10645051611256573,
  "Samuel Basallo": 0.08745302843409468,
  "Jasson Dom\u00ednguez": 0.0881462773702778,
  "Dylan Beavers": 0.07568724602515237,
  "Jeremiah Jackson": 0.06555716427995625,
  "Jackson Holliday": 0.07545814203787844,
  "Dylan Carlson": 0.07170667956653295,
  "Colton Cowser": 0.0731443013582404,
  "Coby Mayo": 0.06818549987244876,
  "Ryan Mountcastle": 0.07086256923701578,
  "Jose Caballero": 0.05564465981132648,
  "Jordan Westburg": 0.08392857142857142,
  "Brett Baty": 0.09400896072848595,
  "Jeff McNeil": 0.07571445213410903,
  "Pete Alonso": 0.15339449864273927,
  "Mark Vientos": 0.12185018061742153,
  "Francisco Lindor": 0.1197957230056037,
  "Brandon Nimmo": 0.11934035513069885,
  "James Wood": 0.09918702961351068,
  "Nasim Nunez": 0.05271806579058488,
  "Jacob Young": 0.05198230404347426,
  "Dylan Crews": 0.09223468779055741,
  "Juan Soto": 0.17906321657959537,
  "Daylen Lile": 0.07111426382259715,
  "Brady House": 0.0686379993389177,
  "Cedric Mullins": 0.08977248731020683,
  "Jorge Alfaro": 0.07383952292632724,
  "Paul DeJong": 0.08845701996227975,
  "Josh Bell": 0.10803604680324108,
  "Luis Torrens": 0.07335596961980188,
  "Riley Adams": 0.06268670309653916,
  "Ronald Acuna Jr.": 0.13607590709961628,
  "Matt Olson": 0.12888164609940744,
  "Riley Greene": 0.12561343356378954,
  "Kerry Carpenter": 0.12196941495277494,
  "Spencer Torkelson": 0.11285004311906786,
  "Gleyber Torres": 0.08047636987908245,
  "Marcell Ozuna": 0.09846875687486753,
  "Jurickson Profar": 0.09615984687563696,
  "Ozzie Albies": 0.08321584329777422,
  "Drake Baldwin": 0.09086770828150138,
  "Michael Harris II": 0.08097488996199674,
  "Dillon Dingler": 0.09826136145675829,
  "Javier Baez": 0.06704618462862572,
  "Wenceel Perez": 0.07080962344600474,
  "Parker Meadows": 0.06634838601762458,
  "Ha-Seong Kim": 0.06111648497386092,
  "Zach McKinstry": 0.05875462182714091,
  "Vidal Brujan": 0.05121611721611722,
  "Will Benson": 0.18074521064366603,
  "Seiya Suzuki": 0.19606392465981506,
  "Elly De La Cruz": 0.14949116465809928,
  "Ian Happ": 0.15904211748614025,
  "Noelvi Marte": 0.16034200044371993,
  "Michael Busch": 0.14412708862265303,
  "Dansby Swanson": 0.14370364688823567,
  "Carlos Santana": 0.1344951425386208,
  "Carson Kelly": 0.13968546678287627,
  "Jose Trevino": 0.10664561298789069,
  "Matt McLain": 0.12148273067168666,
  "Spencer Steer": 0.13001911737396155,
  "TJ Friedl": 0.1082305594225515,
  "Kevin Alcantara": 0.092198199841878,
  "Gavin Lux": 0.09061027897661561,
  "Justin Turner": 0.10147755446525687,
  "Ke'Bryan Hayes": 0.09443147629422138,
  "Nico Hoerner": 0.08563826782836215,
  "Tyler Stephenson": 0.12000000000000001,
  "Austin Hays": 0.13333333333333333,
  "Sal Stewart": 0.15,
  "Manny Machado": 0.14839965683210166,
  "Fernando Tatis Jr.": 0.14725620499445177,
  "Ramon Laureano": 0.12190201777743695,
  "Gavin Sheets": 0.10820746643961603,
  "Colson Montgomery": 0.11959394489437805,
  "Jackson Merrill": 0.12248312261664233,
  "Elias Diaz": 0.07871498472989774,
  "Miguel Vargas": 0.1029268405516805,
  "Ryan O'Hearn": 0.08335845323815497,
  "Brooks Baldwin": 0.08620601947211519,
  "Lenyn Sosa": 0.09151902072730071,
  "Will Robertson": 0.07443537805215149,
  "Jake Cronenworth": 0.0750129402433197,
  "Kyle Teel": 0.09180254010928167,
  "Edgar Quero": 0.06702826816393301,
  "Dominic Fletcher": 0.05466306279449725,
  "Chase Meidroth": 0.060861948295169326,
  "Luis Arraez": 0.05891911723028744,
  "Jose Iglesias": 0.060000000000000005,
  "Freddy Fermin": 0.060000000000000005,
  "Byron Buxton": 0.1523494756057118,
  "Jose Ramirez": 0.14693900098808624,
  "Bo Naylor": 0.1275494176572046,
  "Kyle Manzardo": 0.13781984232925873,
  "Gabriel Arias": 0.09983048582280336,
  "Kody Clemens": 0.1065240785262816,
  "George Valera": 0.09230104171976719,
  "C. J. Kayfus": 0.09345310321452338,
  "Angel Martinez": 0.09148511889805423,
  "Austin Martin": 0.06364642813487698,
  "Luke Keaschall": 0.07331526957910185,
  "Brayan Rocchio": 0.06540232843939173,
  "Edouard Julien": 0.07744344033879975,
  "Brooks Lee": 0.07314860430371982,
  "Trevor Larnach": 0.07348339757020189,
  "Ryan Fitzgerald": 0.07231857069301724,
  "Steven Kwan": 0.06659101592502363,
  "Jhonny Pereda": 0.05345813450277149,
  "Daulton Varsho": 0.14218464556863872,
  "Salvador Perez": 0.12528387874220662,
  "George Springer": 0.12681993724563118,
  "Addison Barger": 0.11538973402980622,
  "Bobby Witt Jr.": 0.11853575889042021,
  "Vladimir Guerrero Jr.": 0.11189014928675779,
  "Davis Schneider": 0.10574791865921264,
  "Vinnie Pasquantino": 0.098491839987827,
  "Carter Jensen": 0.0766599491191205,
  "Jac Caglianone": 0.07901846513274688,
  "Mike Yastrzemski": 0.08868274850679413,
  "Maikel Garcia": 0.06801764105931364,
  "Ernie Clement": 0.052135383180020166,
  "Nathan Lukes": 0.06598408311232706,
  "Andres Gimenez": 0.06117915744508698,
  "Tyler Heineman": 0.0588411032351872,
  "Adam Frazier": 0.05209403548521714,
  "John Rave": 0.07428571428571429,
  "Rhys Hoskins": 0.12812375624987932,
  "Danny Jansen": 0.10478306591570377,
  "Andrew Vaughn": 0.1029679106478003,
  "Lars Nootbaar": 0.09181172567478778,
  "Isaac Collins": 0.08723199297273371,
  "Ivan Herrera": 0.09113694386040824,
  "Andruw Monasterio": 0.07047198122444272,
  "Jackson Chourio": 0.10397429628484224,
  "Nolan Gorman": 0.09287397787397787,
  "Alec Burleson": 0.08510455670375405,
  "Thomas Saggese": 0.073088825725207,
  "Jordan Walker": 0.08635925617355521,
  "Blake Perkins": 0.059092530970501295,
  "Caleb Durbin": 0.06576039428488548,
  "Jimmy Crooks": 0.0648664897194309,
  "Joey Ortiz": 0.0643325437506472,
  "Jose Fermin": 0.05779477319252329,
  "Victor Scott II": 0.05125840212714011,
  "Nolan Arenado": 0.08392857142857142,
  "Brendan Donovan": 0.07361111111111111,
  "Pedro Pages": 0.07361111111111111,
  "Nathan Church": 0.060000000000000005,
  "Agust\u00edn Ram\u00edrez": 0.11223169293269271,
  "Joc Pederson": 0.15002424107874893,
  "Otto Lopez": 0.07373163510418412,
  "Liam Hicks": 0.05966101382768049,
  "Josh Jung": 0.09847164428532537,
  "Jonah Heim": 0.09364097765261938,
  "Graham Pauley": 0.07078840096312432,
  "Wyatt Langford": 0.11157824272913787,
  "Troy Johnston": 0.0690122459945024,
  "Alejandro Osuna": 0.07196578391589069,
  "Jakob Marsee": 0.07745162180913599,
  "Ezequiel Duran": 0.05435346260477795,
  "Rowdy Tellez": 0.12232001381452746,
  "Brian Navarreto": 0.07936806505256826,
  "Cody Freeman": 0.08073683754011624,
  "Xavier Edwards": 0.056551725945809914,
  "Heriberto Hernandez": 0.0831840347694369,
  "Michael Helman": 0.09530034235916589,
  "Jake Burger": 0.21052631578947367,
  "Adolis Garcia": 0.2222222222222222,
  "Josh Smith": 0.10810810810810811,
  "Jo Adell": 0.1840049083239033,
  "Hunter Goodman": 0.15567213795427545,
  "Mickey Moniak": 0.13837963315089624,
  "Mike Trout": 0.15691237142093936,
  "Taylor Ward": 0.14586356384298468,
  "Logan O'Hoppe": 0.1377430638903918,
  "Ezequiel Tovar": 0.11251902544741418,