{
  "Oneil Cruz": 0.11465021358525612,
  "Kyle Tucker": 0.1025716164787667,
  "Andrew McCutchen": 0.09510968214374699,
  "Seiya Suzuki": 0.1037414644266535,
  "Pete Crow-Armstrong": 0.09549064854392723,
  "Bryan Reynolds": 0.08893719962170282,
  "Henry Davis": 0.07641202272528255,
  "Michael Busch": 0.0830299274238668,
  "Nick Gonzales": 0.06927377200104473,
  "Ian Happ": 0.08051835541082852,
  "Dansby Swanson": 0.07767351130304823,
  "Reese McGuire": 0.05773484846169551,
  "Ke'Bryan Hayes": 0.06199651366102794,
  "Spencer Horwitz": 0.06654171711927487,
  "Matt Shaw": 0.05913644025057069,
  "Isiah Kiner-Falefa": 0.06018293028858921,
  "Adam Frazier": 0.055876604187774404,
  "Nico Hoerner": 0.05103782995702885,
  "Carson Kelly": 0.060000000000000005,
  "James Wood": 0.10144770692359892,
  "Agust\u00edn Ram\u00edrez": 0.10815832618131213,
  "Josh Bell": 0.08845703836185154,
  "CJ Abrams": 0.09146602556637003,
  "Connor Norby": 0.09235547863125955,
  "Eric Wagaman": 0.09223006667455715,
  "Kyle Stowers": 0.09569757162052536,
  "Heriberto Hernandez": 0.08738980186569387,
  "Dane Myers": 0.0827107274908999,
  "Nathaniel Lowe": 0.07569050386820059,
  "Luis Garcia Jr.": 0.07022766136433137,
  "Otto Lopez": 0.07306355355501466,
  "Nick Fortes": 0.06781033737269525,
  "Keibert Ruiz": 0.05987262284142346,
  "Alex Call": 0.06008522169622083,
  "Jose Tena": 0.055042516164966346,
  "Robert Hassell III": 0.05919309310398419,
  "Xavier Edwards": 0.05577230743178304,
  "Javier Sanoja": 0.060000000000000005,
  "Kyle Schwarber": 0.14951924921234383,
  "George Springer": 0.0950800164396286,
  "Vladimir Guerrero Jr.": 0.09236370351241933,
  "Max Kepler": 0.09565370694469669,
  "J.T. Realmuto": 0.08685830194780206,
  "Trea Turner": 0.0892342384198741,
  "Addison Barger": 0.08361278433781855,
  "Bo Bichette": 0.08168068500252408,
  "Alec Bohm": 0.07751649430816097,
  "Alejandro Kirk": 0.06949345706943746,
  "Nick Castellanos": 0.08766079088480963,
  "Davis Schneider": 0.07151282319929185,
  "Otto Kemp": 0.06971412990979338,
  "Brandon Marsh": 0.07495679755215309,
  "Bryson Stott": 0.06003087589394077,
  "Ernie Clement": 0.06360904751993862,
  "Andres Gimenez": 0.05481276661975742,
  "Myles Straw": 0.04547893499536618,
  "Jonatan Clase": 0.060000000000000005,
  "Gunnar Henderson": 0.13976704321552622,
  "Mike Trout": 0.12214112235637845,
  "Cedric Mullins": 0.10324595211551732,
  "Logan O'Hoppe": 0.09805082695949206,
  "Jo Adell": 0.0954625632583379,
  "Adley Rutschman": 0.09931255323445994,
  "Ramon Laureano": 0.08395508893131899,
  "Zach Neto": 0.08909284575074049,
  "Jackson Holliday": 0.09038611793387566,
  "Ryan O'Hearn": 0.08784609074883883,
  "Jorge Soler": 0.08588354967047666,
  "Dylan Carlson": 0.07439409913094124,
  "Ramon Urias": 0.062482288235060746,
  "Maverick Handley": 0.056977799513188855,
  "LaMonte Wade Jr.": 0.05358576488446618,
  "Nolan Schanuel": 0.06117180711651793,
  "Luis Rengifo": 0.05950908078567653,
  "Jordan Westburg": 0.09761904761904762,
  "Colton Cowser": 0.13333333333333333,
  "Aaron Judge": 0.1510824548505708,
  "Rafael Devers": 0.08331136812470871,
  "Carlos Narvaez": 0.06987496243358672,
  "Ben Rice": 0.08366873401979097,
  "Paul Goldschmidt": 0.07432281776680448,
  "Trevor Story": 0.07196364839655672,
  "Rob Refsnyder": 0.06537174608591587,
  "Cody Bellinger": 0.06270052134825455,
  "Roman Anthony": 0.06581324911261414,
  "Romy Gonzalez": 0.06646715710126702,
  "Austin Wells": 0.05824494499173611,
  "Oswald Peraza": 0.048337083608759726,
  "Jasson Dom\u00ednguez": 0.053879677883546355,
  "Abraham Toro": 0.05392326476398041,
  "Kristian Campbell": 0.05326042791752521,
  "Ceddanne Rafaela": 0.06606526868135576,
  "Anthony Volpe": 0.05215769212119533,
  "DJ LeMahieu": 0.04899155648346654,
  "Trent Grisham": 0.08392857142857142,
  "Jazz Chisholm Jr.": 0.07361111111111111,
  "Kerry Carpenter": 0.08865239288512945,
  "Spencer Torkelson": 0.08503514642430998,
  "Elly De La Cruz": 0.07673275822234951,
  "Christian Encarnacion-Strand": 0.07906758844396654,
  "Riley Greene": 0.07965397900127712,
  "Tyler Stephenson": 0.07188233701599946,
  "Matt McLain": 0.062018454695469946,
  "Javier Baez": 0.059049845497193804,
  "Wenceel Perez": 0.0571567242943179,
  "Spencer Steer": 0.05763359939499493,
  "Jake Rogers": 0.06501984261909136,
  "Gleyber Torres": 0.051268603665778636,
  "TJ Friedl": 0.04785277768215541,
  "Zach McKinstry": 0.056340214246618184,
  "Colt Keith": 0.060102451241937895,
  "Connor Joe": 0.05867029943384623,
  "Santiago Espinal": 0.05304965298505763,
  "Gavin Lux": 0.054703348979817615,
  "Pete Alonso": 0.1375636753806369,
  "Juan Soto": 0.11048755733977296,
  "Francisco Lindor": 0.10521861606881258,
  "Brandon Lowe": 0.09169971433547701,
  "Brandon Nimmo": 0.09185755209524826,
  "Junior Caminero": 0.09201548180369676,
  "Jonathan Aranda": 0.07745658508158508,
  "Francisco Alvarez": 0.07582124168037249,
  "Yandy Diaz": 0.06823444774463994,
  "Jeff McNeil": 0.07020752153143922,
  "Josh Lowe": 0.07155297428024701,
  "Ronny Mauricio": 0.06977543556331435,
  "Kameron Misner": 0.05231459349776539,
  "Starling Marte": 0.06612058904876585,
  "Tyrone Taylor": 0.05497677860369676,
  "Danny Jansen": 0.0680912773403851,
  "Jose Caballero": 0.06014401328809726,
  "Jake Mangum": 0.048023605354669735,
  "Taylor Walls": 0.060000000000000005,
  "Brett Baty": 0.060000000000000005,
  "Matt Olson": 0.13826517639550148,
  "Ronald Acuna Jr.": 0.12790413585179924,
  "Sean Murphy": 0.09852794125048922,
  "Austin Riley": 0.11576658195916936,
  "Marcell Ozuna": 0.10682090578642303,
  "Hunter Goodman": 0.09516797874854141,
  "Ozzie Albies": 0.07618131539280412,
  "Mickey Moniak": 0.06706531704080725,
  "Michael Harris II": 0.07375378132664424,
  "Jordan Beck": 0.07193797786338801,
  "Ryan McMahon": 0.07239106406552435,
  "Brenton Doyle": 0.054698309163310706,
  "Alex Verdugo": 0.06731448067678014,
  "Keston Hiura": 0.06033551583060599,
  "Orlando Arcia": 0.05495170864489046,
  "Thairo Estrada": 0.05268932585742931,
  "Tyler Freeman": 0.04725303556420578,
  "Nick Allen": 0.047555703064498286,
  "Sam Hilliard": 0.08392857142857142,
  "Eli White": 0.060000000000000005,
  "Drake Baldwin": 0.09761904761904762,
  "Corey Seager": 0.11240566768570183,
  "Jake Burger": 0.09331377499052629,
  "Wyatt Langford": 0.0896109500443968,
  "Andrew Benintendi": 0.07603684832959726,
  "Evan Carter": 0.06852387661492558,
  "Kyle Teel": 0.06366985373553746,
  "Luis Robert Jr.": 0.06468655730852675,
  "Miguel Vargas": 0.06652812104605645,
  "Adolis Garcia": 0.0712838200591812,
  "Josh Smith": 0.07043650930624111,
  "Michael A. Taylor": 0.06163566042823009,
  "Mike Tauchman": 0.06331310588157048,
  "Marcus Semien": 0.06951894638609564,
  "Josh Jung": 0.06176937410114863,
  "Jonah Heim": 0.05716376619145602,
  "Vinny Capra": 0.04839904247916498,
  "Josh Rojas": 0.058213057213057216,
  "Chase Meidroth": 0.05848711703892009,
  "Byron Buxton": 0.12739913307967876,
  "Christian Walker": 0.1117367057419784,
  "Ryan Jeffers": 0.0942391206954133,
  "Matt Wallner": 0.09625044192394916,
  "Carlos Correa": 0.09485914084151265,
  "Ty France": 0.07784982431136041,
  "Royce Lewis": 0.0790262006213593,
  "Harrison Bader": 0.0765202411521641,
  "Yainer Diaz": 0.0795944679473109,
  "Jacob Melton": 0.08549084660195772,
  "Jeremy Pena": 0.07441157112682165,
  "Willi Castro": 0.06482288556362631,
  "Brendan Rodgers": 0.07383237974147064,
  "Brooks Lee": 0.05817218718587466,
  "Jose Altuve": 0.05983265144715352,
  "Cam Smith": 0.06529346794401829,
  "Jake Meyers": 0.059791677332105345,
  "Mauricio Dubon": 0.05680598479273976,
  "Victor Caratini": 0.07361111111111111,
  "Jonah Bride": 0.060000000000000005,
  "Brent Rooker": 0.09948759643417217,
  "Bobby Witt Jr.": 0.08169573742275421,
  "Lawrence Butler": 0.07799559446097928,
  "Tyler Soderstrom": 0.07653792543885424,
  "Salvador Perez": 0.07482281702929566,
  "Vinnie Pasquantino": 0.06459136534436169,
  "Nick Kurtz": 0.06202651382786063,