{
  "Junior Caminero": 0.15116569878553213,
  "Brandon Lowe": 0.14141626639545682,
  "Yandy Diaz": 0.12315247578047007,
  "Jonathan Aranda": 0.12026806231013805,
  "Jesus Sanchez": 0.09507807115226256,
  "Kameron Misner": 0.0929627621492308,
  "Josh Lowe": 0.1003714425081581,
  "Connor Norby": 0.08022711042156311,
  "Heriberto Hernandez": 0.06975735175386662,
  "Matt Thaiss": 0.0765495292068272,
  "Eric Wagaman": 0.06990152243148595,
  "Otto Lopez": 0.06895979790102555,
  "Dane Myers": 0.061614231822189176,
  "Jake Mangum": 0.060242860316067785,
  "Javier Sanoja": 0.06053875637057249,
  "Taylor Walls": 0.06678160396746784,
  "Liam Hicks": 0.0584116095161621,
  "Xavier Edwards": 0.0494452617049871,
  "Curtis Mead": 0.08392857142857142,
  "Jose Caballero": 0.07361111111111111,
  "Kyle Stowers": 0.09761904761904762,
  "Agust\u00edn Ram\u00edrez": 0.09761904761904762,
  "Manny Machado": 0.13918670650832823,
  "Fernando Tatis Jr.": 0.1402521869803844,
  "William Contreras": 0.12796078988979429,
  "Rhys Hoskins": 0.12413067836542399,
  "Christian Yelich": 0.11880003400890354,
  "Jackson Merrill": 0.12123300160451862,
  "Jake Bauers": 0.11865534633971234,
  "Jackson Chourio": 0.1163302315815097,
  "Gavin Sheets": 0.09430237976677605,
  "Jake Cronenworth": 0.08781684770493747,
  "Brice Turang": 0.07658002311815681,
  "Xander Bogaerts": 0.07143479383311863,
  "Martin Maldonado": 0.058441016992025904,
  "Caleb Durbin": 0.07696611558376264,
  "Sal Frelick": 0.06589548187959118,
  "Joey Ortiz": 0.05970586941427065,
  "Luis Arraez": 0.05936627988154706,
  "Tyler Wade": 0.044812646742471304,
  "Isaac Collins": 0.060000000000000005,
  "Kyle Schwarber": 0.10086179395456729,
  "Oneil Cruz": 0.07632042485495459,
  "Bryan Reynolds": 0.0645423075140657,
  "Henry Davis": 0.05709992921800742,
  "Alexander Canario": 0.06410802219795207,
  "Andrew McCutchen": 0.06511543480638403,
  "Max Kepler": 0.070839847142609,
  "Trea Turner": 0.06434457206227542,
  "Nick Gonzales": 0.05984233187357689,
  "Bryson Stott": 0.05886900977810069,
  "Alec Bohm": 0.05978742033787372,
  "Nick Castellanos": 0.06271165709104023,
  "Brandon Marsh": 0.06011012075905693,
  "Otto Kemp": 0.04392389126414279,
  "Jared Triolo": 0.057673052664774516,
  "Ke'Bryan Hayes": 0.05377662412247393,
  "Rafael Marchan": 0.05039664316706259,
  "Isiah Kiner-Falefa": 0.04890043736792963,
  "J.T. Realmuto": 0.060000000000000005,
  "Corey Seager": 0.14001222823020976,
  "Jake Burger": 0.13119350609949357,
  "Josh Bell": 0.09561097485153619,
  "Marcus Semien": 0.10809657475007142,
  "James Wood": 0.10011529761830604,
  "Josh Jung": 0.09386826201967047,
  "Riley Adams": 0.09850513212277918,
  "Amed Rosario": 0.08618668566210398,
  "Josh Smith": 0.07933126679248635,
  "Evan Carter": 0.07939962853707758,
  "Jonah Heim": 0.07412274613073858,
  "Nathaniel Lowe": 0.07788697400562349,
  "Sam Haggerty": 0.06688098864109991,
  "Alex Call": 0.07629524203274736,
  "Luis Garcia Jr.": 0.06483548891207176,
  "Alejandro Osuna": 0.05894508091766444,
  "Nasim Nunez": 0.0580491057763785,
  "Jacob Young": 0.051609365817846274,
  "Adolis Garcia": 0.09761904761904762,
  "Keibert Ruiz": 0.060000000000000005,
  "Jose Tena": 0.060000000000000005,
  "Robert Hassell III": 0.04275482093663912,
  "Ketel Marte": 0.1732452180503155,
  "Corbin Carroll": 0.20079786708350608,
  "Eugenio Suarez": 0.1404528827755484,
  "Elly De La Cruz": 0.1248806900727654,
  "Christian Encarnacion-Strand": 0.14511948369091227,
  "Josh Naylor": 0.12311832118502275,
  "Will Benson": 0.11966298396574722,
  "Lourdes Gurriel Jr.": 0.09784507428498428,
  "Spencer Steer": 0.09241439416137925,
  "Pavin Smith": 0.10192751544083398,
  "Matt McLain": 0.08902133887497564,
  "Geraldo Perdomo": 0.08517837433114422,
  "Gavin Lux": 0.08371867459360849,
  "Alek Thomas": 0.0788987227403638,
  "TJ Friedl": 0.08457118344618345,
  "Jake Fraley": 0.07111864477580337,
  "Jose Trevino": 0.06960372772855253,
  "Jose Herrera": 0.05105995044669878,
  "Tyler Stephenson": 0.10757575757575757,
  "Pete Crow-Armstrong": 0.08916033210454483,
  "Spencer Torkelson": 0.09327919680988887,
  "Kerry Carpenter": 0.09785171164889114,
  "Kyle Tucker": 0.09395348504437837,
  "Seiya Suzuki": 0.10607234567602672,
  "Riley Greene": 0.08583213978440665,
  "Michael Busch": 0.08262534677690067,
  "Carson Kelly": 0.08338234800253487,
  "Dansby Swanson": 0.07909264453071167,
  "Ian Happ": 0.08361163292720955,
  "Gleyber Torres": 0.061979468360273314,
  "Parker Meadows": 0.06595405939626786,
  "Dillon Dingler": 0.06508309847628732,
  "Javier Baez": 0.06412920340474519,
  "Colt Keith": 0.05646652808417514,
  "Matt Shaw": 0.05525595024595524,
  "Zach McKinstry": 0.051798788130661584,
  "Nico Hoerner": 0.047280765043922944,
  "Justin Turner": 0.060000000000000005,
  "Christian Walker": 0.11610560070998532,
  "Jose Ramirez": 0.10669457971596927,
  "Isaac Paredes": 0.08672131481111076,
  "Yainer Diaz": 0.08377855811906149,
  "Jeremy Pena": 0.0733107877493152,
  "Jacob Melton": 0.06883081875760232,
  "David Fry": 0.08501768923338673,
  "Shay Whitcomb": 0.07924400050783277,
  "Carlos Santana": 0.07791587094792697,
  "Bo Naylor": 0.06502795197757852,
  "Johnathan Rodriguez": 0.06554286677429874,
  "Cam Smith": 0.06570663602223886,
  "Jake Meyers": 0.06031985168157229,
  "Gabriel Arias": 0.0637631905161967,
  "Will Wilson": 0.059971762692897994,
  "Angel Martinez": 0.06430191794965115,
  "Mauricio Dubon": 0.05585465003321676,
  "Steven Kwan": 0.052261851265719736,
  "Jhonkensy Noel": 0.08392857142857142,
  "Victor Caratini": 0.060000000000000005,
  "Bobby Witt Jr.": 0.13213880293992158,
  "Salvador Perez": 0.11268622589486987,
  "Vinnie Pasquantino": 0.1084839713663243,
  "Miguel Vargas": 0.1034036188611757,
  "Luis Robert Jr.": 0.09486884864051529,
  "Joshua Palacios": 0.0878117646877911,
  "Mike Tauchman": 0.0822819591065205,
  "Andrew Benintendi": 0.08385069056313188,
  "Jac Caglianone": 0.0892540006676615,
  "Tim Elko": 0.08253094836160672,
  "Jonathan India": 0.08327493259050922,
  "Kyle Teel": 0.0739876402061982,
  "Chase Meidroth": 0.06273778185899398,
  "John Rave": 0.06451855390859002,
  "Maikel Garcia": 0.068525180755268,
  "Nick Loftin": 0.06644768084872285,
  "Kyle Isbel": 0.053442521645874395,
  "Josh Rojas": 0.05021804415128447,
  "Drew Waters": 0.060000000000000005,
  "Addison Barger": 0.16822098272501756,
  "Matt Wallner": 0.17156266103775575,
  "Trevor Larnach": 0.12841818625013177,
  "Byron Buxton": 0.12231776885719528,
  "Vladimir Guerrero Jr.": 0.1023610700870446,
  "Kody Clemens": 0.15994492165899427,
  "Willi Castro": 0.09322864400057382,
  "Carlos Correa": 0.08009980450098111,
  "Brooks Lee": 0.09545405471779426,
  "Nathan Lukes": 0.08652299556800466,
  "George Springer": 0.07323212769870967,
  "Bo Bichette": 0.07404553045735798,
  "Alan Roden": 0.06317010642520252,
  "Alejandro Kirk": 0.06163155330029145,
  "Ty France": 0.06045334487269971,
  "Ernie Clement": 0.05441677245340637,
  "Christian Vazquez": 0.0504253722744871,
  "Myles Straw": 0.04073060483701848,
  "Ryan Jeffers": 0.09761904761904762,
  "Royce Lewis": 0.09761904761904762,
  "Jonatan Clase": 0.060000000000000005,
  "Andres Gimenez": 0.07361111111111111,
  "Shohei Ohtani": 0.18398859956058372,
  "Max Muncy": 0.11000129332297423,
  "Willson Contreras": 0.11154599257147983,
  "Ivan Herrera": 0.09867641760524977,
  "Masyn Winn": 0.10073335791884726,
  "Freddie Freeman": 0.09635591573724438,
  "Will Smith": 0.08363499012555467,
  "Teoscar Hernandez": 0.08491169664247589,
  "Nolan Arenado": 0.08717043194233617,
  "Michael Conforto": 0.08556479409225404,
  "Mookie Betts": 0.08128049143838617,
  "Lars Nootbaar": 0.08311379078762748,
  "Pedro Pages": 0.08267174668759912,
  "Ha-Seong Kim": 0.05979362482557303,
  "Tommy Edman": 0.05998046431556513,
  "Alec Burleson": 0.07297007990272711,
  "Brendan Donovan": 0.06077676384693928,
  "Jose Barrero": 0.07920513885226804,
  "Andy Pages": 0.09761904761904762,
  "Victor Scott II": 0.041841620626151016,