{
  "Matt Olson": 0.15555218597764983,
  "Ronald Acuna Jr.": 0.13745221849626896,
  "James Wood": 0.11662962202487895,
  "Jurickson Profar": 0.11556086659667363,
  "Drake Baldwin": 0.10650270748277114,
  "Andr\u00e9s Chaparro": 0.11744864567841834,
  "Ozzie Albies": 0.09557306321525125,
  "Michael Harris II": 0.09794483469914135,
  "CJ Abrams": 0.09804954836299769,
  "Dylan Crews": 0.09246227744613499,
  "Jorge Alfaro": 0.10729622565431146,
  "Brady House": 0.10100019238377039,
  "Eli White": 0.0677713300102923,
  "Daylen Lile": 0.08002841465804428,
  "Luis Garcia Jr.": 0.08107769423558897,
  "Jacob Young": 0.056663457232422755,
  "Ha-Seong Kim": 0.06293344884184096,
  "Vidal Brujan": 0.051479489552008637,
  "Riley Adams": 0.09761904761904762,
  "Nacho Alvarez Jr.": 0.060000000000000005,
  "Paul DeJong": 0.09761904761904762,
  "Marcell Ozuna": 0.09761904761904762,
  "Oneil Cruz": 0.10957070559830417,
  "Michael Busch": 0.09208201480131305,
  "Jack Suwinski": 0.08124168049119315,
  "Pete Crow-Armstrong": 0.08144111537945868,
  "Bryan Reynolds": 0.07586166008845532,
  "Mois\u00e9s Ballesteros": 0.06325569128120243,
  "Alexander Canario": 0.06386145054276106,
  "Henry Davis": 0.06994894914328034,
  "Spencer Horwitz": 0.06949436483227117,
  "Ian Happ": 0.07753587947862789,
  "Nick Gonzales": 0.05736804237764755,
  "Nick Yorke": 0.05819128509248602,
  "Jared Triolo": 0.0671141289719535,
  "Carson Kelly": 0.057744520817039895,
  "Dansby Swanson": 0.07037575150151017,
  "Matt Shaw": 0.0591251611863314,
  "Willi Castro": 0.05478533434650456,
  "Nico Hoerner": 0.04687398048811092,
  "Spencer Torkelson": 0.11769536755220743,
  "Kyle Manzardo": 0.1144350987306114,
  "Jose Ramirez": 0.1124787521907793,
  "Wenceel Perez": 0.0959429198425721,
  "Riley Greene": 0.10469981583245369,
  "Gleyber Torres": 0.09395224487745814,
  "Bo Naylor": 0.09157030043336252,
  "Daniel Schneemann": 0.0852852225487653,
  "Jahmai Jones": 0.10291086771961089,
  "Javier Baez": 0.06600471533872304,
  "Gabriel Arias": 0.07748402442010427,
  "Dillon Dingler": 0.0806128570491031,
  "Andy Ibanez": 0.07483442943159503,
  "Nolan Jones": 0.0651170108032853,
  "C. J. Kayfus": 0.06802101735502505,
  "Parker Meadows": 0.05880323395552083,
  "Steven Kwan": 0.05559357424299952,
  "Brayan Rocchio": 0.05739685782542455,
  "Josh Bell": 0.07838203429176831,
  "Sandy Le\u00f3n": 0.05665884538888045,
  "Nick Allen": 0.0638095238095238,
  "Nasim Nunez": 0.04315607520519712,
  "Shea Langeliers": 0.1272414600321738,
  "Trevor Story": 0.11577610059474742,
  "Brent Rooker": 0.12149179587132243,
  "Romy Gonzalez": 0.10661804469320871,
  "Nick Kurtz": 0.1060247393961074,
  "Rob Refsnyder": 0.09339810226116435,
  "Colby Thomas": 0.08434720617351524,
  "Carlos Narvaez": 0.09346249392077391,
  "Alex Bregman": 0.10109430237845539,
  "Lawrence Butler": 0.06722504482478232,
  "Jarren Duran": 0.07514038709049387,
  "Ceddanne Rafaela": 0.083564718388764,
  "Brett Harris": 0.05773298899449913,
  "Nate Eaton": 0.06198718361796512,
  "Nick Sogard": 0.06227019226210232,
  "Jacob Wilson": 0.060592240029427445,
  "Darell Hernaiz": 0.05938447373995122,
  "Max Schuemann": 0.05351779963193007,
  "Juan Soto": 0.13400801118673633,
  "Pete Alonso": 0.1350050152188778,
  "Manny Machado": 0.10542290721321047,
  "Fernando Tatis Jr.": 0.10285985251708053,
  "Francisco Lindor": 0.09244999331136805,
  "Mark Vientos": 0.09617600568545308,
  "Ramon Laureano": 0.08966264375355283,
  "Francisco Alvarez": 0.084998589868545,
  "Brandon Nimmo": 0.08738813902230462,
  "Jackson Merrill": 0.07818728258544322,
  "Gavin Sheets": 0.07397706790047764,
  "Brett Baty": 0.0679533377136863,
  "Cedric Mullins": 0.07042124047248244,
  "Freddy Fermin": 0.050362798386841004,
  "Ryan O'Hearn": 0.05621514929270705,
  "Jeff McNeil": 0.06558435085648004,
  "Jake Cronenworth": 0.06312345881064622,
  "Luis Arraez": 0.05348760256918654,
  "Junior Caminero": 0.1654137529138193,
  "George Springer": 0.14309439849185027,
  "Vladimir Guerrero Jr.": 0.13798500809844758,
  "Brandon Lowe": 0.12330106174029108,
  "Tristan Gray": 0.10669264305600806,
  "Addison Barger": 0.12331754073010544,
  "Davis Schneider": 0.11177059471518934,
  "Yandy Diaz": 0.10461027600663447,
  "Josh Lowe": 0.09160128341149075,
  "Alejandro Kirk": 0.08625611865075467,
  "Nathan Lukes": 0.07477828828634497,
  "Bob Seymour": 0.07302095185197734,
  "Ernie Clement": 0.06868228320434203,
  "Hunter Feduccia": 0.06221698142985139,
  "Andres Gimenez": 0.06316670566670567,
  "Myles Straw": 0.06664460511679644,
  "Jake Mangum": 0.0545354897046886,
  "Chandler Simpson": 0.044573998940720796,
  "Colson Montgomery": 0.1424693788511139,
  "Gunnar Henderson": 0.12670541908077218,
  "Jordan Westburg": 0.12342246284245571,
  "Colton Cowser": 0.09186274319037241,
  "Jackson Holliday": 0.09060781072518162,
  "Miguel Vargas": 0.1042959741294649,
  "Coby Mayo": 0.08313826422383255,
  "Andrew Benintendi": 0.0967567235407611,
  "Brooks Baldwin": 0.11045745291050456,
  "Kyle Teel": 0.09424958561695651,
  "Samuel Basallo": 0.11045745291050456,
  "Jeremiah Jackson": 0.10511263427930094,
  "Lenyn Sosa": 0.09831771851264977,
  "Dylan Beavers": 0.07862873006497612,
  "Dylan Carlson": 0.07550553473232996,
  "Mike Tauchman": 0.08702499103980277,
  "Edgar Quero": 0.06410641986476734,
  "Chase Meidroth": 0.08334664246823956,
  "Tyler O'Neill": 0.0769402543626146,
  "Cal Raleigh": 0.17615757300670032,
  "Eugenio Suarez": 0.12050236930048529,
  "Salvador Perez": 0.11219128159074111,
  "Bobby Witt Jr.": 0.11020295314827125,
  "Julio Rodriguez": 0.10792174021110988,
  "Randy Arozarena": 0.10637233926755356,
  "Vinnie Pasquantino": 0.10260477650442876,
  "Dominic Canzone": 0.08828763798517932,
  "Jorge Polanco": 0.09955804487034703,
  "Josh Naylor": 0.08837659229596276,
  "Mike Yastrzemski": 0.09166797441325113,
  "Jac Caglianone": 0.06996670725713498,
  "Maikel Garcia": 0.06824454873973833,
  "Carter Jensen": 0.06614029697900665,
  "Victor Robles": 0.05914141414141414,
  "Jonathan India": 0.06608448203842941,
  "J.P. Crawford": 0.06332070707070707,
  "Kyle Isbel": 0.05088634949304839,
  "Jo Adell": 0.14191768796844528,
  "Andrew Vaughn": 0.13943572989888506,
  "Jackson Chourio": 0.13028827060115344,
  "Mike Trout": 0.11840983824359784,
  "Christian Yelich": 0.12053940490383983,
  "William Contreras": 0.11318288410379719,
  "Taylor Ward": 0.09892809221597419,
  "Logan O'Hoppe": 0.10159096817836746,
  "Oswald Peraza": 0.07929307604872979,
  "Brice Turang": 0.09014364423455333,
  "Christian Moore": 0.06905589111717154,
  "Denzer Guzman": 0.06722894688057872,
  "Blake Perkins": 0.07518383933946847,
  "Joey Ortiz": 0.07316705844931651,
  "Caleb Durbin": 0.0819072969689668,
  "Sal Frelick": 0.07062048358831985,
  "Bryce Teodosio": 0.06606989247311827,
  "Jake Bauers": 0.09761904761904762,
  "Isaac Collins": 0.07361111111111111,
  "Aaron Judge": 0.22604023345694155,
  "Giancarlo Stanton": 0.17642183749084786,
  "Ben Rice": 0.15693475126195672,
  "Byron Buxton": 0.14791080006282248,
  "Trent Grisham": 0.1480958668322231,
  "Jazz Chisholm Jr.": 0.13284425327411264,
  "Matt Wallner": 0.11920324413698187,
  "Ryan McMahon": 0.12117897732023204,
  "Austin Wells": 0.11665516153641434,
  "Cody Bellinger": 0.12041808133993216,
  "Royce Lewis": 0.10448309652482529,
  "Kody Clemens": 0.10871567177934809,
  "Trevor Larnach": 0.08027013102312737,
  "James Outman": 0.07303536889636676,
  "Anthony Volpe": 0.08326316983564179,
  "Austin Martin": 0.05320917294601505,
  "Mickey Gasper": 0.07150467025467026,
  "Ryan Fitzgerald": 0.07103051188577504,
  "Will Benson": 0.13941942719116632,
  "Ivan Herrera": 0.10168741454944516,
  "Nolan Arenado": 0.09609939068255166,
  "Jordan Walker": 0.0809826802321929,
  "Lars Nootbaar": 0.08170148261463714,
  "Elly De La Cruz": 0.0960359142953617,
  "Sal Stewart": 0.07953712314443409,
  "Alec Burleson": 0.08489652965208212,
  "Brendan Donovan": 0.0713903083948814,
  "Pedro Pages": 0.07456001249051142,