{
  "Gary Sanchez": 0.1504838383056468,
  "Gunnar Henderson": 0.13574698731220472,
  "Wyatt Langford": 0.12058217730358316,
  "Adolis Garcia": 0.1246456014549558,
  "Jackson Holliday": 0.1101089503996862,
  "Cedric Mullins": 0.11555437396741744,
  "Colton Cowser": 0.11471974130680904,
  "Ramon Laureano": 0.11355878235596184,
  "Jonah Heim": 0.09555761713049574,
  "Ramon Urias": 0.09827203225176606,
  "Kyle Higashioka": 0.09306640454613836,
  "Marcus Semien": 0.0968065347422224,
  "Josh Jung": 0.08638655714048993,
  "Coby Mayo": 0.09151957690477215,
  "Chadwick Tromp": 0.07234223930695363,
  "Sam Haggerty": 0.0650653024914863,
  "Justin Foscue": 0.06737058330338963,
  "Ezequiel Duran": 0.07149048832618812,
  "Matt Olson": 0.16478411774710994,
  "Austin Riley": 0.15555374720303453,
  "Ronald Acuna Jr.": 0.1571543244535368,
  "Pete Alonso": 0.14697023394217013,
  "Marcell Ozuna": 0.1356347691761534,
  "Juan Soto": 0.13991606393743994,
  "Francisco Lindor": 0.12416312288871764,
  "Sean Murphy": 0.10592805581791687,
  "Ozzie Albies": 0.09474266164383827,
  "Brandon Nimmo": 0.11281113908252798,
  "Jared Young": 0.10133348345643427,
  "Michael Harris II": 0.0905801282051282,
  "Tyrone Taylor": 0.07370101060813135,
  "Luis Torrens": 0.07039283583850646,
  "Brett Baty": 0.07420231765024059,
  "Jeff McNeil": 0.07799656043571726,
  "Eli White": 0.06721275213210696,
  "Nick Allen": 0.04878058427873054,
  "Aaron Judge": 0.26074538798582514,
  "Giancarlo Stanton": 0.22415118414784244,
  "Elly De La Cruz": 0.18211651786518096,
  "Paul Goldschmidt": 0.15355174485485507,
  "Christian Encarnacion-Strand": 0.1489360164141162,
  "Austin Wells": 0.13950586053619088,
  "Matt McLain": 0.13308170675963435,
  "Cody Bellinger": 0.12355222343244107,
  "Tyler Stephenson": 0.12237897732654765,
  "Jazz Chisholm Jr.": 0.11392707185900344,
  "Jasson Dom\u00ednguez": 0.11114166101960729,
  "Anthony Volpe": 0.1015755079853858,
  "TJ Friedl": 0.10953401004437095,
  "Gavin Lux": 0.10288076521142357,
  "Spencer Steer": 0.11217784256822501,
  "Jake Fraley": 0.08264735678480582,
  "Jose Trevino": 0.08113094279968094,
  "DJ LeMahieu": 0.07753374533162653,
  "Andrew McCutchen": 0.12184539279353004,
  "Christian Yelich": 0.13023011728044925,
  "Adam Frazier": 0.060000000000000005,
  "Bryan Reynolds": 0.1348195589090657,
  "Ke'Bryan Hayes": 0.0691115995698114,
  "Brice Turang": 0.08420146325362524,
  "William Contreras": 0.12906609823466658,
  "Oneil Cruz": 0.16114301374200396,
  "Sal Frelick": 0.06869943669281417,
  "Nick Gonzales": 0.08824564738309643,
  "Joey Bart": 0.08687267956292113,
  "Rhys Hoskins": 0.10757575757575757,
  "Joey Ortiz": 0.08512512778497433,
  "Jackson Chourio": 0.11869032109585972,
  "Isiah Kiner-Falefa": 0.0656472617511818,
  "Spencer Horwitz": 0.09352608160706927,
  "Isaac Collins": 0.08362221684334553,
  "Caleb Durbin": 0.08335600907029479,
  "Tommy Pham": 0.08961861340280794,
  "Jake Bauers": 0.14933885016457177,
  "Eugenio Suarez": 0.1815133967601282,
  "Ketel Marte": 0.1535648733712026,
  "Miguel Vargas": 0.13898680810433905,
  "Luis Robert Jr.": 0.12959503700367914,
  "Josh Naylor": 0.12031799990389433,
  "Lourdes Gurriel Jr.": 0.11547699942084577,
  "Randal Grichuk": 0.14317364929268955,
  "Austin Slater": 0.10540258544180883,
  "Michael A. Taylor": 0.12728237644803253,
  "Lenyn Sosa": 0.10572788962131378,
  "Edgar Quero": 0.10270144882439965,
  "Chase Meidroth": 0.09298430131251534,
  "Pavin Smith": 0.111447610665292,
  "Geraldo Perdomo": 0.09336135275615473,
  "Kyle Teel": 0.09246761658305223,
  "Alek Thomas": 0.0864101409101409,
  "Vinny Capra": 0.0837764574636428,
  "Jose Herrera": 0.07503371994244205,
  "Cal Raleigh": 0.23581048849060954,
  "Matt Wallner": 0.16971610035145948,
  "Jorge Polanco": 0.13967069570102603,
  "Kody Clemens": 0.1392746410539807,
  "Byron Buxton": 0.13353277359561166,
  "Luke Raley": 0.13069389784899468,
  "Julio Rodriguez": 0.1165451028199507,
  "Dominic Canzone": 0.148066654712887,
  "Randy Arozarena": 0.11594265552175835,
  "Brooks Lee": 0.1022177457054367,
  "Trevor Larnach": 0.1024468910424726,
  "J.P. Crawford": 0.09551521875177789,
  "Carlos Correa": 0.06510240199339519,
  "Ty France": 0.07261245961734296,
  "Cole Young": 0.07429387731333444,
  "Harrison Bader": 0.07133265675577337,
  "Ben Williamson": 0.08203548866592345,
  "Christian Vazquez": 0.07394439532370567,
  "Seiya Suzuki": 0.14995942751273322,
  "Kyle Tucker": 0.11149973131800342,
  "Alec Burleson": 0.12233874648257473,
  "Nolan Gorman": 0.11329470291173946,
  "Dansby Swanson": 0.11869503935336753,
  "Willson Contreras": 0.11699818107765363,
  "Lars Nootbaar": 0.1135903462173293,
  "Ian Happ": 0.11132643594079221,
  "Pete Crow-Armstrong": 0.09621219515903424,
  "Carson Kelly": 0.09803486213111304,
  "Nolan Arenado": 0.08704333908401393,
  "Brendan Donovan": 0.08019345457768487,
  "Pedro Pages": 0.09024497313970999,
  "Justin Turner": 0.09370674237572953,
  "Masyn Winn": 0.07479373420816432,
  "Matt Shaw": 0.10135736385736387,
  "Victor Scott II": 0.08333333333333333,
  "Nico Hoerner": 0.06193955390242415,
  "Mike Trout": 0.17800930278026073,
  "Taylor Ward": 0.13904495186676583,
  "Jo Adell": 0.1295941251534795,
  "Luis Rengifo": 0.06798176570903842,
  "Jarren Duran": 0.14355838538361335,
  "David Hamilton": 0.0770833229378121,
  "Ceddanne Rafaela": 0.08675801111939507,
  "Wilyer Abreu": 0.1727059382232601,
  "Logan O'Hoppe": 0.12000000000000001,
  "Connor Wong": 0.07870024605586916,
  "Trevor Story": 0.11388014893557877,
  "Zach Neto": 0.132797468955874,
  "Abraham Toro": 0.10341740471317935,
  "Marcelo Mayer": 0.10996775718543852,
  "Nolan Schanuel": 0.0762502365331964,
  "Roman Anthony": 0.11273956038799846,
  "LaMonte Wade Jr.": 0.08201433863555076,
  "Christian Moore": 0.07440988686443231,
  "Travis d'Arnaud": 0.12201779595212774,
  "Manny Machado": 0.1575907512565768,
  "Fernando Tatis Jr.": 0.13959790693651616,
  "James Wood": 0.13063913203501304,
  "Jackson Merrill": 0.12042668104526275,
  "CJ Abrams": 0.10241472488127416,
  "Gavin Sheets": 0.09564479889873169,
  "Josh Bell": 0.08991062647398264,
  "Nathaniel Lowe": 0.08726786162924557,
  "Luis Garcia Jr.": 0.08534271096753579,
  "Elias Diaz": 0.08326139493013308,
  "Jake Cronenworth": 0.08119548698187219,
  "Xander Bogaerts": 0.08326796358356642,
  "Brady House": 0.06970961614937027,
  "Daylen Lile": 0.06571235623639886,
  "Jose Iglesias": 0.060314911537737624,
  "Keibert Ruiz": 0.06858301248606097,
  "Luis Arraez": 0.0651292061298805,
  "Jacob Young": 0.043356501623526604,
  "Bryce Johnson": 0.060000000000000005
}