{
  "Nico Hoerner": 0.05891049517168443,
  "Pete Alonso": 0.13949594076213878,
  "Ian Happ": 0.09761904761904762,
  "Seiya Suzuki": 0.11562182858025653,
  "Brandon Nimmo": 0.06809851942243711,
  "Francisco Lindor": 0.11529019325827836,
  "Starling Marte": 0.06587174868735153,
  "Mark Vientos": 0.11595647055594746,
  "Pete Crow-Armstrong": 0.1009119691428566,
  "Luisangel Acu\u00f1a": 0.05587519703035813,
  "Tyrone Taylor": 0.074534096338981,
  "Dansby Swanson": 0.08584136266592407,
  "Luis Torrens": 0.07400312832953684,
  "Michael Busch": 0.09795794219224757,
  "Carson Kelly": 0.10123108390872593,
  "Jon Berti": 0.05207778763679385,
  "Kyle Tucker": 0.1234072511883888,
  "Juan Soto": 0.10093728295528626,
  "Nicky Lopez": 0.060000000000000005,
  "Justin Turner": 0.07102303799906586,
  "Austin Riley": 0.11415954161477566,
  "Andrew McCutchen": 0.07360899649853055,
  "Ke'Bryan Hayes": 0.07588185760599554,
  "Liover Peguero": 0.08720411222959948,
  "Marcell Ozuna": 0.11732756690428141,
  "Bryan Reynolds": 0.065930839448757,
  "Matt Olson": 0.11779175205761168,
  "Ozzie Albies": 0.07425562494546452,
  "Jared Triolo": 0.05338268522175311,
  "Michael Harris II": 0.07883762314559237,
  "Alexander Canario": 0.07430320278091126,
  "Nick Allen": 0.05404026069588983,
  "Eli White": 0.07218416640830434,
  "Drake Baldwin": 0.09716374269005848,
  "Matt Gorski": 0.0629337618079801,
  "Alex Verdugo": 0.05898991092938575,
  "Henry Davis": 0.060000000000000005,
  "Oneil Cruz": 0.07361111111111111,
  "Joey Bart": 0.09422862712336395,
  "Tommy Pham": 0.08828571428571427,
  "Luis Garcia Jr.": 0.0788206742831156,
  "Josh Bell": 0.10508780096216429,
  "CJ Abrams": 0.10886081665924748,
  "Ivan Herrera": 0.08383865068075594,
  "Lars Nootbaar": 0.08512288654161201,
  "Keibert Ruiz": 0.08392857142857142,
  "Nolan Arenado": 0.0871894723557697,
  "Brendan Donovan": 0.0686972433596926,
  "Willson Contreras": 0.09240343436419805,
  "James Wood": 0.10865570095986166,
  "Jordan Walker": 0.07723001365702892,
  "Victor Scott II": 0.05811434259775277,
  "Jacob Young": 0.060000000000000005,
  "Masyn Winn": 0.07956304186613819,
  "Nathaniel Lowe": 0.0894928438333472,
  "Jose Tena": 0.06865561318668195,
  "Yohel Pozo": 0.0811823337784179,
  "Dylan Crews": 0.0739877974164863,
  "Pedro Pages": 0.060000000000000005,
  "Alex Call": 0.0741114431025481,
  "Riley Adams": 0.07723001365702892,
  "Adolis Garcia": 0.08159775847657434,
  "Jonah Heim": 0.056677205170582654,
  "Corey Seager": 0.10757575757575757,
  "Javier Baez": 0.06590546421663443,
  "Marcus Semien": 0.05623389912034062,
  "Spencer Torkelson": 0.07707805415814253,
  "Josh Smith": 0.06682785931414459,
  "Josh Jung": 0.054492249703439244,
  "Riley Greene": 0.08547292305999504,
  "Kerry Carpenter": 0.09978102455350597,
  "Zach McKinstry": 0.055484831463092334,
  "Dillon Dingler": 0.06391227750876874,
  "Evan Carter": 0.05342583857452772,
  "Colt Keith": 0.06758527519891964,
  "Joc Pederson": 0.07615112422882836,
  "Trey Sweeney": 0.060000000000000005,
  "Wyatt Langford": 0.06723396638489341,
  "Gleyber Torres": 0.056295871942870966,
  "Jace Jung": 0.06120540102663376,
  "Ezequiel Duran": 0.07334047277001436,
  "Brandon Lowe": 0.13100362260278975,
  "Christian Yelich": 0.10246803643355368,
  "Taylor Walls": 0.0572523754223486,
  "Yandy Diaz": 0.10433192609137588,
  "Jonathan Aranda": 0.133418462672688,
  "William Contreras": 0.08878135486109609,
  "Sal Frelick": 0.0541486122204412,
  "Junior Caminero": 0.0996415770609319,
  "Jake Bauers": 0.09256741714080924,
  "Brice Turang": 0.05224913588558939,
  "Rhys Hoskins": 0.11182723054827257,
  "Christopher Morel": 0.13333333333333333,
  "Joey Ortiz": 0.054290383749472045,
  "Jackson Chourio": 0.08597342712214294,
  "Danny Jansen": 0.10527324166240522,
  "Kameron Misner": 0.09619474478365664,
  "Caleb Durbin": 0.05901626792715902,
  "Chandler Simpson": 0.05662669416712218,
  "Ben Rortvedt": 0.060000000000000005,
  "Isaac Collins": 0.07361111111111111,
  "Travis Jankowski": 0.05565197435793785,
  "Jose Caballero": 0.09475937255915254,
  "Salvador Perez": 0.10770308418424628,
  "Rafael Devers": 0.10128531376120575,
  "Kyle Isbel": 0.0725153256704981,
  "Trevor Story": 0.07641132825023525,
  "Maikel Garcia": 0.06251349327284764,
  "Connor Wong": 0.060000000000000005,
  "Jarren Duran": 0.07385187303834169,
  "Vinnie Pasquantino": 0.0908267353026273,
  "Drew Waters": 0.054070816994307755,
  "Michael Massey": 0.07181206847873516,
  "Bobby Witt Jr.": 0.11013885950823758,
  "Freddy Fermin": 0.060000000000000005,
  "Ceddanne Rafaela": 0.06447838585071837,
  "Wilyer Abreu": 0.10421945567205444,
  "Jonathan India": 0.07771463152776,
  "Alex Bregman": 0.10788763418154321,
  "Luke Maile": 0.08430351016228878,
  "Carlos Narvaez": 0.0657762761445527,
  "Nick Sogard": 0.07479365079365079,
  "David Hamilton": 0.05888565950238136,
  "Kristian Campbell": 0.014084507042253521,
  "Luis Robert Jr.": 0.10757575757575757,
  "Jesus Sanchez": 0.14538955204723397,
  "Lenyn Sosa": 0.05815728680502,
  "Xavier Edwards": 0.06235251291151912,
  "Andrew Vaughn": 0.08042763371520202,
  "Dane Myers": 0.060000000000000005,
  "Kyle Stowers": 0.09150520116438386,
  "Brooks Baldwin": 0.05755325156643103,
  "Miguel Vargas": 0.07361111111111111,
  "Connor Norby": 0.09132654144387453,
  "Javier Sanoja": 0.05516218081435473,
  "Agust\u00edn Ram\u00edrez": 0.09935310484200124,
  "Edgar Quero": 0.07361111111111111,
  "Eric Wagaman": 0.090940811564486,
  "Chase Meidroth": 0.05095108766246601,
  "Tim Elko": 0.060862498892801924,
  "Joshua Palacios": 0.06606309381578199,
  "Liam Hicks": 0.060000000000000005,
  "Matt Mervis": 0.11676486115510507,
  "Nick Fortes": 0.07057471264367816,
  "Josh Rojas": 0.06210611982382317,
  "Michael A. Taylor": 0.049916182438893335,
  "Matt Thaiss": 0.07047694753577106,
  "Matt McLain": 0.09144392186582856,
  "TJ Friedl": 0.07345420156664176,
  "Tyler Stephenson": 0.08392857142857142,
  "Connor Joe": 0.07361111111111111,
  "Jake Meyers": 0.06806521830017598,
  "Yainer Diaz": 0.09070056721694222,
  "Mauricio Dubon": 0.060000000000000005,
  "Jeremy Pena": 0.0898233682992603,
  "Will Benson": 0.08702529346131142,
  "Spencer Steer": 0.08900855348444549,
  "Elly De La Cruz": 0.10164859407340099,
  "Victor Caratini": 0.07033847030471788,
  "Zach Dezenzo": 0.09925289121395287,
  "Gavin Lux": 0.07337715455608688,
  "Christian Walker": 0.1268569567975501,
  "Isaac Paredes": 0.08418892283776822,
  "Jose Trevino": 0.0673544900573139,
  "Austin Hays": 0.10517397260638635,
  "Cam Smith": 0.06377616077616077,
  "Santiago Espinal": 0.049744304683062214,
  "Brendan Rodgers": 0.09118007954641617,
  "Heliot Ramos": 0.09705955093829784,
  "Mike Yastrzemski": 0.1248518276675708,
  "Wilmer Flores": 0.07361111111111111,
  "Ryan Jeffers": 0.0935167320440309,
  "Trevor Larnach": 0.11490164788201253,
  "LaMonte Wade Jr.": 0.09602306089217479,
  "Byron Buxton": 0.14985855242955795,
  "David Villar": 0.07361111111111111,
  "Royce Lewis": 0.10209656084656085,
  "Carlos Correa": 0.07361111111111111,
  "Ty France": 0.07312902622270814,
  "Willy Adames": 0.11833261143739435,
  "Jung Hoo Lee": 0.08277225643422827,
  "Willi Castro": 0.08833656960641784,
  "Matt Chapman": 0.1277464156736103,
  "Brooks Lee": 0.09418750278098147,
  "Patrick Bailey": 0.060000000000000005,
  "Christian Koss": 0.060000000000000005,
  "Harrison Bader": 0.07630850630850632,
  "Sam Huff": 0.10529304029304029,
  "Kody Clemens": 0.13954545454545456,
  "Luis Matos": 0.08842086648983201,
  "Brett Wisely": 0.10026709401709402,
  "Manny Machado": 0.1530842356469649,
  "Michael Toglia": 0.1056360519066695,
  "Jake Cronenworth": 0.09438505772994188,
  "Fernando Tatis Jr.": 0.20264609469347117,
  "Ryan McMahon": 0.09869554055651122,
  "Brenton Doyle": 0.11643906857407456,
  "Xander Bogaerts": 0.09588841360488219,
  "Jacob Stallings": 0.0726357275600565,
  "Adael Amador": 0.07361111111111111,
  "Jordan Beck": 0.1146450869074697,
  "Jackson Merrill": 0.1144927536231884,