{
  "Aaron Judge": 0.21988005955615406,
  "Rhys Hoskins": 0.12449049358488212,
  "Jackson Chourio": 0.09522304914294998,
  "Paul Goldschmidt": 0.1268315017635861,
  "William Contreras": 0.09881151856997801,
  "Cody Bellinger": 0.10148854737593792,
  "Christian Yelich": 0.08442017892480472,
  "Jazz Chisholm Jr.": 0.09310076296642354,
  "Jasson Dom\u00ednguez": 0.09530723253501693,
  "Trent Grisham": 0.11014711095356255,
  "Austin Wells": 0.09071050161959253,
  "Vinny Capra": 0.06411532137885988,
  "Garrett Mitchell": 0.05505702135197164,
  "Anthony Volpe": 0.07346659183488803,
  "Joey Ortiz": 0.061878374752748974,
  "Sal Frelick": 0.05329314552169847,
  "Brice Turang": 0.055845469063172413,
  "Oswaldo Cabrera": 0.07361111111111111,
  "Ben Rice": 0.09761904761904762,
  "Mike Trout": 0.1789882537138489,
  "Jorge Soler": 0.13717148813308083,
  "Taylor Ward": 0.11512699777502172,
  "Jo Adell": 0.12026142597205869,
  "Logan O'Hoppe": 0.11362927697975417,
  "Yoan Moncada": 0.09406096804691545,
  "Andrew Vaughn": 0.08657456246751091,
  "Luis Robert Jr.": 0.09266866540758528,
  "Miguel Vargas": 0.074425324782184,
  "Luis Rengifo": 0.07417810889614486,
  "Brooks Baldwin": 0.08702147525676937,
  "Lenyn Sosa": 0.061270753325263064,
  "Nolan Schanuel": 0.06584362723583746,
  "Andrew Benintendi": 0.07208435543514077,
  "Matt Thaiss": 0.08864066193853429,
  "Jacob Amaya": 0.05487099210578835,
  "Kevin Newman": 0.05422226884836945,
  "Austin Slater": 0.060000000000000005,
  "Michael A. Taylor": 0.060000000000000005,
  "Korey Lee": 0.060000000000000005,
  "Byron Buxton": 0.1375014569415832,
  "Matt Wallner": 0.12749050586229743,
  "Willson Contreras": 0.10199156569861322,
  "Lars Nootbaar": 0.0917535300129774,
  "Carlos Correa": 0.07728058532398015,
  "Brendan Donovan": 0.06980839466195418,
  "Trevor Larnach": 0.0820071899426668,
  "Jordan Walker": 0.06683963282623072,
  "Ty France": 0.06792927623192553,
  "Nolan Arenado": 0.06844062046168496,
  "Alec Burleson": 0.06743583129665218,
  "Victor Scott II": 0.07622060328850977,
  "Ivan Herrera": 0.061160462957765296,
  "Jose Miranda": 0.07019718073224988,
  "Christian Vazquez": 0.0803030303030303,
  "Willi Castro": 0.07026539641433258,
  "Masyn Winn": 0.05681138819512062,
  "Ryan Jeffers": 0.07361111111111111,
  "Nolan Gorman": 0.09761904761904762,
  "Harrison Bader": 0.060000000000000005,
  "Anthony Santander": 0.1428178653604486,
  "Colton Cowser": 0.12355754175117067,
  "Vladimir Guerrero Jr.": 0.10969195895859131,
  "Adley Rutschman": 0.100768795178697,
  "Cedric Mullins": 0.09199974625568053,
  "Jordan Westburg": 0.0948750508047189,
  "Ryan O'Hearn": 0.0885358137612236,
  "Heston Kjerstad": 0.10335771705285325,
  "Davis Schneider": 0.09251100727480956,
  "Ramon Urias": 0.0710441004981891,
  "Jackson Holliday": 0.07391046264845945,
  "Will Wagner": 0.07241313293330795,
  "Bo Bichette": 0.0712016900551984,
  "Alejandro Kirk": 0.06965594303462343,
  "Ernie Clement": 0.06247395913543397,
  "Nathan Lukes": 0.0730647869706394,
  "Andres Gimenez": 0.06105666390556101,
  "Ryan Mountcastle": 0.07361111111111111,
  "George Springer": 0.07361111111111111,
  "Tyler O'Neill": 0.13333333333333333,
  "Alan Roden": 0.060000000000000005,
  "J.T. Realmuto": 0.0860371237824005,
  "Alec Bohm": 0.07773016508310626,
  "Bryce Harper": 0.13553100002423768,
  "Rafael Marchan": 0.12000000000000001,
  "Luis Garcia Jr.": 0.060000000000000005,
  "Keibert Ruiz": 0.07764743772765163,
  "Josh Bell": 0.09322525098920897,
  "Nick Castellanos": 0.09588457665363656,
  "Kyle Schwarber": 0.16847376075064863,
  "CJ Abrams": 0.08106109341403459,
  "Bryson Stott": 0.07076115057820659,
  "Alex Call": 0.07361111111111111,
  "Trea Turner": 0.10549766543527248,
  "Brandon Marsh": 0.0919089987122774,
  "James Wood": 0.07352686694041417,
  "Jacob Young": 0.05155145808999346,
  "Dylan Crews": 0.11211542760838535,
  "Max Kepler": 0.11467528294608459,
  "Nathaniel Lowe": 0.06534669526598552,
  "Paul DeJong": 0.08626813551764818,
  "Amed Rosario": 0.08160143207303186,
  "Matt Chapman": 0.1501553504089682,
  "Christian Encarnacion-Strand": 0.12443310229704321,
  "Willy Adames": 0.12850073762479017,
  "Heliot Ramos": 0.12284586661225548,
  "Elly De La Cruz": 0.11415964015120199,
  "Wilmer Flores": 0.09060048300296901,
  "Matt McLain": 0.10443556272937037,
  "Jeimer Candelario": 0.10163625398122904,
  "TJ Friedl": 0.09704906847353788,
  "Tyler Fitzgerald": 0.08487853165867543,
  "Gavin Lux": 0.089642361077395,
  "Casey Schmitt": 0.07716674099516449,
  "Santiago Espinal": 0.06712858236673129,
  "Luis Matos": 0.07384858892867346,
  "Patrick Bailey": 0.07892563767987353,
  "Jake Fraley": 0.06730057869244212,
  "Jung Hoo Lee": 0.06593748687845884,
  "Jose Trevino": 0.06265764126219385,
  "Mike Yastrzemski": 0.07361111111111111,
  "LaMonte Wade Jr.": 0.07361111111111111,
  "Spencer Steer": 0.06064721663313213,
  "Jose Ramirez": 0.10684330342529146,
  "Bobby Witt Jr.": 0.11551663863959999,
  "Salvador Perez": 0.11589101764901645,
  "Kyle Manzardo": 0.0981595754919869,
  "Carlos Santana": 0.0976485643098583,
  "Vinnie Pasquantino": 0.09272576795212419,
  "Michael Massey": 0.08994356237474743,
  "Lane Thomas": 0.08207461765411678,
  "Bo Naylor": 0.07889907286995211,
  "MJ Melendez": 0.08413953313658215,
  "Jonathan India": 0.07279534307871877,
  "Daniel Schneemann": 0.09398331137461571,
  "Steven Kwan": 0.058169024357969355,
  "Nolan Jones": 0.06430072460443786,
  "Cavan Biggio": 0.06982067127105294,
  "Maikel Garcia": 0.0681025641025641,
  "Kyle Isbel": 0.06665070829204568,
  "Brayan Rocchio": 0.0653086285322505,
  "Gabriel Arias": 0.060000000000000005,
  "Hunter Renfroe": 0.07361111111111111,
  "Michael Toglia": 0.11167177363631169,
  "Brandon Lowe": 0.10661660616331457,
  "Brenton Doyle": 0.09704992181321362,
  "Hunter Goodman": 0.10341329139954397,
  "Ezequiel Tovar": 0.0981442382572522,
  "Christopher Morel": 0.0981852683517387,
  "Danny Jansen": 0.09525836365302802,
  "Junior Caminero": 0.11120220704689858,
  "Yandy Diaz": 0.09063206200904915,
  "Jonathan Aranda": 0.09447083919246677,
  "Kameron Misner": 0.08875907962720107,
  "Kris Bryant": 0.08115551167202371,
  "Ryan McMahon": 0.09189969558744805,
  "Kyle Farmer": 0.07123107820855004,
  "Nick Martini": 0.082880182364955,
  "Taylor Walls": 0.06821765804342089,
  "Jordan Beck": 0.07354435503358948,
  "Jonny Deluca": 0.06339501917120309,
  "Oneil Cruz": 0.15684241385674827,
  "Joey Bart": 0.11610692420722116,
  "Bryan Reynolds": 0.11943070076681206,
  "Jack Suwinski": 0.13886346300533942,
  "Dane Myers": 0.07533968591918504,
  "Ke'Bryan Hayes": 0.08408121730056056,
  "Kyle Stowers": 0.07438913377013369,
  "Eric Wagaman": 0.09505147309132404,
  "Otto Lopez": 0.05504719381207361,
  "Jared Triolo": 0.11289058767319637,
  "Jonah Bride": 0.06558540498147711,
  "Ji Hwan Bae": 0.09850422382391692,
  "Derek Hill": 0.06633970983323788,
  "Isiah Kiner-Falefa": 0.0653086285322505,
  "Nick Fortes": 0.06712689876823616,
  "Adam Frazier": 0.060377107364685004,
  "Xavier Edwards": 0.04813576346712985,
  "Javier Sanoja": 0.047820424890017026,
  "Andrew McCutchen": 0.08392857142857142,
  "Endy Rodriguez": 0.07361111111111111,
  "Griffin Conine": 0.09761904761904762,
  "Graham Pauley": 0.07361111111111111,
  "Matt Mervis": 0.060000000000000005,
  "Tommy Pham": 0.09761904761904762,
  "Corey Seager": 0.14752227638134469,
  "Rafael Devers": 0.1477210181597178,
  "Jake Burger": 0.13118074075781277,
  "Joc Pederson": 0.11291148678350513,
  "Adolis Garcia": 0.12000712971002742,
  "Wilyer Abreu": 0.11789598985154606,
  "Jarren Duran": 0.11110051544128624,
  "Wyatt Langford": 0.11239748050830478,
  "Alex Bregman": 0.11141685096585209,
  "Marcus Semien": 0.09883049254203949,
  "Triston Casas": 0.1022420004238186,
  "Trevor Story": 0.0940239641661522,
  "Kristian Campbell": 0.07338328420512329,
  "Jonah Heim": 0.07501120802124267,
  "Leody Taveras": 0.06489291222170177,
  "David Hamilton": 0.07797603629628247,
  "Josh Smith": 0.0750671101042865,