{
  "Seiya Suzuki": 0.13267461499882463,
  "Kyle Tucker": 0.11636653008018087,
  "Michael Busch": 0.11172977811550046,
  "Andrew Vaughn": 0.11486664310078484,
  "Pete Crow-Armstrong": 0.12087480090916286,
  "William Contreras": 0.10570077392371659,
  "Danny Jansen": 0.10077773326877983,
  "Carson Kelly": 0.09892735265400536,
  "Owen Caissie": 0.1119946159940739,
  "Christian Yelich": 0.08859546430127281,
  "Matt Shaw": 0.08535785096735693,
  "Willi Castro": 0.07878014953696483,
  "Brice Turang": 0.07785571350716482,
  "Caleb Durbin": 0.07298948209581471,
  "Joey Ortiz": 0.06758763701654628,
  "Blake Perkins": 0.06686844972214515,
  "Sal Frelick": 0.06666543000377886,
  "Nico Hoerner": 0.062170407162129016,
  "Jose Altuve": 0.08211070814482246,
  "Riley Greene": 0.12354457764726258,
  "Jeremy Pena": 0.07446829686214379,
  "Carlos Correa": 0.08753360503517392,
  "Spencer Torkelson": 0.11695329672446377,
  "Javier Baez": 0.07583528410760826,
  "Kerry Carpenter": 0.12272224905482686,
  "Dillon Dingler": 0.07964288039012284,
  "Wenceel Perez": 0.07802344584018935,
  "Colt Keith": 0.08435386015947524,
  "Yainer Diaz": 0.08446100113537776,
  "Christian Walker": 0.10703793374817079,
  "Jacob Melton": 0.07414748138434746,
  "Cam Smith": 0.06985771917393885,
  "Gleyber Torres": 0.09038829347102749,
  "Jesus Sanchez": 0.10547652077760127,
  "Trey Sweeney": 0.07490577442565599,
  "Victor Caratini": 0.0897103891061375,
  "Alec Burleson": 0.11822831815306346,
  "Nolan Gorman": 0.11803359870338194,
  "Ivan Herrera": 0.09473927134591166,
  "Lars Nootbaar": 0.12668870228857051,
  "Masyn Winn": 0.06752662584791479,
  "Javier Sanoja": 0.0681412857116065,
  "Otto Lopez": 0.07448123119190225,
  "Dane Myers": 0.09191070068545316,
  "Thomas Saggese": 0.07337640672266392,
  "Derek Hill": 0.06567020862374039,
  "Agust\u00edn Ram\u00edrez": 0.12623089509942254,
  "Jakob Marsee": 0.07687680364466183,
  "Heriberto Hernandez": 0.0947097115377528,
  "Nathan Church": 0.06994437726659135,
  "Eric Wagaman": 0.0827961259546822,
  "Pedro Pages": 0.07701788204983025,
  "Willson Contreras": 0.11740242655343888,
  "Bo Bichette": 0.06976451926590209,
  "Vladimir Guerrero Jr.": 0.09629415300761042,
  "Bryan Reynolds": 0.08161438153880286,
  "George Springer": 0.07465380537904562,
  "Nathan Lukes": 0.07237771704426452,
  "Ernie Clement": 0.06311770761839396,
  "Isiah Kiner-Falefa": 0.05465108268141296,
  "Jared Triolo": 0.06943525683076342,
  "Daulton Varsho": 0.09441172854553459,
  "Nick Gonzales": 0.06512769881389267,
  "Addison Barger": 0.09663395369925486,
  "Tommy Pham": 0.07279618935241927,
  "Andres Gimenez": 0.06727413579262911,
  "Andrew McCutchen": 0.0953338278325075,
  "Tyler Heineman": 0.06065145004371524,
  "Henry Davis": 0.07085857723358316,
  "Spencer Horwitz": 0.07968636163646842,
  "Alexander Canario": 0.0766308502447341,
  "Kyle Schwarber": 0.18184331385773603,
  "Cal Raleigh": 0.17240644038522085,
  "Bryce Harper": 0.13747098366350888,
  "Eugenio Suarez": 0.1340583064275339,
  "Julio Rodriguez": 0.1118628417731543,
  "Randy Arozarena": 0.11482604126578008,
  "Mitch Garver": 0.09612551543710252,
  "Max Kepler": 0.09612235577864964,
  "Dominic Canzone": 0.09973354074191214,
  "Trea Turner": 0.07912275808831483,
  "Nick Castellanos": 0.08603247600587224,
  "Josh Naylor": 0.08242435486371048,
  "Brandon Marsh": 0.07976158120013682,
  "J.T. Realmuto": 0.08070351302985045,
  "Bryson Stott": 0.07108298688596774,
  "Alec Bohm": 0.07054044824545151,
  "J.P. Crawford": 0.06585806788914808,
  "Cole Young": 0.06474009673008985,
  "Colton Cowser": 0.07781111711184292,
  "Jordan Westburg": 0.09675487069281563,
  "Gunnar Henderson": 0.09480329692758352,
  "Trevor Story": 0.09981388529271741,
  "Jarren Duran": 0.07093810494876762,
  "Ceddanne Rafaela": 0.08914329164486053,
  "Carlos Narvaez": 0.08574213983204763,
  "Romy Gonzalez": 0.10017439089593268,
  "Jackson Holliday": 0.07106757176849013,
  "Abraham Toro": 0.059744101727511906,
  "Alex Bregman": 0.10706082196230012,
  "Dylan Carlson": 0.06545015054010549,
  "Roman Anthony": 0.07230025902268275,
  "Samuel Basallo": 0.0757675691155463,
  "Jeremiah Jackson": 0.06754701330137917,
  "Dylan Beavers": 0.07953951904690822,
  "Ryan Mountcastle": 0.08604523294176736,
  "Nate Eaton": 0.059955413141687654,
  "Ronald Acuna Jr.": 0.15987140536513175,
  "Ozzie Albies": 0.09028725907235285,
  "Luis Robert Jr.": 0.09829240204757948,
  "Michael Harris II": 0.10616732287755992,
  "Marcell Ozuna": 0.12934069794600303,
  "Lenyn Sosa": 0.09199559050057361,
  "Matt Olson": 0.1489936111505913,
  "Andrew Benintendi": 0.0989404732983787,
  "Miguel Vargas": 0.09113523593486711,
  "Brooks Baldwin": 0.08424473876259801,
  "Mike Tauchman": 0.0905445001265722,
  "Nacho Alvarez Jr.": 0.06641536089968551,
  "Colson Montgomery": 0.10791869195782437,
  "Nick Allen": 0.06974776685303001,
  "Drake Baldwin": 0.10811537482561188,
  "Jurickson Profar": 0.10171648377992072,
  "Chase Meidroth": 0.061393279142972844,
  "Kyle Teel": 0.07479803083536136,
  "Kyle Isbel": 0.07176438882127295,
  "Salvador Perez": 0.13333333333333333,
  "Josh Smith": 0.07391078809776094,
  "Corey Seager": 0.1412852433270968,
  "Josh Jung": 0.08392857142857142,
  "Marcus Semien": 0.0983640799947127,
  "Bobby Witt Jr.": 0.14307320078333133,
  "Maikel Garcia": 0.07773741474232204,
  "Vinnie Pasquantino": 0.10851661335959105,
  "Evan Carter": 0.07435506979283026,
  "Adam Frazier": 0.06427206220437445,
  "Jonathan India": 0.08879990675870059,
  "Wyatt Langford": 0.1270382682242213,
  "John Rave": 0.07196883458169083,
  "Joc Pederson": 0.11069407528957077,
  "Mike Yastrzemski": 0.11151066584696832,
  "Rowdy Tellez": 0.1121314473720083,
  "Kyle Higashioka": 0.09761904761904762,
  "Jonah Heim": 0.06677230361916718,
  "Luke Maile": 0.07169969505742715,
  "Cody Freeman": 0.0719403149092745,
  "Dansby Swanson": 0.12541615374607176,
  "Ian Happ": 0.11349261604343436,
  "Isaac Collins": 0.120745686238644,
  "Brandon Lockridge": 0.10325435729847494,
  "Reese McGuire": 0.12051190899395664,
  "Will Smith": 0.15,
  "Brenton Doyle": 0.09285439867044323,
  "Freddie Freeman": 0.14319622032056153,
  "Mookie Betts": 0.13510391009634592,
  "Ezequiel Tovar": 0.10422180978972749,
  "Warming Bernabel": 0.07797307486861506,
  "Andy Pages": 0.13841069281387058,
  "Shohei Ohtani": 0.23829252692135874,
  "Miguel Rojas": 0.09137134420321243,
  "Michael Conforto": 0.10757575757575757,
  "Jordan Beck": 0.09788606899584286,
  "Mickey Moniak": 0.09725094629861589,
  "Teoscar Hernandez": 0.18628182636552781,
  "Tyler Freeman": 0.07366638763157311,
  "Braxton Fulford": 0.07361111111111111,
  "Alex Freeland": 0.09761904761904762,
  "Orlando Arcia": 0.07361111111111111,
  "Ryan Ritter": 0.0701422077211483,
  "Alex Call": 0.08847131615625199,
  "Hunter Goodman": 0.15908524430440216,
  "Kyle Karros": 0.06784921494422816,
  "Dalton Rushing": 0.09710832219602548,
  "Kyle Farmer": 0.060000000000000005,
  "Taylor Ward": 0.12811514246016986,
  "Luis Rengifo": 0.07361111111111111,
  "Mike Trout": 0.16521431939652886,
  "Tyler Stephenson": 0.10757575757575757,
  "Jo Adell": 0.1541724997611854,
  "TJ Friedl": 0.08932052804691211,
  "Spencer Steer": 0.0975697743177779,
  "Noelvi Marte": 0.11047959880229602,
  "Zach Neto": 0.12771695579447995,
  "Elly De La Cruz": 0.1234238613984107,
  "Bryce Teodosio": 0.08317317739731533,
  "Travis d'Arnaud": 0.08392857142857142,
  "Yoan Moncada": 0.10735920940044628,
  "Austin Hays": 0.1058943730909228,
  "Gavin Lux": 0.08487808480108801,
  "Nolan Schanuel": 0.07884745679259958,
  "Ke'Bryan Hayes": 0.07351455246972606,
  "Miguel Andujar": 0.08392857142857142,
  "Matt McLain": 0.08895463880908795,
  "Logan O'Hoppe": 0.12055841847617253,
  "Christian Moore": 0.0802689795461601,
  "Jose Trevino": 0.0747370591297252,
  "Corbin Carroll": 0.12662116139877977,
  "Ketel Marte": 0.11636808906795401,
  "Jose Ramirez": 0.10895194948129862,
  "Kyle Manzardo": 0.10533180965754596,