{
  "Gunnar Henderson": 0.1488699723478035,
  "Spencer Torkelson": 0.1346381694734014,
  "Riley Greene": 0.1402277995115964,
  "Colton Cowser": 0.11343752421572793,
  "Adley Rutschman": 0.10806206153502447,
  "Cedric Mullins": 0.10875742700972339,
  "Dillon Dingler": 0.10797189882306361,
  "Jackson Holliday": 0.1016869887075418,
  "Ryan O'Hearn": 0.09804651856337272,
  "Ramon Laureano": 0.09796921947196573,
  "Gleyber Torres": 0.09951295863470513,
  "Jordan Westburg": 0.09135018993086291,
  "Wenceel Perez": 0.07842934842934843,
  "Javier Baez": 0.07878264709424056,
  "Jahmai Jones": 0.07527736273858229,
  "Parker Meadows": 0.0919543227082555,
  "Zach McKinstry": 0.07033017843208213,
  "Coby Mayo": 0.06259820129791381,
  "Ramon Urias": 0.07361111111111111,
  "Christian Encarnacion-Strand": 0.1368387176633625,
  "Jose Ramirez": 0.1271693609497515,
  "Elly De La Cruz": 0.1187277692356205,
  "Will Benson": 0.11260034065929068,
  "David Fry": 0.1084031259327702,
  "Tyler Stephenson": 0.10093285055603302,
  "Bo Naylor": 0.09214567684829379,
  "Carlos Santana": 0.09885310284570026,
  "Matt McLain": 0.08967122954345239,
  "TJ Friedl": 0.08870343228247629,
  "Gavin Lux": 0.08308339696880389,
  "Gabriel Arias": 0.08339986286999598,
  "Johnathan Rodriguez": 0.07341652674986009,
  "Spencer Steer": 0.07960671265956042,
  "Angel Martinez": 0.06122513239339764,
  "Jake Fraley": 0.06866634929943859,
  "Nolan Jones": 0.0631901578433108,
  "Steven Kwan": 0.06376977322238153,
  "Oneil Cruz": 0.11817906008326841,
  "Kyle Stowers": 0.10436531363248548,
  "Jesus Sanchez": 0.10675431161939125,
  "Bryan Reynolds": 0.08099133060549545,
  "Agust\u00edn Ram\u00edrez": 0.08746715167153786,
  "Spencer Horwitz": 0.07131377510353706,
  "Andrew McCutchen": 0.07311334241213478,
  "Dane Myers": 0.07858433963697121,
  "Otto Lopez": 0.06609555329402511,
  "Henry Davis": 0.10057510518036833,
  "Eric Wagaman": 0.06750877027192817,
  "Nick Gonzales": 0.06265971058154511,
  "Adam Frazier": 0.0548891173849109,
  "Nick Fortes": 0.06948646125116713,
  "Ke'Bryan Hayes": 0.05298900678848634,
  "Javier Sanoja": 0.058511071095104714,
  "Xavier Edwards": 0.04628513917210934,
  "Isiah Kiner-Falefa": 0.05612265959015185,
  "Jared Triolo": 0.060000000000000005,
  "Connor Norby": 0.03616751934933753,
  "Kyle Schwarber": 0.20557676968237723,
  "Kyle Tucker": 0.15825483036145996,
  "Seiya Suzuki": 0.15326626585099895,
  "Pete Crow-Armstrong": 0.14641059335330112,
  "Michael Busch": 0.13093286642325408,
  "Ian Happ": 0.1298926982210524,
  "J.T. Realmuto": 0.10614513876982885,
  "Max Kepler": 0.1107315065898137,
  "Dansby Swanson": 0.1034216983043751,
  "Nick Castellanos": 0.10596208215206465,
  "Trea Turner": 0.10274251755126072,
  "Brandon Marsh": 0.09353373154778676,
  "Alec Bohm": 0.08969999129931101,
  "Bryson Stott": 0.0830679186919811,
  "Matt Shaw": 0.07764856242592251,
  "Otto Kemp": 0.08109072787025118,
  "Reese McGuire": 0.059379688903619554,
  "Nico Hoerner": 0.05994087829536746,
  "Rafael Devers": 0.1245640841947806,
  "Junior Caminero": 0.11650472653028268,
  "Brandon Lowe": 0.1043487992023813,
  "Christopher Morel": 0.093746690073186,
  "Jonathan Aranda": 0.08351140675104797,
  "Yandy Diaz": 0.08327047177395475,
  "Trevor Story": 0.09456756012397873,
  "Roman Anthony": 0.08092818285587958,
  "Carlos Narvaez": 0.09669270733859771,
  "Jarren Duran": 0.08394908283690773,
  "Josh Lowe": 0.07256291119845987,
  "Kristian Campbell": 0.07055383469128372,
  "Abraham Toro": 0.06155631183927172,
  "Danny Jansen": 0.07552523788058081,
  "Marcelo Mayer": 0.05973404015931368,
  "Ceddanne Rafaela": 0.05565529916025721,
  "Jose Caballero": 0.05501316027652042,
  "Jake Mangum": 0.04956066937999291,
  "Kameron Misner": 0.009900990099009901,
  "Pete Alonso": 0.12498233565846391,
  "James Wood": 0.09993450866905637,
  "Juan Soto": 0.10086203056527902,
  "Francisco Lindor": 0.10790398883567764,
  "CJ Abrams": 0.08969897335241703,
  "Josh Bell": 0.08598853728431193,
  "Luis Garcia Jr.": 0.07485214469650808,
  "Nathaniel Lowe": 0.0778187471951705,
  "Brandon Nimmo": 0.07002822001018033,
  "Jeff McNeil": 0.06792154125272219,
  "Alex Call": 0.06587325420658754,
  "Luis Torrens": 0.07339975800968708,
  "Tyrone Taylor": 0.06735112531008411,
  "Keibert Ruiz": 0.06506860100764912,
  "Jose Tena": 0.05726275930372512,
  "Ronny Mauricio": 0.0632921286241747,
  "Starling Marte": 0.062487574403102666,
  "Robert Hassell III": 0.054588389253177216,
  "Jacob Young": 0.060000000000000005,
  "Matt Olson": 0.14110529227208393,
  "Ronald Acuna Jr.": 0.12375090805333415,
  "Austin Riley": 0.12547327637429256,
  "Rhys Hoskins": 0.1127943206247971,
  "Marcell Ozuna": 0.1079970853279131,
  "William Contreras": 0.10210670397059722,
  "Jake Bauers": 0.08788224883591822,
  "Jackson Chourio": 0.09500444698779967,
  "Sean Murphy": 0.08842984058767513,
  "Michael Harris II": 0.08268317386743167,
  "Ozzie Albies": 0.07638507437142564,
  "Isaac Collins": 0.06381806048472716,
  "Eli White": 0.06559873052696019,
  "Caleb Durbin": 0.05573938052537488,
  "Brice Turang": 0.06221909827970434,
  "Joey Ortiz": 0.05802602526521102,
  "Sal Frelick": 0.05225245018852154,
  "Nick Allen": 0.04340392042909205,
  "Christian Yelich": 0.09761904761904762,
  "Alex Verdugo": 0.009900990099009901,
  "Aaron Judge": 0.199624685685753,
  "Paul Goldschmidt": 0.11356306789763951,
  "Trent Grisham": 0.10015107369870678,
  "Cody Bellinger": 0.07601035181446752,
  "Jazz Chisholm Jr.": 0.07912328412328412,
  "Austin Wells": 0.07963537610612514,
  "Bobby Witt Jr.": 0.08229889091494379,
  "Jasson Dom\u00ednguez": 0.0811627178819196,
  "Anthony Volpe": 0.07051473342064411,
  "Salvador Perez": 0.07532644071911845,
  "Vinnie Pasquantino": 0.059497900173790384,
  "Jac Caglianone": 0.05513923703353661,
  "DJ LeMahieu": 0.050652443476271736,
  "Jonathan India": 0.054547203933952265,
  "Mark Canha": 0.04894096337804947,
  "Maikel Garcia": 0.04814685485823321,
  "Freddy Fermin": 0.047707083576648796,
  "Drew Waters": 0.047547670954359286,
  "Corey Seager": 0.126206731212768,
  "Jake Burger": 0.11764682634187278,
  "Matt Wallner": 0.12415785308858387,
  "Byron Buxton": 0.11930289936283511,
  "Wyatt Langford": 0.11441984637592188,
  "Adolis Garcia": 0.10024521380139313,
  "Ryan Jeffers": 0.08994159324792605,
  "Marcus Semien": 0.08744129439488806,
  "Royce Lewis": 0.10300913380793901,
  "Trevor Larnach": 0.08335179975969449,
  "Kyle Higashioka": 0.08159239550328659,
  "Josh Jung": 0.07617306799762939,
  "Josh Smith": 0.07841884066291104,
  "Evan Carter": 0.08051955377348656,
  "Carlos Correa": 0.07223722734225017,
  "Harrison Bader": 0.08490783002815089,
  "Willi Castro": 0.06701397770381727,
  "Ty France": 0.0644212735587226,
  "Christian Vazquez": 0.04236406619385343,
  "Jonah Heim": 0.08392857142857142,
  "Kody Clemens": 0.12000000000000001,
  "Addison Barger": 0.10976014642448362,
  "Nolan Gorman": 0.09596025175173033,
  "George Springer": 0.0850026800612796,
  "Bo Bichette": 0.07931458095731556,
  "Willson Contreras": 0.08399031540904087,
  "Alec Burleson": 0.08067394494578753,
  "Ivan Herrera": 0.06706671035458914,
  "Pedro Pages": 0.06429109183763179,
  "Brendan Donovan": 0.0639596971551172,
  "Alejandro Kirk": 0.07104506503617003,
  "Masyn Winn": 0.062450985968903514,
  "Nolan Arenado": 0.056516268618890676,
  "Jonatan Clase": 0.05812140750815584,
  "Andres Gimenez": 0.058937873331812725,
  "Alan Roden": 0.05632742373200678,
  "Ernie Clement": 0.05577536071266479,
  "Victor Scott II": 0.049890473764645955,
  "Myles Straw": 0.07142857142857142,
  "Lars Nootbaar": 0.09761904761904762,
  "Nathan Lukes": 0.04254452926208652,
  "Miguel Vargas": 0.0947647144518697,
  "Christian Walker": 0.10624735439506754,
  "Isaac Paredes": 0.09076863552806178,
  "Yainer Diaz": 0.09094063779357897,
  "Luis Robert Jr.": 0.08425631530399731,
  "Jeremy Pena": 0.0755429948346615,
  "Tim Elko": 0.07214236532336855,
  "Jose Altuve": 0.06831355333335531,
  "Victor Caratini": 0.0642347080572719,