{
  "Brandon Nimmo": 0.14483867064612407,
  "Francisco Lindor": 0.1375903633978168,
  "Juan Soto": 0.1598956402541576,
  "Pete Alonso": 0.1424448820397255,
  "Tyler O'Neill": 0.12884439934914696,
  "Jordan Westburg": 0.11051122866816364,
  "Colton Cowser": 0.10774674585204772,
  "Jackson Holliday": 0.09987183621002677,
  "Brett Baty": 0.09811366148743585,
  "Jesse Winker": 0.1004503748798459,
  "Ronny Mauricio": 0.10529554792174026,
  "Ramon Laureano": 0.09206323159842666,
  "Coby Mayo": 0.09652292677393327,
  "Luis Vazquez": 0.08967187290716702,
  "Ramon Urias": 0.08535992713050186,
  "Luis Torrens": 0.0687205620593147,
  "Tyrone Taylor": 0.07297883363227028,
  "Jacob Stallings": 0.06683332706260073,
  "Jeff McNeil": 0.09761904761904762,
  "Matt Wallner": 0.16090706602961505,
  "Pete Crow-Armstrong": 0.14944441470480285,
  "Kyle Tucker": 0.15268552663948118,
  "Michael Busch": 0.1483498498465786,
  "Ian Happ": 0.13540900858807237,
  "Seiya Suzuki": 0.1348282857097577,
  "Kody Clemens": 0.14891130546169307,
  "Trevor Larnach": 0.12365178619146872,
  "Royce Lewis": 0.11121443923091887,
  "Ryan Jeffers": 0.10346247029377137,
  "Carson Kelly": 0.09135207053024733,
  "Dansby Swanson": 0.10182155266438325,
  "Willi Castro": 0.09236121588810375,
  "Brooks Lee": 0.12063943001443,
  "Carlos Correa": 0.08777795699777545,
  "Harrison Bader": 0.07742188980677919,
  "Matt Shaw": 0.07125783360069753,
  "Nico Hoerner": 0.0626065242840174,
  "Gunnar Henderson": 0.1356636324736453,
  "Mark Vientos": 0.11324354862718035,
  "Cedric Mullins": 0.11377516124394726,
  "Ryan O'Hearn": 0.10966238044581271,
  "Luisangel Acu\u00f1a": 0.06967349883431578,
  "Hayden Senger": 0.06101154793104681,
  "Elly De La Cruz": 0.14235226815972157,
  "Matt McLain": 0.1308142363767672,
  "Agust\u00edn Ram\u00edrez": 0.1275717082324073,
  "Will Benson": 0.13806083504026467,
  "Austin Hays": 0.12724210346105685,
  "TJ Friedl": 0.10597926384504769,
  "Heriberto Hernandez": 0.10028305681779098,
  "Connor Norby": 0.10592929677212735,
  "Spencer Steer": 0.1012862200429551,
  "Noelvi Marte": 0.09653834899634886,
  "Jose Trevino": 0.08568471825478029,
  "Otto Lopez": 0.08633909837036234,
  "Dane Myers": 0.09429267713282576,
  "Eric Wagaman": 0.10098134912372421,
  "Gavin Lux": 0.09144850861688153,
  "Nick Fortes": 0.0748128139997844,
  "Derek Hill": 0.08507699593929541,
  "Xavier Edwards": 0.060369232771014684,
  "Tyler Stephenson": 0.10757575757575757,
  "Cal Raleigh": 0.2299230586754953,
  "Aaron Judge": 0.21518946896899524,
  "Jazz Chisholm Jr.": 0.14901268238094076,
  "Ben Rice": 0.15463455639552257,
  "Trent Grisham": 0.13565880764921803,
  "Jasson Dom\u00ednguez": 0.14013558442150342,
  "Dominic Canzone": 0.1149729404011172,
  "Jorge Polanco": 0.11456494892169716,
  "Austin Wells": 0.14166679530445359,
  "Randy Arozarena": 0.11655266410951264,
  "Luke Raley": 0.11357283978604074,
  "Cody Bellinger": 0.12209801152945629,
  "Julio Rodriguez": 0.1064850170406829,
  "Jorbit Vivas": 0.08143605768586303,
  "Anthony Volpe": 0.07737626858022212,
  "Cole Young": 0.06613114259908745,
  "J.P. Crawford": 0.07706136615470541,
  "Miles Mastrobuoni": 0.05884375604713843,
  "Wilyer Abreu": 0.11291343981880836,
  "Jonathan Aranda": 0.09931264574387597,
  "Junior Caminero": 0.12879132391945844,
  "Jarren Duran": 0.09357612457013657,
  "Yandy Diaz": 0.09726886760901624,
  "Christopher Morel": 0.09655761971298824,
  "Josh Lowe": 0.08219714073786087,
  "Romy Gonzalez": 0.08120899260605143,
  "Roman Anthony": 0.07729009754271267,
  "Trevor Story": 0.10147209580126638,
  "Carlos Narvaez": 0.0900398978315828,
  "Ceddanne Rafaela": 0.08307436447389163,
  "Abraham Toro": 0.07527338113205687,
  "Ha-Seong Kim": 0.07118921193413225,
  "Marcelo Mayer": 0.0678738525632731,
  "Taylor Walls": 0.07281823808026512,
  "Matt Thaiss": 0.06824677739358069,
  "Chandler Simpson": 0.06199848055164094,
  "Jose Ramirez": 0.15410441161562358,
  "Kyle Manzardo": 0.13378721760400517,
  "Bo Naylor": 0.12563097762869346,
  "Luis Robert Jr.": 0.1123272521273575,
  "Carlos Santana": 0.1105753693390829,
  "Miguel Vargas": 0.10313004698213682,
  "Michael A. Taylor": 0.09517583097123736,
  "Daniel Schneemann": 0.10917747964967588,
  "Nolan Jones": 0.09876363931688521,
  "Austin Slater": 0.09345523336013645,
  "Tim Elko": 0.0875128143457725,
  "Steven Kwan": 0.07532736032736033,
  "Angel Martinez": 0.08809102082124104,
  "Edgar Quero": 0.0849518217088667,
  "Lenyn Sosa": 0.080298184399168,
  "Mike Tauchman": 0.0816947594751249,
  "Chase Meidroth": 0.07389941683952095,
  "Brayan Rocchio": 0.0605106100982625,
  "James Wood": 0.133023849444757,
  "Nolan Gorman": 0.11441352311049584,
  "Josh Bell": 0.10670422816926894,
  "Alec Burleson": 0.11505591298408976,
  "CJ Abrams": 0.09842598617048588,
  "Willson Contreras": 0.09939117666806455,
  "Paul DeJong": 0.09420710301490944,
  "Lars Nootbaar": 0.10217655974662179,
  "Brendan Donovan": 0.08806217314375789,
  "Luis Garcia Jr.": 0.07613016877954941,
  "Yohel Pozo": 0.08205070054473032,
  "Nathaniel Lowe": 0.09111916669168578,
  "Nolan Arenado": 0.08411090280716156,
  "Drew Millas": 0.06955727898140393,
  "Masyn Winn": 0.0756068153584221,
  "Daylen Lile": 0.06948178637697065,
  "Victor Scott II": 0.07253032337023811,
  "Jacob Young": 0.05051790281329923,
  "Pedro Pages": 0.060000000000000005,
  "Austin Riley": 0.21187222954748847,
  "Ronald Acuna Jr.": 0.18645451243255914,
  "Sean Murphy": 0.17894770022429596,
  "Matt Olson": 0.1764188987217141,
  "Marcell Ozuna": 0.15496453900075388,
  "Nick Kurtz": 0.1396174570321098,
  "Brent Rooker": 0.14173737158109306,
  "Lawrence Butler": 0.13987231158097618,
  "Jurickson Profar": 0.12113424037711695,
  "Ozzie Albies": 0.11324260689181943,
  "Tyler Soderstrom": 0.11535068532389865,
  "Michael Harris II": 0.1004067822002815,
  "Max Muncy (2002)": 0.08309843466465072,
  "Austin Wynns": 0.0745438998419838,
  "Miguel Andujar": 0.07775169609967329,
  "Zack Gelof": 0.07990129053036178,
  "Denzel Clarke": 0.07367865607568125,
  "Nick Allen": 0.07245619175065048,
  "Max Schuemann": 0.060000000000000005,
  "Shea Langeliers": 0.12000000000000001,
  "Jacob Wilson": 0.07361111111111111,
  "Corey Seager": 0.17004893956756753,
  "Mike Trout": 0.160882725779582,
  "Jo Adell": 0.15819529435263535,
  "Zach Neto": 0.14603280209013653,
  "Jorge Soler": 0.1449704056670954,
  "Logan O'Hoppe": 0.126675396530469,
  "Jake Burger": 0.1258322901255858,
  "Taylor Ward": 0.1297932892963949,
  "Adolis Garcia": 0.11998996172909217,
  "Wyatt Langford": 0.11874333525207471,
  "Jonah Heim": 0.10322766718490918,
  "Marcus Semien": 0.1053757783039551,
  "Yoan Moncada": 0.09912264884712584,
  "Josh Smith": 0.09787252835156586,
  "Evan Carter": 0.09221910165369983,
  "Alejandro Osuna": 0.07061949302367616,
  "LaMonte Wade Jr.": 0.06669837730935706,
  "Luis Rengifo": 0.08018735934717588,
  "Nolan Schanuel": 0.060000000000000005,
  "Kyle Higashioka": 0.12000000000000001,
  "Corbin Carroll": 0.18194387519084407,
  "Ketel Marte": 0.14820452639980378,
  "Eugenio Suarez": 0.1467333844510813,
  "Manny Machado": 0.1557204206172768,
  "Fernando Tatis Jr.": 0.13257585121787321,
  "Josh Naylor": 0.10762386415859833,
  "Lourdes Gurriel Jr.": 0.0980753203133816,
  "Alek Thomas": 0.08250872395038306,
  "Jackson Merrill": 0.09380936628936835,
  "Gavin Sheets": 0.08195159153473021,
  "Martin Maldonado": 0.08532763971582556,
  "Jake Cronenworth": 0.08822399191717374,
  "Xander Bogaerts": 0.07945315187772223,
  "Geraldo Perdomo": 0.08203726949020851,
  "Jake McCarthy": 0.06656733936567424,
  "Jose Iglesias": 0.06738745080933248,
  "Luis Arraez": 0.06224120082815735,
  "Jose Herrera": 0.060736618919266135,
  "Tristin English": 0.07361111111111111
}