{
  "Elly De La Cruz": 0.10289952641135505,
  "Kyle Tucker": 0.12653473448619143,
  "Seiya Suzuki": 0.11311810169454845,
  "Carson Kelly": 0.0917004030064749,
  "Matt McLain": 0.08826399819380612,
  "Will Benson": 0.09239019831401067,
  "Dansby Swanson": 0.09066970938897169,
  "Ian Happ": 0.0931886423488321,
  "Jake Fraley": 0.06874411494665957,
  "Pete Crow-Armstrong": 0.08188315148027238,
  "TJ Friedl": 0.07218742483249094,
  "Tyler Stephenson": 0.08781425469364988,
  "Spencer Steer": 0.08097042094972219,
  "Justin Turner": 0.07644994599999076,
  "Gavin Lux": 0.06269433403442284,
  "Matt Shaw": 0.07022961864275629,
  "Santiago Espinal": 0.057340170979688444,
  "Nico Hoerner": 0.05954481452914055,
  "Jackson Holliday": 0.08175234882272397,
  "Ramon Urias": 0.06679612758923553,
  "Luis Robert Jr.": 0.07599678437735677,
  "Andrew Benintendi": 0.07050866997225831,
  "Gunnar Henderson": 0.13167510599518,
  "Ryan O'Hearn": 0.10281494369343105,
  "Lenyn Sosa": 0.04677078227446801,
  "Heston Kjerstad": 0.08768163714608525,
  "Ryan Mountcastle": 0.08632108238274791,
  "Adley Rutschman": 0.09073189361831495,
  "Miguel Vargas": 0.08362615143193713,
  "Mike Tauchman": 0.06849557760900143,
  "Josh Rojas": 0.04658204782269287,
  "Dylan Carlson": 0.05620960390223636,
  "Joshua Palacios": 0.07662162179706496,
  "Chase Meidroth": 0.050317862026161425,
  "Edgar Quero": 0.06326615781775484,
  "Chadwick Tromp": 0.060000000000000005,
  "Emmanuel Rivera": 0.054212846798210555,
  "Kyle Schwarber": 0.1665946226702987,
  "Rhys Hoskins": 0.12091253759272513,
  "Jackson Chourio": 0.11269748334927938,
  "William Contreras": 0.12269028539342061,
  "Christian Yelich": 0.11665573189075507,
  "Nick Castellanos": 0.09041166763735196,
  "Trea Turner": 0.08918027717979624,
  "J.T. Realmuto": 0.09400334916575326,
  "Max Kepler": 0.09661795219760144,
  "Edmundo Sosa": 0.06773076171682804,
  "Alec Bohm": 0.07768952154041353,
  "Joey Ortiz": 0.0591511820858041,
  "Caleb Durbin": 0.060466058859761126,
  "Brandon Marsh": 0.07234910517333726,
  "Brice Turang": 0.06685940300833917,
  "Isaac Collins": 0.06752531004511203,
  "Bryson Stott": 0.06163922957282466,
  "Sal Frelick": 0.06036728555867312,
  "Vladimir Guerrero Jr.": 0.14366409788500922,
  "Brent Rooker": 0.12085370341436821,
  "Shea Langeliers": 0.11120717615539863,
  "Lawrence Butler": 0.10609627329192546,
  "Tyler Soderstrom": 0.10392831678125795,
  "George Springer": 0.1035543819688047,
  "Daulton Varsho": 0.08559559013182201,
  "Alejandro Kirk": 0.08872240849201633,
  "Bo Bichette": 0.09923798018313326,
  "Scott Alexander": 0.07495867287209458,
  "Drew Avans": 0.0604460549326617,
  "Logan Davidson": 0.06972829972829972,
  "Addison Barger": 0.07037808832135073,
  "Nathan Lukes": 0.06097432683166823,
  "Denzel Clarke": 0.05155436768128584,
  "Ernie Clement": 0.0747271191210585,
  "Jacob Wilson": 0.06282363256047467,
  "Myles Straw": 0.04577822500090807,
  "Luis Urias": 0.01098901098901099,
  "Michael Stefanic": 0.0070921985815602835,
  "Mike Trout": 0.11556870779539061,
  "Logan O'Hoppe": 0.0902612941166722,
  "Taylor Ward": 0.09321845431677771,
  "Kyle Manzardo": 0.08160633332284167,
  "Jose Ramirez": 0.08591605168484762,
  "Zach Neto": 0.08420942066876685,
  "Jorge Soler": 0.07683875667587559,
  "Jo Adell": 0.07830252237512222,
  "Carlos Santana": 0.06786667651206046,
  "Bo Naylor": 0.08137205344442186,
  "Daniel Schneemann": 0.06448439380984006,
  "Nolan Schanuel": 0.057330617983350964,
  "Nolan Jones": 0.049326936531482006,
  "Luis Rengifo": 0.046778550217388866,
  "Angel Martinez": 0.060002549664203805,
  "Steven Kwan": 0.04941984816175822,
  "Gabriel Arias": 0.053827268599071894,
  "Yoan Moncada": 0.10757575757575757,
  "Pete Alonso": 0.12840657892096263,
  "Juan Soto": 0.11099717007848948,
  "Francisco Lindor": 0.10729069295523873,
  "Mark Vientos": 0.11291147455839945,
  "Francisco Alvarez": 0.09193525867136977,
  "Hunter Goodman": 0.08138021024553276,
  "Brandon Nimmo": 0.07576715460449815,
  "Jordan Beck": 0.06812044262132746,
  "Tyrone Taylor": 0.07048878820522143,
  "Brenton Doyle": 0.0599242636664494,
  "Ryan McMahon": 0.059534113813694285,
  "Ezequiel Tovar": 0.06799595128300079,
  "Michael Toglia": 0.06727078781625223,
  "Starling Marte": 0.05826264530945661,
  "Luisangel Acu\u00f1a": 0.06141843971631206,
  "Kyle Farmer": 0.05224429095655674,
  "Tyler Freeman": 0.06452380952380952,
  "Matt Chapman": 0.12450905391182396,
  "Heliot Ramos": 0.11526422813327189,
  "Mike Yastrzemski": 0.1061081733407877,
  "Willy Adames": 0.097787218387078,
  "Agust\u00edn Ram\u00edrez": 0.09504894567797793,
  "Dane Myers": 0.0804180743268539,
  "Connor Norby": 0.08360475353387356,
  "Wilmer Flores": 0.08079338476413381,
  "Kyle Stowers": 0.08544820758020241,
  "Eric Wagaman": 0.08361900893990445,
  "Casey Schmitt": 0.07058478373517307,
  "Jung Hoo Lee": 0.07476149399189065,
  "Tyler Fitzgerald": 0.0591447227057618,
  "Nick Fortes": 0.055066098245339604,
  "Otto Lopez": 0.055592611711281915,
  "Patrick Bailey": 0.07035650926740036,
  "Javier Sanoja": 0.04806326392622333,
  "Jesus Sanchez": 0.07361111111111111,
  "LaMonte Wade Jr.": 0.07361111111111111,
  "Victor Mesa": 0.060000000000000005,
  "Austin Riley": 0.11870399696317173,
  "Ronald Acuna Jr.": 0.1205569952742172,
  "Rafael Devers": 0.12209811887196295,
  "Ozzie Albies": 0.07960072937372817,
  "Matt Olson": 0.12580110296145114,
  "Marcell Ozuna": 0.11317091752809377,
  "Jarren Duran": 0.0888829661121509,
  "Trevor Story": 0.07070364216539397,
  "Carlos Narvaez": 0.07413440149105541,
  "Michael Harris II": 0.0734541798614284,
  "Ceddanne Rafaela": 0.05516495776159662,
  "Wilyer Abreu": 0.11409040638313613,
  "Marcelo Mayer": 0.06173930888925215,
  "Abraham Toro": 0.058238670761296615,
  "Kristian Campbell": 0.06945709385005983,
  "Alex Verdugo": 0.05575427701810928,
  "Luke Williams": 0.04782022235540542,
  "Sean Murphy": 0.10458548873421011,
  "Drake Baldwin": 0.01098901098901099,
  "Corey Seager": 0.11255503455300615,
  "Lars Nootbaar": 0.10062930486204143,
  "Willson Contreras": 0.09107891049538647,
  "Jake Burger": 0.1082053920987416,
  "Wyatt Langford": 0.08669768564463204,
  "Masyn Winn": 0.07143963194370903,
  "Kyle Higashioka": 0.08039471974201787,
  "Josh Jung": 0.07904219046649923,
  "Nolan Arenado": 0.0702251509211876,
  "Yohel Pozo": 0.06922025505358839,
  "Jonah Heim": 0.08137400416153269,
  "Ivan Herrera": 0.06798472691772466,
  "Brendan Donovan": 0.07495921073242798,
  "Alec Burleson": 0.08582015930867828,
  "Marcus Semien": 0.07092210411702081,
  "Victor Scott II": 0.04886389579372036,
  "Sam Haggerty": 0.05027006850760649,
  "Ezequiel Duran": 0.05003042468138454,
  "Riley Greene": 0.08497229523409701,
  "Spencer Torkelson": 0.08454801480509215,
  "Kerry Carpenter": 0.09329540370998839,
  "Bobby Witt Jr.": 0.09049939986029643,
  "Salvador Perez": 0.08407226127024836,
  "Vinnie Pasquantino": 0.06695011940698121,
  "Gleyber Torres": 0.059815158816590684,
  "Dillon Dingler": 0.055439981169372404,
  "Michael Massey": 0.06190525632014993,
  "Trey Sweeney": 0.05568540267104861,
  "John Rave": 0.06415259142330966,
  "Colt Keith": 0.056714639705070326,
  "Jonathan India": 0.0594616736084769,
  "Zach McKinstry": 0.07427899686520377,
  "Wenceel Perez": 0.048995458926625574,
  "Maikel Garcia": 0.04838748892021868,
  "Drew Waters": 0.044133339346105305,
  "Kyle Isbel": 0.0543473094761661,
  "Javier Baez": 0.0196078431372549,
  "Christian Walker": 0.118312262785947,
  "Yainer Diaz": 0.07857529060935546,
  "Isaac Paredes": 0.09036440699324604,
  "Jeremy Pena": 0.07558462803876183,
  "Yandy Diaz": 0.07456859450620154,
  "Jonathan Aranda": 0.0670794373996871,
  "Jose Altuve": 0.06853751104188081,
  "Junior Caminero": 0.06997651880895445,
  "Christopher Morel": 0.08230722958983828,
  "Zach Dezenzo": 0.09400846224375635,
  "Jake Meyers": 0.06493537271660296,
  "Cam Smith": 0.06841883210001781,
  "Danny Jansen": 0.0614755995943006,
  "Jake Mangum": 0.05005823312114315,