{
  "Gunnar Henderson": 0.12990943279301695,
  "Bryan Reynolds": 0.11052199745096254,
  "Alexander Canario": 0.10247898417313711,
  "Samuel Basallo": 0.1080130273852664,
  "Alex Jackson": 0.10774520795012599,
  "Tommy Pham": 0.10070083389422659,
  "Colton Cowser": 0.10353235523705658,
  "Andrew McCutchen": 0.09683311474734425,
  "Joey Bart": 0.09847685484658665,
  "Jackson Holliday": 0.0918735757912133,
  "Liover Peguero": 0.0972577183826757,
  "Nick Gonzales": 0.08171180720188054,
  "Jeremiah Jackson": 0.07719194845578073,
  "Dylan Beavers": 0.0944449265992957,
  "Jared Triolo": 0.06841412648430192,
  "Coby Mayo": 0.08342090634606651,
  "Nick Yorke": 0.05989510949227509,
  "Emmanuel Rivera": 0.06319485438803621,
  "Brandon Lowe": 0.14637289110039856,
  "Junior Caminero": 0.15592463004125087,
  "Josh Lowe": 0.1091056349372041,
  "Tristan Gray": 0.12882785455219525,
  "Miguel Vargas": 0.09394310368797948,
  "Colson Montgomery": 0.11593074648061168,
  "Brooks Baldwin": 0.09762503857485937,
  "Jake Mangum": 0.05915061447147189,
  "Chase Meidroth": 0.06347640085215951,
  "Michael A. Taylor": 0.1086059710590227,
  "Hunter Feduccia": 0.0828517822832559,
  "Curtis Mead": 0.07938477233063035,
  "Edgar Quero": 0.07180334573036098,
  "Chandler Simpson": 0.04594398656898657,
  "Carson Williams": 0.08464639654214494,
  "Korey Lee": 0.09223126335622067,
  "Will Robertson": 0.08560490853006869,
  "Bob Seymour": 0.11148152033290654,
  "George Springer": 0.18635339544006568,
  "Yordan Alvarez": 0.17384624815757704,
  "Daulton Varsho": 0.16310040577272322,
  "Vladimir Guerrero Jr.": 0.1544842603676634,
  "Davis Schneider": 0.1442468638054534,
  "Addison Barger": 0.12864283605953986,
  "Jesus Sanchez": 0.10745684241051312,
  "Christian Walker": 0.11830199586733045,
  "Carlos Correa": 0.10128746578877626,
  "Yainer Diaz": 0.10767636684303351,
  "Jose Altuve": 0.0934716135889845,
  "Taylor Trammell": 0.09266054352688015,
  "Tyler Heineman": 0.07467398070339247,
  "Ernie Clement": 0.07079702997095817,
  "Jeremy Pena": 0.07564873857923751,
  "Nathan Lukes": 0.06781201714602486,
  "Andres Gimenez": 0.06599527887571366,
  "Mauricio Dubon": 0.06857142857142857,
  "Agust\u00edn Ram\u00edrez": 0.1263135807018042,
  "Riley Adams": 0.09651963679582999,
  "Andr\u00e9s Chaparro": 0.0902204569050123,
  "Paul DeJong": 0.09062943674196458,
  "Heriberto Hernandez": 0.08504286819558077,
  "Dylan Crews": 0.08147364295512444,
  "Eric Wagaman": 0.07527377061167695,
  "Joey Wiemer": 0.07703278711722225,
  "CJ Abrams": 0.06989789423190193,
  "Brady House": 0.07003556884648503,
  "Maximo Acosta": 0.06050745160651833,
  "Jakob Marsee": 0.07025898230579361,
  "Nasim Nunez": 0.05336462321756439,
  "Daylen Lile": 0.06669839644544727,
  "Javier Sanoja": 0.057740885979316106,
  "Jacob Young": 0.04936012465075955,
  "Xavier Edwards": 0.050509903314125165,
  "Aaron Judge": 0.19643131675462075,
  "Giancarlo Stanton": 0.16919091623346363,
  "Jazz Chisholm Jr.": 0.12625951376583644,
  "Kerry Carpenter": 0.1266540580228415,
  "Riley Greene": 0.12990943279301695,
  "Ben Rice": 0.12084992773501778,
  "Spencer Torkelson": 0.11838334113020657,
  "Austin Slater": 0.08476661392283379,
  "Paul Goldschmidt": 0.10764161347131687,
  "Cody Bellinger": 0.10504575651213283,
  "Gleyber Torres": 0.09246927374612895,
  "Ryan McMahon": 0.09585531684225294,
  "Javier Baez": 0.07427126434601279,
  "Dillon Dingler": 0.07820716619213136,
  "Wenceel Perez": 0.08473450576383655,
  "Colt Keith": 0.0707432774302263,
  "Parker Meadows": 0.07603088222622134,
  "Jose Caballero": 0.06432363534514071,
  "Bobby Witt Jr.": 0.11556089453787663,
  "Salvador Perez": 0.11361284258982468,
  "Jose Ramirez": 0.111293439812756,
  "Vinnie Pasquantino": 0.10980346884804865,
  "Mike Yastrzemski": 0.10343947013824582,
  "Kyle Manzardo": 0.10897019931686171,
  "Bo Naylor": 0.09640021993462451,
  "Nolan Jones": 0.08062080193910043,
  "Daniel Schneemann": 0.08711790211436153,
  "George Valera": 0.06405971453131433,
  "Jac Caglianone": 0.08608512826211506,
  "C. J. Kayfus": 0.067135923658107,
  "Maikel Garcia": 0.06430239620359712,
  "Jonathan India": 0.0588920744622499,
  "Kyle Isbel": 0.05553982118390515,
  "Luke Maile": 0.05394359004008634,
  "Brayan Rocchio": 0.05505548086665108,
  "Steven Kwan": 0.06001867999150608,
  "Pete Alonso": 0.154113561407954,
  "Kyle Schwarber": 0.14940477917294598,
  "Juan Soto": 0.12931931076232542,
  "Francisco Lindor": 0.1171438466572332,
  "Mark Vientos": 0.10888343024832049,
  "Bryce Harper": 0.10606189475411837,
  "Nick Castellanos": 0.10014511495385812,
  "Harrison Bader": 0.1011948956143668,
  "Brandon Marsh": 0.06317274483725911,
  "J.T. Realmuto": 0.08093708373686372,
  "Brandon Nimmo": 0.07179750001143906,
  "Luisangel Acu\u00f1a": 0.05649712947885256,
  "Starling Marte": 0.06712653327139924,
  "Otto Kemp": 0.07328954932569855,
  "Hayden Senger": 0.056764011728126555,
  "Weston Wilson": 0.07730929888824625,
  "Edmundo Sosa": 0.07057217932217932,
  "Jeff McNeil": 0.0570753852003852,
  "Bryson Stott": 0.060000000000000005,
  "Francisco Alvarez": 0.09761904761904762,
  "Luis Rengifo": 0.05559357424299952,
  "J.P. Crawford": 0.04963952475567132,
  "Taylor Ward": 0.09766559031326741,
  "Cal Raleigh": 0.17158432537598897,
  "Eugenio Suarez": 0.10343303285703245,
  "Mike Trout": 0.14948643299997724,
  "Jo Adell": 0.15,
  "Victor Robles": 0.060000000000000005,
  "Bryce Teodosio": 0.06524410774410774,
  "Zach Neto": 0.12670240119570433,
  "Julio Rodriguez": 0.10750231377051095,
  "Jorge Polanco": 0.09329469913730087,
  "Randy Arozarena": 0.0952752410328168,
  "Travis d'Arnaud": 0.09089355782113605,
  "Oswald Peraza": 0.07361111111111111,
  "Yoan Moncada": 0.0990245785588431,
  "Josh Naylor": 0.06955452566391679,
  "Cole Young": 0.060000000000000005,
  "Leo Rivas": 0.051154891304347826,
  "Luke Raley": 0.06258069426200479,
  "Chris Taylor": 0.07252207739359963,
  "Logan Davidson": 0.06756841435844163,
  "Gavin Sheets": 0.1268994716781067,
  "Hunter Goodman": 0.13542792859213884,
  "Fernando Tatis Jr.": 0.14203190028374335,
  "Manny Machado": 0.15085847836835978,
  "Ramon Laureano": 0.13896555128893998,
  "Jackson Merrill": 0.13246783050583086,
  "Mickey Moniak": 0.10971228376366716,
  "Ezequiel Tovar": 0.08797742369262165,
  "Michael Toglia": 0.08766204049250026,
  "Jordan Beck": 0.08403481620317552,
  "Ryan O'Hearn": 0.09155300099433655,
  "Brenton Doyle": 0.08922912513779405,
  "Jake Cronenworth": 0.07503135410542817,
  "Freddy Fermin": 0.06760336011062164,
  "Kyle Karros": 0.05771431256510135,
  "Tyler Freeman": 0.06149644026027253,
  "Yanquiel Fern\u00e1ndez": 0.08219127916866911,
  "Luis Arraez": 0.06424772308796373,
  "Jose Iglesias": 0.060000000000000005
}