{
  "Jose Ramirez": 0.13270945443869933,
  "Kyle Manzardo": 0.12425383680042065,
  "Tyler O'Neill": 0.11564639404006176,
  "Carlos Santana": 0.09939951442753682,
  "Gunnar Henderson": 0.11687625074017885,
  "Jordan Westburg": 0.10642288384856922,
  "Colton Cowser": 0.11171846909412923,
  "Bo Naylor": 0.10248990623738002,
  "Ramon Laureano": 0.09297558560130374,
  "Cedric Mullins": 0.10090339883157563,
  "Jackson Holliday": 0.09384673634830523,
  "Ryan O'Hearn": 0.0947268835206755,
  "Daniel Schneemann": 0.0954749687113869,
  "Angel Martinez": 0.08622161174222721,
  "Nolan Jones": 0.08390309889844491,
  "Alex Jackson": 0.06312939352714363,
  "Steven Kwan": 0.06685463092134757,
  "Brayan Rocchio": 0.07370286248705701,
  "Ke'Bryan Hayes": 0.06499748057685165,
  "Bryan Reynolds": 0.09458794149445898,
  "Andrew McCutchen": 0.09494374460670693,
  "Jack Suwinski": 0.09191543867507174,
  "Oneil Cruz": 0.12834547816178724,
  "Riley Greene": 0.11633966895951953,
  "Spencer Torkelson": 0.09468409255768195,
  "Parker Meadows": 0.07267983456602382,
  "Dillon Dingler": 0.06830684874472999,
  "Zach McKinstry": 0.06627320044221076,
  "Henry Davis": 0.06262507937748851,
  "Nick Gonzales": 0.0730163055977644,
  "Isiah Kiner-Falefa": 0.05985359346801627,
  "Colt Keith": 0.07567977325454321,
  "Trey Sweeney": 0.06561626282207042,
  "Gleyber Torres": 0.06582093860600188,
  "Spencer Horwitz": 0.07644373980398267,
  "Matt Vierling": 0.06283674031889079,
  "Xavier Edwards": 0.05294371546961326,
  "Jesus Sanchez": 0.11491493349009257,
  "Manny Machado": 0.12427496822459459,
  "Fernando Tatis Jr.": 0.12501193653367565,
  "Jake Cronenworth": 0.08523764274895823,
  "Dane Myers": 0.06762371290014485,
  "Luis Arraez": 0.0710627656069645,
  "Jackson Merrill": 0.10031864638115154,
  "Otto Lopez": 0.09019826722032605,
  "Xander Bogaerts": 0.08199333985132136,
  "Kyle Stowers": 0.1294252466645665,
  "Agust\u00edn Ram\u00edrez": 0.11209206582906615,
  "Graham Pauley": 0.0751814852374145,
  "Gavin Sheets": 0.10512677933922898,
  "Liam Hicks": 0.06992330811696494,
  "Heriberto Hernandez": 0.07912792373652708,
  "Jose Iglesias": 0.05778846346376411,
  "Martin Maldonado": 0.057285938792248185,
  "Kyle Schwarber": 0.17753187381261207,
  "Bryce Harper": 0.14512763864405073,
  "Wilyer Abreu": 0.11953310341181049,
  "Jarren Duran": 0.09967842928477692,
  "Trea Turner": 0.0978940228697884,
  "Max Kepler": 0.09490380857272611,
  "Alex Bregman": 0.10195775693123425,
  "Trevor Story": 0.09234855211883418,
  "Ceddanne Rafaela": 0.08279766096023433,
  "Nick Castellanos": 0.10753801850773313,
  "J.T. Realmuto": 0.09155361168478665,
  "Brandon Marsh": 0.07764439172875404,
  "Otto Kemp": 0.07876011810556356,
  "Roman Anthony": 0.08589838305656482,
  "Marcelo Mayer": 0.07292242895664611,
  "Bryson Stott": 0.07293980844426748,
  "Carlos Narvaez": 0.0724770879239228,
  "Abraham Toro": 0.08790804597701149,
  "Austin Hays": 0.11463951030965067,
  "James Wood": 0.12828631757961328,
  "Elly De La Cruz": 0.13073190608343244,
  "Matt McLain": 0.10832719375081681,
  "CJ Abrams": 0.10746678914496594,
  "Noelvi Marte": 0.09752421513207894,
  "Spencer Steer": 0.09651410979695042,
  "Nathaniel Lowe": 0.0914954401546111,
  "Josh Bell": 0.10462243905703723,
  "TJ Friedl": 0.0872814334569568,
  "Daylen Lile": 0.08064812362333423,
  "Jose Trevino": 0.06977673153825596,
  "Amed Rosario": 0.07013774153769788,
  "Brady House": 0.08243804549115583,
  "Gavin Lux": 0.07777521364665285,
  "Riley Adams": 0.08394006133008923,
  "Jake Fraley": 0.07547874329044812,
  "Jacob Young": 0.06373327563101255,
  "Drew Millas": 0.060000000000000005,
  "Aaron Judge": 0.21761402784318634,
  "Giancarlo Stanton": 0.1693601181106025,
  "Jazz Chisholm Jr.": 0.12460026091516539,
  "George Springer": 0.11959103050057375,
  "Vladimir Guerrero Jr.": 0.11653333849402303,
  "Austin Wells": 0.11210804151341004,
  "Trent Grisham": 0.13713064713064713,
  "Bo Bichette": 0.10277088337670219,
  "Davis Schneider": 0.10376948632762585,
  "Alejandro Kirk": 0.0915608395670227,
  "Paul Goldschmidt": 0.10125294997634621,
  "Jasson Dom\u00ednguez": 0.09316926899266108,
  "Ernie Clement": 0.07451693604160407,
  "Anthony Volpe": 0.08287496723396653,
  "Joey Loperfido": 0.06640689442489463,
  "Leo Jimenez": 0.07581712146929538,
  "Oswald Peraza": 0.07179530437676317,
  "Myles Straw": 0.056927655677655675,
  "Juan Soto": 0.15446680801753265,
  "Mike Trout": 0.16079403998843853,
  "Pete Alonso": 0.16166918621026624,
  "Jo Adell": 0.13334556671705125,
  "Francisco Lindor": 0.14324679007889443,
  "Brandon Nimmo": 0.11572148734531632,
  "Zach Neto": 0.11249063684473384,
  "Taylor Ward": 0.11272110349786058,
  "Logan O'Hoppe": 0.11889298989468415,
  "Mark Vientos": 0.11987010354440703,
  "Brett Baty": 0.09138166301057132,
  "Yoan Moncada": 0.09319129450653668,
  "Francisco Alvarez": 0.09930267294501952,
  "Jeff McNeil": 0.07089360986026598,
  "LaMonte Wade Jr.": 0.0666757826065313,
  "Nolan Schanuel": 0.0764473035591048,
  "Luisangel Acu\u00f1a": 0.07141641253054297,
  "Luis Rengifo": 0.06369692925006525,
  "Ronald Acuna Jr.": 0.14716976097477785,
  "Rafael Devers": 0.14833598959505112,
  "Matt Olson": 0.1497277810490712,
  "Matt Chapman": 0.13445993619906663,
  "Willy Adames": 0.12676310734733454,
  "Sean Murphy": 0.1264357755534226,
  "Mike Yastrzemski": 0.11272672729424836,
  "Drake Baldwin": 0.10443165755298624,
  "Jurickson Profar": 0.10038413500707051,
  "Heliot Ramos": 0.10852556728928084,
  "Ozzie Albies": 0.09614387753080328,
  "Michael Harris II": 0.09118082624523847,
  "Casey Schmitt": 0.08258134794763741,
  "Jung Hoo Lee": 0.07012615523831735,
  "Wilmer Flores": 0.07374531526148195,
  "Nacho Alvarez Jr.": 0.0693467673983048,
  "Patrick Bailey": 0.07420533003933738,
  "Nick Allen": 0.05204481792717087,
  "Junior Caminero": 0.18083195446308412,
  "Christopher Morel": 0.11315313977482218,
  "Yandy Diaz": 0.13174851319813957,
  "Jonathan Aranda": 0.1259515659087282,
  "Danny Jansen": 0.11200364828105804,
  "Andrew Benintendi": 0.10845860622284859,
  "Luis Robert Jr.": 0.10427725370522059,
  "Miguel Vargas": 0.10693257755498425,
  "Josh Lowe": 0.11371560484302273,
  "Mike Tauchman": 0.09531010940113374,
  "Kyle Teel": 0.07672364050130503,
  "Colson Montgomery": 0.07524312028979267,
  "Ha-Seong Kim": 0.0865372191752395,
  "Brooks Baldwin": 0.07619323630539841,
  "Lenyn Sosa": 0.08162456095412016,
  "Chase Meidroth": 0.06880279479579732,
  "Taylor Walls": 0.06141802439512653,
  "Chandler Simpson": 0.06181613423100429,
  "Michael Busch": 0.10157325406167941,
  "Seiya Suzuki": 0.11892244949768511,
  "Kyle Tucker": 0.10241892931697122,
  "Bobby Witt Jr.": 0.10784738527307065,
  "Salvador Perez": 0.09836805068055583,
  "Dansby Swanson": 0.09031018880765074,
  "Carson Kelly": 0.09165004922011126,
  "Vinnie Pasquantino": 0.08966826710974568,
  "Ian Happ": 0.08614074926183851,
  "Jac Caglianone": 0.07924376231845286,
  "Jonathan India": 0.07955683664966692,
  "Maikel Garcia": 0.06672518109190295,
  "Nick Loftin": 0.06069946341976002,
  "John Rave": 0.06849798733492724,
  "Justin Turner": 0.07317815636534378,
  "Nico Hoerner": 0.07427847734838615,
  "Kyle Isbel": 0.06042455074950164,
  "Matt Shaw": 0.06363459909655562,
  "Pete Crow-Armstrong": 0.09761904761904762,
  "Adolis Garcia": 0.11191901386320897,
  "Corey Seager": 0.15888615340478138,
  "Lawrence Butler": 0.10999351266767714,
  "Tyler Soderstrom": 0.11237482934884777,
  "Brent Rooker": 0.13148655101510304,
  "Miguel Andujar": 0.07350698617312897,
  "Shea Langeliers": 0.1250162906128391,
  "Marcus Semien": 0.1006978833508339,
  "Kyle Higashioka": 0.1025130321456734,
  "Wyatt Langford": 0.11420086516911947,
  "Jacob Wilson": 0.0681930747830599,
  "Max Muncy (2002)": 0.0796417849865931,
  "Nick Kurtz": 0.15606465945260636,
  "Cody Freeman": 0.08450092361749094,
  "Luis Urias": 0.0745717872695645,
  "Josh Smith": 0.07085704290973657,
  "Michael Helman": 0.08874971103228309,
  "Josh Jung": 0.08780450402029918,