{
  "Byron Buxton": 0.11956835243818278,
  "Tyler O'Neill": 0.09967359800693135,
  "Gunnar Henderson": 0.09175346000580613,
  "Ryan O'Hearn": 0.07427188863252449,
  "Trevor Larnach": 0.08250742327621921,
  "Adley Rutschman": 0.07540398446223082,
  "Cedric Mullins": 0.07180297157597038,
  "Royce Lewis": 0.07586193654712563,
  "Jackson Holliday": 0.06440291223343625,
  "Ryan Mountcastle": 0.07771834904273739,
  "Ramon Laureano": 0.0810162428090254,
  "Carlos Correa": 0.06302103982238663,
  "Harrison Bader": 0.05737365814014655,
  "Brooks Lee": 0.06061882262339562,
  "Willi Castro": 0.05873321203804252,
  "Ty France": 0.05678830848034899,
  "Ramon Urias": 0.05129829715707578,
  "Christian Vazquez": 0.049212899134313974,
  "Ryan Jeffers": 0.07361111111111111,
  "Heston Kjerstad": 0.08392857142857142,
  "Emmanuel Rivera": 0.060000000000000005,
  "Jonah Bride": 0.060000000000000005,
  "Kyle Schwarber": 0.1282220635646884,
  "Bryce Harper": 0.12108797087037165,
  "Willson Contreras": 0.09978399289829173,
  "Lars Nootbaar": 0.08523827464098721,
  "Max Kepler": 0.0909935454631398,
  "Nolan Arenado": 0.09399951102272826,
  "Nick Castellanos": 0.08689505555299602,
  "Brandon Marsh": 0.07284063982170635,
  "Ivan Herrera": 0.07427592209770427,
  "Trea Turner": 0.07905186845458102,
  "Masyn Winn": 0.08422735442088194,
  "Jordan Walker": 0.07979435803149326,
  "Pedro Pages": 0.07236425296562754,
  "Brendan Donovan": 0.0638141299300137,
  "Alec Bohm": 0.06591266047835595,
  "Bryson Stott": 0.05576481320857937,
  "Victor Scott II": 0.05349039264397218,
  "Rafael Marchan": 0.0593501154642459,
  "J.T. Realmuto": 0.07361111111111111,
  "Jose Barrero": 0.07361111111111111,
  "Jose Ramirez": 0.13615549097401797,
  "Kyle Manzardo": 0.1320508204532595,
  "Rhys Hoskins": 0.11006072551332428,
  "Jackson Chourio": 0.10640352692901574,
  "Daniel Schneemann": 0.09484988828770627,
  "Jhonkensy Noel": 0.12684116806845258,
  "Christian Yelich": 0.0936491288765879,
  "William Contreras": 0.0935930173337834,
  "Jake Bauers": 0.0864071444986938,
  "Gabriel Arias": 0.08853789277956295,
  "Angel Martinez": 0.07293830289284835,
  "Nolan Jones": 0.07847459341670106,
  "Sal Frelick": 0.05509850609188357,
  "Andruw Monasterio": 0.07010194197694197,
  "Austin Hedges": 0.057742624389741835,
  "Caleb Durbin": 0.05438287550079087,
  "Steven Kwan": 0.06817416963799477,
  "Brice Turang": 0.05562976008380971,
  "Carlos Santana": 0.13333333333333333,
  "Joey Ortiz": 0.060000000000000005,
  "Matt Chapman": 0.09662325328991996,
  "Eugenio Suarez": 0.08668529922931865,
  "Corbin Carroll": 0.07811825673157126,
  "Heliot Ramos": 0.07854091980836828,
  "Ketel Marte": 0.07301499633858308,
  "Willy Adames": 0.07773437159647381,
  "Sam Huff": 0.059968775678556664,
  "Wilmer Flores": 0.05588533703541387,
  "Josh Naylor": 0.05511491262634121,
  "Luis Matos": 0.04970960637158701,
  "Lourdes Gurriel Jr.": 0.04937596627115056,
  "Pavin Smith": 0.048931472231264046,
  "David Villar": 0.05104358744709622,
  "Jung Hoo Lee": 0.04734597069196621,
  "Christian Koss": 0.0503551928471029,
  "Geraldo Perdomo": 0.04285345157872607,
  "Alek Thomas": 0.04251656840690345,
  "Jose Herrera": 0.039995058891655,
  "Gabriel Moreno": 0.060000000000000005,
  "Patrick Bailey": 0.060000000000000005,
  "Kody Clemens": 0.11074146553598607,
  "Maverick Handley": 0.10161448140900196,
  "Aaron Judge": 0.19356994456431983,
  "Cal Raleigh": 0.11784240081065286,
  "Julio Rodriguez": 0.09677082981430807,
  "Trent Grisham": 0.09845499384830535,
  "Ben Rice": 0.09963249129895003,
  "Jorge Polanco": 0.09284673251645724,
  "Randy Arozarena": 0.07782570309172139,
  "Jasson Dom\u00ednguez": 0.09343815452116135,
  "Cody Bellinger": 0.0764408902208952,
  "Rowdy Tellez": 0.07014707289238664,
  "Anthony Volpe": 0.05720529006553291,
  "Leo Rivas": 0.06873563218390805,
  "Ben Williamson": 0.048693244926876836,
  "J.C. Escarra": 0.04945888578264974,
  "DJ LeMahieu": 0.049481395860747894,
  "Leody Taveras": 0.051886909683791345,
  "Jorbit Vivas": 0.0501510958248649,
  "Miles Mastrobuoni": 0.04241016944535251,
  "Dylan Moore": 0.07361111111111111,
  "J.P. Crawford": 0.04275482093663912,
  "Oswald Peraza": 0.060000000000000005,
  "Paul Goldschmidt": 0.09761904761904762,
  "Nolan Gorman": 0.12188544277360068,
  "Alec Burleson": 0.09886608489549666,
  "Yohel Pozo": 0.08392857142857142,
  "Kerry Carpenter": 0.09493417296384715,
  "Riley Greene": 0.0759006295848401,
  "Trey Sweeney": 0.056805293064439294,
  "Alex Bregman": 0.06050041514700831,
  "Gleyber Torres": 0.05693119019188132,
  "Rob Refsnyder": 0.05379264715536376,
  "Akil Baddoo": 0.059338881156274816,
  "Rafael Devers": 0.05416779836566416,
  "Javier Baez": 0.05712697652452487,
  "Colt Keith": 0.05151541728919308,
  "Trevor Story": 0.04770302841459434,
  "Dillon Dingler": 0.06575188305688176,
  "Kristian Campbell": 0.053193074783059895,
  "Ceddanne Rafaela": 0.04613159306050234,
  "Jarren Duran": 0.04887306822626355,
  "Zach McKinstry": 0.05066796686114868,
  "Nick Sogard": 0.04747930246984173,
  "Carlos Narvaez": 0.04199573507357012,
  "Spencer Torkelson": 0.09761904761904762,
  "Wilyer Abreu": 0.07361111111111111,
  "Abraham Toro": 0.060000000000000005,
  "Anthony Santander": 0.11441485683823517,
  "Vladimir Guerrero Jr.": 0.09741288731037759,
  "Brandon Lowe": 0.08527377334820353,
  "Daulton Varsho": 0.09557640232689962,
  "Jonathan Aranda": 0.09108411891173837,
  "George Springer": 0.0839059193711699,
  "Junior Caminero": 0.07611245098725536,
  "Addison Barger": 0.0767884940765583,
  "Christopher Morel": 0.07592357605485459,
  "Bo Bichette": 0.06740578211307005,
  "Jonatan Clase": 0.0583791645370825,
  "Alejandro Kirk": 0.0568772395395419,
  "Ernie Clement": 0.057149572417273156,
  "Danny Jansen": 0.05983387573503332,
  "Kameron Misner": 0.059051820369529336,
  "Jose Caballero": 0.044416675337039885,
  "Chandler Simpson": 0.03920972188429506,
  "Travis Jankowski": 0.03585737164623024,
  "Taylor Walls": 0.060000000000000005,
  "Myles Straw": 0.060000000000000005,
  "Pete Alonso": 0.11819682198703203,
  "Francisco Lindor": 0.10906168209399152,
  "Mark Vientos": 0.10976080895519218,
  "Brandon Nimmo": 0.07331115637584078,
  "Bryan Reynolds": 0.05623808723108976,
  "Jose Azocar": 0.05299346423320117,
  "Andrew McCutchen": 0.06211693388737732,
  "Luis Torrens": 0.058113935695476925,
  "Starling Marte": 0.052514662406293953,
  "Luisangel Acu\u00f1a": 0.04548208321896113,
  "Tyrone Taylor": 0.07299153232876429,
  "Joey Bart": 0.047735168390617914,
  "Alexander Canario": 0.07271895862804953,
  "Matt Gorski": 0.06122601509162774,
  "Isiah Kiner-Falefa": 0.054175675835972624,
  "Ji Hwan Bae": 0.06777777777777778,
  "Jared Triolo": 0.05519704722758158,
  "Adam Frazier": 0.06095238095238095,
  "Ke'Bryan Hayes": 0.060000000000000005,
  "Tommy Pham": 0.04254452926208652,
  "Juan Soto": 0.13333333333333333,
  "Austin Hays": 0.11564882563375262,
  "Andrew Vaughn": 0.09096848045692446,
  "Matt McLain": 0.10520488893796934,
  "Miguel Vargas": 0.08421460940776129,
  "Luis Robert Jr.": 0.08729950762635662,
  "Jose Trevino": 0.08757152216381804,
  "Spencer Steer": 0.10043836921885702,
  "Rece Hinds": 0.1057422115583283,
  "Elly De La Cruz": 0.08854332043722642,
  "Tim Elko": 0.07759000060611185,
  "Will Benson": 0.08981703367152284,
  "Michael A. Taylor": 0.07241347980811581,
  "Edgar Quero": 0.06938339326191229,
  "Gavin Lux": 0.06626530415499804,
  "Lenyn Sosa": 0.06743028702568131,
  "Chase Meidroth": 0.05037398604452118,
  "Santiago Espinal": 0.05530284670635548,
  "Brooks Baldwin": 0.052606280949902516,
  "Connor Joe": 0.08392857142857142,
  "Tyler Stephenson": 0.12000000000000001,
  "Austin Riley": 0.14551912741179737,
  "Marcell Ozuna": 0.12079553731703119,
  "Sean Murphy": 0.0984899414311179,
  "James Wood": 0.09843288463064005,
  "Matt Olson": 0.10294443033783793,
  "CJ Abrams": 0.09959065444359562,
  "Josh Bell": 0.08023696425421067,
  "Nathaniel Lowe": 0.07444296570327649,