{
  "Oneil Cruz": 0.11715419434045699,
  "Andrew McCutchen": 0.10550049604844125,
  "James Wood": 0.07960161154329778,
  "Bryan Reynolds": 0.09207190553947477,
  "Enmanuel Valdez": 0.10445427294279191,
  "Endy Rodriguez": 0.08189979580553566,
  "Keibert Ruiz": 0.06926535222777147,
  "Josh Bell": 0.07280943433994962,
  "Tommy Pham": 0.07355378434744274,
  "Paul DeJong": 0.06050319294278455,
  "Nathaniel Lowe": 0.060116429781104035,
  "Alex Call": 0.057994995435827805,
  "Ke'Bryan Hayes": 0.06334705145915215,
  "Luis Garcia Jr.": 0.062371846360874575,
  "Dylan Crews": 0.05680850172402112,
  "Adam Frazier": 0.05124792950628634,
  "Isiah Kiner-Falefa": 0.04877942161171858,
  "Nasim Nunez": 0.060932221858995314,
  "Jack Suwinski": 0.08392857142857142,
  "Henry Davis": 0.05273707773707773,
  "Jacob Young": 0.060000000000000005,
  "Amed Rosario": 0.060000000000000005,
  "Alexander Canario": 0.07361111111111111,
  "Matt Chapman": 0.16154439351302627,
  "Kyle Schwarber": 0.1482891904080599,
  "Willy Adames": 0.13936721060928547,
  "Mike Yastrzemski": 0.13592795325954732,
  "Bryce Harper": 0.12012092463736565,
  "Heliot Ramos": 0.11444350072527257,
  "LaMonte Wade Jr.": 0.09821024488511547,
  "Wilmer Flores": 0.08888294505718748,
  "Jung Hoo Lee": 0.08991877479071188,
  "Max Kepler": 0.08492846622007953,
  "Nick Castellanos": 0.08990455440082305,
  "Tyler Fitzgerald": 0.0822106269251227,
  "Trea Turner": 0.08761119059130262,
  "Patrick Bailey": 0.07872171862785855,
  "J.T. Realmuto": 0.07526604727403972,
  "Bryson Stott": 0.07323319137839647,
  "Johan Rojas": 0.06111239523433683,
  "Alec Bohm": 0.07657853842064369,
  "Brandon Marsh": 0.07361111111111111,
  "Rafael Devers": 0.13955160538796,
  "Wilyer Abreu": 0.13952955912816234,
  "Alex Bregman": 0.11170103760146201,
  "Jarren Duran": 0.10762308900714229,
  "Brandon Lowe": 0.09855561134557998,
  "Trevor Story": 0.09219254812221621,
  "Triston Casas": 0.09340056418187793,
  "Junior Caminero": 0.10265548312086131,
  "Jonathan Aranda": 0.09569516143781266,
  "Christopher Morel": 0.08109821166189267,
  "Kristian Campbell": 0.07247879574406879,
  "Yandy Diaz": 0.07324649210000045,
  "Danny Jansen": 0.08132497089680962,
  "Kameron Misner": 0.06526417289918836,
  "David Hamilton": 0.07085514894117863,
  "Taylor Walls": 0.06042337819470306,
  "Carlos Narvaez": 0.06170915082537608,
  "Jake Mangum": 0.04789235984248772,
  "Ceddanne Rafaela": 0.060000000000000005,
  "Aaron Judge": 0.21302941911362916,
  "Bobby Witt Jr.": 0.1415447560569512,
  "Salvador Perez": 0.13492391553591157,
  "Paul Goldschmidt": 0.10670901723734011,
  "Austin Wells": 0.10119030288662255,
  "Jazz Chisholm Jr.": 0.09780084116090207,
  "Vinnie Pasquantino": 0.09829359666235828,
  "Ben Rice": 0.10223823179353717,
  "Michael Massey": 0.09384641720427055,
  "Jonathan India": 0.09764755743459387,
  "Jasson Dom\u00ednguez": 0.07979554584817743,
  "Drew Waters": 0.08164800314276877,
  "Trent Grisham": 0.07943248027734305,
  "Anthony Volpe": 0.06799453879893382,
  "Cavan Biggio": 0.06507390499128202,
  "Maikel Garcia": 0.06427712827519112,
  "Oswaldo Cabrera": 0.0653860434562189,
  "Kyle Isbel": 0.06099205306424558,
  "MJ Melendez": 0.09761904761904762,
  "Hunter Renfroe": 0.08392857142857142,
  "Cody Bellinger": 0.08392857142857142,
  "Austin Riley": 0.17354967345992092,
  "Sean Murphy": 0.12674757163590866,
  "Anthony Santander": 0.13963232668368059,
  "Matt Olson": 0.14170358228430374,
  "Vladimir Guerrero Jr.": 0.1284292227058076,
  "Ozzie Albies": 0.11180092259467368,
  "Bryan De La Cruz": 0.09385078246780981,
  "Michael Harris II": 0.09674313582724131,
  "Ernie Clement": 0.08240446660229726,
  "Bo Bichette": 0.09571828848820366,
  "Stuart Fairchild": 0.07235697253749035,
  "Alan Roden": 0.08054290254199387,
  "Andres Gimenez": 0.06511431875882004,
  "Eli White": 0.07646365106200875,
  "Myles Straw": 0.06219813902144729,
  "Nathan Lukes": 0.06220353765808312,
  "Nick Allen": 0.055799858036700144,
  "Tyler Heineman": 0.05357788227269755,
  "Marcell Ozuna": 0.12000000000000001,
  "Alejandro Kirk": 0.07361111111111111,
  "George Springer": 0.09761904761904762,
  "Will Wagner": 0.07361111111111111,
  "Kerry Carpenter": 0.14274019341786554,
  "Spencer Torkelson": 0.1670413059326833,
  "Rhys Hoskins": 0.11591068436500226,
  "Andy Ibanez": 0.11921505365768846,
  "William Contreras": 0.10039523017785004,
  "Gleyber Torres": 0.11068491024191122,
  "Justyn-Henry Malloy": 0.11432841614906832,
  "Dillon Dingler": 0.10856219707870861,
  "Javier Baez": 0.10416379145486876,
  "Jackson Chourio": 0.08943030922860308,
  "Zach McKinstry": 0.07255768434755441,
  "Garrett Mitchell": 0.06264999234584977,
  "Ryan Kreidler": 0.08459499086271684,
  "Isaac Collins": 0.060339274622174206,
  "Vinny Capra": 0.05842124696148748,
  "Joey Ortiz": 0.06165158960613506,
  "Brice Turang": 0.04747630149398008,
  "Sal Frelick": 0.0466300128351031,
  "Christian Yelich": 0.07361111111111111,
  "Riley Greene": 0.12000000000000001,
  "Colt Keith": 0.07361111111111111,
  "Juan Soto": 0.1440074047668212,
  "Pete Alonso": 0.1324798066807031,
  "Francisco Lindor": 0.1153742490943142,
  "Byron Buxton": 0.11819657555592221,
  "Brandon Nimmo": 0.10575690475490357,
  "Mark Vientos": 0.09943571234700634,
  "Matt Wallner": 0.1056926329423848,
  "Trevor Larnach": 0.07452373574176173,
  "Tyrone Taylor": 0.062078622068281825,
  "Jesse Winker": 0.06066716173047849,
  "Luis Torrens": 0.05874151801527352,
  "Carlos Correa": 0.06735273000485982,
  "Ty France": 0.0636553936879393,
  "Willi Castro": 0.057994407312212524,
  "Edouard Julien": 0.05988903639783162,
  "Brooks Lee": 0.061469586049741974,
  "Christian Vazquez": 0.05420463790365967,
  "Luisangel Acu\u00f1a": 0.05935660402774972,
  "Brett Baty": 0.060000000000000005,
  "Harrison Bader": 0.060000000000000005,
  "Yordan Alvarez": 0.14104672060166368,
  "Christian Walker": 0.10674960057825893,
  "Willson Contreras": 0.08932904782360716,
  "Nolan Gorman": 0.08278003862486549,
  "Isaac Paredes": 0.08381653618007287,
  "Nolan Arenado": 0.08196016280545787,
  "Luken Baker": 0.07328647559068815,
  "Cam Smith": 0.06714334713390586,
  "Pedro Pages": 0.06294133497582538,
  "Yainer Diaz": 0.07314716883143081,
  "Jeremy Pena": 0.06832893944063559,
  "Jose Altuve": 0.06688992481811319,
  "Jordan Walker": 0.06680573582045535,
  "Chas McCormick": 0.07283089934632583,
  "Brendan Donovan": 0.056099682499938255,
  "Lars Nootbaar": 0.06419291973316024,
  "Mauricio Dubon": 0.05719924933669838,
  "Victor Scott II": 0.06209813133726177,
  "Jake Meyers": 0.060000000000000005,
  "Thomas Saggese": 0.060000000000000005,
  "Fernando Tatis Jr.": 0.18313515806778538,
  "Manny Machado": 0.13768183503337877,
  "Kyle Tucker": 0.12535335111000176,
  "Ian Happ": 0.09855474204243303,
  "Michael Busch": 0.1004076605655553,
  "Dansby Swanson": 0.08531872626093472,
  "Martin Maldonado": 0.08578795956504935,
  "Gavin Sheets": 0.08436654376850455,
  "Xander Bogaerts": 0.07774773026753225,
  "Justin Turner": 0.08292829157602477,
  "Jason Heyward": 0.0850774307333447,
  "Pete Crow-Armstrong": 0.07506593675240539,
  "Miguel Amaya": 0.06586286138266337,
  "Matt Shaw": 0.0630500440283049,
  "Tyler Wade": 0.057390945287888497,
  "Luis Arraez": 0.050399794676458144,
  "Nico Hoerner": 0.05251352839821023,
  "Jose Iglesias": 0.050779688527068025,
  "Seiya Suzuki": 0.09761904761904762,
  "Elias Diaz": 0.060000000000000005,
  "Will Smith": 0.10185652588599292,
  "Ryan McMahon": 0.07436834199036953,
  "Ezequiel Tovar": 0.08624945230208388,
  "Max Muncy": 0.10868530182232035,
  "Mookie Betts": 0.10397645487988436,
  "Freddie Freeman": 0.10170306557913976,
  "Andy Pages": 0.09133761260818979,
  "Michael Toglia": 0.09314578816192708,
  "Teoscar Hernandez": 0.10757575757575757,
  "Hunter Goodman": 0.08188386863752617,
  "Shohei Ohtani": 0.1563280315963017,
  "Tommy Edman": 0.06984481423704052,
  "Zac Veen": 0.06731902955587167,
  "Kyle Farmer": 0.0630125416847905,
  "Michael Conforto": 0.09238892001377706,