{
  "Ketel Marte": 0.15229651063261224,
  "Josh Naylor": 0.11447051309346393,
  "Pavin Smith": 0.11770870739344311,
  "Miguel Vargas": 0.12203240052001663,
  "Andrew Benintendi": 0.10516682812926945,
  "Lourdes Gurriel Jr.": 0.10869660449032996,
  "Luis Robert Jr.": 0.11354081254553654,
  "James McCann": 0.0851561303170214,
  "Tim Tawa": 0.10261982252790844,
  "Mike Tauchman": 0.09720794476064147,
  "Geraldo Perdomo": 0.09129288662122095,
  "Alek Thomas": 0.07922048278877379,
  "Kyle Teel": 0.0846419678607965,
  "Michael A. Taylor": 0.07766334204757233,
  "Jake McCarthy": 0.06298358144874786,
  "Chase Meidroth": 0.07108922288699537,
  "Lenyn Sosa": 0.07698337619464232,
  "Josh Rojas": 0.06224690541027533,
  "Oneil Cruz": 0.13246264597997906,
  "Bryan Reynolds": 0.11738377742145431,
  "Rhys Hoskins": 0.10158380093486888,
  "Christian Yelich": 0.09524153039942514,
  "Jackson Chourio": 0.08692940038123453,
  "Spencer Horwitz": 0.09719272688862242,
  "Henry Davis": 0.08048367488428182,
  "Eric Haase": 0.06669176717605375,
  "Jared Triolo": 0.07363341050005003,
  "Nick Gonzales": 0.07760834178070279,
  "Adam Frazier": 0.07606117905871229,
  "Brice Turang": 0.06492696737598914,
  "Tommy Pham": 0.06689972805488915,
  "Sal Frelick": 0.06824238031134583,
  "Isaac Collins": 0.06587435898665453,
  "Caleb Durbin": 0.06520987096922533,
  "Isiah Kiner-Falefa": 0.05885065064067791,
  "Joey Ortiz": 0.059919773794454095,
  "Andrew McCutchen": 0.09761904761904762,
  "Ke'Bryan Hayes": 0.060000000000000005,
  "Mike Trout": 0.17696985728929632,
  "Jo Adell": 0.14036475302400478,
  "Taylor Ward": 0.1308664036519004,
  "Romy Gonzalez": 0.1148343685300207,
  "Jarren Duran": 0.1069230595989798,
  "Wilyer Abreu": 0.11053117721264225,
  "Trevor Story": 0.11206356395845307,
  "Carlos Narvaez": 0.10563934547541105,
  "Ceddanne Rafaela": 0.09930081506961101,
  "Travis d'Arnaud": 0.10151474572999625,
  "Rob Refsnyder": 0.09622707558121499,
  "Nolan Schanuel": 0.08140468114152324,
  "Christian Moore": 0.08137188188213636,
  "Marcelo Mayer": 0.07753450713167273,
  "LaMonte Wade Jr.": 0.07529967632153504,
  "Scott Kingery": 0.07228299387398948,
  "Nate Eaton": 0.0703225546975547,
  "Luis Rengifo": 0.06911370478180823,
  "Logan O'Hoppe": 0.13333333333333333,
  "Riley Adams": 0.09439157072441673,
  "Manny Machado": 0.14101327432508684,
  "CJ Abrams": 0.10732591419784278,
  "Fernando Tatis Jr.": 0.1165675619298569,
  "Luis Garcia Jr.": 0.09402827661112262,
  "Jacob Young": 0.049675007963051444,
  "Jackson Merrill": 0.10447064523944118,
  "Nathaniel Lowe": 0.09384150669459386,
  "Elias Diaz": 0.06061085526795256,
  "James Wood": 0.13749689922467867,
  "Luis Arraez": 0.06044817640640544,
  "Gavin Sheets": 0.08212835441280243,
  "Brady House": 0.07772524071020587,
  "Jose Iglesias": 0.05630587359879362,
  "Daylen Lile": 0.06835135166252188,
  "Bryce Johnson": 0.05800771192691082,
  "Alex Call": 0.06806538989950126,
  "Tyler Wade": 0.062219461697722564,
  "Corey Seager": 0.15999071055049507,
  "Colton Cowser": 0.1154387735783106,
  "Gunnar Henderson": 0.1264995651312787,
  "Adolis Garcia": 0.10887921552507428,
  "Cedric Mullins": 0.10074784864258549,
  "Josh Smith": 0.09143696101208737,
  "Evan Carter": 0.0937234068684987,
  "Jackson Holliday": 0.0985765378652173,
  "Marcus Semien": 0.0902196179138478,
  "Jordan Westburg": 0.09220990382500788,
  "Ryan O'Hearn": 0.09596872618292447,
  "Josh Jung": 0.08183618578702644,
  "Sam Haggerty": 0.07511486015361984,
  "Jonah Heim": 0.08145902896002417,
  "Gary Sanchez": 0.06935847857873084,
  "Chadwick Tromp": 0.05656786519587035,
  "Dylan Carlson": 0.0637745754066018,
  "Alejandro Osuna": 0.05758979920362931,
  "Jose Ramirez": 0.13334336545333988,
  "Addison Barger": 0.11707539316438613,
  "Bo Naylor": 0.11442182976514172,
  "Kyle Manzardo": 0.1269099679461746,
  "Carlos Santana": 0.10300714047069512,
  "Vladimir Guerrero Jr.": 0.10321137870562508,
  "Daniel Schneemann": 0.09727099244636415,
  "Lane Thomas": 0.09087573393760597,
  "Nolan Jones": 0.08139531271480109,
  "Bo Bichette": 0.07877717219071943,
  "George Springer": 0.08680160381894031,
  "Gabriel Arias": 0.06896973960117406,
  "Steven Kwan": 0.07001321602665388,
  "Alejandro Kirk": 0.0654614026379107,
  "Alan Roden": 0.06768206127855252,
  "Andres Gimenez": 0.05796998647068235,
  "Ernie Clement": 0.05645206015739354,
  "Nathan Lukes": 0.06593359840642449,
  "Angel Martinez": 0.07361111111111111,
  "Spencer Torkelson": 0.13783348389039446,
  "Brent Rooker": 0.12755679230373207,
  "Lawrence Butler": 0.09826299686955425,
  "Nick Kurtz": 0.1041670629686458,
  "Gleyber Torres": 0.10296413460122227,
  "Wenceel Perez": 0.09438433085760538,
  "Riley Greene": 0.10218726022004711,
  "Tyler Soderstrom": 0.08389907750201868,
  "Dillon Dingler": 0.09728826221976908,
  "Jahmai Jones": 0.09725005296422275,
  "Javier Baez": 0.08010381697735663,
  "Max Muncy (2002)": 0.0653689722119065,
  "Luis Urias": 0.07332943947430545,
  "Jacob Wilson": 0.054628306532444444,
  "Denzel Clarke": 0.058290789091174244,
  "Parker Meadows": 0.06204594275750868,
  "Willie MacIver": 0.06661543035734041,
  "Zach McKinstry": 0.06257948535161453,
  "Pete Alonso": 0.17791031422680786,
  "Juan Soto": 0.14571898491295715,
  "Ronald Acuna Jr.": 0.13653454975823395,
  "Francisco Lindor": 0.13664505650012895,
  "Austin Riley": 0.12977469160698973,
  "Matt Olson": 0.13932849329022803,
  "Brandon Nimmo": 0.11738066943949296,
  "Marcell Ozuna": 0.10718481816031403,
  "Jeff McNeil": 0.08844751436066889,
  "Michael Harris II": 0.0789598009796272,
  "Ronny Mauricio": 0.09216153180341705,
  "Brett Baty": 0.09007939828412238,
  "Ozzie Albies": 0.07425354168669678,
  "Starling Marte": 0.08110518512479296,
  "Drake Baldwin": 0.07127497158937145,
  "Hayden Senger": 0.06005790347098288,
  "Alex Verdugo": 0.06372324185589325,
  "Nick Allen": 0.06907936507936507,
  "Tyrone Taylor": 0.08392857142857142,
  "Luis Torrens": 0.07361111111111111,
  "Aaron Judge": 0.234508800885406,
  "Ben Rice": 0.21228128701246982,
  "Giancarlo Stanton": 0.1948245607322141,
  "Trent Grisham": 0.16452931978150984,
  "Jazz Chisholm Jr.": 0.15764658048209826,
  "Austin Wells": 0.15428294324978198,
  "Jasson Dom\u00ednguez": 0.1296591703939521,
  "Elly De La Cruz": 0.10792959848287717,
  "Christian Encarnacion-Strand": 0.0969461244415707,
  "Tyler Stephenson": 0.09524776660396833,
  "Matt McLain": 0.09730734415386283,
  "Anthony Volpe": 0.09240177570851786,
  "Jose Trevino": 0.07431541322630432,
  "Spencer Steer": 0.07939824683140191,
  "Rece Hinds": 0.08302165721670365,
  "TJ Friedl": 0.06733632275176753,
  "Santiago Espinal": 0.06173017549136475,
  "DJ LeMahieu": 0.07650030597674577,
  "Junior Caminero": 0.15182687441693735,
  "Bobby Witt Jr.": 0.12963306664191765,
  "Brandon Lowe": 0.11657245477565896,
  "Jonathan Aranda": 0.11938130407729858,
  "Yandy Diaz": 0.10711168783404414,
  "Salvador Perez": 0.11246368348802425,
  "Vinnie Pasquantino": 0.10281978035007583,
  "Jac Caglianone": 0.09671732759695723,
  "Christopher Morel": 0.10402845883481131,
  "Josh Lowe": 0.09792266605699441,
  "Danny Jansen": 0.09170560257121775,
  "Jonathan India": 0.08347180731420525,
  "Maikel Garcia": 0.07032669535020182,
  "Nick Loftin": 0.06539604702237951,
  "Jose Caballero": 0.06525112714205668,
  "John Rave": 0.0717587683377157,
  "Kyle Isbel": 0.075010101010101,
  "Chandler Simpson": 0.05716596530741268,
  "Taylor Walls": 0.060000000000000005,
  "Freddy Fermin": 0.060000000000000005,
  "Jake Mangum": 0.060000000000000005,
  "Drew Waters": 0.060000000000000005,
  "Cal Raleigh": 0.19434322472382087,
  "Byron Buxton": 0.13032031464252775,
  "Matt Wallner": 0.130340213677826,
  "Luke Raley": 0.1109896999552172,
  "Jorge Polanco": 0.11276275682310694,
  "Julio Rodriguez": 0.09316068269701785,
  "Kody Clemens": 0.10886391946338242,
  "Trevor Larnach": 0.09675867513830477,
  "Randy Arozarena": 0.08251679965349719,
  "Ty France": 0.06994129467813678,
  "Donovan Solano": 0.062129282694784266,