{
  "Will Smith": 0.11552642883047368,
  "Ian Happ": 0.09841239036041648,
  "Max Muncy": 0.13015537057387097,
  "Freddie Freeman": 0.09761904761904762,
  "Seiya Suzuki": 0.10066127758341965,
  "Dansby Swanson": 0.08134826686844188,
  "Miguel Rojas": 0.054709840233882846,
  "Shohei Ohtani": 0.171357254943973,
  "Pete Crow-Armstrong": 0.06747821066640546,
  "Teoscar Hernandez": 0.13159982776200924,
  "Michael Conforto": 0.08026410290057505,
  "Tommy Edman": 0.0815737130364241,
  "Michael Busch": 0.0886647388608275,
  "Kyle Tucker": 0.11119495463521946,
  "Carson Kelly": 0.06088113293793884,
  "Jon Berti": 0.04173622364751187,
  "Matt Shaw": 0.07164788387234729,
  "Andy Pages": 0.08515691093256063,
  "Enrique Hernandez": 0.07680889557029519
}