{
  "Oneil Cruz": 0.1477385546306331,
  "Connor Norby": 0.09983741186055525,
  "Andrew McCutchen": 0.10741171417324492,
  "Henry Davis": 0.09866440308517774,
  "Agust\u00edn Ram\u00edrez": 0.1006060019137248,
  "Bryan Reynolds": 0.10133053055709174,
  "Dane Myers": 0.08952410777066742,
  "Heriberto Hernandez": 0.08641364013519921,
  "Eric Wagaman": 0.08925719306525005,
  "Spencer Horwitz": 0.08507626920640957,
  "Otto Lopez": 0.07111217665632458,
  "Nick Gonzales": 0.07081015774353819,
  "Nick Fortes": 0.056334767857350324,
  "Isiah Kiner-Falefa": 0.059846913536873186,
  "Adam Frazier": 0.054376113504850096,
  "Ke'Bryan Hayes": 0.06062657523005686,
  "Xavier Edwards": 0.0531927333755397,
  "Javier Sanoja": 0.048844969847976025,
  "Jared Triolo": 0.060000000000000005,
  "Brett Sullivan": 0.060000000000000005,
  "Tommy Pham": 0.060000000000000005,
  "Kyle Schwarber": 0.1898256429780749,
  "Kyle Tucker": 0.12646787714472493,
  "Seiya Suzuki": 0.1503655187857205,
  "Dansby Swanson": 0.11061892025902291,
  "Ian Happ": 0.11149870293362155,
  "J.T. Realmuto": 0.10252039331607259,
  "Max Kepler": 0.11890275567723223,
  "Trea Turner": 0.10580279364887062,
  "Carson Kelly": 0.09778386445709758,
  "Alec Bohm": 0.09121208050673625,
  "Nick Castellanos": 0.10190512122436814,
  "Justin Turner": 0.08578512145354035,
  "Matt Shaw": 0.07476926868210115,
  "Otto Kemp": 0.07717283589283089,
  "Bryson Stott": 0.07727226024531776,
  "Vidal Brujan": 0.06886110968522036,
  "Nico Hoerner": 0.06914255186025521,
  "Johan Rojas": 0.05803134638180847,
  "Pete Crow-Armstrong": 0.09761904761904762,
  "Christian Encarnacion-Strand": 0.10928101264610833,
  "Jose Ramirez": 0.11780291359912408,
  "Elly De La Cruz": 0.10391736849772587,
  "Carlos Santana": 0.09774878981387247,
  "Lane Thomas": 0.09255148273844488,
  "Matt McLain": 0.0897718937557142,
  "Dom N\u00fa\u00f1ez": 0.058262967670617935,
  "David Fry": 0.09141381870454778,
  "Jose Trevino": 0.07516769080560032,
  "Spencer Steer": 0.08191796102021999,
  "TJ Friedl": 0.0691773483318836,
  "Gabriel Arias": 0.07059036242483292,
  "Connor Joe": 0.07194376696356894,
  "Johnathan Rodriguez": 0.07106573606573606,
  "Santiago Espinal": 0.0633996681761561,
  "Nolan Jones": 0.06379906872525254,
  "Angel Martinez": 0.06146208091468922,
  "Garrett Hampson": 0.04740535132455022,
  "Tyler Stephenson": 0.08392857142857142,
  "Steven Kwan": 0.060000000000000005,
  "Bo Naylor": 0.08392857142857142,
  "Will Benson": 0.08392857142857142,
  "Ronald Acuna Jr.": 0.16221728026424642,
  "Matt Olson": 0.17905916898216168,
  "Austin Riley": 0.16836788732450836,
  "Marcell Ozuna": 0.12757385776125013,
  "Rhys Hoskins": 0.10422737099621852,
  "Drake Baldwin": 0.1085361264213318,
  "Jackson Chourio": 0.09193786740837528,
  "Michael Harris II": 0.09971146328687089,
  "William Contreras": 0.09463868510919299,
  "Jake Bauers": 0.09350567303179128,
  "Ozzie Albies": 0.09743669885724454,
  "Eli White": 0.07417782515856494,
  "Caleb Durbin": 0.05664528533211051,
  "Eric Haase": 0.06373744132932219,
  "Joey Ortiz": 0.05567059670740836,
  "Brice Turang": 0.06532247889664769,
  "Sal Frelick": 0.057348290796451526,
  "Nick Allen": 0.04751490913711036,
  "Christian Yelich": 0.09761904761904762,
  "Alex Verdugo": 0.060000000000000005,
  "Willson Contreras": 0.1049278142849956,
  "Vladimir Guerrero Jr.": 0.09037780806832188,
  "Nolan Gorman": 0.09866486716290457,
  "George Springer": 0.08235885875359464,
  "Ivan Herrera": 0.088658039113427,
  "Masyn Winn": 0.09006498573024987,
  "Alec Burleson": 0.07748130700469648,
  "Lars Nootbaar": 0.08407290842126389,
  "Nolan Arenado": 0.08110049134423711,
  "Bo Bichette": 0.07730896865044803,
  "Yohel Pozo": 0.078539356266629,
  "Davis Schneider": 0.07586935724436317,
  "Alejandro Kirk": 0.06174333777795238,
  "Ernie Clement": 0.052430218548888755,
  "Jonatan Clase": 0.05208902337242036,
  "Tyler Heineman": 0.045205942546194075,
  "Victor Scott II": 0.04819582556043273,
  "Myles Straw": 0.03645606316515927,
  "Brendan Donovan": 0.060000000000000005,
  "Pedro Pages": 0.08392857142857142,
  "Jose Barrero": 0.060000000000000005,
  "Cal Raleigh": 0.14832937619775372,
  "Ketel Marte": 0.11028681785452547,
  "Corbin Carroll": 0.13176814726939373,
  "Eugenio Suarez": 0.08716092752361851,
  "Julio Rodriguez": 0.08905313477081611,
  "Randy Arozarena": 0.08989666619860232,
  "Jorge Polanco": 0.07395611711349608,
  "Josh Naylor": 0.08347117996687395,
  "Mitch Garver": 0.07879549081247322,
  "Lourdes Gurriel Jr.": 0.06172613462485713,
  "Pavin Smith": 0.07341072552210301,
  "Geraldo Perdomo": 0.06101089168946914,
  "J.P. Crawford": 0.05393871383075889,
  "Dylan Moore": 0.06405278889605179,
  "Alek Thomas": 0.0562236019555836,
  "Ben Williamson": 0.049496573851201174,
  "Jose Herrera": 0.04326304543409807,
  "Donovan Solano": 0.049045696289000476,
  "Cole Young": 0.060000000000000005,
  "Mike Trout": 0.15584622801441872,
  "Jo Adell": 0.14152340236609454,
  "Jorge Soler": 0.15750984989355107,
  "Brent Rooker": 0.1591372071524743,
  "Tyler Soderstrom": 0.15169351585713375,
  "Zach Neto": 0.14004704805314686,
  "Lawrence Butler": 0.14060454289693664,
  "Taylor Ward": 0.13319721907973778,
  "Travis d'Arnaud": 0.12476783627882322,
  "Seth Brown": 0.12085261538373218,
  "JJ Bleday": 0.11186541728548252,
  "Max Muncy (2002)": 0.08254598567994835,
  "Luis Urias": 0.09069853236656801,
  "Luis Rengifo": 0.07383288424347421,
  "Nolan Schanuel": 0.070170167103417,
  "Willie MacIver": 0.07366576824585662,
  "Kevin Newman": 0.06222326100799475,
  "Max Schuemann": 0.061496591309172795,
  "Logan O'Hoppe": 0.13333333333333333,
  "Scott Kingery": 0.07361111111111111,
  "Denzel Clarke": 0.07361111111111111,
  "Jacob Wilson": 0.060000000000000005,
  "Nick Kurtz": 0.12000000000000001,
  "Shohei Ohtani": 0.20840571976278893,
  "Fernando Tatis Jr.": 0.12401452526414439,
  "Manny Machado": 0.13477122637373345,
  "Max Muncy": 0.1269243000956662,
  "Teoscar Hernandez": 0.10224226755050896,
  "Mookie Betts": 0.09126413841398628,
  "Freddie Freeman": 0.11559448444102967,
  "Michael Conforto": 0.09192586264655744,
  "Andy Pages": 0.09308279395054757,
  "Will Smith": 0.09064231164389291,
  "Jackson Merrill": 0.09383895087354265,
  "Xander Bogaerts": 0.07056292650513497,
  "Gavin Sheets": 0.06521777985879396,
  "Jake Cronenworth": 0.0628511464006895,
  "Martin Maldonado": 0.05973046496599373,
  "Ha-Seong Kim": 0.053741495832950105,
  "Jose Iglesias": 0.05616079177751363,
  "Luis Arraez": 0.052451867643255205,
  "Tommy Edman": 0.08392857142857142,
  "Kerry Carpenter": 0.1484994088852773,
  "Gunnar Henderson": 0.16155721416483007,
  "Riley Greene": 0.12702012626736975,
  "Colton Cowser": 0.14646265919718335,
  "Parker Meadows": 0.10717960822364284,
  "Spencer Torkelson": 0.10832677088082808,
  "Ryan O'Hearn": 0.12474313421701276,
  "Cedric Mullins": 0.1374833121145548,
  "Wenceel Perez": 0.11206844483433132,
  "Adley Rutschman": 0.1156350049656867,
  "Jackson Holliday": 0.10636300146701645,
  "Colt Keith": 0.08357693102491144,
  "Jordan Westburg": 0.10856171333897674,
  "Ramon Laureano": 0.11044155830021704,
  "Gleyber Torres": 0.0743331573549007,
  "Jake Rogers": 0.09969390532012841,
  "Ramon Urias": 0.08911687816737875,
  "Zach McKinstry": 0.07384010665687762,
  "Javier Baez": 0.07361111111111111,
  "Dillon Dingler": 0.07361111111111111,
  "Coby Mayo": 0.060000000000000005,
  "Rafael Devers": 0.18488713278146107,
  "Junior Caminero": 0.13904527792408453,
  "Brandon Lowe": 0.12246649478988347,
  "Trevor Story": 0.11272937340300439,
  "Jarren Duran": 0.11822249994478683,
  "Yandy Diaz": 0.10875703499747438,
  "Jonathan Aranda": 0.10990449673431493,
  "Carlos Narvaez": 0.1140274763312788,
  "Josh Lowe": 0.09611801597433269,
  "Kristian Campbell": 0.08699242686464971,
  "Marcelo Mayer": 0.08485780290952581,
  "Roman Anthony": 0.0919205175464516,
  "Kameron Misner": 0.07921958676755209,
  "Ceddanne Rafaela": 0.07755151051392975,
  "Abraham Toro": 0.09252045081535808,