{
  "Kyle Schwarber": 0.19303241171317184,
  "Bryce Harper": 0.15763650035052104,
  "Matt Mervis": 0.1495110177843441,
  "Jesus Sanchez": 0.15637366881316167,
  "Nick Castellanos": 0.12173516470500498,
  "J.T. Realmuto": 0.10780255849782126,
  "Trea Turner": 0.11051958842007567,
  "Max Kepler": 0.1210899234893655,
  "Eric Wagaman": 0.10429472974465752,
  "Kyle Stowers": 0.12490533701500055,
  "Griffin Conine": 0.11818134176174196,
  "Graham Pauley": 0.10247355501467344,
  "Bryson Stott": 0.09066122375277305,
  "Alec Bohm": 0.08182622461053833,
  "Otto Lopez": 0.08390933349902795,
  "Liam Hicks": 0.06586286138266337,
  "Johan Rojas": 0.06361310691133396,
  "Xavier Edwards": 0.06384473397193101,
  "Rafael Marchan": 0.0792156862745098,
  "Connor Norby": 0.14116161616161618,
  "Kerry Carpenter": 0.12503629191917567,
  "Bobby Witt Jr.": 0.12127058760023554,
  "Salvador Perez": 0.12431601866621515,
  "Vinnie Pasquantino": 0.10227883440178523,
  "Spencer Torkelson": 0.1061005950571168,
  "Javier Baez": 0.07547106359412861,
  "Riley Greene": 0.08870849606270226,
  "Michael Massey": 0.08353321043517123,
  "Dillon Dingler": 0.08263035730724215,
  "Jonathan India": 0.08623927420171551,
  "Drew Waters": 0.06837439911045382,
  "Colt Keith": 0.06574249869704415,
  "Trey Sweeney": 0.07746995248975447,
  "Freddy Fermin": 0.06697166469893742,
  "Ryan Kreidler": 0.06176781326134131,
  "Zach McKinstry": 0.06431989830892652,
  "Maikel Garcia": 0.06016285020597763,
  "Kyle Isbel": 0.0525367295169491,
  "Hunter Renfroe": 0.060000000000000005,
  "Gleyber Torres": 0.09669312169312168,
  "Eugenio Suarez": 0.1261160397707965,
  "Tim Tawa": 0.08154317499572163,
  "Corbin Carroll": 0.10076197621487477,
  "Dansby Swanson": 0.08465481234662241,
  "Pavin Smith": 0.08547898953331091,
  "Seiya Suzuki": 0.09610534242680532,
  "Ian Happ": 0.07899961635925924,
  "Michael Busch": 0.08954444789578303,
  "Kyle Tucker": 0.09442815700512895,
  "Josh Naylor": 0.07530135540357376,
  "Pete Crow-Armstrong": 0.06629100907103369,
  "Miguel Amaya": 0.06486362178581158,
  "Gabriel Moreno": 0.05895123545553085,
  "Alek Thomas": 0.06030169528410099,
  "Geraldo Perdomo": 0.05678403776056014,
  "Jon Berti": 0.05573333173168397,
  "Jake McCarthy": 0.05804209100858886,
  "Nico Hoerner": 0.05415442527499979,
  "Lourdes Gurriel Jr.": 0.08392857142857142,
  "Gage Workman": 0.060000000000000005,
  "Carson Kelly": 0.07361111111111111,
  "Cal Raleigh": 0.14584312559385873,
  "Anthony Santander": 0.1200883103145123,
  "Luke Raley": 0.10232346544875454,
  "Vladimir Guerrero Jr.": 0.1037722214883042,
  "Randy Arozarena": 0.10303313221123017,
  "Jorge Polanco": 0.10143386431146015,
  "George Springer": 0.07793082755991346,
  "Rowdy Tellez": 0.08668829611836995,
  "Dylan Moore": 0.08054968588211055,
  "Alan Roden": 0.07311065561116588,
  "Bo Bichette": 0.07719627154752243,
  "Andres Gimenez": 0.06340485247133716,
  "J.P. Crawford": 0.05942935457863035,
  "Ernie Clement": 0.06502596021734777,
  "Miles Mastrobuoni": 0.06635497999736562,
  "Ben Williamson": 0.05854277692745876,
  "Alejandro Kirk": 0.06591684761281183,
  "Myles Straw": 0.05625416585561513,
  "Addison Barger": 0.07361111111111111,
  "Julio Rodriguez": 0.10757575757575757,
  "Will Wagner": 0.060000000000000005,
  "Cedric Mullins": 0.11231554099526173,
  "Ryan Mountcastle": 0.07361111111111111,
  "Jake Fraley": 0.0644381508709572,
  "Adley Rutschman": 0.09416470006338472,
  "Gunnar Henderson": 0.1326103862416507,
  "TJ Friedl": 0.07212974312105812,
  "Spencer Steer": 0.08392857142857142,
  "Elly De La Cruz": 0.11437091873552854,
  "Heston Kjerstad": 0.10021758471203873,
  "Ryan O'Hearn": 0.08973880129822494,
  "Jordan Westburg": 0.08456068408618783,
  "Matt McLain": 0.09305663086706138,
  "Jeimer Candelario": 0.0844476762483972,
  "Jackson Holliday": 0.06956789361808333,
  "Tyler O'Neill": 0.11681374935145108,
  "Gavin Lux": 0.07041784504693095,
  "Jose Trevino": 0.06127773124274708,
  "Austin Hays": 0.09818847601994964,
  "Ramon Urias": 0.06589256353728228,
  "Santiago Espinal": 0.06034352388818633,
  "Oneil Cruz": 0.13748101550191427,
  "Jose Ramirez": 0.09192095620686541,
  "Bryan Reynolds": 0.09382210140706021,
  "Enmanuel Valdez": 0.09311468771153107,
  "Kyle Manzardo": 0.0793754307707796,
  "Jack Suwinski": 0.07972293437456619,
  "Tommy Pham": 0.08615732465220045,
  "Bo Naylor": 0.07211517021434377,
  "Carlos Santana": 0.07212415764433265,
  "Ke'Bryan Hayes": 0.06887110666142036,
  "Jared Triolo": 0.07084997270412621,
  "Henry Davis": 0.08008167053366963,
  "Nolan Jones": 0.05947064972397347,
  "Daniel Schneemann": 0.05161202022615066,
  "Steven Kwan": 0.05436859378522252,
  "Angel Martinez": 0.050617325265938456,
  "Brayan Rocchio": 0.049257473282141306,
  "Adam Frazier": 0.05273790089578847,
  "Andrew McCutchen": 0.13174603174603175,
  "Gabriel Arias": 0.06331611570247934,
  "Lane Thomas": 0.06558558558558558,
  "Isiah Kiner-Falefa": 0.07703703703703703,
  "Joey Bart": 0.12568542568542568,
  "Corey Seager": 0.13782612260293364,
  "Freddie Freeman": 0.12203884171296848,
  "Mookie Betts": 0.1040450643640571,
  "Adolis Garcia": 0.12712946047802198,
  "Teoscar Hernandez": 0.10625651171231104,
  "Michael Conforto": 0.10485913163887907,
  "Will Smith": 0.09644200650475385,
  "Max Muncy": 0.12746897684021535,
  "Kyle Higashioka": 0.09622707558121499,
  "Joc Pederson": 0.10203992491752077,
  "Marcus Semien": 0.09040872887294314,
  "Tommy Edman": 0.08824913540270204,
  "Andy Pages": 0.09012733153752137,
  "Eddie Rosario": 0.06875750096377159,
  "Josh Jung": 0.0764130420034439,
  "Dustin Harris": 0.06420303116590143,
  "Josh Smith": 0.07050683286238603,
  "Leody Taveras": 0.06220815963434344,
  "Austin Barnes": 0.060000000000000005,
  "Jake Burger": 0.14579124579124578,
  "Jonah Heim": 0.10723443223443224,
  "Wyatt Langford": 0.20833333333333334,
  "Pete Alonso": 0.1703611195895489,
  "Mark Vientos": 0.1689525053696841,
  "Francisco Lindor": 0.14702098300493754,
  "Juan Soto": 0.11970469803054808,
  "Nolan Gorman": 0.09946350161721984,
  "Willson Contreras": 0.10900998092354842,
  "Lars Nootbaar": 0.09059350454095834,
  "Nolan Arenado": 0.08459087816992217,
  "Luisangel Acu\u00f1a": 0.07746558226950384,
  "Luis Torrens": 0.09156622375270396,
  "Thomas Saggese": 0.08036490781945328,
  "Brandon Nimmo": 0.08049699427689859,
  "Yohel Pozo": 0.07857723771015195,
  "Brendan Donovan": 0.07583730858240662,
  "Starling Marte": 0.07796185806340761,
  "Alec Burleson": 0.0692245450330729,
  "Victor Scott II": 0.05901471130808485,
  "Jose Azocar": 0.06681218639431832,
  "Jordan Walker": 0.08392857142857142,
  "Pedro Pages": 0.060000000000000005,
  "Tyrone Taylor": 0.09761904761904762,
  "Rafael Devers": 0.16810035173189933,
  "Wilyer Abreu": 0.15302702106939434,
  "Alex Bregman": 0.11652001296386323,
  "Triston Casas": 0.1146254518624465,
  "Jarren Duran": 0.11958725298446553,
  "Trevor Story": 0.10291656809436049,
  "Andrew Vaughn": 0.09749894192905312,
  "Kristian Campbell": 0.09089954288184256,
  "Luis Robert Jr.": 0.08763030503279103,
  "Ceddanne Rafaela": 0.08380328205069948,
  "Lenyn Sosa": 0.07281785361794098,
  "Michael A. Taylor": 0.07348536659482924,
  "Miguel Vargas": 0.07980768461160617,
  "Edgar Quero": 0.0721918436624319,
  "Carlos Narvaez": 0.06729230887185916,
  "Chase Meidroth": 0.061018752200646835,
  "Andrew Benintendi": 0.06179869428289853,
  "Jacob Amaya": 0.05474221474454364,
  "Aaron Judge": 0.22273761084021082,
  "Ben Rice": 0.12982168428448937,
  "Junior Caminero": 0.1248424567781191,
  "Jonathan Aranda": 0.12365568210273352,
  "Brandon Lowe": 0.11046808806167095,
  "Jazz Chisholm Jr.": 0.1451885339442943,
  "Austin Wells": 0.10950758741191505,
  "Paul Goldschmidt": 0.10227277680366925,
  "Yandy Diaz": 0.09021604059042926,
  "Jasson Dom\u00ednguez": 0.09205304836563594,
  "Trent Grisham": 0.1169653705367991,
  "Kameron Misner": 0.09197592325514921,
  "Anthony Volpe": 0.06923021310061936,
  "Jose Caballero": 0.10201665184847099,