{
  "Spencer Torkelson": 0.1292544831156487,
  "Jose Ramirez": 0.08720160869327886,
  "Andy Ibanez": 0.08749031540904087,
  "Gleyber Torres": 0.08838290939169612,
  "Jhonkensy Noel": 0.07711738887778873,
  "Dillon Dingler": 0.08773474736437699,
  "Carlos Santana": 0.07109719279619325,
  "Javier Baez": 0.08036836261707409,
  "Riley Greene": 0.0685804170415176,
  "Matt Vierling": 0.06458321150553067,
  "Lane Thomas": 0.0657343797692548,
  "Justyn-Henry Malloy": 0.06432221032941571,
  "Gabriel Arias": 0.05192120807183437,
  "Angel Martinez": 0.0628369847119847,
  "Will Wilson": 0.06246518596223678,
  "Zach McKinstry": 0.060111111111111115,
  "Austin Hedges": 0.04362003556006779,
  "Nolan Jones": 0.04493068073231117,
  "Steven Kwan": 0.060000000000000005,
  "Kyle Manzardo": 0.060000000000000005,
  "Trey Sweeney": 0.042207505518763795,
  "Daniel Schneemann": 0.060000000000000005,
  "Jake Rogers": 0.09761904761904762,
  "Wilyer Abreu": 0.1465297113348088,
  "Rafael Devers": 0.12778029574807978,
  "Gunnar Henderson": 0.10606665092268046,
  "Jarren Duran": 0.10308197748799844,
  "Cedric Mullins": 0.08276578577945976,
  "Adley Rutschman": 0.08101122266368262,
  "Carlos Narvaez": 0.0801616882865131,
  "Marcelo Mayer": 0.06528913721145638,
  "Ryan O'Hearn": 0.07079213086962714,
  "Abraham Toro": 0.07526719270034778,
  "Kristian Campbell": 0.07355730640263985,
  "Ramon Urias": 0.06482906296852908,
  "Jackson Holliday": 0.05899751326145256,
  "Ceddanne Rafaela": 0.06382657939710246,
  "Emmanuel Rivera": 0.061317783825166144,
  "David Hamilton": 0.05548415507180747,
  "Jorge Mateo": 0.058823239534805456,
  "Dylan Carlson": 0.0519199709238394,
  "Ryan Mountcastle": 0.08392857142857142,
  "Trevor Story": 0.08392857142857142,
  "Nick Sogard": 0.060000000000000005,
  "Heston Kjerstad": 0.08392857142857142,
  "Oneil Cruz": 0.15295573486314124,
  "Rhys Hoskins": 0.14855384667025381,
  "William Contreras": 0.11325567970474713,
  "Christian Yelich": 0.08173894466944359,
  "Jackson Chourio": 0.09825580737345443,
  "Bryan Reynolds": 0.0917422792862987,
  "Andrew McCutchen": 0.09319867649402774,
  "Alexander Canario": 0.12820512820512822,
  "Spencer Horwitz": 0.07372096315804925,
  "Joey Bart": 0.0806546654787111,
  "Isaac Collins": 0.06488026521848189,
  "Joey Ortiz": 0.05635228301175862,
  "Ke'Bryan Hayes": 0.055419478047936545,
  "Caleb Durbin": 0.05610953225457042,
  "Sal Frelick": 0.047360069325296385,
  "Isiah Kiner-Falefa": 0.05183268972742657,
  "Adam Frazier": 0.07692307692307693,
  "Brice Turang": 0.042032720395679804,
  "Henry Davis": 0.07164224664224664,
  "Nick Solak": 0.04610620550433224,
  "Matt Chapman": 0.12250802522823256,
  "Willy Adames": 0.11773241750297883,
  "Mike Yastrzemski": 0.09570754227953088,
  "Heliot Ramos": 0.09112358836815358,
  "Riley Adams": 0.07004717517617415,
  "Wilmer Flores": 0.0776816250709283,
  "Amed Rosario": 0.07382505979964785,
  "James Wood": 0.07115383988753983,
  "Nasim Nunez": 0.06596074380165289,
  "LaMonte Wade Jr.": 0.06734147533449192,
  "Alex Call": 0.05494511487247611,
  "Sam Huff": 0.06890188666846989,
  "Tyler Fitzgerald": 0.0646489817600063,
  "CJ Abrams": 0.06367979243655439,
  "Jung Hoo Lee": 0.06275376692881517,
  "Nathaniel Lowe": 0.05151044778704353,
  "Daylen Lile": 0.05367408557625949,
  "Robert Hassell III": 0.04749022314239706,
  "Luis Garcia Jr.": 0.060000000000000005,
  "Keibert Ruiz": 0.060000000000000005,
  "Patrick Bailey": 0.060000000000000005,
  "Kyle Tucker": 0.11252313535857247,
  "Seiya Suzuki": 0.11459031456879377,
  "Dansby Swanson": 0.09801188133689914,
  "Austin Hays": 0.09312048997565975,
  "Elly De La Cruz": 0.09939248527556524,
  "Pete Crow-Armstrong": 0.0775050193471246,
  "Ian Happ": 0.07992903304333188,
  "Will Benson": 0.10381425878488096,
  "TJ Friedl": 0.07582683104102933,
  "Matt McLain": 0.07331856513294113,
  "Gavin Lux": 0.07016110016110017,
  "Matt Shaw": 0.06170200839582832,
  "Connor Joe": 0.0664129350753898,
  "Justin Turner": 0.06868307735969303,
  "Jose Trevino": 0.05965711352080891,
  "Nico Hoerner": 0.04562641434145328,
  "Santiago Espinal": 0.05106004604633132,
  "Tyler Stephenson": 0.09761904761904762,
  "Spencer Steer": 0.08392857142857142,
  "Carson Kelly": 0.10757575757575757,
  "Anthony Santander": 0.1399117840414918,
  "Vladimir Guerrero Jr.": 0.12055083485359812,
  "Addison Barger": 0.1069021296124562,
  "Junior Caminero": 0.10233064809084835,
  "Brandon Lowe": 0.10446072704188221,
  "Josh Lowe": 0.10338527730670184,
  "Jonathan Aranda": 0.10354914713349403,
  "George Springer": 0.1017914189594579,
  "Bo Bichette": 0.0896859277600981,
  "Kameron Misner": 0.07589767731324958,
  "Yandy Diaz": 0.07051173874712977,
  "Jonatan Clase": 0.06866992564630614,
  "Ernie Clement": 0.07932360710794314,
  "Taylor Walls": 0.05361176427588902,
  "Ben Rortvedt": 0.0534736401883935,
  "Chandler Simpson": 0.04379623238313516,
  "Myles Straw": 0.045350664031902015,
  "Alejandro Kirk": 0.09761904761904762,
  "Nathan Lukes": 0.060000000000000005,
  "Daulton Varsho": 0.15,
  "Jake Burger": 0.10030655907434645,
  "Adolis Garcia": 0.1099432437835116,
  "Wyatt Langford": 0.0929085244492023,
  "Miguel Vargas": 0.08071171591380853,
  "Luis Robert Jr.": 0.08268186650287818,
  "Michael A. Taylor": 0.07246393400900447,
  "Kyle Higashioka": 0.08176800896707358,
  "Edgar Quero": 0.0640407261819112,
  "Josh Jung": 0.0684132319757549,
  "Lenyn Sosa": 0.06032478132117455,
  "Andrew Benintendi": 0.05872516234193578,
  "Austin Slater": 0.061947030012209074,
  "Marcus Semien": 0.059552216811085086,
  "Josh Smith": 0.05472202130335691,
  "Chase Meidroth": 0.05299194300860554,
  "Sam Haggerty": 0.04725969222195801,
  "Jonah Heim": 0.060000000000000005,
  "Josh Rojas": 0.060000000000000005,
  "Cal Raleigh": 0.1686252558854795,
  "Randy Arozarena": 0.12512002578403006,
  "Julio Rodriguez": 0.11487090854686673,
  "Mitch Garver": 0.10891051750083858,
  "Dylan Moore": 0.1018168475088073,
  "Christian Walker": 0.09107323733540981,
  "Isaac Paredes": 0.07006152893030136,
  "Victor Caratini": 0.06718548469983755,
  "Yainer Diaz": 0.06509007775313766,
  "Leody Taveras": 0.055412873826421065,
  "Donovan Solano": 0.06387258105209184,
  "Jeremy Pena": 0.06067202341170683,
  "Jose Altuve": 0.05698599635930076,
  "Ben Williamson": 0.061702884949423185,
  "Leo Rivas": 0.05700696004581296,
  "Cam Smith": 0.052833449105780146,
  "Jake Meyers": 0.049173704702419316,
  "Mauricio Dubon": 0.0422753838131583,
  "J.P. Crawford": 0.07361111111111111,
  "Bobby Witt Jr.": 0.09880181404904337,
  "Vinnie Pasquantino": 0.0806216471112384,
  "Salvador Perez": 0.09295389038935299,
  "Royce Lewis": 0.07520443171949072,
  "Carlos Correa": 0.07391627878539268,
  "Ryan Jeffers": 0.07529115603189677,
  "Jonathan India": 0.07300328740599998,
  "Carson McCusker": 0.06124870577898308,
  "Drew Waters": 0.04439787526059187,
  "Ty France": 0.057993044485476805,
  "Nick Loftin": 0.051811774947580776,
  "Brooks Lee": 0.05382749099184981,
  "Mark Canha": 0.05047053082589993,
  "Willi Castro": 0.04610092847197,
  "Harrison Bader": 0.059541634124990445,
  "Maikel Garcia": 0.05343234108602961,
  "Freddy Fermin": 0.051757683610878936,
  "Jonah Bride": 0.052649370497052615,
  "Kyle Isbel": 0.060000000000000005,
  "Trevor Larnach": 0.060000000000000005,
  "Michael Massey": 0.07361111111111111,
  "Eugenio Suarez": 0.09980820728232737,
  "Corbin Carroll": 0.07906776451487535,
  "Ketel Marte": 0.07549114659745301,
  "Lars Nootbaar": 0.0717586509005698,
  "Alec Burleson": 0.05433363912641049,
  "Lourdes Gurriel Jr.": 0.06395995201586324,
  "Ivan Herrera": 0.058242239392316236,
  "Jordan Walker": 0.06207466445501296,
  "Nolan Arenado": 0.056494715557893524,
  "Masyn Winn": 0.05617653996846477,
  "Pedro Pages": 0.05645992140158538,
  "Josh Naylor": 0.049908840500636896,
  "Brendan Donovan": 0.048445564299837963,
  "Pavin Smith": 0.044281196757853754,
  "Gabriel Moreno": 0.04612750192683344,
  "Victor Scott II": 0.04533733130671774,