{
  "Jose Ramirez": 0.13007823829807857,
  "Addison Barger": 0.1244445654058581,
  "Kyle Manzardo": 0.12057769326960961,
  "Carlos Santana": 0.10710781235774625,
  "Bo Naylor": 0.11068648558685368,
  "Vladimir Guerrero Jr.": 0.1055232862689887,
  "Angel Martinez": 0.07502708469084952,
  "Lane Thomas": 0.11640367071767355,
  "Bo Bichette": 0.09356456126140034,
  "Daniel Schneemann": 0.09918316872490458,
  "Andres Gimenez": 0.07069199210408617,
  "Gabriel Arias": 0.07260496224968098,
  "Nathan Lukes": 0.07538741650506356,
  "Tyler Heineman": 0.07105919213491524,
  "Ernie Clement": 0.06238896752937686,
  "Steven Kwan": 0.06839962413160577,
  "Jonatan Clase": 0.0895932322623417,
  "Myles Straw": 0.06613095238095239,
  "Cal Raleigh": 0.21236898763549067,
  "Byron Buxton": 0.14686631426051336,
  "Matt Wallner": 0.12701191124954525,
  "Kody Clemens": 0.11653326185620635,
  "Randy Arozarena": 0.11852135359514071,
  "Julio Rodriguez": 0.10171551707532858,
  "Trevor Larnach": 0.1026101916410372,
  "Dominic Canzone": 0.10475682629171001,
  "Willi Castro": 0.09293945370735532,
  "Brooks Lee": 0.09157385567010656,
  "Ryan Jeffers": 0.08236042149787054,
  "Mitch Garver": 0.09871490841080394,
  "Donovan Solano": 0.06651009491469015,
  "Cole Young": 0.06388640383249664,
  "Carlos Correa": 0.07753765045038277,
  "Ty France": 0.06820474900914401,
  "J.P. Crawford": 0.0776363698420357,
  "Ben Williamson": 0.061562293609979446,
  "Brent Rooker": 0.1519095854386731,
  "Spencer Torkelson": 0.14524611091998094,
  "Nick Kurtz": 0.10139503100285352,
  "Gleyber Torres": 0.10761139425787485,
  "Riley Greene": 0.09740735115666134,
  "Wenceel Perez": 0.09619530984843308,
  "Jahmai Jones": 0.09387903279345688,
  "Jake Rogers": 0.1076311578811213,
  "Max Muncy (2002)": 0.07209030624459423,
  "Javier Baez": 0.0827082411327191,
  "Luis Urias": 0.08042954373365943,
  "Austin Wynns": 0.06811570546864665,
  "Denzel Clarke": 0.06949679032058895,
  "Jacob Wilson": 0.0647185984535034,
  "Parker Meadows": 0.08556691892149164,
  "Gio Urshela": 0.06448523798041339,
  "Max Schuemann": 0.07488953866146848,
  "Zach McKinstry": 0.061522393754561984,
  "Kyle Schwarber": 0.13657314640519763,
  "Isaac Paredes": 0.09913422117489602,
  "Christian Walker": 0.10302139271728823,
  "Trea Turner": 0.08814423076923077,
  "Jose Altuve": 0.08387719061983767,
  "Max Kepler": 0.09031882893215949,
  "Alec Bohm": 0.07513352363418686,
  "Nick Castellanos": 0.09051083774092498,
  "Jeremy Pena": 0.07901705813827026,
  "Rafael Marchan": 0.06423878347184123,
  "Yainer Diaz": 0.07603130258810646,
  "Cam Smith": 0.08881507676939253,
  "Otto Kemp": 0.06606444712095141,
  "Brandon Marsh": 0.07217077325772978,
  "Bryson Stott": 0.0642582852880264,
  "Jake Meyers": 0.06867314636453392,
  "Cooper Hummel": 0.06692943345630283,
  "Mauricio Dubon": 0.06878023624435108,
  "Bobby Witt Jr.": 0.16502325112224003,
  "Junior Caminero": 0.16754738671215758,
  "Jonathan Aranda": 0.13890091087183679,
  "Brandon Lowe": 0.12245684862252974,
  "Vinnie Pasquantino": 0.12163750981981498,
  "Jac Caglianone": 0.10535012609582853,
  "Yandy Diaz": 0.1192551341866864,
  "Josh Lowe": 0.09670405680907965,
  "Jonathan India": 0.10252152014652013,
  "Jake Mangum": 0.06493655910076244,
  "Nick Loftin": 0.07370786511995918,
  "Maikel Garcia": 0.07573923899577437,
  "Matt Thaiss": 0.07400950574634785,
  "Drew Waters": 0.07050367849410911,
  "Mark Canha": 0.06227921454406745,
  "Freddy Fermin": 0.07801178257696625,
  "Taylor Walls": 0.07997938514041573,
  "Chandler Simpson": 0.05805912100238342,
  "Willson Contreras": 0.14681872821875955,
  "Kyle Tucker": 0.11740836769169587,
  "Seiya Suzuki": 0.1273466153458674,
  "Nolan Gorman": 0.1096046904299846,
  "Nolan Arenado": 0.12268673450160165,
  "Masyn Winn": 0.11904974271012007,
  "Pete Crow-Armstrong": 0.11286473515166215,
  "Alec Burleson": 0.10734549646619888,
  "Ian Happ": 0.10421267508760898,
  "Dansby Swanson": 0.09956817001717047,
  "Michael Busch": 0.09759339076416541,
  "Pedro Pages": 0.10741492670210681,
  "Thomas Saggese": 0.11028524390658585,
  "Carson Kelly": 0.084167495334162,
  "Brendan Donovan": 0.08751574003554202,
  "Matt Shaw": 0.06763453316901594,
  "Nico Hoerner": 0.058109721703939764,
  "Garrett Hampson": 0.05892735187061428,
  "Shohei Ohtani": 0.26236570798223735,
  "Teoscar Hernandez": 0.19302951729038684,
  "Will Smith": 0.17276128978522592,
  "Mookie Betts": 0.1575039348083521,
  "Freddie Freeman": 0.15156590927567487,
  "Andy Pages": 0.1592835790501286,
  "Michael Toglia": 0.1353391592315268,
  "Enrique Hernandez": 0.1230233970287008,
  "Jordan Beck": 0.12474484385405704,
  "Tommy Edman": 0.1200555995983299,
  "Brenton Doyle": 0.10935929038477765,
  "Thairo Estrada": 0.09226982223992831,
  "Braxton Fulford": 0.09347966525778849,
  "Orlando Arcia": 0.08767486198590381,
  "Tyler Freeman": 0.08707497954056323,
  "Kyle Farmer": 0.08056649838210121,
  "Ryan Ritter": 0.0819367947523976,
  "Miguel Rojas": 0.07744095550913732,
  "Rafael Devers": 0.14222226897314144,
  "Willy Adames": 0.10798580330669882,
  "Heliot Ramos": 0.1155328584709839,
  "Mike Yastrzemski": 0.11104669154464238,
  "Jesus Sanchez": 0.094438093593266,
  "Agust\u00edn Ram\u00edrez": 0.08737540739520937,
  "Wilmer Flores": 0.08099663266537081,
  "Kyle Stowers": 0.09630852817641962,
  "Christian Koss": 0.06848301996375974,
  "Connor Norby": 0.06894870105132311,
  "Eric Wagaman": 0.07206158916198353,
  "Andrew Knizner": 0.07236792601565921,
  "Otto Lopez": 0.06246404879884885,
  "Jung Hoo Lee": 0.06394653745734394,
  "Dane Myers": 0.06475993344887845,
  "Brett Wisely": 0.07138848583134176,
  "Nick Fortes": 0.05959357735446207,
  "Xavier Edwards": 0.052204050675705736,
  "Pete Alonso": 0.16060896078940975,
  "Matt Olson": 0.15758781992079818,
  "Ronald Acuna Jr.": 0.1544870946808351,
  "Juan Soto": 0.14582894542559682,
  "Austin Riley": 0.14509934988834355,
  "Francisco Lindor": 0.12476868619312895,
  "Marcell Ozuna": 0.12121587176613469,
  "Sean Murphy": 0.10965731373019234,
  "Brandon Nimmo": 0.11161736248210266,
  "Ozzie Albies": 0.08502574281005654,
  "Tyrone Taylor": 0.08753047715342797,
  "Michael Harris II": 0.0866544207756329,
  "Luis Torrens": 0.07567748141498674,
  "Brett Baty": 0.08416548995187516,
  "Jeff McNeil": 0.08010387933472747,
  "Ronny Mauricio": 0.08509840940043518,
  "Eli White": 0.06655074661051077,
  "Nick Allen": 0.05564366524511452,
  "Alex Verdugo": 0.060000000000000005,
  "Drake Baldwin": 0.09761904761904762
}