{
  "Jose Ramirez": 0.08778165789609452,
  "Ian Happ": 0.10868193658291748,
  "Miguel Amaya": 0.06637238723872387,
  "Steven Kwan": 0.05622589274604952,
  "Gabriel Arias": 0.05839721300247616,
  "Brayan Rocchio": 0.050250172532781225,
  "Austin Hedges": 0.060000000000000005,
  "Bo Naylor": 0.08035064513134688,
  "David Fry": 0.09761904761904762,
  "Angel Martinez": 0.08392857142857142,
  "Dansby Swanson": 0.07607786494759675,
  "Pete Crow-Armstrong": 0.10434482024795323,
  "Carson Kelly": 0.08392857142857142,
  "Kyle Manzardo": 0.0889088642599212,
  "Daniel Schneemann": 0.06622372372372372,
  "Alex Bregman": 0.08902469079809763,
  "Chase DeLauter": 0.10807807184861798,
  "Matt Shaw": 0.07607786494759675,
  "Mois\u00e9s Ballesteros": 0.07361111111111111,
  "Michael Conforto": 0.06764304867246045,
  "Rhys Hoskins": 0.12000000000000001,
  "C. J. Kayfus": 0.06108239818766135,
  "Michael Busch": 0.13795479486968848,
  "Nico Hoerner": 0.049559846182186604,
  "Oneil Cruz": 0.10655629414900707,
  "Bryan Reynolds": 0.07958774250440917,
  "Coby Mayo": 0.07361111111111111,
  "Colton Cowser": 0.07361111111111111,
  "Henry Davis": 0.066417558476382,
  "Adley Rutschman": 0.07361111111111111,
  "Gunnar Henderson": 0.09597280412521388,
  "Spencer Horwitz": 0.05944315563932789,
  "Tyler O'Neill": 0.10573384788698088,
  "Pete Alonso": 0.11574491328875133,
  "Samuel Basallo": 0.08790478107507092,
  "Jeremiah Jackson": 0.05981653795121287,
  "Brandon Lowe": 0.1129869375688191,
  "Dylan Beavers": 0.06499823352764529,
  "Taylor Ward": 0.09057131615450277,
  "Konnor Griffin": 0.06622372372372372,
  "Ryan O'Hearn": 0.07323737452540698,
  "Marcell Ozuna": 0.08392857142857142,
  "Blaze Alexander": 0.05323527482618392,
  "Nick Gonzales": 0.060000000000000005,
  "Leody Taveras": 0.059635201136212686,
  "Nick Yorke": 0.0750877192982456,
  "Jake Mangum": 0.06777777777777778,
  "Ty France": 0.07361111111111111,
  "Wilyer Abreu": 0.11825021551568665,
  "Fernando Tatis Jr.": 0.09328396671634376,
  "Ceddanne Rafaela": 0.08392857142857142,
  "Jake Cronenworth": 0.052381135926464324,
  "Manny Machado": 0.10030667701863354,
  "Trevor Story": 0.10259590792838874,
  "Jarren Duran": 0.08973694151034835,
  "Ramon Laureano": 0.09377576999503229,
  "Roman Anthony": 0.10130163130826102,
  "Freddy Fermin": 0.060000000000000005,
  "Jackson Merrill": 0.0788450199699773,
  "Willson Contreras": 0.10699732497592966,
  "Marcelo Mayer": 0.08204269242283706,
  "Carlos Narvaez": 0.07550999412110523,
  "Xander Bogaerts": 0.057519827983869766,
  "Miguel Andujar": 0.06768693427784338,
  "Caleb Durbin": 0.06512497382114607,
  "Masataka Yoshida": 0.06764304867246045,
  "Luis Campusano": 0.07108220211161388,
  "Nick Castellanos": 0.08572518115790412,
  "Will Smith": 0.09761904761904762,
  "Max Muncy": 0.12000000000000001,
  "Luis Garcia Jr.": 0.08367173721340387,
  "CJ Abrams": 0.07230769230769231,
  "Keibert Ruiz": 0.06487414249446334,
  "Freddie Freeman": 0.09253391966194888,
  "Shohei Ohtani": 0.1763158160224,
  "Nasim Nunez": 0.05821846282372598,
  "Miguel Rojas": 0.06487414249446334,
  "Andy Pages": 0.09250072901175167,
  "Daylen Lile": 0.07207084068195178,
  "Teoscar Hernandez": 0.12283488464578012,
  "Jose Tena": 0.05131715157458864,
  "James Wood": 0.10863319607222047,
  "Brady House": 0.07361111111111111,
  "Santiago Espinal": 0.057815693845105605,
  "Joey Wiemer": 0.07295267489711933,
  "Kyle Tucker": 0.12000000000000001,
  "Alex Call": 0.066417558476382,
  "Jorbit Vivas": 0.05654536115062431,
  "Dalton Rushing": 0.08106289584359759,
  "Alex Freeland": 0.08222865859839039,
  "J.C. Escarra": 0.08392857142857142,
  "Ryan McMahon": 0.10608297370331532,
  "Aaron Judge": 0.21162096687877022,
  "Xavier Edwards": 0.05097749013311927,
  "Giancarlo Stanton": 0.16490831299085626,
  "Trent Grisham": 0.1360085352913512,
  "Jakob Marsee": 0.07108555905715884,
  "Cody Bellinger": 0.11948539338129929,
  "Connor Norby": 0.07687118437118437,
  "Agust\u00edn Ram\u00edrez": 0.08236402788580646,
  "Ben Rice": 0.14040452278899662,
  "Javier Sanoja": 0.04923758865248227,
  "Heriberto Hernandez": 0.07108220211161388,
  "Jazz Chisholm Jr.": 0.13392242441064606,
  "Otto Lopez": 0.05909208600697963,
  "Jose Caballero": 0.06379433778779134,
  "Austin Slater": 0.06658553511494687,
  "Leo Jimenez": 0.060000000000000005,
  "Austin Wells": 0.11625511737038399,
  "Liam Hicks": 0.05114600200478064,
  "Addison Barger": 0.11362665052470852,
  "Vladimir Guerrero Jr.": 0.12735463494340826,
  "George Springer": 0.12507441744813869,
  "Daulton Varsho": 0.12023537639053378,
  "Colson Montgomery": 0.08392857142857142,
  "Jesus Sanchez": 0.12000000000000001,
  "Kazuma Okamoto": 0.09761535328534617,
  "Andres Gimenez": 0.06723349122694477,
  "Ernie Clement": 0.06514689704264544,
  "Brandon Valenzuela": 0.049646307798481705,
  "Austin Hays": 0.09370502448371301,
  "Luisangel Acuna": 0.05097749013311927,
  "Miguel Vargas": 0.08695358064566737,
  "Munetaka Murakami": 0.10905407149309589,
  "Lenyn Sosa": 0.08865599692683464,
  "Chase Meidroth": 0.06764304867246045,
  "Edgar Quero": 0.05729846309989851,
  "Andrew Benintendi": 0.060000000000000005,
  "Derek Hill": 0.06853853853853854,
  "Nathan Lukes": 0.08311188851759027,
  "Tanner Murray": 0.03851708074534161,
  "Salvador Perez": 0.09921791738791026,
  "Christian Yelich": 0.06314638167579344,
  "Brice Turang": 0.05757693449182811,
  "Bobby Witt Jr.": 0.09592834809577185,
  "Blake Perkins": 0.07174603174603174,
  "Maikel Garcia": 0.061452479981891746,
  "Vinnie Pasquantino": 0.08047263258071839,
  "Jake Bauers": 0.060000000000000005,
  "Joey Ortiz": 0.04515259142330966,
  "William Contreras": 0.07687118437118437,
  "Gary Sanchez": 0.08748937931743096,
  "Isaac Collins": 0.07361111111111111,
  "Lane Thomas": 0.07958774250440917,
  "Carter Jensen": 0.07361111111111111,
  "Jonathan India": 0.0571933172626222,
  "Starling Marte": 0.06203326247756786,
  "Brandon Lockridge": 0.04846354535581055,
  "Luis Rengifo": 0.06843738696679873,
  "Jac Caglianone": 0.08041524567386636,
  "Nick Loftin": 0.06155052110934464,
  "Luis Matos": 0.09074074074074073,
  "Yandy Diaz": 0.08041524567386636,
  "Byron Buxton": 0.12667016212898974,
  "Jake Fraley": 0.07361111111111111,
  "Royce Lewis": 0.07361111111111111,
  "Trevor Larnach": 0.08788676615760387,
  "Ryan Jeffers": 0.0841955297173083,
  "Matt Wallner": 0.11258109341297494,
  "Jonathan Aranda": 0.10682697837589142,
  "Nick Fortes": 0.060000000000000005,
  "Brooks Lee": 0.06608755814638168,
  "Luke Keaschall": 0.06360380979998205,
  "Junior Caminero": 0.12464823087401997,
  "Kody Clemens": 0.10282484565732647,
  "Chandler Simpson": 0.04122280037842952,
  "James Outman": 0.07361111111111111,
  "Carson Williams": 0.060000000000000005,
  "Ben Williamson": 0.05097749013311927,
  "Cedric Mullins": 0.07668163300792409,
  "Josh Bell": 0.07361111111111111,
  "Austin Martin": 0.05266115351993215,
  "Jonny Deluca": 0.06499823352764529,
  "Tristan Gray": 0.09971878505126587,
  "Richie Palacios": 0.06664366981360445,
  "Hunter Feduccia": 0.05114600200478064,
  "Tyler Stephenson": 0.0758517536103743,
  "TJ Friedl": 0.065249064854328,
  "Corey Seager": 0.11607630247220839,
  "Eugenio Suarez": 0.12128463580554172,
  "Elly De La Cruz": 0.10124052082219565,
  "Josh Jung": 0.08392857142857142,
  "Spencer Steer": 0.08340029748520926,
  "Josh Smith": 0.05469576719576719,
  "Will Benson": 0.09761904761904762,
  "Wyatt Langford": 0.09329918032786885,
  "Matt McLain": 0.08470644969090242,
  "Evan Carter": 0.06952671158553511,
  "Kyle Higashioka": 0.0975999520199449,
  "Sal Stewart": 0.1046651130988558,
  "Brandon Nimmo": 0.0965572141489902,
  "Ke'Bryan Hayes": 0.054555048969942586,
  "Jake Burger": 0.10905629414900707,
  "Joc Pederson": 0.09860963412593847,
  "Danny Jansen": 0.09761904761904762,
  "Noelvi Marte": 0.07868237003748195,
  "Ezequiel Duran": 0.05933800980205159,
  "Rafael Marchan": 0.10674603174603174,
  "J.T. Realmuto": 0.09761904761904762,