{
  "Corbin Carroll": 0.0956207965531736,
  "Geraldo Perdomo": 0.0578964028964029,
  "Ketel Marte": 0.13154679294823707,
  "Ildemaro Vargas": 0.07546435736010576,
  "Gunnar Henderson": 0.13666613918171372,
  "Colton Cowser": 0.09533217960558645,
  "Jorge Barrosa": 0.057717652717652716,
  "James McCann": 0.07564569417510593,
  "Tim Tawa": 0.07668984755618419,
  "Coby Mayo": 0.09761904761904762,
  "Jeremiah Jackson": 0.06925804889857178,
  "Leody Taveras": 0.08324586210097401,
  "Samuel Basallo": 0.11125555657045427,
  "Pete Alonso": 0.1393515512265512,
  "Dylan Beavers": 0.08554756191729372,
  "Jose Fernandez": 0.07181804957667026,
  "Nolan Arenado": 0.07985910104782654,
  "Taylor Ward": 0.11134395258459763,
  "Blaze Alexander": 0.06953878612969522,
  "Ian Happ": 0.1275239881741535,
  "J.T. Realmuto": 0.09528971170152628,
  "Bryce Harper": 0.13257025508917397,
  "Seiya Suzuki": 0.12411287898660021,
  "Brandon Marsh": 0.0977658543855727,
  "Kyle Schwarber": 0.18828820004541566,
  "Nico Hoerner": 0.06801883976462579,
  "Bryson Stott": 0.0788450199699773,
  "Trea Turner": 0.0961014103748172,
  "Dansby Swanson": 0.09061128054108847,
  "Pete Crow-Armstrong": 0.11711796913887505,
  "Michael Busch": 0.14205590877260962,
  "Alex Bregman": 0.10923925667828108,
  "Mois\u00e9s Ballesteros": 0.0968818306010929,
  "Adolis Garcia": 0.12895298705020844,
  "Justin Crawford": 0.06108465608465608,
  "Carson Kelly": 0.09178591611396776,
  "Edmundo Sosa": 0.1097283950617284,
  "Spencer Steer": 0.10183694499626994,
  "Eugenio Suarez": 0.13889097057051142,
  "Heliot Ramos": 0.09200326961770623,
  "Tyler Stephenson": 0.10592085450781102,
  "Matt McLain": 0.10030667701863354,
  "Casey Schmitt": 0.09073666608772303,
  "Patrick Bailey": 0.07705001353309934,
  "Elly De La Cruz": 0.11905589892962015,
  "Sal Stewart": 0.13227731242875654,
  "Luis Arraez": 0.05796435736010575,
  "Matt Chapman": 0.11813456480153038,
  "Ke'Bryan Hayes": 0.05944315563932789,
  "Jung Hoo Lee": 0.06673419862994702,
  "Rafael Devers": 0.1506700329524968,
  "Harrison Bader": 0.08392857142857142,
  "Willy Adames": 0.12834557343604194,
  "Rece Hinds": 0.10936458874161778,
  "Dane Myers": 0.10384395258459762,
  "Jared Oliva": 0.07897694977039633,
  "Salvador Perez": 0.09079478922716627,
  "Riley Greene": 0.0854756804601332,
  "Javier Baez": 0.06623622166138182,
  "Bobby Witt Jr.": 0.09039122975084349,
  "Spencer Torkelson": 0.09144461387442179,
  "Vinnie Pasquantino": 0.06608755814638168,
  "Maikel Garcia": 0.05364349233966459,
  "Matt Vierling": 0.06514689704264544,
  "Wenceel Perez": 0.07766516653489834,
  "Jonathan India": 0.055572960178223337,
  "Gleyber Torres": 0.07766516653489834,
  "Dillon Dingler": 0.08160799611728968,
  "Lane Thomas": 0.0709008652966137,
  "Kevin McGonigle": 0.07550999412110523,
  "Isaac Collins": 0.04734369320247183,
  "Carter Jensen": 0.06719014766400387,
  "Starling Marte": 0.05672636922636923,
  "Zach McKinstry": 0.04909075224292616,
  "Henry Davis": 0.08392857142857142,
  "Bryan Reynolds": 0.09310045803026595,
  "Oneil Cruz": 0.13283878261231974,
  "Drew Millas": 0.052766299357208446,
  "Luis Garcia Jr.": 0.08064135701108881,
  "Jacob Young": 0.0442585146641438,
  "Nasim Nunez": 0.045746609902239034,
  "CJ Abrams": 0.09339259848127125,
  "James Wood": 0.10993428468948556,
  "Daylen Lile": 0.06925804889857178,
  "Marcell Ozuna": 0.1081886341493119,
  "Nick Yorke": 0.08392857142857142,
  "Brandon Lowe": 0.1264474732982624,
  "Ryan O'Hearn": 0.08047263258071839,
  "Spencer Horwitz": 0.07108220211161388,
  "Brady House": 0.06979857050032488,
  "Konnor Griffin": 0.0900255584579355,
  "Jorbit Vivas": 0.055980230375978775,
  "Nick Gonzales": 0.06746171185746026,
  "Joey Bart": 0.06728397791865284,
  "Austin Wells": 0.10592085450781102,
  "Aaron Judge": 0.1961159332786071,
  "Mike Trout": 0.13492494100299762,
  "Giancarlo Stanton": 0.16260311873106975,
  "Zach Neto": 0.12241688218235332,
  "Logan O'Hoppe": 0.11260624236144322,
  "Jo Adell": 0.14051903910735564,
  "Paul Goldschmidt": 0.11783367208672087,
  "Yoan Moncada": 0.08324586210097401,
  "Jose Caballero": 0.05617165840695253,
  "Travis d'Arnaud": 0.08392857142857142,
  "Bryce Teodosio": 0.09208959899749374,
  "Jorge Soler": 0.11574491328875133,
  "Vaughn Grissom": 0.05938849649375965,
  "Amed Rosario": 0.08914780020552317,
  "Randal Grichuk": 0.11783367208672087,
  "Trent Grisham": 0.10592085450781102,
  "Ryan McMahon": 0.09412589990458843,
  "Oswald Peraza": 0.0685641272602995,
  "Michael Harris II": 0.07212635549269213,
  "Matt Olson": 0.12144860318284034,
  "Ronald Acuna Jr.": 0.1282812955137032,
  "Austin Riley": 0.10557276962168266,
  "Xavier Edwards": 0.04907164348653711,
  "Ozzie Albies": 0.07550999412110523,
  "Drake Baldwin": 0.10345450685763985,
  "Agust\u00edn Ram\u00edrez": 0.08377326417896593,
  "Graham Pauley": 0.06308291355451334,
  "Otto Lopez": 0.05654536115062431,
  "Liam Hicks": 0.05672636922636923,
  "Connor Norby": 0.06985671191553544,
  "Heriberto Hernandez": 0.060000000000000005,
  "Jakob Marsee": 0.06843738696679873,
  "Mauricio Dubon": 0.047253461668355284,
  "Mike Yastrzemski": 0.08649252247954434,
  "Dominic Smith": 0.06746171185746026,
  "Owen Caissie": 0.07392269253380364,
  "Javier Sanoja": 0.061268139484513755,
  "Trevor Larnach": 0.07084535048587336,
  "Wilyer Abreu": 0.11190137587378536,
  "Byron Buxton": 0.11451746578801192,
  "Jarren Duran": 0.08865599692683464,
  "Brooks Lee": 0.06104202814729131,
  "Matt Wallner": 0.09972113799982653,
  "Ryan Jeffers": 0.08392857142857142,
  "Ceddanne Rafaela": 0.060000000000000005,
  "Trevor Story": 0.08625021989862673,
  "Carlos Narvaez": 0.06746171185746026,
  "Luke Keaschall": 0.0629342500395132,
  "Roman Anthony": 0.09471143892339544,
  "Josh Bell": 0.07550999412110523,
  "Kody Clemens": 0.07868237003748195,
  "Marcelo Mayer": 0.08392857142857142,
  "Caleb Durbin": 0.056602278193187285,
  "Willson Contreras": 0.0923465133650973,
  "Tristan Gray": 0.05475042634133543,
  "Victor Caratini": 0.059635201136212686,
  "Masataka Yoshida": 0.06746171185746026,
  "Isiah Kiner-Falefa": 0.0638095238095238,
  "Yandy Diaz": 0.11665163898979415,
  "Junior Caminero": 0.12852438833421753,
  "Jonathan Aranda": 0.09720061641257294,
  "Andrew Benintendi": 0.09761904761904762,
  "Taylor Walls": 0.08082010582010582,
  "Chase Meidroth": 0.05487451737451737,
  "Jonny Deluca": 0.0800734861845973,
  "Edgar Quero": 0.05323527482618392,
  "Colson Montgomery": 0.09809596710698977,
  "Miguel Vargas": 0.08311188851759027,
  "Nick Fortes": 0.06746171185746026,
  "Derek Hill": 0.06487414249446334,
  "Luisangel Acuna": 0.07174603174603174,
  "Munetaka Murakami": 0.10682697837589142,
  "Tanner Murray": 0.07687118437118437,
  "Ben Williamson": 0.05796435736010575,
  "Ryan Vilade": 0.07868237003748195,
  "Cedric Mullins": 0.07361111111111111,
  "Chandler Simpson": 0.0638095238095238,
  "Everson Pereira": 0.0800405643738977,
  "Vladimir Guerrero Jr.": 0.10037673304706975,
  "Daulton Varsho": 0.10573384788698088,
  "Tyler Heineman": 0.060000000000000005,
  "Brice Turang": 0.07290737419540665,
  "William Contreras": 0.09722336065573771,
  "Garrett Mitchell": 0.08602109451581283,
  "Nathan Lukes": 0.06967537510053526,
  "Jake Bauers": 0.0929953497687566,
  "Andres Gimenez": 0.08416179337231967,
  "Sal Frelick": 0.07174603174603174,
  "Joey Ortiz": 0.08082010582010582,
  "Ernie Clement": 0.06090364800891116,
  "Brandon Valenzuela": 0.08828976034858388,
  "Brandon Lockridge": 0.060000000000000005,
  "Kazuma Okamoto": 0.08165030185863519,
  "Luis Rengifo": 0.060000000000000005,
  "David Hamilton": 0.06126340626340626,
  "Jesus Sanchez": 0.08388909071714236,
  "Eloy Jimenez": 0.10586452045606976,
  "Blake Perkins": 0.060000000000000005,
  "Luis Matos": 0.10077601410934744,
  "Gary Sanchez": 0.13984403517504562,
  "Ivan Herrera": 0.09039122975084349,
  "Brayan Rocchio": 0.07174603174603174,
  "Steven Kwan": 0.05226777392340306,
  "Jose Ramirez": 0.10885203360723447,