{
  "Ian Happ": 0.07071929967409261,
  "Pete Crow-Armstrong": 0.06268273121214298,
  "Nico Hoerner": 0.045746609902239034,
  "Oneil Cruz": 0.06967537510053526,
  "Bryan Reynolds": 0.07310680133770564,
  "Dansby Swanson": 0.05487451737451737,
  "Michael Busch": 0.07884799598851887,
  "Joey Bart": 0.06076292978308656,
  "Nick Yorke": 0.06027904606510998,
  "Brandon Lowe": 0.060000000000000005,
  "Carson Kelly": 0.05677133655394525,
  "Mois\u00e9s Ballesteros": 0.050250172532781225,
  "Alex Bregman": 0.06985671191553544,
  "Ryan O'Hearn": 0.06485122321755984,
  "Konnor Griffin": 0.06058935920047031,
  "Marcell Ozuna": 0.0892430002087878,
  "Nick Gonzales": 0.05777231186322095,
  "Billy Cook": 0.0600595105235523,
  "Seiya Suzuki": 0.07130070546737213,
  "Kyle Schwarber": 0.182363812701971,
  "Bryce Harper": 0.13158690934488154,
  "Adolis Garcia": 0.11406918865107017,
  "Ketel Marte": 0.12024296913887506,
  "Brandon Marsh": 0.09617387414293316,
  "Nolan Arenado": 0.09049706029386194,
  "Trea Turner": 0.0854756804601332,
  "J.T. Realmuto": 0.11105637657361794,
  "Bryson Stott": 0.0800734861845973,
  "Tim Tawa": 0.07314954254529095,
  "Alec Bohm": 0.07247109100050277,
  "Ildemaro Vargas": 0.08046119649060825,
  "Gabriel Moreno": 0.07428450392502679,
  "Geraldo Perdomo": 0.06527465357608898,
  "Justin Crawford": 0.07174603174603174,
  "Alek Thomas": 0.08082010582010582,
  "Jose Fernandez": 0.06372688459322122,
  "Jorge Barrosa": 0.07685185185185185,
  "Xavier Edwards": 0.05271164021164021,
  "Javier Baez": 0.06243091703618019,
  "Riley Greene": 0.11574491328875133,
  "Spencer Torkelson": 0.0941173000496771,
  "Kerry Carpenter": 0.10656056746370045,
  "Dillon Dingler": 0.09076159857696905,
  "Colt Keith": 0.08721091328414203,
  "Otto Lopez": 0.06417223817324973,
  "Graham Pauley": 0.05924777826793504,
  "Connor Norby": 0.07546435736010576,
  "Agust\u00edn Ram\u00edrez": 0.09646300020364525,
  "Gleyber Torres": 0.08160799611728968,
  "Liam Hicks": 0.056602278193187285,
  "Heriberto Hernandez": 0.08392857142857142,
  "Owen Caissie": 0.0778005358223144,
  "Jakob Marsee": 0.08490182219862384,
  "Kevin McGonigle": 0.08448551489121664,
  "Javier Sanoja": 0.05562761932379157,
  "Wenceel Perez": 0.06254877693651718,
  "Eugenio Suarez": 0.13648049407096258,
  "Mike Trout": 0.12901859478501507,
  "Zach Neto": 0.12048691647300377,
  "Will Benson": 0.10272200230367713,
  "Tyler Stephenson": 0.09039122975084349,
  "Jo Adell": 0.12700155131244678,
  "Logan O'Hoppe": 0.10331891384387501,
  "Spencer Steer": 0.09224513742357843,
  "TJ Friedl": 0.08181988536155202,
  "Elly De La Cruz": 0.1008889751552795,
  "Nolan Schanuel": 0.07902635678497748,
  "Matt McLain": 0.09060216855537129,
  "Jorge Soler": 0.10885203360723447,
  "Yoan Moncada": 0.09359226130895448,
  "Ke'Bryan Hayes": 0.05568303904181767,
  "Josh Lowe": 0.0854756804601332,
  "Sal Stewart": 0.11260624236144322,
  "Adam Frazier": 0.055751710356973516,
  "Vladimir Guerrero Jr.": 0.1418738883937206,
  "Byron Buxton": 0.1446039009039351,
  "George Springer": 0.13753524893669306,
  "Matt Wallner": 0.10202621198052098,
  "Ryan Jeffers": 0.09854968640074334,
  "Ernie Clement": 0.06527465357608898,
  "Andres Gimenez": 0.06127746903490611,
  "Austin Martin": 0.06085316131720311,
  "Luke Keaschall": 0.0712976906934391,
  "Brooks Lee": 0.07668984755618419,
  "Nathan Lukes": 0.08392857142857142,
  "Daulton Varsho": 0.11792963333061425,
  "Brandon Valenzuela": 0.07422601309574489,
  "Victor Caratini": 0.07550999412110523,
  "Kazuma Okamoto": 0.11323789197853702,
  "Josh Bell": 0.0898420497718577,
  "Jesus Sanchez": 0.09635683667220715,
  "Tristan Gray": 0.08523337787921559,
  "Davis Schneider": 0.12255492943861326,
  "Jared Young": 0.0887813824734692,
  "Carlos Cortes": 0.056602278193187285,
  "Francisco Lindor": 0.10331891384387501,
  "Tyler Soderstrom": 0.07873652146960727,
  "Max Muncy (2002)": 0.05938849649375965,
  "Nick Kurtz": 0.10822735191637631,
  "Francisco Alvarez": 0.09134389671361502,
  "Denzel Clarke": 0.05296161711724626,
  "Lawrence Butler": 0.07638154164016232,
  "Brett Baty": 0.07723613494446828,
  "Jacob Wilson": 0.04846354535581055,
  "Shea Langeliers": 0.10822735191637631,
  "Jeff McNeil": 0.0539021164021164,
  "Marcus Semien": 0.07766516653489834,
  "Carson Benge": 0.07247109100050277,
  "Bo Bichette": 0.0744628647214854,
  "Luis Robert Jr.": 0.08695358064566737,
  "Ronny Mauricio": 0.10038832997987927,
  "Giancarlo Stanton": 0.1359110873694207,
  "Yandy Diaz": 0.07323737452540698,
  "Jake Fraley": 0.08392857142857142,
  "Taylor Walls": 0.05122171563660926,
  "Aaron Judge": 0.1819603968768689,
  "Cody Bellinger": 0.07826007326007325,
  "Junior Caminero": 0.1418738883937206,
  "Richie Palacios": 0.07361111111111111,
  "Jazz Chisholm Jr.": 0.07687118437118437,
  "Austin Wells": 0.06452155162681479,
  "Jonathan Aranda": 0.10792222323712093,
  "Nick Fortes": 0.05487451737451737,
  "Chandler Simpson": 0.04617408557625949,
  "Amed Rosario": 0.06623622166138182,
  "Paul Goldschmidt": 0.09452115650092915,
  "Ben Williamson": 0.05562761932379157,
  "Cedric Mullins": 0.07369658119658119,
  "Jose Caballero": 0.06777777777777778,
  "Randal Grichuk": 0.08388909071714236,
  "Jonny Deluca": 0.06281015900633126,
  "Austin Riley": 0.12144860318284034,
  "Ronald Acuna Jr.": 0.13399440836940837,
  "Ozzie Albies": 0.08017129563483436,
  "Jose Ramirez": 0.09639002732240437,
  "Matt Olson": 0.13564465874755982,
  "Steven Kwan": 0.05829843521332883,
  "Brayan Rocchio": 0.07174603174603174,
  "Kyle Manzardo": 0.09616943037535558,
  "Juan Brito": 0.09074074074074073,
  "Bo Naylor": 0.08818724692683463,
  "Michael Harris II": 0.08778165789609452,
  "Rhys Hoskins": 0.08883950561291244,
  "Dominic Smith": 0.09761904761904762,
  "Chase DeLauter": 0.09639002732240437,
  "Drake Baldwin": 0.1120121635610766,
  "Mauricio Dubon": 0.07174603174603174,
  "Mike Yastrzemski": 0.09329918032786885,
  "Angel Martinez": 0.09074074074074073,
  "Heliot Ramos": 0.0854995390412057,
  "Gunnar Henderson": 0.11221143892339544,
  "Patrick Bailey": 0.066417558476382,
  "Matt Chapman": 0.1167729090281099,
  "Adley Rutschman": 0.08473478769832642,
  "Jung Hoo Lee": 0.06417223817324973,
  "Jerar Encarnaci\u00f3n": 0.10757575757575757,
  "Rafael Devers": 0.13345063597716134,
  "Willy Adames": 0.11715360423548576,
  "Dylan Beavers": 0.07075220178161355,
  "Taylor Ward": 0.09107091855537129,
  "Samuel Basallo": 0.08206336952348274,
  "Blaze Alexander": 0.0558994708994709,
  "Pete Alonso": 0.11423430904705467,
  "Harrison Bader": 0.06281015900633126,
  "Luis Arraez": 0.05303989745479107,
  "Jeremiah Jackson": 0.06046119649060825,
  "Tyler O'Neill": 0.12000000000000001,
  "Casey Schmitt": 0.08695358064566737,
  "Leody Taveras": 0.0750877192982456,
  "Lenyn Sosa": 0.06285672035672037,
  "Kyle Isbel": 0.07174603174603174,
  "Salvador Perez": 0.10263183137247642,
  "Bobby Witt Jr.": 0.09174974086945918,
  "Maikel Garcia": 0.05918984755618419,
  "Miguel Vargas": 0.06623622166138182,
  "Vinnie Pasquantino": 0.08865599692683464,
  "Colson Montgomery": 0.0758517536103743,
  "Chase Meidroth": 0.04909075224292616,
  "Jac Caglianone": 0.0744628647214854,
  "Carter Jensen": 0.10481616263106033,
  "Derek Hill": 0.0513119471707258,
  "Tanner Murray": 0.07174603174603174,
  "Edgar Quero": 0.05296161711724626,
  "Luisangel Acuna": 0.0638095238095238,
  "Isaac Collins": 0.07174603174603174,
  "Munetaka Murakami": 0.0778005358223144,
  "Michael Massey": 0.0792156862745098,
  "Christian Yelich": 0.10699377723185315,
  "Luis Garcia Jr.": 0.07668163300792409,
  "Brice Turang": 0.08724553995387328,
  "Keibert Ruiz": 0.066417558476382,
  "CJ Abrams": 0.07639182833627278,
  "Garrett Mitchell": 0.10634172992868644,
  "Joey Ortiz": 0.08392857142857142,
  "Sal Frelick": 0.06499823352764529,
  "James Wood": 0.11450033875338754,
  "Jake Bauers": 0.11517561634582911,
  "William Contreras": 0.10826604554865424,
  "Brandon Lockridge": 0.060000000000000005,
  "Daylen Lile": 0.08095225841237164,