{
  "TJ Friedl": 0.0629342500395132,
  "Spencer Steer": 0.06967537510053526,
  "Eugenio Suarez": 0.10804438938710231,
  "Matt McLain": 0.07269720233772521,
  "Elly De La Cruz": 0.08933130889160097,
  "Xavier Edwards": 0.047730736886366025,
  "Griffin Conine": 0.07025742775742776,
  "Agust\u00edn Ram\u00edrez": 0.08814596163298348,
  "Otto Lopez": 0.05827312196929422,
  "Graham Pauley": 0.06903193756134933,
  "Liam Hicks": 0.05125114784205693,
  "Jakob Marsee": 0.06746171185746026,
  "Sal Stewart": 0.091103083819777,
  "Owen Caissie": 0.07766516653489834,
  "Dane Myers": 0.05948653762121254,
  "Nathaniel Lowe": 0.07766516653489834,
  "Javier Sanoja": 0.05296161711724626,
  "Giancarlo Stanton": 0.14989691074964107,
  "Aaron Judge": 0.1858802497431758,
  "Tyler Soderstrom": 0.08095532039976484,
  "Brent Rooker": 0.10384395258459762,
  "Austin Wells": 0.08301036155202822,
  "Darell Hernaiz": 0.05122171563660926,
  "Denzel Clarke": 0.053130128988907614,
  "Jacob Wilson": 0.07091979030798069,
  "Amed Rosario": 0.06764304867246045,
  "Cody Bellinger": 0.08796485794931068,
  "Max Muncy (2002)": 0.08222865859839039,
  "Jose Caballero": 0.06076292978308656,
  "Nick Kurtz": 0.1183394362216055,
  "Andy Ibanez": 0.06886853886853887,
  "Randal Grichuk": 0.0979417514603354,
  "Austin Wynns": 0.07207084068195178,
  "Ryan McMahon": 0.09231930676677053,
  "Ben Rice": 0.1573770644064575,
  "Byron Buxton": 0.12485192811834839,
  "Trevor Larnach": 0.07212635549269213,
  "Parker Meadows": 0.06557906518432834,
  "Spencer Torkelson": 0.09434473743960244,
  "Matt Wallner": 0.11063456480153037,
  "Royce Lewis": 0.08490182219862384,
  "Kerry Carpenter": 0.11223276505724242,
  "Riley Greene": 0.112411579955418,
  "Gleyber Torres": 0.06314638167579344,
  "Colt Keith": 0.08046647166952331,
  "Dillon Dingler": 0.08392857142857142,
  "Zach McKinstry": 0.066417558476382,
  "Kody Clemens": 0.08865599692683464,
  "Kevin McGonigle": 0.08392857142857142,
  "Josh Bell": 0.08572518115790412,
  "James Outman": 0.08136337661282836,
  "Tristan Gray": 0.08158431141251414,
  "Victor Caratini": 0.07207084068195178,
  "Jake Rogers": 0.08914780020552317,
  "Javier Baez": 0.07868237003748195,
  "Geraldo Perdomo": 0.04923758865248227,
  "Alek Thomas": 0.04923758865248227,
  "Ketel Marte": 0.08430906285072952,
  "Ildemaro Vargas": 0.051777271192164805,
  "Mark Vientos": 0.0961014103748172,
  "Francisco Lindor": 0.09887638733326545,
  "Jorge Barrosa": 0.047253461668355284,
  "Francisco Alvarez": 0.08695358064566737,
  "Tyrone Taylor": 0.05909208600697963,
  "Marcus Semien": 0.0709008652966137,
  "Adrian Del Castillo": 0.06967537510053526,
  "Luis Robert Jr.": 0.090270835385272,
  "Bo Bichette": 0.08301036155202822,
  "James McCann": 0.05562761932379157,
  "Luis Torrens": 0.06046119649060825,
  "Tim Tawa": 0.05944315563932789,
  "Brett Baty": 0.05948653762121254,
  "Jose Fernandez": 0.05231177606177606,
  "Andrew Benintendi": 0.0854995390412057,
  "Maikel Garcia": 0.0744628647214854,
  "Salvador Perez": 0.1238791587383959,
  "Miguel Vargas": 0.09328396671634376,
  "Colson Montgomery": 0.12852438833421753,
  "Bobby Witt Jr.": 0.11574491328875133,
  "Vinnie Pasquantino": 0.09951910011396511,
  "Lane Thomas": 0.090270835385272,
  "Chase Meidroth": 0.06281015900633126,
  "Edgar Quero": 0.05672636922636923,
  "Jonathan India": 0.06731304834246012,
  "Jac Caglianone": 0.09511924944730109,
  "Tristan Peters": 0.055751710356973516,
  "Munetaka Murakami": 0.12885577751767457,
  "Dustin Harris": 0.07237451737451737,
  "Luisangel Acuna": 0.04937830687830688,
  "Isaac Collins": 0.06731304834246012,
  "Kyle Isbel": 0.05376758337284653,
  "Jake Cronenworth": 0.0854756804601332,
  "Brenton Doyle": 0.062123494011684405,
  "Xander Bogaerts": 0.07550999412110523,
  "Troy Johnston": 0.07084535048587336,
  "Gavin Sheets": 0.09412589990458843,
  "Jackson Merrill": 0.11372736942910222,
  "TJ Rumfield": 0.06514689704264544,
  "Fernando Tatis Jr.": 0.12141795486310465,
  "Edouard Julien": 0.0758517536103743,
  "Mickey Moniak": 0.10792222323712093,
  "Ezequiel Tovar": 0.08035064513134688,
  "Hunter Goodman": 0.1077172917662048,
  "Manny Machado": 0.11552074691665283,
  "Freddy Fermin": 0.057815693845105605,
  "Willi Castro": 0.06886853886853887,
  "Jake McCarthy": 0.05257092198581561,
  "Ty France": 0.0631060116354234,
  "Nick Castellanos": 0.07839726631393298,
  "Kyle Karros": 0.060000000000000005,
  "Ramon Laureano": 0.13333333333333333,
  "Miguel Andujar": 0.09761904761904762,
  "Tyler Freeman": 0.060000000000000005
}