{
  "Willy Adames": 0.09589934769564788,
  "Jung Hoo Lee": 0.05578746650175222,
  "Rafael Devers": 0.12294960502796519,
  "Austin Wells": 0.07549676280768718,
  "Jose Caballero": 0.061919680152762856,
  "Aaron Judge": 0.19787272458841088,
  "Giancarlo Stanton": 0.13408423019809199,
  "Jazz Chisholm Jr.": 0.08442728560134143,
  "Casey Schmitt": 0.07514034176526896,
  "Patrick Bailey": 0.059351297112449006,
  "Harrison Bader": 0.06267074786710364,
  "Heliot Ramos": 0.08020227275716092,
  "Cody Bellinger": 0.07984688151354817,
  "Paul Goldschmidt": 0.10776742581090408,
  "Matt Chapman": 0.0997130933750652,
  "Luis Arraez": 0.04840070186133545,
  "Amed Rosario": 0.07443916287053542,
  "Denzel Clarke": 0.06744272132515468,
  "Jacob Wilson": 0.059183830794112276,
  "Tyler Soderstrom": 0.1148346971638897,
  "Jeff McNeil": 0.06655990213219774,
  "Shea Langeliers": 0.14605897686542846,
  "Daulton Varsho": 0.12450190327102915,
  "George Springer": 0.13804601417949447,
  "Addison Barger": 0.1117670150920329,
  "Ernie Clement": 0.059350099661104445,
  "Kazuma Okamoto": 0.10712016646799255,
  "Alejandro Kirk": 0.10647031789623809,
  "Andres Gimenez": 0.059351297112449006,
  "Nick Kurtz": 0.16382243498720986,
  "Brent Rooker": 0.13666721743853147,
  "Max Muncy (2002)": 0.08048451548451549,
  "Lawrence Butler": 0.08728511550553512,
  "Vladimir Guerrero Jr.": 0.1390154208455909,
  "Nathan Lukes": 0.07181149826614683,
  "Heriberto Hernandez": 0.0924597293480709,
  "Jordan Beck": 0.06077419329299028,
  "Brenton Doyle": 0.0625509442298756,
  "Otto Lopez": 0.07326833989326709,
  "TJ Rumfield": 0.10321053936164414,
  "Hunter Goodman": 0.09825656329655696,
  "Javier Sanoja": 0.05906253729562,
  "Xavier Edwards": 0.051864441140694696,
  "Kyle Karros": 0.04849751011945171,
  "Willi Castro": 0.0676038680016181,
  "Connor Norby": 0.10573293713958676,
  "Jake McCarthy": 0.051842308829886476,
  "Jakob Marsee": 0.07450362126832714,
  "Ezequiel Tovar": 0.0726469201542003,
  "Agust\u00edn Ram\u00edrez": 0.11216158185325563,
  "Christopher Morel": 0.10757575757575757,
  "Jonah Heim": 0.07280235170991474,
  "Lane Thomas": 0.08500332246770088,
  "Matt Olson": 0.1259032084597244,
  "Maikel Garcia": 0.06944592141849992,
  "Bobby Witt Jr.": 0.10679709037765303,
  "Jonathan India": 0.060667829550262904,
  "Eli White": 0.07321714824543679,
  "Michael Harris II": 0.07310043489342932,
  "Starling Marte": 0.0641028996751953,
  "Salvador Perez": 0.11286491144547411,
  "Mauricio Dubon": 0.05894006251149109,
  "Ronald Acuna Jr.": 0.12963976750981407,
  "Drake Baldwin": 0.08730365132231868,
  "Vinnie Pasquantino": 0.08729581154532422,
  "Austin Riley": 0.1321089033122832,
  "Ozzie Albies": 0.09512215744610111,
  "Carter Jensen": 0.06861021775394195,
  "Isaac Collins": 0.06623622166138182,
  "Yordan Alvarez": 0.15504184289376696,
  "Carlos Correa": 0.10819172865066586,
  "Jose Altuve": 0.1074439629428938,
  "Mike Trout": 0.15769394342699827,
  "Logan O'Hoppe": 0.10402447582775451,
  "Jeremy Pena": 0.10175308466747446,
  "Yainer Diaz": 0.09937998687543313,
  "Jo Adell": 0.13023485414901953,
  "Zach Neto": 0.11776742581090408,
  "Brice Matthews": 0.08889687815613741,
  "Jorge Soler": 0.10059072052832757,
  "Christian Walker": 0.1206489552920928,
  "Nolan Schanuel": 0.06423410454510933,
  "Cam Smith": 0.0842334758837222,
  "Yoan Moncada": 0.08555947481873408,
  "Josh Lowe": 0.08069493244502514,
  "Oswald Peraza": 0.0714297666261224,
  "Isaac Paredes": 0.11965491885192603,
  "Manny Machado": 0.12400030111412226,
  "Fernando Tatis Jr.": 0.10897414038079,
  "Javier Baez": 0.07093219269689859,
  "Jake Cronenworth": 0.051988766733000576,
  "Kerry Carpenter": 0.1365738467569255,
  "Riley Greene": 0.12189140396976413,
  "Spencer Torkelson": 0.11152004284854528,
  "Xander Bogaerts": 0.08743602450880603,
  "Parker Meadows": 0.061488477923587435,
  "Dillon Dingler": 0.08658895491173643,
  "Gavin Sheets": 0.07361111111111111,
  "Colt Keith": 0.08392857142857142,
  "Ramon Laureano": 0.08777943110221262,
  "Gleyber Torres": 0.08007057428621293,
  "Freddy Fermin": 0.060000000000000005,
  "Jackson Merrill": 0.09103568135747857,
  "Miguel Andujar": 0.056875032741369375,
  "Kevin McGonigle": 0.10322604350382127,
  "Nick Castellanos": 0.07361111111111111,
  "Luis Campusano": 0.061853152164156947,
  "Zach McKinstry": 0.06717072967800981,
  "Steven Kwan": 0.05427700212468424,
  "Julio Rodriguez": 0.11433394350274145,
  "Gabriel Arias": 0.06137696168796647,
  "Brayan Rocchio": 0.05167252251105397,
  "Cal Raleigh": 0.15749403069656953,
  "Jose Ramirez": 0.10178603793714272,
  "Bo Naylor": 0.0869783060095047,
  "Luke Raley": 0.08309033901626493,
  "Dominic Canzone": 0.08830387236564317,
  "Leo Rivas": 0.0524061948617528,
  "Daniel Schneemann": 0.060000000000000005,
  "Cole Young": 0.05817270214188081,
  "Randy Arozarena": 0.0936201454164456,
  "Kyle Manzardo": 0.08495170902466322,
  "Josh Naylor": 0.1117670150920329,
  "Brendan Donovan": 0.08001437630469889,
  "C. J. Kayfus": 0.06944563964199542,
  "Rhys Hoskins": 0.0847202223064292,
  "Chase DeLauter": 0.09326804448087703,
  "Geraldo Perdomo": 0.0937529770348319,
  "Ketel Marte": 0.13164422704374015,
  "Carlos Santana": 0.08561776179181761,
  "Alek Thomas": 0.07447419161704875,
  "Andy Pages": 0.09855178276703329,
  "Jordan Lawlar": 0.06946160446160446,
  "Mookie Betts": 0.11637409289583202,
  "Will Smith": 0.13105820722612613,
  "Max Muncy": 0.13628683513229237,
  "Kyle Tucker": 0.1301793095820718,
  "Teoscar Hernandez": 0.12331321727031308,
  "Corbin Carroll": 0.15174192643595577,
  "Alex Freeland": 0.08369235034259666,
  "Gabriel Moreno": 0.08501212944380249,
  "Nolan Arenado": 0.08861976968914892,
  "Shohei Ohtani": 0.21354137698778342,
  "Freddie Freeman": 0.12169011188780922,
  "Pavin Smith": 0.11463700234192037,
  "Tim Tawa": 0.08392857142857142,
  "Miguel Rojas": 0.060000000000000005
}