{
  "Riley Greene": 0.0948356908542748,
  "Alec Burleson": 0.08865599692683464,
  "Spencer Torkelson": 0.08973694151034835,
  "Nolan Gorman": 0.08737913586615773,
  "Kerry Carpenter": 0.11172256097560976,
  "Ivan Herrera": 0.07822768281101614,
  "Parker Meadows": 0.054851459456722616,
  "Dillon Dingler": 0.06764304867246045,
  "Zach McKinstry": 0.06746171185746026,
  "Colt Keith": 0.07854700075006589,
  "Jordan Walker": 0.07196671309167041,
  "Pedro Pages": 0.06150713912745998,
  "Thomas Saggese": 0.05487451737451737,
  "Victor Scott II": 0.05271164021164021,
  "Gleyber Torres": 0.06314638167579344,
  "Kevin McGonigle": 0.07607786494759675,
  "Nathan Church": 0.053130128988907614,
  "JJ Wetherholt": 0.06795968882602546,
  "Vladimir Guerrero Jr.": 0.12174949589764984,
  "George Springer": 0.12161729485007151,
  "Tyler Heineman": 0.05981653795121287,
  "Ernie Clement": 0.06499823352764529,
  "Davis Schneider": 0.08695358064566737,
  "Daulton Varsho": 0.1097096665403391,
  "Myles Straw": 0.0546181512090603,
  "Andres Gimenez": 0.0629171448053352,
  "Colson Montgomery": 0.10259590792838874,
  "Miguel Vargas": 0.0925265997687566,
  "Chase Meidroth": 0.056602278193187285,
  "Munetaka Murakami": 0.10517027832960327,
  "Austin Hays": 0.08435903884847547,
  "Luisangel Acuna": 0.059635201136212686,
  "Kazuma Okamoto": 0.11473517225762755,
  "Tristan Peters": 0.07868237003748195,
  "Reese McGuire": 0.066417558476382,
  "Lenyn Sosa": 0.09722960756208837,
  "Christian Yelich": 0.08157758278063443,
  "Maikel Garcia": 0.06868720205353869,
  "Salvador Perez": 0.11090097571372134,
  "Kyle Isbel": 0.05796435736010575,
  "William Contreras": 0.08500020182825348,
  "Brice Turang": 0.06764304867246045,
  "Bobby Witt Jr.": 0.11711148684787608,
  "Garrett Mitchell": 0.07607786494759675,
  "Vinnie Pasquantino": 0.1047497496860469,
  "Jake Bauers": 0.08388909071714236,
  "Brandon Lockridge": 0.05318061568061568,
  "Sal Frelick": 0.054645280504059125,
  "Jac Caglianone": 0.07323737452540698,
  "Joey Ortiz": 0.07361111111111111,
  "Isaac Collins": 0.05631612428016606,
  "David Hamilton": 0.0723606453536031,
  "Nick Loftin": 0.054645280504059125,
  "Starling Marte": 0.06746171185746026,
  "Luis Rengifo": 0.07978647303805148,
  "Shea Langeliers": 0.14675168990875054,
  "Carlos Correa": 0.09032603922716627,
  "Yordan Alvarez": 0.17307406247623638,
  "Jake Meyers": 0.07338262391744979,
  "Jose Altuve": 0.10356259895262453,
  "Jeremy Pena": 0.09014253054108846,
  "Yainer Diaz": 0.0923894538253486,
  "Lawrence Butler": 0.09183660650403025,
  "Joey Loperfido": 0.08060863519196852,
  "Denzel Clarke": 0.05860934463875641,
  "Jacob Wilson": 0.07075220178161355,
  "Brent Rooker": 0.1273801262815704,
  "Christian Walker": 0.12377588794618195,
  "Max Muncy (2002)": 0.08649252247954434,
  "Tyler Soderstrom": 0.12084473844854082,
  "Nick Kurtz": 0.14286955301594154,
  "Jeff McNeil": 0.0717271847010409,
  "Christian Vazquez": 0.0792156862745098,
  "Gunnar Henderson": 0.09778291454921889,
  "Oneil Cruz": 0.11492378048780488,
  "Bryan Reynolds": 0.08205306141251414,
  "Adley Rutschman": 0.06886853886853887,
  "Jared Triolo": 0.060000000000000005,
  "Dylan Beavers": 0.08828976034858388,
  "Henry Davis": 0.07361111111111111,
  "Spencer Horwitz": 0.06623622166138182,
  "Colton Cowser": 0.07958774250440917,
  "Coby Mayo": 0.07978647303805148,
  "Blaze Alexander": 0.0750877192982456,
  "Taylor Ward": 0.08788676615760387,
  "Marcell Ozuna": 0.0925265997687566,
  "Pete Alonso": 0.11389306143689948,
  "Ryan O'Hearn": 0.0808121140636925,
  "Brandon Lowe": 0.11304299987367243,
  "Konnor Griffin": 0.07766516653489834,
  "Leody Taveras": 0.0750877192982456,
  "Nick Gonzales": 0.0750877192982456,
  "Joey Bart": 0.0792156862745098,
  "Mookie Betts": 0.10456234338919533,
  "Max Muncy": 0.14568142356279537,
  "Will Smith": 0.11406340803693774,
  "Luis Garcia Jr.": 0.08619067801872966,
  "Freddie Freeman": 0.13209376008401816,
  "CJ Abrams": 0.08808213866532529,
  "Andy Pages": 0.10444114602362684,
  "James Wood": 0.11523470920711869,
  "Shohei Ohtani": 0.20996520835680488,
  "Daylen Lile": 0.08111072976392365,
  "Alex Freeland": 0.09104006615450277,
  "Brady House": 0.0730560377104068,
  "Jorbit Vivas": 0.056421270117442364,
  "Kyle Tucker": 0.14478291187295025,
  "Jacob Young": 0.04647941837168357,
  "Drew Millas": 0.059371184371184375,
  "Curtis Mead": 0.06086069133229113,
  "Alex Call": 0.06086069133229113,
  "Jake Cronenworth": 0.04923758865248227,
  "Jarren Duran": 0.0854168865652934,
  "Fernando Tatis Jr.": 0.08649252247954434,
  "Manny Machado": 0.08324586210097401,
  "Ty France": 0.05839721300247616,
  "Wilyer Abreu": 0.11007447965636119,
  "Ceddanne Rafaela": 0.06608755814638168,
  "Xander Bogaerts": 0.05827312196929422,
  "Trevor Story": 0.0923465133650973,
  "Willson Contreras": 0.09592834809577185,
  "Ramon Laureano": 0.07761952977389887,
  "Marcelo Mayer": 0.07625745060698039,
  "Carlos Narvaez": 0.06746171185746026,
  "Caleb Durbin": 0.053851629710408334,
  "Roman Anthony": 0.09462626476243852,
  "Freddy Fermin": 0.05119648869648869,
  "Miguel Andujar": 0.06903193756134933,
  "Bryce Johnson": 0.06777777777777778,
  "TJ Friedl": 0.07369658119658119,
  "Matt McLain": 0.07902635678497748,
  "Evan Carter": 0.07075220178161355,
  "Danny Jansen": 0.0925265997687566,
  "Jose Trevino": 0.05562761932379157,
  "Nathaniel Lowe": 0.07308804418453542,
  "Josh Smith": 0.06281015900633126,
  "Josh Jung": 0.07958774250440917,
  "Spencer Steer": 0.07873652146960727,
  "Eugenio Suarez": 0.12042178403705066,
  "Will Benson": 0.08796631212714885,
  "Corey Seager": 0.1379064556124192,
  "Brandon Nimmo": 0.09611185678184965,
  "Wyatt Langford": 0.09975279950643015,
  "Jake Burger": 0.1167477600796416,
  "Elly De La Cruz": 0.08619067801872966,
  "Joc Pederson": 0.11060596409205138,
  "Sal Stewart": 0.0889088642599212,
  "Aaron Judge": 0.1781195678261518,
  "Giancarlo Stanton": 0.13357096663499102,
  "Xavier Edwards": 0.045746609902239034,
  "Austin Wells": 0.09382868310208993,
  "Otto Lopez": 0.066417558476382,
  "Trent Grisham": 0.10634172992868644,
  "Jazz Chisholm Jr.": 0.10329618804043357,
  "Ben Rice": 0.1173406579696024,
  "Connor Norby": 0.07323737452540698,
  "Agust\u00edn Ram\u00edrez": 0.0905061722795791,
  "Owen Caissie": 0.07361111111111111,
  "Heriberto Hernandez": 0.07550999412110523,
  "Jose Caballero": 0.053130128988907614,
  "Jakob Marsee": 0.07550999412110523,
  "Ryan McMahon": 0.08695358064566737,
  "Javier Sanoja": 0.05323527482618392,
  "Cody Bellinger": 0.08865599692683464,
  "Austin Slater": 0.07230769230769231,
  "Leo Jimenez": 0.08416179337231967,
  "Gary Sanchez": 0.1285383022774327,
  "Carter Jensen": 0.10899297423887586,
  "Jonathan India": 0.0792156862745098,
  "Blake Perkins": 0.09523809523809523,
  "Royce Lewis": 0.08883950561291244,
  "Ryan Jeffers": 0.08165030185863519,
  "Matt Wallner": 0.0921102924613494,
  "Yandy Diaz": 0.0819479531510048,
  "Jonathan Aranda": 0.1077172917662048,
  "Jake Fraley": 0.06746171185746026,
  "Junior Caminero": 0.1162211734575627,
  "Austin Martin": 0.06086069133229113,
  "Brooks Lee": 0.06746171185746026,
  "Cedric Mullins": 0.08622327582325733,
  "Richie Palacios": 0.06417223817324973,
  "James Outman": 0.05796435736010575,
  "Luke Keaschall": 0.06016465636082861,
  "Chandler Simpson": 0.05090626340626341,
  "Victor Caratini": 0.0729666569890265,
  "Ben Williamson": 0.055751710356973516,
  "Tristan Gray": 0.060000000000000005,
  "Josh Bell": 0.07968926946997122,
  "Hunter Feduccia": 0.0571933172626222,
  "Austin Riley": 0.11491688218235332,
  "Ronald Acuna Jr.": 0.12713591981907302,
  "Ozzie Albies": 0.06764304867246045,
  "Ketel Marte": 0.11825021551568665,
  "Matt Olson": 0.12084473844854082,
  "Corbin Carroll": 0.1097096665403391,
  "Gabriel Moreno": 0.059635201136212686,
  "Alek Thomas": 0.06764304867246045,
  "Geraldo Perdomo": 0.066417558476382,
  "Michael Harris II": 0.07963203765381624,
  "Drake Baldwin": 0.0925265997687566,