{
  "Will Smith": 0.10643325933424025,
  "Max Muncy": 0.14386675253510672,
  "Luis Garcia Jr.": 0.09370502448371301,
  "Mookie Betts": 0.11784803167999446,
  "Keibert Ruiz": 0.0740377118008697,
  "Freddie Freeman": 0.12569731618553784,
  "Andy Pages": 0.10145747991975805,
  "CJ Abrams": 0.09423891835863667,
  "Nasim Nunez": 0.06764304867246045,
  "Shohei Ohtani": 0.20688488959450246,
  "Brady House": 0.07868237003748195,
  "Alex Freeland": 0.07207084068195178,
  "James Wood": 0.11767204715305946,
  "Teoscar Hernandez": 0.11959577233926097,
  "Daylen Lile": 0.09661507739376592,
  "Kyle Tucker": 0.14117411176381692,
  "Jorbit Vivas": 0.06314638167579344,
  "Jacob Young": 0.0513119471707258,
  "Ivan Herrera": 0.06786916000968289,
  "Kerry Carpenter": 0.14159036218006732,
  "Spencer Torkelson": 0.09370502448371301,
  "Riley Greene": 0.13250464735436732,
  "Jordan Walker": 0.06514689704264544,
  "Zach McKinstry": 0.06086069133229113,
  "Alec Burleson": 0.05562761932379157,
  "Parker Meadows": 0.06155052110934464,
  "Ramon Urias": 0.06424432996070423,
  "Thomas Saggese": 0.05487451737451737,
  "Masyn Winn": 0.06925804889857178,
  "Victor Scott II": 0.045105709507883424,
  "Gleyber Torres": 0.09620651863632657,
  "Dillon Dingler": 0.07399990175852245,
  "Kevin McGonigle": 0.10481616263106033,
  "Javier Baez": 0.066417558476382,
  "Jose Fermin": 0.056875032741369375,
  "Yohel Pozo": 0.08828976034858388,
  "Aaron Judge": 0.2115094692425201,
  "Giancarlo Stanton": 0.1551467563914524,
  "Xavier Edwards": 0.05318061568061568,
  "Austin Wells": 0.10848249941372164,
  "Trent Grisham": 0.12341305300840733,
  "Jazz Chisholm Jr.": 0.11655776741590945,
  "Connor Norby": 0.08500693046013319,
  "Graham Pauley": 0.09074074074074073,
  "Agust\u00edn Ram\u00edrez": 0.11555509361911802,
  "Griffin Conine": 0.09253391966194888,
  "Otto Lopez": 0.07399990175852245,
  "Ben Rice": 0.14478291187295025,
  "Jose Caballero": 0.05562761932379157,
  "Ryan McMahon": 0.09079478922716627,
  "Liam Hicks": 0.07369658119658119,
  "Jakob Marsee": 0.08158431141251414,
  "Cody Bellinger": 0.10281479390175043,
  "Owen Caissie": 0.08353096159804833,
  "Jake Cronenworth": 0.05125114784205693,
  "Fernando Tatis Jr.": 0.08223657009859195,
  "Manny Machado": 0.08622327582325733,
  "Trevor Story": 0.09500611310097809,
  "Ceddanne Rafaela": 0.05854587651747631,
  "Jarren Duran": 0.08556768077601411,
  "Xander Bogaerts": 0.07033889070502343,
  "Jackson Merrill": 0.08306990343192529,
  "Wilyer Abreu": 0.11118413245467859,
  "Roman Anthony": 0.09778291454921889,
  "Carlos Narvaez": 0.07422601309574489,
  "Gavin Sheets": 0.05854587651747631,
  "Marcelo Mayer": 0.06401821862348178,
  "Ramon Laureano": 0.07457696978188781,
  "Willson Contreras": 0.0898420497718577,
  "Caleb Durbin": 0.05318061568061568,
  "Miguel Andujar": 0.06746171185746026,
  "Luis Campusano": 0.06764304867246045,
  "Vladimir Guerrero Jr.": 0.112411579955418,
  "Addison Barger": 0.08254486469120267,
  "Andrew Benintendi": 0.07705001353309934,
  "George Springer": 0.09701765388329893,
  "Ernie Clement": 0.06104202814729131,
  "Daulton Varsho": 0.09904639163816768,
  "Alejandro Kirk": 0.08158431141251414,
  "Miguel Vargas": 0.08035064513134688,
  "Munetaka Murakami": 0.08147920315100479,
  "Chase Meidroth": 0.054645280504059125,
  "Colson Montgomery": 0.09262969585433353,
  "Edgar Quero": 0.054645280504059125,
  "Kazuma Okamoto": 0.08147920315100479,
  "Andres Gimenez": 0.06623622166138182,
  "Jesus Sanchez": 0.08973694151034835,
  "Austin Hays": 0.07025742775742776,
  "Luisangel Acuna": 0.04717518133081047,
  "Tristan Peters": 0.10192939244663383,
  "Eugenio Suarez": 0.11243283845881938,
  "Tyler Stephenson": 0.07539765198256375,
  "Corey Seager": 0.14340396097642474,
  "Josh Smith": 0.056875032741369375,
  "Spencer Steer": 0.07671372191863995,
  "Josh Jung": 0.0768881049732182,
  "Wyatt Langford": 0.09597280412521388,
  "Matt McLain": 0.0723606453536031,
  "Elly De La Cruz": 0.07201698937269221,
  "Noelvi Marte": 0.053851629710408334,
  "Evan Carter": 0.059635201136212686,
  "Sal Stewart": 0.09253391966194888,
  "Danny Jansen": 0.07422601309574489,
  "Brandon Nimmo": 0.10874754431772413,
  "Jake Burger": 0.11139117179215272,
  "Joc Pederson": 0.09818875870506305,
  "Ke'Bryan Hayes": 0.05742255413308045,
  "Dane Myers": 0.05654536115062431,
  "Bo Naylor": 0.09003742227957912,
  "Brayan Rocchio": 0.050908934061107976,
  "Nico Hoerner": 0.05796435736010575,
  "Miguel Amaya": 0.059635201136212686,
  "Steven Kwan": 0.055572960178223337,
  "Ian Happ": 0.08832712182184013,
  "Jose Ramirez": 0.10512129131031571,
  "Gabriel Arias": 0.06764304867246045,
  "Dansby Swanson": 0.08272837337728048,
  "Pete Crow-Armstrong": 0.07682177735660323,
  "Kyle Manzardo": 0.08814596163298348,
  "Daniel Schneemann": 0.07102371128233197,
  "Michael Busch": 0.0854168865652934,
  "Matt Shaw": 0.06979822108625354,
  "Carson Kelly": 0.08035064513134688,
  "Alex Bregman": 0.08158431141251414,
  "Chase DeLauter": 0.09162812256049961,
  "Angel Martinez": 0.05654536115062431,
  "J.T. Realmuto": 0.08035064513134688,
  "Kyle Schwarber": 0.19689520255225137,
  "Bryce Harper": 0.13548764563500337,
  "Alec Bohm": 0.08035064513134688,
  "Bryson Stott": 0.06868720205353869,
  "Brandon Marsh": 0.07822768281101614,
  "Brenton Doyle": 0.06903193756134933,
  "Ezequiel Tovar": 0.07308804418453542,
  "Hunter Goodman": 0.10868193658291748,
  "Trea Turner": 0.1028271105651865,
  "Jordan Beck": 0.060000000000000005,
  "Troy Johnston": 0.08106289584359759,
  "Adolis Garcia": 0.12800316140949133,
  "Kyle Karros": 0.05358883319409635,
  "TJ Rumfield": 0.08035064513134688,
  "Willi Castro": 0.07084535048587336,
  "Jake McCarthy": 0.05672636922636923,
  "Justin Crawford": 0.05839721300247616,
  "Mickey Moniak": 0.10483439523537615,
  "Byron Buxton": 0.10096285916275312,
  "Yandy Diaz": 0.08865599692683464,
  "Ryan Jeffers": 0.06405240346729708,
  "Jake Fraley": 0.06746171185746026,
  "Jonathan Aranda": 0.12635281981285354,
  "Trevor Larnach": 0.061631230160641925,
  "Matt Wallner": 0.11378463580554173,
  "Royce Lewis": 0.08117872238177402,
  "Luke Keaschall": 0.052381135926464324,
  "Chandler Simpson": 0.0638095238095238,
  "Kody Clemens": 0.11243283845881938,
  "Nick Fortes": 0.06104202814729131,
  "Junior Caminero": 0.14031988436400203,
  "Cedric Mullins": 0.08992159574140268,
  "Carson Williams": 0.06623622166138182,
  "Josh Bell": 0.09770094994519547,
  "Ben Williamson": 0.054645280504059125,
  "Tristan Gray": 0.06561199294532628,
  "Bryan Reynolds": 0.08466180308538541,
  "Adley Rutschman": 0.07626689849729065,
  "Gunnar Henderson": 0.11055972810356615,
  "Oneil Cruz": 0.11998661487874678,
  "Colton Cowser": 0.08353096159804833,
  "Spencer Horwitz": 0.05636661097187413,
  "Samuel Basallo": 0.10163924531240873,
  "Tyler O'Neill": 0.09761904761904762,
  "Taylor Ward": 0.08286958593667267,
  "Coby Mayo": 0.07361111111111111,
  "Jeremiah Jackson": 0.07207084068195178,
  "Ryan O'Hearn": 0.06946822075625321,
  "Pete Alonso": 0.1268418692820775,
  "Brandon Lowe": 0.10764505377973035,
  "Marcell Ozuna": 0.0889088642599212,
  "Konnor Griffin": 0.0709008652966137,
  "Henry Davis": 0.06764304867246045,
  "Jared Triolo": 0.045047619047619045,
  "Dylan Beavers": 0.07839726631393298,
  "Blaze Alexander": 0.062325781664016956,
  "Jo Adell": 0.09612045663676098,
  "J.P. Crawford": 0.08828976034858388,
  "Mike Trout": 0.1309296218487395,
  "Cal Raleigh": 0.16905696196673953,
  "Zach Neto": 0.10303363143676443,
  "Nolan Schanuel": 0.05654536115062431,
  "Logan O'Hoppe": 0.09074074074074073,
  "Victor Robles": 0.055751710356973516,
  "Leo Rivas": 0.060000000000000005,
  "Julio Rodriguez": 0.12126818018295817,
  "Josh Naylor": 0.08643318242790074,
  "Cole Young": 0.0750877192982456,
  "Yoan Moncada": 0.0952937370600414,
  "Jorge Soler": 0.09099797555826764,
  "Randy Arozarena": 0.10508257354325129,
  "Josh Lowe": 0.07025742775742776,
  "Rob Refsnyder": 0.0855998490945674,