{
  "Miguel Amaya": 0.07761952977389887,
  "Yandy Diaz": 0.09260583727326102,
  "Jake Fraley": 0.07761952977389887,
  "Ian Happ": 0.0887813824734692,
  "Nico Hoerner": 0.05650968560059469,
  "Jonathan Aranda": 0.11118363058168858,
  "Dansby Swanson": 0.08788676615760387,
  "Chandler Simpson": 0.04750526791089705,
  "Nick Fortes": 0.07212635549269213,
  "Junior Caminero": 0.1361189587663165,
  "Matt Shaw": 0.07668984755618419,
  "Pete Crow-Armstrong": 0.08377326417896593,
  "Carson Kelly": 0.0902898538093246,
  "Richie Palacios": 0.07361111111111111,
  "Michael Busch": 0.09337689599133261,
  "Alex Bregman": 0.09060216855537129,
  "Cedric Mullins": 0.08778165789609452,
  "Ben Williamson": 0.05672636922636923,
  "Taylor Walls": 0.05097749013311927,
  "Salvador Perez": 0.09578835781704634,
  "Jose Ramirez": 0.10068032351280433,
  "Gabriel Arias": 0.0629171448053352,
  "Maikel Garcia": 0.059635201136212686,
  "Kyle Isbel": 0.04766218081435473,
  "Steven Kwan": 0.05502318088951752,
  "Bobby Witt Jr.": 0.0900255584579355,
  "Brayan Rocchio": 0.0546181512090603,
  "Vinnie Pasquantino": 0.10533204782269287,
  "Jac Caglianone": 0.0758517536103743,
  "Jonathan India": 0.054742242242242244,
  "Kyle Manzardo": 0.0890426919440138,
  "Bo Naylor": 0.0709008652966137,
  "Rhys Hoskins": 0.09370502448371301,
  "Isaac Collins": 0.05303989745479107,
  "Chase DeLauter": 0.10656056746370045,
  "Carter Jensen": 0.08483061832533663,
  "C. J. Kayfus": 0.07025742775742776,
  "Eugenio Suarez": 0.12041755470304064,
  "Spencer Steer": 0.07958774250440917,
  "Elly De La Cruz": 0.09162812256049961,
  "Tyler Stephenson": 0.07766516653489834,
  "TJ Friedl": 0.06499823352764529,
  "Otto Lopez": 0.06868720205353869,
  "Will Benson": 0.08311188851759027,
  "Connor Norby": 0.08222865859839039,
  "Xavier Edwards": 0.04556366745593265,
  "Matt McLain": 0.0744628647214854,
  "Agust\u00edn Ram\u00edrez": 0.10281479390175043,
  "Javier Sanoja": 0.05724380395433027,
  "Ke'Bryan Hayes": 0.05296161711724626,
  "Jakob Marsee": 0.08301036155202822,
  "Sal Stewart": 0.09061128054108847,
  "Heriberto Hernandez": 0.0923465133650973,
  "Austin Slater": 0.08619067801872966,
  "Leo Jimenez": 0.09074074074074073,
  "Xander Bogaerts": 0.05742959644975323,
  "Manny Machado": 0.0854756804601332,
  "Fernando Tatis Jr.": 0.0889088642599212,
  "Bryan Reynolds": 0.08035064513134688,
  "Oneil Cruz": 0.12852438833421753,
  "Jake Cronenworth": 0.05456390482134189,
  "Nick Gonzales": 0.0609583071544794,
  "Spencer Horwitz": 0.06886853886853887,
  "Freddy Fermin": 0.054555048969942586,
  "Gavin Sheets": 0.06868720205353869,
  "Henry Davis": 0.06868720205353869,
  "Jackson Merrill": 0.0881483666353885,
  "Ramon Laureano": 0.08367173721340387,
  "Ryan O'Hearn": 0.07108220211161388,
  "Brandon Lowe": 0.11678657995541801,
  "Marcell Ozuna": 0.1094908290053251,
  "Konnor Griffin": 0.0698115406778773,
  "Nick Castellanos": 0.08136337661282836,
  "Christian Yelich": 0.07968926946997122,
  "Ceddanne Rafaela": 0.06886853886853887,
  "Garrett Mitchell": 0.06999287749287748,
  "Brice Turang": 0.06308291355451334,
  "Trevor Story": 0.09079478922716627,
  "William Contreras": 0.08788676615760387,
  "Wilyer Abreu": 0.11428802618608418,
  "Sal Frelick": 0.05186750272628135,
  "Jake Bauers": 0.08883950561291244,
  "Marcelo Mayer": 0.0788450199699773,
  "Carlos Narvaez": 0.06746171185746026,
  "Caleb Durbin": 0.05827312196929422,
  "Roman Anthony": 0.11594418865107017,
  "Willson Contreras": 0.10918903430937592,
  "David Hamilton": 0.056694024665624454,
  "Luis Rengifo": 0.05854587651747631,
  "Masataka Yoshida": 0.06764304867246045,
  "Blake Perkins": 0.053851629710408334,
  "Luis Garcia Jr.": 0.06967537510053526,
  "Ivan Herrera": 0.08914780020552317,
  "Alec Burleson": 0.10745088085401384,
  "CJ Abrams": 0.0664067849361967,
  "Nolan Gorman": 0.1097096665403391,
  "Jordan Walker": 0.09461114835179339,
  "Drew Millas": 0.05296161711724626,
  "Jacob Young": 0.040285714285714286,
  "Victor Scott II": 0.05654761904761905,
  "Nasim Nunez": 0.049212361712361714,
  "Brady House": 0.066417558476382,
  "Thomas Saggese": 0.06746171185746026,
  "James Wood": 0.09452403262654387,
  "Daylen Lile": 0.059635201136212686,
  "JJ Wetherholt": 0.08500693046013319,
  "Jose Tena": 0.05097749013311927,
  "Jose Fermin": 0.05654761904761905,
  "Ramon Urias": 0.0819479531510048,
  "George Springer": 0.11942138387698664,
  "Max Muncy": 0.11711148684787608,
  "Freddie Freeman": 0.11607630247220839,
  "Vladimir Guerrero Jr.": 0.12091150891250808,
  "Tyler Heineman": 0.0600595105235523,
  "Andy Pages": 0.10989390079703379,
  "Davis Schneider": 0.09440532996275273,
  "Shohei Ohtani": 0.20091240071746894,
  "Ernie Clement": 0.07428450392502679,
  "Andres Gimenez": 0.05909208600697963,
  "Hyeseong Kim": 0.0709008652966137,
  "Teoscar Hernandez": 0.12082459763645857,
  "Kazuma Okamoto": 0.10384395258459762,
  "Alex Freeland": 0.07902635678497748,
  "Myles Straw": 0.048993363148992296,
  "Kyle Tucker": 0.12042178403705066,
  "Daulton Varsho": 0.08614212653659732,
  "Dalton Rushing": 0.09263170803026595,
  "Colton Cowser": 0.09019657952463117,
  "Edgar Quero": 0.05122171563660926,
  "Luisangel Acuna": 0.05169899085461999,
  "Jeremiah Jackson": 0.06746171185746026,
  "Austin Hays": 0.08948933026016798,
  "Chase Meidroth": 0.05296161711724626,
  "Andrew Benintendi": 0.08311049281355794,
  "Pete Alonso": 0.12382189236195638,
  "Taylor Ward": 0.10656056746370045,
  "Colson Montgomery": 0.11938110288827218,
  "Miguel Vargas": 0.08695358064566737,
  "Munetaka Murakami": 0.12082459763645857,
  "Adley Rutschman": 0.08046647166952331,
  "Coby Mayo": 0.07848618459729571,
  "Gunnar Henderson": 0.11060596409205138,
  "Tristan Peters": 0.06764304867246045,
  "Tyler O'Neill": 0.11376296666394757,
  "Ryan Mountcastle": 0.08377326417896593,
  "Blaze Alexander": 0.07361111111111111,
  "Byron Buxton": 0.1173406579696024,
  "Spencer Torkelson": 0.08778165789609452,
  "Riley Greene": 0.1023712897792423,
  "Royce Lewis": 0.08756430439235603,
  "Matt Wallner": 0.0975999520199449,
  "Trevor Larnach": 0.0889088642599212,
  "Brooks Lee": 0.06746171185746026,
  "Colt Keith": 0.08523337787921559,
  "Parker Meadows": 0.06046119649060825,
  "Luke Keaschall": 0.06402357465824958,
  "Gleyber Torres": 0.06104202814729131,
  "Josh Bell": 0.07766516653489834,
  "Kevin McGonigle": 0.09351801786288286,
  "James Outman": 0.0925265997687566,
  "Victor Caratini": 0.08024911816578482,
  "Jake Rogers": 0.08695358064566737,
  "Zach McKinstry": 0.07323737452540698,
  "Matt Vierling": 0.07212635549269213,
  "Cal Raleigh": 0.159855865983817,
  "J.P. Crawford": 0.060000000000000005,
  "Dominic Canzone": 0.0950950147624385,
  "Josh Jung": 0.07550999412110523,
  "Julio Rodriguez": 0.10526786560034641,
  "Corey Seager": 0.14724838881413171,
  "Josh Smith": 0.06150713912745998,
  "Evan Carter": 0.0788450199699773,
  "Josh Naylor": 0.09820107536849912,
  "Cole Young": 0.07186255398845698,
  "Luke Raley": 0.09820107536849912,
  "Randy Arozarena": 0.08818724692683463,
  "Joc Pederson": 0.11428802618608418,
  "Wyatt Langford": 0.09743184459926835,
  "Jake Burger": 0.12122736942910221,
  "Brendan Donovan": 0.085659189146211,
  "Danny Jansen": 0.09356155022238695,
  "Brandon Nimmo": 0.09432578399320775,
  "Leo Rivas": 0.053851629710408334,
  "Willi Castro": 0.06664366981360445,
  "Mickey Moniak": 0.11303835044929397,
  "Hunter Goodman": 0.13159290994084485,
  "Edouard Julien": 0.085659189146211,
  "Troy Johnston": 0.07978647303805148,
  "Kyle Karros": 0.06086069133229113,
  "Yainer Diaz": 0.08460134142939307,
  "Yordan Alvarez": 0.15528415367967474,
  "Christian Walker": 0.12667002471523747,
  "Cam Smith": 0.07323737452540698,
  "Carlos Correa": 0.08967283894624578,
  "Joey Loperfido": 0.08236402788580646,
  "Brenton Doyle": 0.08205306141251414,
  "TJ Rumfield": 0.09039122975084349,
  "Jake McCarthy": 0.053130128988907614,
  "Jeremy Pena": 0.09182048638077847,
  "Jose Altuve": 0.1040527950310559,