{
  "Kyle Isbel": 0.052302855588919506,
  "Aaron Judge": 0.19086651587730105,
  "Giancarlo Stanton": 0.13465508490217792,
  "Maikel Garcia": 0.066417558476382,
  "Vinnie Pasquantino": 0.10551501035196688,
  "Michael Massey": 0.08041524567386636,
  "Bobby Witt Jr.": 0.11090097571372134,
  "Jazz Chisholm Jr.": 0.08158431141251414,
  "Cody Bellinger": 0.09162812256049961,
  "Jac Caglianone": 0.08514680535513869,
  "Amed Rosario": 0.08883950561291244,
  "Jose Caballero": 0.051143435299064434,
  "Randal Grichuk": 0.08864232488822653,
  "Carter Jensen": 0.09014253054108846,
  "Isaac Collins": 0.06104202814729131,
  "Lane Thomas": 0.06952671158553511,
  "Ben Rice": 0.10993428468948556,
  "J.C. Escarra": 0.06623622166138182,
  "Ryan Jeffers": 0.08490182219862384,
  "Byron Buxton": 0.11604339500027652,
  "Eugenio Suarez": 0.09926522917318169,
  "TJ Friedl": 0.05672636922636923,
  "Elly De La Cruz": 0.0823080477715865,
  "Rece Hinds": 0.08117872238177402,
  "Austin Martin": 0.052890390390390396,
  "Luke Keaschall": 0.05122171563660926,
  "Ke'Bryan Hayes": 0.04766218081435473,
  "Brooks Lee": 0.06308291355451334,
  "Sal Stewart": 0.0870694071838438,
  "Ryan Kreidler": 0.05757693449182811,
  "Josh Bell": 0.07324247956877065,
  "Tyler Stephenson": 0.06764304867246045,
  "Will Benson": 0.08284077804911137,
  "Nathaniel Lowe": 0.06764304867246045,
  "Tristan Gray": 0.0796895175449097,
  "Trevor Larnach": 0.06964672932024363,
  "Francisco Lindor": 0.11574491328875133,
  "Ian Happ": 0.09820107536849912,
  "Nico Hoerner": 0.051143435299064434,
  "Seiya Suzuki": 0.09773232536849912,
  "Michael Busch": 0.10255125072124359,
  "Pete Crow-Armstrong": 0.08695358064566737,
  "Brett Baty": 0.08415866306264856,
  "Francisco Alvarez": 0.10699732497592966,
  "Dansby Swanson": 0.07212635549269213,
  "Marcus Semien": 0.0788450199699773,
  "Mois\u00e9s Ballesteros": 0.0873983195809936,
  "Luis Robert Jr.": 0.10151365684613767,
  "Bo Bichette": 0.08222865859839039,
  "Alex Bregman": 0.09254881874090547,
  "MJ Melendez": 0.10848488308366824,
  "Carson Benge": 0.08554756191729372,
  "Miguel Amaya": 0.05490611860229085,
  "Mark Vientos": 0.09573776863632656,
  "Andrew Benintendi": 0.08388909071714236,
  "Shea Langeliers": 0.13526693826701952,
  "Jacob Wilson": 0.06108239818766135,
  "Miguel Vargas": 0.08046647166952331,
  "Reese McGuire": 0.054645280504059125,
  "Tyler Soderstrom": 0.10608297370331532,
  "Lawrence Butler": 0.08695358064566737,
  "Colson Montgomery": 0.10590592334494774,
  "Nick Kurtz": 0.13781493039834497,
  "Chase Meidroth": 0.05125114784205693,
  "Carlos Cortes": 0.08160455486542444,
  "Everson Pereira": 0.07579979879275654,
  "Max Muncy (2002)": 0.08003267867945726,
  "Munetaka Murakami": 0.1238791587383959,
  "Jeff McNeil": 0.07220620996936787,
  "Sam Antonacci": 0.06777777777777778,
  "Tristan Peters": 0.05672636922636923,
  "Austin Wynns": 0.07868237003748195,
  "Taylor Walls": 0.040285714285714286,
  "Jake Fraley": 0.05289255941271619,
  "Bryan Reynolds": 0.08377326417896593,
  "Yandy Diaz": 0.06623622166138182,
  "Jonathan Aranda": 0.08619067801872966,
  "Henry Davis": 0.09074074074074073,
  "Oneil Cruz": 0.11965522569528972,
  "Junior Caminero": 0.10590592334494774,
  "Richie Palacios": 0.05330127855871563,
  "Chandler Simpson": 0.0385,
  "Nick Yorke": 0.07174603174603174,
  "Spencer Horwitz": 0.057351316112208416,
  "Brandon Lowe": 0.11304299987367243,
  "Cedric Mullins": 0.06499823352764529,
  "Ryan O'Hearn": 0.07369658119658119,
  "Konnor Griffin": 0.08828976034858388,
  "Marcell Ozuna": 0.08619067801872966,
  "Hunter Feduccia": 0.06777777777777778,
  "Luis Garcia Jr.": 0.07879708599857853,
  "Heliot Ramos": 0.07766516653489834,
  "CJ Abrams": 0.09370502448371301,
  "Jacob Young": 0.052634024224933317,
  "Matt Chapman": 0.09600719535206034,
  "Jung Hoo Lee": 0.054742242242242244,
  "Casey Schmitt": 0.08241953262786596,
  "Drew Millas": 0.049327820186598814,
  "Patrick Bailey": 0.07174603174603174,
  "Nasim Nunez": 0.04892480707698099,
  "Luis Arraez": 0.045678053830227744,
  "James Wood": 0.11657550178238331,
  "Willy Adames": 0.11090097571372134,
  "Rafael Devers": 0.11118413245467859,
  "Drew Gilbert": 0.07300087903029079,
  "Daylen Lile": 0.06270885547201337,
  "Jorbit Vivas": 0.06777777777777778,
  "Jose Tena": 0.08416179337231967,
  "Trevor Story": 0.0609583071544794,
  "Riley Greene": 0.08426099401509236,
  "Spencer Torkelson": 0.06183550013693554,
  "Javier Baez": 0.04915930831493746,
  "Kerry Carpenter": 0.07546435736010576,
  "Wilyer Abreu": 0.05829843521332883,
  "Colt Keith": 0.05502318088951752,
  "Ceddanne Rafaela": 0.06777777777777778,
  "Wenceel Perez": 0.06777777777777778,
  "Gleyber Torres": 0.051659365355537605,
  "Roman Anthony": 0.05097749013311927,
  "Caleb Durbin": 0.048993363148992296,
  "Kevin McGonigle": 0.059371184371184375,
  "Andruw Monasterio": 0.04710662525879917,
  "Willson Contreras": 0.07247109100050277,
  "Isiah Kiner-Falefa": 0.06083333333333333,
  "Connor Wong": 0.08416179337231967,
  "Jake Rogers": 0.08416179337231967,
  "Garrett Mitchell": 0.06878136699774126,
  "Xavier Edwards": 0.05078217237308147,
  "Brice Turang": 0.06314638167579344,
  "Sal Frelick": 0.05266115351993215,
  "Jake Bauers": 0.09271688219122289,
  "William Contreras": 0.07579979879275654,
  "Joey Ortiz": 0.048334601620665545,
  "Agust\u00edn Ram\u00edrez": 0.08470644969090242,
  "Javier Sanoja": 0.054555048969942586,
  "Connor Norby": 0.07369658119658119,
  "Liam Hicks": 0.056421270117442364,
  "Gary Sanchez": 0.09392386201872702,
  "Otto Lopez": 0.0704835390946502,
  "Heriberto Hernandez": 0.08416179337231967,
  "Jakob Marsee": 0.06903193756134933,
  "Brandon Lockridge": 0.040285714285714286,
  "Owen Caissie": 0.06979822108625354,
  "Luis Rengifo": 0.07174603174603174,
  "Gunnar Henderson": 0.08649252247954434,
  "Angel Martinez": 0.07361111111111111,
  "Bo Naylor": 0.0758517536103743,
  "Juan Brito": 0.060000000000000005,
  "Jose Ramirez": 0.10551501035196688,
  "Brayan Rocchio": 0.05031872860479253,
  "Steven Kwan": 0.051630434782608696,
  "Samuel Basallo": 0.07766516653489834,
  "Kyle Manzardo": 0.09578835781704634,
  "Chase DeLauter": 0.09722960756208837,
  "Dylan Beavers": 0.055572960178223337,
  "Jeremiah Jackson": 0.056421270117442364,
  "Colton Cowser": 0.0730560377104068,
  "Daniel Schneemann": 0.0630222906426115,
  "Pete Alonso": 0.0980017520842329,
  "Leody Taveras": 0.05948653762121254,
  "Taylor Ward": 0.06764304867246045,
  "Blaze Alexander": 0.060000000000000005,
  "Rhys Hoskins": 0.0924601123514167,
  "George Valera": 0.07822768281101614,
  "Coby Mayo": 0.059635201136212686,
  "Carlos Correa": 0.07743905519767588,
  "Jose Altuve": 0.08865599692683464,
  "Ivan Herrera": 0.08600437876299945,
  "Nolan Gorman": 0.09227072310405643,
  "Yordan Alvarez": 0.13154679294823707,
  "Alec Burleson": 0.0923465133650973,
  "Taylor Trammell": 0.07530170742761041,
  "Ramon Urias": 0.07290737419540665,
  "Masyn Winn": 0.06250139439714279,
  "Isaac Paredes": 0.08301036155202822,
  "Jordan Walker": 0.11221143892339544,
  "JJ Wetherholt": 0.08064135701108881,
  "Nathan Church": 0.0513119471707258,
  "Cam Smith": 0.06417223817324973,
  "Christian Walker": 0.1008889751552795,
  "Jose Fermin": 0.07174603174603174,
  "Christian Vazquez": 0.05654536115062431,
  "Nick Allen": 0.0638095238095238,
  "Austin Riley": 0.08867985550790715,
  "Bryce Harper": 0.0889088642599212,
  "Ozzie Albies": 0.07687118437118437,
  "Ronald Acuna Jr.": 0.0796895175449097,
  "J.T. Realmuto": 0.0698115406778773,
  "Alec Bohm": 0.07108220211161388,
  "Matt Olson": 0.09061128054108847,
  "Kyle Schwarber": 0.12834557343604194,
  "Trea Turner": 0.08865599692683464,
  "Mauricio Dubon": 0.05257092198581561,
  "Edmundo Sosa": 0.07300087903029079,
  "Drake Baldwin": 0.06746171185746026,
  "Jonah Heim": 0.06126340626340626,
  "Adolis Garcia": 0.0961942019728905,
  "Jorge Mateo": 0.05122171563660926,
  "Eli White": 0.0609583071544794,
  "Brandon Marsh": 0.05475042634133543,