{
  "Jose Ramirez": 0.09057863604769506,
  "Salvador Perez": 0.08967283894624578,
  "Austin Hedges": 0.04766218081435473,
  "Kyle Isbel": 0.04826604554865424,
  "David Fry": 0.07644608612869179,
  "Maikel Garcia": 0.055751710356973516,
  "Steven Kwan": 0.048993363148992296,
  "Vinnie Pasquantino": 0.08967283894624578,
  "Angel Martinez": 0.058145694175105934,
  "Daniel Schneemann": 0.060000000000000005,
  "Jac Caglianone": 0.056602278193187285,
  "Jonathan India": 0.056602278193187285,
  "Brayan Rocchio": 0.04846354535581055,
  "Bobby Witt Jr.": 0.09057419228011748,
  "Isaac Collins": 0.048646487802116944,
  "Chase DeLauter": 0.07361111111111111,
  "Rhys Hoskins": 0.0801871140636925,
  "Carter Jensen": 0.06539772836932815,
  "C. J. Kayfus": 0.06389948362506763,
  "Juan Brito": 0.030174953959484347,
  "Lenyn Sosa": 0.08035064513134688,
  "Gunnar Henderson": 0.10698153899240856,
  "Colton Cowser": 0.08311188851759027,
  "Miguel Vargas": 0.0758517536103743,
  "Coby Mayo": 0.06967537510053526,
  "Derek Hill": 0.054645280504059125,
  "Chase Meidroth": 0.054645280504059125,
  "Dylan Beavers": 0.0747329325594251,
  "Tanner Murray": 0.06532823385764562,
  "Jeremiah Jackson": 0.05475042634133543,
  "Taylor Ward": 0.09799063923128427,
  "Edgar Quero": 0.05358883319409635,
  "Pete Alonso": 0.118464985218034,
  "Luisangel Acuna": 0.05136243386243386,
  "Colson Montgomery": 0.08814596163298348,
  "Andrew Benintendi": 0.05924777826793504,
  "Samuel Basallo": 0.09412589990458843,
  "Blaze Alexander": 0.06150713912745998,
  "Mark Vientos": 0.09329918032786885,
  "Ketel Marte": 0.1081886341493119,
  "Francisco Lindor": 0.10262778728092027,
  "Geraldo Perdomo": 0.0629342500395132,
  "Jorge Barrosa": 0.06777777777777778,
  "Gabriel Moreno": 0.059371184371184375,
  "Corbin Carroll": 0.11139117179215272,
  "Francisco Alvarez": 0.10192939244663383,
  "Alek Thomas": 0.054645280504059125,
  "Brett Baty": 0.08902246814218645,
  "Jorge Polanco": 0.09701765388329893,
  "Marcus Semien": 0.07883680542171718,
  "Luis Robert Jr.": 0.09597280412521388,
  "Nolan Arenado": 0.0758517536103743,
  "Carson Benge": 0.09761904761904762,
  "Bo Bichette": 0.08117872238177402,
  "Adrian Del Castillo": 0.10586452045606976,
  "Ildemaro Vargas": 0.07174603174603174,
  "Michael Busch": 0.13669876591546679,
  "Junior Caminero": 0.12852438833421753,
  "Alex Bregman": 0.11552074691665283,
  "Pete Crow-Armstrong": 0.11172256097560976,
  "Jonathan Aranda": 0.09222611899952583,
  "Michael Conforto": 0.0870694071838438,
  "Yandy Diaz": 0.08865599692683464,
  "Dansby Swanson": 0.08967283894624578,
  "Matt Shaw": 0.08035064513134688,
  "Mois\u00e9s Ballesteros": 0.08046647166952331,
  "Cedric Mullins": 0.07883680542171718,
  "Miguel Amaya": 0.07902635678497748,
  "Jake Fraley": 0.0709008652966137,
  "Richie Palacios": 0.06329504519079358,
  "Nico Hoerner": 0.059635201136212686,
  "Nick Fortes": 0.06281015900633126,
  "Taylor Walls": 0.04766218081435473,
  "Chandler Simpson": 0.040527037419302615,
  "Matt McLain": 0.06746171185746026,
  "Xavier Edwards": 0.049327820186598814,
  "Tyler Stephenson": 0.06746171185746026,
  "Elly De La Cruz": 0.08973694151034835,
  "Spencer Steer": 0.06314638167579344,
  "Eugenio Suarez": 0.10384395258459762,
  "TJ Friedl": 0.054710741230898,
  "Agust\u00edn Ram\u00edrez": 0.10367242683485506,
  "Heriberto Hernandez": 0.08715601700007601,
  "Connor Norby": 0.08449010945022267,
  "Javier Sanoja": 0.05490611860229085,
  "Otto Lopez": 0.07308804418453542,
  "Ke'Bryan Hayes": 0.047730736886366025,
  "Jakob Marsee": 0.08041524567386636,
  "Austin Slater": 0.07822768281101614,
  "Sal Stewart": 0.09577032672720484,
  "Leo Jimenez": 0.05827312196929422,
  "Noelvi Marte": 0.05854587651747631,
  "Bryan Reynolds": 0.07978647303805148,
  "Fernando Tatis Jr.": 0.07369658119658119,
  "Manny Machado": 0.07025742775742776,
  "Henry Davis": 0.05860934463875641,
  "Jackson Merrill": 0.06764304867246045,
  "Oneil Cruz": 0.11938110288827218,
  "Nick Gonzales": 0.05480097276501455,
  "Jake Cronenworth": 0.04647941837168357,
  "Xander Bogaerts": 0.05097749013311927,
  "Gavin Sheets": 0.057815693845105605,
  "Freddy Fermin": 0.04699223888450408,
  "Spencer Horwitz": 0.056602278193187285,
  "Konnor Griffin": 0.05729846309989851,
  "Ryan O'Hearn": 0.06903193756134933,
  "Ramon Laureano": 0.06925804889857178,
  "Brandon Lowe": 0.09611185678184965,
  "Miguel Andujar": 0.05186750272628135,
  "Nick Yorke": 0.066417558476382,
  "Jarren Duran": 0.07958774250440917,
  "Ceddanne Rafaela": 0.06764304867246045,
  "Trevor Story": 0.08967283894624578,
  "Wilyer Abreu": 0.09311621779859484,
  "Blake Perkins": 0.04754779444005963,
  "Marcelo Mayer": 0.07422636922636923,
  "Sal Frelick": 0.04699223888450408,
  "William Contreras": 0.08914780020552317,
  "Joey Ortiz": 0.05672636922636923,
  "Gary Sanchez": 0.08902246814218645,
  "Luis Rengifo": 0.066417558476382,
  "Brandon Lockridge": 0.0513119471707258,
  "Roman Anthony": 0.09401752051096005,
  "Willson Contreras": 0.08695358064566737,
  "Connor Wong": 0.05122171563660926,
  "Luis Matos": 0.06085316131720311,
  "David Hamilton": 0.04266666666666667,
  "Ivan Herrera": 0.06925804889857178,
  "CJ Abrams": 0.05654536115062431,
  "Keibert Ruiz": 0.051143435299064434,
  "Nolan Gorman": 0.09370502448371301,
  "Masyn Winn": 0.06086069133229113,
  "Alec Burleson": 0.08223657009859195,
  "Jordan Walker": 0.07766516653489834,
  "James Wood": 0.08222865859839039,
  "Daylen Lile": 0.05948653762121254,
  "Pedro Pages": 0.05654536115062431,
  "Victor Scott II": 0.04923758865248227,
  "Nasim Nunez": 0.05296161711724626,
  "Jacob Young": 0.051777271192164805,
  "Brady House": 0.06437187187187188,
  "Joey Wiemer": 0.09263170803026595,
  "Curtis Mead": 0.06499823352764529,
  "JJ Wetherholt": 0.0723606453536031,
  "Thomas Saggese": 0.05636661097187413,
  "Giancarlo Stanton": 0.16150276980463388,
  "Shea Langeliers": 0.11784924014317413,
  "Brent Rooker": 0.1077172917662048,
  "Aaron Judge": 0.19191507306261404,
  "Lawrence Butler": 0.08388909071714236,
  "Tyler Soderstrom": 0.0961942019728905,
  "Ben Rice": 0.13770988838153825,
  "Trent Grisham": 0.12946345961490371,
  "Austin Wells": 0.0977242283190933,
  "Jazz Chisholm Jr.": 0.129941318116893,
  "Jacob Wilson": 0.06281015900633126,
  "Denzel Clarke": 0.05503020963547279,
  "Nick Kurtz": 0.11525471721031996,
  "Cody Bellinger": 0.10972049689440994,
  "Max Muncy (2002)": 0.07207084068195178,
  "Jose Caballero": 0.05948653762121254,
  "Jeff McNeil": 0.0629342500395132,
  "Amed Rosario": 0.06608755814638168,
  "Vladimir Guerrero Jr.": 0.11214516904322705,
  "Will Smith": 0.1030106192512643,
  "George Springer": 0.1106080182869381,
  "Freddie Freeman": 0.10655629414900707,
  "Max Muncy": 0.1028271105651865,
  "Daulton Varsho": 0.09573575646039414,
  "Ernie Clement": 0.061780840991367304,
  "Nathan Lukes": 0.05105577047066409,
  "Andy Pages": 0.09649865908733185,
  "Hyeseong Kim": 0.060000000000000005,
  "Kazuma Okamoto": 0.08846507210684924,
  "Teoscar Hernandez": 0.11095469285275085,
  "Brandon Valenzuela": 0.06150713912745998,
  "Alex Freeland": 0.07075220178161355,
  "Kyle Tucker": 0.10590592334494774,
  "Andres Gimenez": 0.05677133655394525,
  "Shohei Ohtani": 0.19273278538812968,
  "Jesus Sanchez": 0.08483061832533663,
  "Miguel Rojas": 0.0513119471707258,
  "Royce Lewis": 0.07184472934472934,
  "Riley Greene": 0.11292178403705065,
  "Byron Buxton": 0.11362665052470852,
  "Ryan Jeffers": 0.07369658119658119,
  "Matt Wallner": 0.07839726631393298,
  "Spencer Torkelson": 0.08512826961770624,
  "Parker Meadows": 0.05654536115062431,
  "Dillon Dingler": 0.06925804889857178,
  "Zach McKinstry": 0.0593624465880306,
  "Colt Keith": 0.08117872238177402,
  "Austin Martin": 0.05186750272628135,
  "Brooks Lee": 0.053851629710408334,
  "Luke Keaschall": 0.05303989745479107,
  "Gleyber Torres": 0.05872721333247649,
  "Victor Caratini": 0.05854587651747631,
  "Josh Bell": 0.06868720205353869,
  "Kevin McGonigle": 0.07550999412110523,