{
  "Oneil Cruz": 0.10145693850662794,
  "Xander Bogaerts": 0.04923758865248227,
  "Nick Gonzales": 0.05303989745479107,
  "Fernando Tatis Jr.": 0.07564536340852131,
  "Bryan Reynolds": 0.07207084068195178,
  "Luis Campusano": 0.05105577047066409,
  "Jake Cronenworth": 0.04979314420803782,
  "Joey Bart": 0.054476768632397775,
  "Ryan O'Hearn": 0.06746171185746026,
  "Miguel Andujar": 0.0513119471707258,
  "Spencer Horwitz": 0.057815693845105605,
  "Brandon Lowe": 0.09722960756208837,
  "Jackson Merrill": 0.07564536340852131,
  "Gavin Sheets": 0.06417223817324973,
  "Ramon Laureano": 0.07392269253380364,
  "Konnor Griffin": 0.060000000000000005,
  "Marcell Ozuna": 0.08392857142857142,
  "Nick Castellanos": 0.05672636922636923,
  "Jake Mangum": 0.06777777777777778,
  "Nick Yorke": 0.08416179337231967,
  "Brayan Rocchio": 0.053683117838746984,
  "Steven Kwan": 0.05318061568061568,
  "Austin Hedges": 0.052234299516908216,
  "Jose Ramirez": 0.09927100978731414,
  "Salvador Perez": 0.11090097571372134,
  "Bobby Witt Jr.": 0.10722194312507612,
  "Vinnie Pasquantino": 0.09351801786288286,
  "Maikel Garcia": 0.066417558476382,
  "Angel Martinez": 0.06623622166138182,
  "Jonathan India": 0.06188052143934497,
  "David Fry": 0.0744628647214854,
  "Juan Brito": 0.09589567135762787,
  "Lane Thomas": 0.0778005358223144,
  "Starling Marte": 0.056694024665624454,
  "Rhys Hoskins": 0.09057863604769506,
  "Carter Jensen": 0.09097775175644028,
  "Chase DeLauter": 0.08695358064566737,
  "Michael Massey": 0.058289876234181616,
  "Ceddanne Rafaela": 0.07535793255942509,
  "Wilyer Abreu": 0.09162812256049961,
  "Christian Yelich": 0.06843738696679873,
  "Trevor Story": 0.08415866306264856,
  "Garrett Mitchell": 0.06746272809740302,
  "Sal Frelick": 0.05191798941798942,
  "Jake Bauers": 0.06746272809740302,
  "Brandon Lockridge": 0.052766299357208446,
  "Caleb Durbin": 0.061780840991367304,
  "Joey Ortiz": 0.054645280504059125,
  "Carlos Narvaez": 0.07646904367053621,
  "Willson Contreras": 0.0902420453307181,
  "Roman Anthony": 0.07817208599857854,
  "Luis Rengifo": 0.05475042634133543,
  "David Hamilton": 0.05552247348651527,
  "Andruw Monasterio": 0.05617165840695253,
  "Gary Sanchez": 0.09346692924561777,
  "Reese McGuire": 0.05323527482618392,
  "Adley Rutschman": 0.08902246814218645,
  "Gunnar Henderson": 0.11456569823051173,
  "Andrew Benintendi": 0.0800734861845973,
  "Miguel Vargas": 0.08324586210097401,
  "Dylan Beavers": 0.08095225841237164,
  "Tyler O'Neill": 0.10808308301938023,
  "Taylor Ward": 0.10309125656951744,
  "Pete Alonso": 0.12933754562431032,
  "Chase Meidroth": 0.049327820186598814,
  "Colson Montgomery": 0.11063456480153037,
  "Coby Mayo": 0.08475060612718456,
  "Munetaka Murakami": 0.11349655575175661,
  "Luisangel Acuna": 0.07174603174603174,
  "Tristan Peters": 0.053851629710408334,
  "Blaze Alexander": 0.06183550013693554,
  "Ryan Mountcastle": 0.11616694899303595,
  "J.P. Crawford": 0.08416179337231967,
  "Ezequiel Duran": 0.07174603174603174,
  "Julio Rodriguez": 0.1121853669405678,
  "Cal Raleigh": 0.1471686265353484,
  "Josh Smith": 0.0792156862745098,
  "Wyatt Langford": 0.09003742227957912,
  "Corey Seager": 0.1329396535036779,
  "Evan Carter": 0.08236402788580646,
  "Victor Robles": 0.060000000000000005,
  "Randy Arozarena": 0.10592085450781102,
  "Jake Burger": 0.10573384788698088,
  "Joc Pederson": 0.11372736942910222,
  "Cole Young": 0.07174603174603174,
  "Josh Naylor": 0.09761904761904762,
  "Brandon Nimmo": 0.10389126436986906,
  "Danny Jansen": 0.08041524567386636,
  "Rob Refsnyder": 0.08488995837698023,
  "Brendan Donovan": 0.06764304867246045,
  "Mitch Garver": 0.10899297423887586,
  "Vladimir Guerrero Jr.": 0.11807302530941455,
  "Will Smith": 0.09216201643542327,
  "George Springer": 0.11340781298969452,
  "Max Muncy": 0.10918903430937592,
  "Freddie Freeman": 0.09067642441601213,
  "Tyler Heineman": 0.06777777777777778,
  "Nathan Lukes": 0.06183550013693554,
  "Daulton Varsho": 0.09703985196965989,
  "Andy Pages": 0.08739099968780133,
  "Ernie Clement": 0.05918231754109617,
  "Shohei Ohtani": 0.17595292964611148,
  "Alex Freeland": 0.06761139161240316,
  "Teoscar Hernandez": 0.10656056746370045,
  "Andres Gimenez": 0.08082010582010582,
  "Kazuma Okamoto": 0.09042585642057473,
  "Jesus Sanchez": 0.09162812256049961,
  "Kyle Tucker": 0.11555509361911802,
  "Miguel Rojas": 0.0750877192982456,
  "Christian Vazquez": 0.08828976034858388,
  "Ezequiel Tovar": 0.09474303830076126,
  "Jose Altuve": 0.11572735191637631,
  "Jeremy Pena": 0.09598646784608159,
  "Jake Meyers": 0.10429505135387489,
  "Yordan Alvarez": 0.18983471740193106,
  "Joey Loperfido": 0.08648667424529494,
  "Kyle Karros": 0.08828976034858388,
  "Christian Walker": 0.1371737919061996,
  "Cam Smith": 0.08807027484368168,
  "Mickey Moniak": 0.13663315818066016,
  "Troy Johnston": 0.07780086658889904,
  "Brenton Doyle": 0.09104006615450277,
  "Hunter Goodman": 0.14206435744188967,
  "TJ Rumfield": 0.09871145589383294,
  "Willi Castro": 0.09761904761904762,
  "Jake McCarthy": 0.07361111111111111,
  "Isaac Paredes": 0.15947486871717928,
  "Tyler Freeman": 0.09529982363315696,
  "Edouard Julien": 0.1328780487804878,
  "Bryson Stott": 0.05105577047066409,
  "Kyle Schwarber": 0.15894896872942296,
  "Willy Adames": 0.09722336065573771,
  "Rafael Devers": 0.1393258962623951,
  "Jung Hoo Lee": 0.051777271192164805,
  "Patrick Bailey": 0.052234299516908216,
  "Trea Turner": 0.07207084068195178,
  "Alec Bohm": 0.06108239818766135,
  "Rafael Marchan": 0.07174603174603174,
  "Adolis Garcia": 0.09271688219122289,
  "Bryce Harper": 0.10240894974590627,
  "Matt Chapman": 0.09573776863632656,
  "Brandon Marsh": 0.0629342500395132,
  "Harrison Bader": 0.055572960178223337,
  "Justin Crawford": 0.0750877192982456,
  "Luis Arraez": 0.05097749013311927,
  "Jerar Encarnaci\u00f3n": 0.07230769230769231,
  "Christian Koss": 0.06777777777777778,
  "Ivan Herrera": 0.08914780020552317,
  "Luis Garcia Jr.": 0.08095225841237164,
  "Jacob Young": 0.0638095238095238,
  "Jordan Walker": 0.10073789197853703,
  "Alec Burleson": 0.10389126436986906,
  "Nolan Gorman": 0.12144860318284034,
  "Masyn Winn": 0.07186255398845698,
  "Drew Millas": 0.07174603174603174,
  "CJ Abrams": 0.07766516653489834,
  "Nasim Nunez": 0.057387057387057384,
  "James Wood": 0.10389126436986906,
  "Pedro Pages": 0.08392857142857142,
  "Victor Scott II": 0.060000000000000005,
  "Thomas Saggese": 0.06925804889857178,
  "Brady House": 0.066417558476382,
  "Daylen Lile": 0.08035064513134688,
  "JJ Wetherholt": 0.07687118437118437,
  "Jorbit Vivas": 0.060000000000000005,
  "Ramon Urias": 0.09529982363315696,
  "Nathan Church": 0.08828976034858388,
  "Jose Tena": 0.07174603174603174,
  "Jo Adell": 0.12139647401908803,
  "Matt Olson": 0.13069035947712418,
  "Austin Riley": 0.11703931994030085,
  "Ronald Acuna Jr.": 0.12864848214515187,
  "Mike Trout": 0.14188348744751184,
  "Ozzie Albies": 0.11134395258459763,
  "Michael Harris II": 0.08377326417896593,
  "Logan O'Hoppe": 0.09649865908733185,
  "Eli White": 0.07428269367448471,
  "Zach Neto": 0.11655407149309588,
  "Nolan Schanuel": 0.0788450199699773,
  "Yoan Moncada": 0.09743184459926835,
  "Drake Baldwin": 0.11139117179215272,
  "Jonah Heim": 0.11105637657361794,
  "Jeimer Candelario": 0.09761904761904762,
  "Josh Lowe": 0.08503725539264755,
  "Oswald Peraza": 0.09761904761904762,
  "Mauricio Dubon": 0.09104010025062657,
  "Mike Yastrzemski": 0.09529982363315696,
  "Jorge Soler": 0.1345107018417123,
  "Brett Baty": 0.08388909071714236,
  "Corbin Carroll": 0.08340029748520926,
  "Ketel Marte": 0.10030667701863354,
  "Geraldo Perdomo": 0.055751710356973516,
  "Mark Vientos": 0.09527852344851633,
  "Francisco Alvarez": 0.10192939244663383,
  "Francisco Lindor": 0.11060596409205138,
  "Gabriel Moreno": 0.055572960178223337,
  "Jorge Barrosa": 0.05271164021164021,
  "Tim Tawa": 0.06746171185746026,
  "Marcus Semien": 0.07743905519767588,
  "Jose Fernandez": 0.05948653762121254,