{
  "Matt Olson": 0.1500482442761303,
  "Michael Harris II": 0.08887631808700419,
  "Austin Riley": 0.1233641207160371,
  "Ronald Acuna Jr.": 0.13286613051878576,
  "Ozzie Albies": 0.07817211539916188,
  "Shea Langeliers": 0.11045798148727262,
  "Tyler Soderstrom": 0.06912846110103961,
  "Brent Rooker": 0.0893969599386957,
  "Darell Hernaiz": 0.05583156686097863,
  "Jacob Wilson": 0.056258393053443594,
  "Denzel Clarke": 0.06139262248284805,
  "Drake Baldwin": 0.1068066530001756,
  "Max Muncy (2002)": 0.06615348067314471,
  "Austin Wynns": 0.05956390189663652,
  "Dominic Smith": 0.07583689886210895,
  "Mauricio Dubon": 0.05411934979311887,
  "Mike Yastrzemski": 0.11634120189177713,
  "Nick Kurtz": 0.08392857142857142,
  "Andy Ibanez": 0.0724810578569977,
  "Coby Mayo": 0.09118096057392655,
  "Josh Jung": 0.08442728560134143,
  "Corey Seager": 0.12548739426788208,
  "Colton Cowser": 0.09858842637399777,
  "Ezequiel Duran": 0.06380483873990368,
  "Adley Rutschman": 0.08392857142857142,
  "Gunnar Henderson": 0.12568346420463405,
  "Wyatt Langford": 0.10624181776355689,
  "Kyle Higashioka": 0.07361111111111111,
  "Sam Haggerty": 0.06188015082751925,
  "Jake Burger": 0.11627275447595865,
  "Taylor Ward": 0.10983625070581592,
  "Andrew McCutchen": 0.0869344287603191,
  "Samuel Basallo": 0.1084801898868395,
  "Dylan Beavers": 0.08792892328954707,
  "Brandon Nimmo": 0.09238863904148592,
  "Jeremiah Jackson": 0.0726469201542003,
  "Pete Alonso": 0.14308435479754522,
  "Tyler O'Neill": 0.10757575757575757,
  "Danny Jansen": 0.08883950561291244,
  "Bryan Reynolds": 0.11675196933153008,
  "Eugenio Suarez": 0.13333333333333333,
  "Tyler Stephenson": 0.08761961294724326,
  "Elly De La Cruz": 0.08729581154532422,
  "Will Benson": 0.09134376073672673,
  "TJ Friedl": 0.07181149826614683,
  "Spencer Steer": 0.09111373212169803,
  "Jared Triolo": 0.08117872238177402,
  "Joey Bart": 0.09761904761904762,
  "Sal Stewart": 0.11235528849966915,
  "Nick Gonzales": 0.10555763604489242,
  "Nick Yorke": 0.07385277187798196,
  "Ke'Bryan Hayes": 0.06207289459169158,
  "Jake Mangum": 0.07019780111774805,
  "Matt McLain": 0.09132345633435837,
  "Brandon Lowe": 0.13333333333333333,
  "Ryan O'Hearn": 0.12063492063492064,
  "Marcell Ozuna": 0.1347857330481444,
  "Spencer Horwitz": 0.06514689704264544,
  "Oneil Cruz": 0.1265581313422818,
  "Henry Davis": 0.10366944227599965,
  "J.T. Realmuto": 0.08463354889280815,
  "Alec Bohm": 0.09158816808392183,
  "Bryce Harper": 0.14259582280411248,
  "Trea Turner": 0.09878895519560481,
  "Daylen Lile": 0.058622976856059564,
  "Jacob Young": 0.04043995859213251,
  "Brandon Marsh": 0.08914179521573888,
  "Bryson Stott": 0.08840583970213599,
  "Keibert Ruiz": 0.060000000000000005,
  "Brady House": 0.0817277457464131,
  "Nasim Nunez": 0.056384682803793496,
  "CJ Abrams": 0.06037221431958274,
  "Kyle Schwarber": 0.1839642476153018,
  "James Wood": 0.07800629615293049,
  "Adolis Garcia": 0.13130634884860715,
  "Joey Wiemer": 0.07800629615293049,
  "Curtis Mead": 0.060640742783599925,
  "Justin Crawford": 0.07600479979790324,
  "Drew Millas": 0.05321880106648318,
  "George Springer": 0.1405332315107604,
  "Alejandro Kirk": 0.1175395940613332,
  "Vladimir Guerrero Jr.": 0.14805865063897286,
  "Ezequiel Tovar": 0.08773416390821974,
  "Brenton Doyle": 0.0814580947088687,
  "Daulton Varsho": 0.09761904761904762,
  "Ernie Clement": 0.08291264631146025,
  "Jake McCarthy": 0.060000000000000005,
  "Jordan Beck": 0.07718068019456285,
  "Andres Gimenez": 0.06364927953163248,
  "Kyle Karros": 0.05896714927815406,
  "Hunter Goodman": 0.12042921103700246,
  "Kazuma Okamoto": 0.12552993196227794,
  "Myles Straw": 0.05827312196929422,
  "Davis Schneider": 0.1372724358270585,
  "Edouard Julien": 0.060000000000000005,
  "Willi Castro": 0.0726469201542003,
  "TJ Rumfield": 0.07474776049033474,
  "Troy Johnston": 0.06781102531102531,
  "Brett Sullivan": 0.049646307798481705,
  "Jesus Sanchez": 0.10804438938710231,
  "Addison Barger": 0.125,
  "Agust\u00edn Ram\u00edrez": 0.10548340548340547,
  "Griffin Conine": 0.08392857142857142,
  "Xavier Edwards": 0.05491948133859203,
  "Miguel Vargas": 0.08009090976636615,
  "Otto Lopez": 0.0677309121846937,
  "Reese McGuire": 0.058051398362403146,
  "Andrew Benintendi": 0.09807453604492998,
  "Graham Pauley": 0.06623622166138182,
  "Colson Montgomery": 0.12632132164255652,
  "Chase Meidroth": 0.056384682803793496,
  "Liam Hicks": 0.06989212213811144,
  "Austin Hays": 0.08392857142857142,
  "Jakob Marsee": 0.08442728560134143,
  "Munetaka Murakami": 0.1152400011519842,
  "Owen Caissie": 0.09050282490553747,
  "Connor Norby": 0.08160773672916098,
  "Tristan Peters": 0.06194028725129203,
  "Everson Pereira": 0.07181149826614683,
  "Luisangel Acuna": 0.051074879227053144,
  "Edgar Quero": 0.060000000000000005,
  "Javier Sanoja": 0.05814641171784029,
  "Heriberto Hernandez": 0.07868237003748195,
  "Francisco Lindor": 0.11090912166359737,
  "Ivan Herrera": 0.08640827681112367,
  "Mark Vientos": 0.08421267347193273,
  "Francisco Alvarez": 0.0889973300052959,
  "Jordan Walker": 0.060000000000000005,
  "Alec Burleson": 0.0964163763539834,
  "Masyn Winn": 0.06578346973083815,
  "Nolan Gorman": 0.09219792927071079,
  "Nathan Church": 0.058622976856059564,
  "Bo Bichette": 0.08403046020451603,
  "Victor Scott II": 0.05541382081157091,
  "Pedro Pages": 0.06396944916580494,
  "Tyrone Taylor": 0.0714297666261224,
  "Jorge Polanco": 0.09085882818277186,
  "Marcus Semien": 0.0802847194839854,
  "Juan Soto": 0.11488739079937384,
  "Luis Robert Jr.": 0.09405730388639096,
  "JJ Wetherholt": 0.07012591175083895,
  "Thomas Saggese": 0.06108239818766135,
  "Jake Fraley": 0.060667829550262904,
  "Christian Yelich": 0.08914992451054829,
  "Junior Caminero": 0.12437056193986962,
  "Jake Bauers": 0.10663266175389981,
  "Brice Turang": 0.08113274939605472,
  "Richie Palacios": 0.060937401248406034,
  "Joey Ortiz": 0.05122171563660926,
  "Garrett Mitchell": 0.08649276250767551,
  "Yandy Diaz": 0.08717748083945268,
  "Sal Frelick": 0.061876405845584515,
  "William Contreras": 0.09248695188966445,
  "Jonathan Aranda": 0.10539500268553775,
  "David Hamilton": 0.07752962900959667,
  "Chandler Simpson": 0.044156542215548426,
  "Hunter Feduccia": 0.060000000000000005,
  "Cedric Mullins": 0.08342460694312545,
  "Brandon Lockridge": 0.060000000000000005,
  "Carson Williams": 0.07333333333333333,
  "Ben Williamson": 0.05562761932379157,
  "Blake Perkins": 0.06608755814638168,
  "Nick Fortes": 0.05654536115062431,
  "Christian Vazquez": 0.0593032489649031,
  "Jarren Duran": 0.1052740314251362,
  "Yordan Alvarez": 0.12726197133475492,
  "Jake Meyers": 0.07263561834990406,
  "Trevor Story": 0.11123219775393688,
  "Carlos Correa": 0.08829897422946457,
  "Ceddanne Rafaela": 0.08090928633182155,
  "Jose Altuve": 0.09897309320541897,
  "Christian Walker": 0.09908375891284599,
  "Isaac Paredes": 0.09124554831832984,
  "Wilyer Abreu": 0.13077344476747715,
  "Cam Smith": 0.07661879056615899,
  "Brice Matthews": 0.07567338518077435,
  "Willson Contreras": 0.11923967445683867,
  "Caleb Durbin": 0.07406777015799572,
  "Masataka Yoshida": 0.08808213866532529,
  "Connor Wong": 0.06746171185746026,
  "Ian Happ": 0.07024732970111121,
  "Yoan Moncada": 0.0513119471707258,
  "Logan O'Hoppe": 0.060000000000000005,
  "Jo Adell": 0.09155104840290025,
  "Nico Hoerner": 0.05333442043676094,
  "Mike Trout": 0.09695831996811789,
  "Nolan Schanuel": 0.060000000000000005,
  "Dansby Swanson": 0.06396410917687513,
  "Zach Neto": 0.0925277772108104,
  "Jorge Soler": 0.08791398823578545,
  "Matt Shaw": 0.05404131188899401,
  "Alex Bregman": 0.065171646053999,
  "Travis d'Arnaud": 0.06415482917663942,
  "Bryce Teodosio": 0.06869047619047619,
  "Michael Busch": 0.07257447012155564,
  "Carson Kelly": 0.05887702427477438,
  "Oswald Peraza": 0.057042893493275175,
  "Pete Crow-Armstrong": 0.060175725573475676,
  "Dylan Carlson": 0.06222222222222223,
  "Josh Lowe": 0.06222222222222223,